ni hao	你好	2000000
xie xie	谢谢	1800000
hao de	好的	1700000
shou dao	收到	1600000
xin ku le	辛苦了	1500000
mei wen ti	没问题	1400000
mei guan xi	没关系	1300000
zao shang hao	早上好	1200000
wan shang hao	晚上好	1200000
zhong wu hao	中午好	1100000
bu hao yi si	不好意思	1000000
le	了	1000000
ming bai le	明白了	1000000
shi	是	901946
fei chang gan xie	非常感谢	900000
ma fan ni	麻烦你	900000
zai	在	823774
he zuo yu kuai	合作愉快	800000
xin nian kuai le	新年快乐	800000
sheng ri kuai le	生日快乐	800000
shao hou lian xi	稍后联系	800000
ren gong zhi neng	人工智能	700000
gong xi fa cai	恭喜发财	700000
zhou mo yu kuai	周末愉快	700000
he	和	629010
da yu yan mo xing	大语言模型	600000
ji qi xue xi	机器学习	600000
shu ru fa	输入法	500000
kai yuan she qu	开源社区	500000
you	有	479570
ta	他	454191
bu	不	407783
hui yi ji yao	会议纪要	400000
jian tie ban	剪贴板	400000
chang yong yu	常用语	400000
kuai jie jian	快捷键	400000
wo	我	372146
de	的	360811
ren	人	354455
ye	也	348391
wei	为	334925
jiu	就	309089
zhe	这	296266
shang	上	292090
nian	年	281291
zhong	中	275216
ni	你	265479
shuo	说	248764
yi	一	246516
dao	到	232382
dou	都	229484
deng	等	221736
zhe	着	213418
dui	对	208993
lai	来	182769
yu	与	182184
di	地	181682
hai	还	177741
yao	要	177201
you	又	170601
da	大	163075
er	而	162095
yi ge	一个	161545
zhi	之	159519
dao	道	159053
yi	以	154029
de	得	152188
ta	她	151686
zhong guo	中国	146519
ge	个	142070
hou	后	141227
qu	去	139652
jiang	将	138411
na	那	126240
dan	但	125288
cong	从	124978
yue	月	124720
xia	下	122555
ba	把	122297
bei	被	120915
yu	于	120158
shi	时	117395
zhi	只	114800
duo	多	111924
wo men	我们	111743
guo	过	110698
ke	可	108520
ta men	他们	106343
bing	并	106229
neng	能	105355
hao	好	104730
hui	会	104218
zi ji	自己	102907
mei you	没有	99132
chu	出	97152
guo jia	国家	89992
huo	或	89337
ri	日	89058
you	由	88501
li	里	87201
yong	用	86671
suo	所	86531
xiang	向	85984
yi	已	82203
qi	其	80714
ke yi	可以	80302
gei	给	78629
hen	很	78203
fa zhan	发展	77706
kan	看	75416
gong zuo	工作	75106
shi	使	73169
qian	前	71046
xin	新	70873
xiang	想	70056
que	却	69426
zhe ge	这个	69383
ta	它	68879
zui	最	68410
shen me	什么	67128
jian	见	66730
qi	起	66412
zhu yao	主要	65627
xiao	小	65602
gao	高	65052
geng	更	63915
ru	如	63448
wen ti	问题	62880
zai	再	62816
cai	才	62712
bian	便	62626
jin xing	进行	61513
di fang	地方	59573
mei	没	59308
yi jing	已经	58043
zou	走	57079
zuo	做	56959
rang	让	56935
nei	内	56815
ji	及	56570
zhe yang	这样	55369
quan guo	全国	55310
jing ji	经济	55133
zhe xie	这些	53642
bu shi	不是	53026
ting	听	51804
gong si	公司	51609
cheng	成	50790
ge	各	50707
shi	事	50664
hao	号	50497
ren min	人民	49476
zhi	至	49463
jiao	叫	49150
she hui	社会	49116
liang	两	48675
zhi dao	知道	48413
dang	当	48316
san	三	48144
ben	本	47765
wu	无	47735
ci	此	47507
men	们	46639
jia	家	46424
zhe zhong	这种	46312
zhang	长	45585
shi	市	45427
men	门	45067
qi lai	起来	45027
di qu	地区	44803
ru guo	如果	43427
kai shi	开始	43161
zheng	正	42736
ji shu	技术	42623
tong	同	42526
zhong yao	重要	42502
chi	吃	41645
mei guo	美国	40841
tian	天	40717
cheng wei	成为	40702
yin wei	因为	40399
bi	比	39954
mi	米	39763
wai	外	39704
tong guo	通过	39680
yan jiu	研究	39641
wen hua	文化	39450
qi ye	企业	39412
ji	即	39243
fen	分	39224
bei jing	北京	39029
li shi	历史	38998
shi jie	世界	38915
wen	问	38812
hua	话	38749
qi zhong	其中	38673
xian zai	现在	38641
tian an men	天安门	38488
bu neng	不能	38408
da	打	38311
yi xie	一些	37875
lao	老	37824
shi jian	时间	37671
zi	自	37517
fu	副	37473
sheng chan	生产	37230
qing kuang	情况	37156
dai biao	代表	37093
jue ding	决定	37085
hu bei	湖北	36951
gen	跟	36658
xiao	笑	36503
ze	则	36395
guan xi	关系	36332
xiang	像	36071
ling dao	领导	35918
sheng huo	生活	35704
shi hou	时候	35672
yi zhong	一种	35484
ke neng	可能	35323
chu lai	出来	35101
xue sheng	学生	34828
yi ji	以及	34827
shi shou	石首	34794
jiao	较	34438
yi ban	一般	34302
tong shi	同时	34227
ren wei	认为	34181
you yu	由于	34155
guo	国	33946
si	死	33931
sheng	省	33895
zhu	住	33508
suo yi	所以	33267
wan	万	33261
bu tong	不同	33252
zhe li	这里	33224
xue yuan	学院	33100
yin	因	33029
ceng	曾	32940
liang ge	两个	32759
yuan	元	32634
ne	呢	32392
zuo wei	作为	32328
shou	手	32214
hui yi	会议	32098
da	达	31975
tou	头	31887
dan shi	但是	31749
zuo	作	31705
gai	该	31661
nv	女	31631
kai	开	31574
lu	路	31264
bu fen	部分	31256
yue	约	31161
huo dong	活动	31150
xu yao	需要	31042
zen me	怎么	30939
jun	军	30781
guan li	管理	30771
fang mian	方面	30513
shi chang	市场	30473
zu zhi	组织	30467
gong ye	工业	30301
jian she	建设	29855
cheng	称	29735
ming	名	29712
er	二	29576
mei	每	29478
shu	属	29435
xing cheng	形成	29258
shui	谁	29245
shou	受	29193
qi ta	其他	29144
dai	带	29121
jin	进	29048
chu xian	出现	29008
xu duo	许多	28972
xian	先	28923
ying	应	28899
ba	吧	28887
xian	县	28656
ri ben	日本	28639
zhi jian	之间	28638
yi ding	一定	28623
xin	心	28559
ju you	具有	28546
zhan	占	28449
cheng shi	城市	28387
ren min dai biao da hui	人民代表大会	28326
yi shang	以上	28257
chu	处	28254
qu	区	28237
tai	太	28177
zheng zhi	政治	28140
ren men	人们	28112
wei yuan hui	委员会	28101
fa xian	发现	28095
dian	点	27935
ji zhe	记者	27895
guo ji	国际	27840
gui ding	规定	27803
ji guan	机关	27730
shui	水	27515
wu han	武汉	27502
nan	南	27495
sui ran	虽然	27462
gen ju	根据	27410
fa lv	法律	27401
ying xiang	影响	27323
bao kuo	包括	27219
fa sheng	发生	27219
shi yong	使用	27200
zhang	张	27130
zhong xin	中心	27125
jiao yu	教育	27116
yao qiu	要求	27097
jin	今	27062
jian	间	26744
zong	总	26690
hui	回	26676
shan	山	26638
qing	请	26620
zhe	者	26618
zheng fu	政府	26540
dang	党	26484
duan	段	26475
fa	法	26437
lian	连	26385
yin ci	因此	26361
ren kou	人口	26303
zhan	站	26248
jian li	建立	26162
di	第	26155
gong	共	26024
can jia	参加	25834
chan pin	产品	25803
wu han shi	武汉市	25783
er qie	而且	25619
ling	另	25615
sheng	生	25552
yi yang	一样	25541
mian ji	面积	25412
ge zhong	各种	25104
quan	全	25083
ti chu	提出	25054
xing	行	25042
wo guo	我国	25026
zuo yong	作用	24985
huang di	皇帝	24953
dao	倒	24890
kuai	快	24866
bi xu	必须	24765
xing zheng	行政	24738
pai	派	24730
a	啊	24682
bian ji	编辑	24547
zhi ye	职业	24423
zhi du	制度	24350
yi hou	以后	24202
ni men	你们	24202
xiang	相	24095
ma	吗	24042
shuo dao	说道	23955
shi ji	世纪	23878
wei le	为了	23848
ying gai	应该	23841
zhi yi	之一	23825
jing	经	23813
an	按	23774
zhi hou	之后	23628
zhu xi	主席	23605
zhao	找	23602
kou	口	23514
jun	均	23511
xi tong	系统	23315
you guan	有关	23282
zu cheng	组成	23281
zhong	种	23242
min zu	民族	23226
ji ben	基本	23175
zeng zhang	增长	23160
zi	字	23063
zi ran	自然	22938
ru	入	22870
da xue	大学	22662
zhen	真	22620
na	拿	22584
cheng	城	22580
ma	马	22541
ru he	如何	22487
zheng ti	政体	22481
ge ji	各级	22451
gan	干	22419
ren yuan	人员	22418
ji hua	计划	22406
wang	王	22298
bu hui	不会	22084
chan sheng	产生	22062
shi qi	时期	21978
ju	据	21964
zui hou	最后	21903
yi ci	一次	21783
biao shi	表示	21771
ji gou	机构	21738
dang shi	当时	21722
da jia	大家	21702
te bie	特别	21636
si	四	21603
zi	子	21602
gai ge	改革	21522
shu	书	21494
chang jiang	长江	21422
na me	那么	21414
zhe me	这么	21373
dong xi	东西	21362
neng li	能力	21359
hu bei sheng	湖北省	21352
ge ming	革命	21339
reng	仍	21079
yi zhi	一直	21044
ji chu	基础	20947
nan	难	20941
hai you	还有	20921
de dao	得到	20895
jin ru	进入	20863
yun dong	运动	20862
mu qian	目前	20818
xi	西	20737
dong	东	20686
shao	少	20545
dui yu	对于	20436
guo cheng	过程	20428
fang fa	方法	20421
ci	次	20310
xie	些	20278
ju xing	举行	20257
qian	钱	20224
bei	北	20211
qun zhong	群众	20199
qi	气	20173
di yi	第一	20059
jin	近	19869
sha	杀	19863
dan wei	单位	19840
qing	清	19826
ru ci	如此	19824
xue	学	19784
hai zi	孩子	19764
suo you	所有	19763
zi yuan	资源	19751
guo qu	过去	19741
bu guo	不过	19659
qiang	强	19625
tiao jian	条件	19566
xie	写	19265
xue xiao	学校	19261
ji	既	19256
ruo	若	19238
wang	往	19209
tai	台	19197
yuan	原	19154
ti gao	提高	19105
gong cheng	工程	19090
fa	发	19057
ren	任	19047
huan jing	环境	19024
mei	美	19022
wei	未	19015
ti gong	提供	19011
fang shi	方式	19009
bai ke	百科	18930
bao gao	报告	18916
yang	杨	18841
huo zhe	或者	18823
xia lai	下来	18808
bing	兵	18756
jun shi	军事	18731
bu men	部门	18721
fen bie	分别	18714
shi fen	十分	18591
shang hai	上海	18533
wan cheng	完成	18520
yi qie	一切	18515
na xie	那些	18514
fei	非	18466
chu	除	18464
zui da	最大	18445
bian	边	18427
wei	位	18382
ran hou	然后	18377
nong ye	农业	18370
jing guo	经过	18353
zhuan ye	专业	18349
zhun bei	准备	18332
zeng jia	增加	18327
yu	鱼	18322
huo de	获得	18251
lv you	旅游	18247
ming	明	18242
she	设	18154
yi sheng	一声	18126
jue de	觉得	18101
yi qi	一起	18079
li lun	理论	18076
jin tian	今天	18061
fei chang	非常	18059
zhong yang	中央	18054
zhou	州	18051
zhi	直	18025
bi jiao	比较	18005
ding	定	17973
biao xian	表现	17956
yue	越	17953
shen	身	17868
jia zhi	价值	17854
guo wu yuan	国务院	17844
zhong	重	17787
sheng	声	17782
ke ji	科技	17757
wu	五	17727
wan quan	完全	17684
yi yuan	亿元	17654
you xie	有些	17636
cun zai	存在	17630
di	低	17545
da dao	达到	17508
nei rong	内容	17504
zuo	坐	17481
er	儿	17440
shi xing	实行	17428
si xiang	思想	17413
shi qing	事情	17375
ji	极	17330
shi xian	实现	17315
shen zhi	甚至	17245
ren min zheng fu	人民政府	17232
ren wu	任务	17216
xuan ju	选举	17210
xing shi	形式	17188
fang	放	17157
yuan lai	原来	17070
jin	金	17059
you ren	有人	16983
tu ran	突然	16973
bu duan	不断	16943
zan men	咱们	16914
bian hua	变化	16901
hong	红	16879
xin zhong	心中	16868
zhi jie	直接	16868
chao	朝	16845
ai	爱	16837
zhi	知	16828
zhu	主	16792
zhan zheng	战争	16775
ke shi	可是	16771
bu zhi	不知	16755
zheng ce	政策	16739
bu yao	不要	16733
nin	您	16677
zi ben	资本	16672
ji xu	继续	16624
nian dai	年代	16589
qi jian	期间	16586
wei yu	位于	16583
bao	报	16575
ren he	任何	16562
quan li	权力	16501
na ge	那个	16466
lei	类	16450
zhi xing	执行	16414
xian sheng	先生	16375
jie jue	解决	16373
zao	早	16329
jian zhu	建筑	16292
neng gou	能够	16275
zi zhi qu	自治区	16232
sui	虽	16226
mian	面	16225
cheng wei	称为	16214
jie gou	结构	16070
yi dian	一点	16030
bie	别	15993
cheng li	成立	15933
chu	初	15925
ying guo	英国	15899
she hui zhu yi	社会主义	15838
tong yi	统一	15827
xian jin	先进	15805
jie guo	结果	15801
tou zi	投资	15779
hou lai	后来	15766
yi xia	一下	15757
shui ping	水平	15707
bao hu	保护	15701
zhu ren	主任	15677
xing	性	15670
guan yu	关于	15574
xing	型	15560
fu ze	负责	15555
zhi ding	制定	15461
yi shu	艺术	15420
jiang	讲	15376
bu	部	15367
li yong	利用	15344
song	送	15321
yu shi	于是	15318
yuan	远	15303
fan	反	15277
xue xi	学习	15257
he zuo	合作	15252
ke xue	科学	15232
kan dao	看到	15177
zhi	指	15136
xiang	乡	15105
xiang mu	项目	15002
bu gan	不敢	14947
xiang yang	襄阳	14933
fang	方	14899
ji ge	几个	14863
na li	那里	14861
shen	甚	14842
gong li	公里	14805
wan	完	14759
chang	常	14759
fu wu	服务	14752
yi	意	14706
dui	队	14691
jing shen	精神	14667
juan	涓	14664
ren da	人大	14661
shi	式	14641
quan sheng	全省	14593
dang ran	当然	14559
zuo	左	14511
la	拉	14504
ge ren	个人	14422
chao guo	超过	14408
hua	花	14383
dian	电	14373
zhong dian	重点	14365
hen duo	很多	14357
yuan yin	原因	14352
ji qi	及其	14330
gong min	公民	14300
ben	锛	14264
xi wang	希望	14255
tiao	条	14240
xin wen	新闻	14216
jian	剑	14206
shen	神	14202
dong	动	14156
she ji	设计	14116
hu	湖	14107
xiang guan	相关	14104
guo nei	国内	14089
fen bu	分布	14072
zui gao	最高	14066
bu dui	部队	14032
he	河	14003
ta men	它们	13986
ji tuan	集团	13917
bai	白	13881
xin xi	信息	13869
guan	官	13803
shi	师	13799
jin	仅	13798
cai yong	采用	13798
zhong da	重大	13798
jiao	教	13774
na	哪	13736
hui lai	回来	13725
bian	变	13717
tu	图	13707
fan wei	范围	13694
ping	平	13693
yin qi	引起	13664
shi ji	实际	13591
qi shi	其实	13523
bu jin	不仅	13461
qu de	取得	13446
feng fu	丰富	13429
nong min	农民	13428
zheng ge	整个	13398
wei zhu	为主	13361
liao jie	了解	13324
jia ge	价格	13310
fu	府	13308
re	热	13303
zhi	制	13297
wang	望	13292
sui	岁	13262
shen me	甚么	13260
di wei	地位	13195
ren	紝	13185
zhe shi	这时	13159
zhuan	转	13152
jian	建	13136
ming	命	13131
lao dong	劳动	13125
an zhao	按照	13078
jia	加	13056
kong zhi	控制	13056
mu biao	目标	13044
ji di	基地	12992
nong cun	农村	12989
chuan tong	传统	12952
guan	管	12951
chang	场	12940
shou dao	受到	12932
pao	跑	12917
quan bu	全部	12899
fa guo	法国	12857
chuan	穿	12854
zhong	众	12848
bi sai	比赛	12828
me	么	12812
jun dui	军队	12807
hei	黑	12783
tu di	土地	12720
gui mo	规模	12719
pa	怕	12689
jing zhou	荆州	12686
feng	风	12669
yan jing	眼睛	12663
xin	信	12661
zuo you	左右	12639
xuan ze	选择	12629
pi zhun	批准	12626
zhi	置	12612
ji	急	12591
shen shang	身上	12587
zhuan jia	专家	12554
fen xi	分析	12545
tong zhi	统治	12544
jia qiang	加强	12539
bu dao	不到	12530
shi	石	12524
tie lu	铁路	12522
huang	黄	12518
zhen	镇	12489
bai du	百度	12457
mei nian	每年	12432
qu	取	12408
gao su	告诉	12395
zhi chi	支持	12367
jiao tong	交通	12344
guang	光	12329
ming bai	明白	12307
jing	竟	12307
chu li	处理	12267
ben ji	本级	12236
zuo zhan	作战	12235
shi dai	时代	12221
li	力	12196
huang shang	皇上	12195
shi shi	实施	12123
shu	数	12096
zhi yao	只要	12080
yue	曰	12080
qin	亲	12075
chuan	传	12068
shen	深	12047
cheng gong	成功	12038
ban fa	办法	12033
sui zhe	随着	12011
zhi zhong	之中	11992
jin yi bu	进一步	11982
xin li	心里	11963
lian	脸	11957
zhong yu	终于	11930
da liang	大量	11922
mai	买	11915
ren wu	人物	11905
jie	接	11899
gong tong	共同	11894
quan guo ren min dai biao da hui	全国人民代表大会	11888
cha	茶	11879
xia qu	下去	11853
qie	且	11848
duo shao	多少	11834
lai shuo	来说	11827
yan zhong	严重	11820
ci tiao	词条	11815
jie shou	接受	11786
shou ru	收入	11772
yi lai	以来	11771
cheng bang	城邦	11702
sheng yin	声音	11701
yi jian	意见	11689
ban	办	11672
guo lai	过来	11620
bao chi	保持	11612
jin ri	今日	11608
dai	待	11603
wen	文	11603
yi tiao	一条	11600
fa yan ren	发言人	11589
ling wai	另外	11587
ti	提	11569
jian chi	坚持	11560
gong ren	工人	11553
xi	系	11538
qi che	汽车	11535
er shi	而是	11526
liang	量	11522
di ren	敌人	11514
shang pin	商品	11497
mang	忙	11491
shuo hua	说话	11482
gai bian	改变	11477
jin	尽	11449
xian hou	先后	11447
li liang	力量	11394
he	喝	11376
shi ye	事业	11345
kai fa	开发	11341
kan jian	看见	11341
zhan lve	战略	11331
biao zhun	标准	11330
shi fou	是否	11312
zhong hua ren min gong he guo	中华人民共和国	11304
jun	郡	11303
che	车	11299
chu qu	出去	11293
jin nian	今年	11270
bao dao	报道	11265
cheng du	程度	11263
guo min dang	国民党	11259
ping jun	平均	11239
xiao xi	消息	11233
hai shi	还是	11228
an quan	安全	11227
du li	独立	11211
la	啦	11193
gang	刚	11182
zhu yi	注意	11176
ji hui	机会	11175
wei xiao bao	韦小宝	11161
ji	级	11150
bei	背	11150
fu qin	父亲	11142
ci wai	此外	11126
zhe ci	这次	11126
jing yan	经验	11093
cai qu	采取	11080
xi huan	喜欢	11071
gen ben	根本	11067
ling yu	领域	11057
ju ti	具体	11055
lian xi	联系	11053
ji hu	几乎	11038
li	离	11018
gu	故	11007
gan bu	干部	10996
yin du	印度	10978
yan	言	10967
ru jin	如今	10959
da hui	大会	10955
hai	海	10950
bu ke	不可	10947
ti	体	10943
zuo	座	10934
jiu	酒	10924
xiong di	兄弟	10914
tong	通	10895
de guo	德国	10868
man	满	10867
ya	呀	10841
jie duan	阶段	10834
li	李	10825
ling	令	10824
fei	飞	10822
wei shen me	为什么	10820
gan dao	感到	10820
liu	流	10817
wu fa	无法	10815
xian fa	宪法	10811
de	德	10806
si hu	似乎	10800
yuan ze	原则	10797
zhen zheng	真正	10796
fa gui	法规	10795
dou zheng	斗争	10783
zu	足	10734
qiao	瞧	10713
ren lei	人类	10710
he	合	10697
you	右	10695
mu di	目的	10683
zao cheng	造成	10669
ba	罢	10665
yi wei	一位	10623
fan dui	反对	10599
er zi	儿子	10597
xiang tong	相同	10597
yi	亦	10573
yi qian	以前	10573
zhu ming	著名	10572
zhong ren	众人	10557
jian yi	建议	10555
xun su	迅速	10550
quan mian	全面	10548
zheng shi	正是	10532
ming xian	明显	10520
gai	改	10508
jiu shi	就是	10505
dao	刀	10491
ou zhou	欧洲	10474
po	破	10468
zuo pin	作品	10465
shou xian	首先	10465
ji zhong	集中	10447
zheng shi	正式	10425
peng you	朋友	10411
long	龙	10408
xu	需	10392
di er	第二	10350
zhao kai	召开	10341
cai liao	材料	10340
bang zhu	帮助	10330
fei ji	飞机	10288
kuan	宽	10276
wei yuan	委员	10265
xing dong	行动	10259
bi	必	10256
bao zheng	保证	10255
xian xiang	现象	10246
bing	病	10245
te dian	特点	10238
sui	随	10225
xian dai	现代	10224
shi ji shang	实际上	10221
zi liao	资料	10208
xu	须	10181
mao ze dong	毛泽东	10178
tong zhi	同志	10176
ju	居	10176
cheng	呈	10158
xing wei	行为	10143
jie shu	结束	10121
zhi xia shi	直辖市	10109
jie shao	介绍	10101
han	汉	10095
zhi jian	只见	10078
sheng li	胜利	10076
ren shi	认识	10073
qun	群	10061
suan	算	10058
zhan	战	10031
yan	眼	10030
ren shu	人数	10023
gu niang	姑娘	10018
ji ji	积极	10008
an	安	10000
jia ting	家庭	9993
kao	靠	9991
zhi qian	之前	9990
geng jia	更加	9986
hui da	回答	9983
cang	藏	9980
wu qi	武器	9972
na yang	那样	9972
ying yong	应用	9954
shi zhang	市长	9938
lai dao	来到	9935
luo	落	9931
she li	设立	9928
xiang	项	9920
chan ye	产业	9909
gong lu	公路	9900
shou	首	9898
ren cai	人才	9893
yi yi	意义	9878
zhang	掌	9861
tai wan	台湾	9826
jie	街	9823
rong yi	容易	9818
chang qi	长期	9804
tie	铁	9793
yi ju	一句	9785
wu	物	9755
da dao	大道	9748
kuo da	扩大	9725
guan yuan	官员	9722
tiao zheng	调整	9721
kao lv	考虑	9715
lin	林	9711
lian he	联合	9697
bing qie	并且	9690
tu	土	9687
zi you	自由	9685
cai	菜	9669
xian	现	9665
lv	率	9663
reng ran	仍然	9648
yong you	拥有	9645
huo	火	9639
min zhu	民主	9634
zhuan men	专门	9632
qiao	桥	9618
fu jin	附近	9618
gu	股	9611
xiang	象	9591
yi tian	一天	9585
shi fu	师父	9583
gu	古	9578
jie he	结合	9576
tiao	跳	9576
qing chu	清楚	9563
shuo ming	说明	9558
mou	某	9555
wen ding	稳定	9550
gu dai	古代	9549
jing	惊	9525
gao	搞	9522
san ge	三个	9516
yao	药	9510
chong	冲	9508
shuang	双	9500
liu	六	9497
ci shi	此时	9484
qing	情	9464
wu zhi	物质	9454
dian hua	电话	9454
wang luo	网络	9451
li yi	利益	9450
ran er	然而	9449
hen da	很大	9447
e	鄂	9446
diao	掉	9442
bu shao	不少	9438
zhong xue	中学	9436
li	立	9431
kai fang	开放	9429
diao cha	调查	9429
luan	乱	9425
zhou	周	9422
ji	几	9415
ren jia	人家	9408
cheng	承	9402
cun	村	9391
chong xin	重新	9389
guang fan	广泛	9365
fen wei	分为	9346
zhi shi	知识	9340
bie ren	别人	9338
zong he	综合	9336
chu kou	出口	9321
shou	收	9319
dong wu	动物	9313
su du	速度	9300
ban	半	9280
zong li	总理	9279
lian shang	脸上	9266
yong yu	用于	9258
she bei	设备	9252
nv ren	女人	9251
gu dong	股东	9250
zuo chu	作出	9244
zhan kai	展开	9237
cuo shi	措施	9237
tong chang	通常	9235
dian zi	电子	9227
fang xiang	方向	9224
dao dan	导弹	9221
xiao shi	小时	9215
gong	供	9207
ping min	平民	9206
hang ye	行业	9197
te se	特色	9157
huo bi	货币	9157
wan shan	完善	9149
di li	地理	9128
gong neng	功能	9116
xiang gang	香港	9103
ju da	巨大	9091
fa biao	发表	9085
xing zhi	性质	9073
mu qin	母亲	9064
zhi liang	质量	9063
jiu	九	9056
ming ling	命令	9056
huo	活	9053
he ping	和平	9051
jian du	监督	9018
yi nian	一年	9015
gan	敢	9013
shen ti	身体	9010
yu	余	9007
huo	获	8975
jian	兼	8970
shi	十	8969
te	特	8938
mian qian	面前	8935
wu gong	武功	8925
wei zhi	位置	8924
ti xi	体系	8913
yue lai yue	越来越	8903
zhu jian	逐渐	8887
zhi chu	指出	8880
an pai	安排	8867
quan li	权利	8860
xun lian	训练	8860
chuan	船	8848
kao shi	考试	8844
zhi hui	指挥	8832
que shi	却是	8823
ding	顶	8823
zhi dao	指导	8820
fa bu	发布	8810
chu le	除了	8810
cong er	从而	8798
duan	断	8796
gan jue	感觉	8789
shi	似	8785
nu li	努力	8778
mao	毛	8773
ji chang	机场	8760
ye wu	业务	8755
zhi wu	植物	8753
tong yang	同样	8751
diao	调	8745
zhuang tai	状态	8730
wu	吴	8726
er ren	二人	8719
xing	形	8711
xian	线	8700
yin hang	银行	8695
hu	忽	8694
shu ji	书记	8692
zhi liao	治疗	8689
qi	七	8685
yi zhen	一阵	8681
suo wei	所谓	8665
zhe wei	这位	8664
fan ying	反应	8659
yu yan	语言	8654
jiu	久	8651
hu ran	忽然	8651
shi	史	8642
dang nian	当年	8638
yi xia	以下	8613
zhao dao	找到	8608
qing nian	青年	8607
xuan bu	宣布	8605
hui fu	恢复	8600
li kai	离开	8600
kun nan	困难	8599
xia	辖	8588
ying	英	8577
shi jian	事件	8575
mai	卖	8575
na li	哪里	8568
xue	血	8563
hua	画	8554
qing	轻	8554
shi zai	实在	8552
jian dao	见到	8512
zhuang bei	装备	8510
mou xie	某些	8508
jie	皆	8500
zhi	治	8487
qi ta	其它	8485
wen dao	问道	8469
quan	权	8467
ku	哭	8462
wan yuan	万元	8460
kong	空	8453
jian cha yuan	检察院	8452
ji	记	8442
ping yuan	平原	8439
jing ying	经营	8437
duo nian	多年	8431
wang wang	往往	8423
su lian	苏联	8423
nan	男	8412
guang chang	广场	8401
ba	八	8399
jie shi	解释	8398
yin su	因素	8397
dui wu	队伍	8397
jiao shou	教授	8396
xi	喜	8351
lun	论	8349
yi yuan	医院	8347
shang	伤	8332
jia	架	8320
gui	归	8260
zen yang	怎样	8254
nan ren	男人	8251
shuang fang	双方	8248
tui	退	8238
jian shao	减少	8233
kao sheng	考生	8231
dang di	当地	8229
you	游	8229
shi	实	8213
duo zhong	多种	8210
cha	差	8209
jing chang	经常	8208
ge di	各地	8207
xing	姓	8193
sheng wu	生物	8191
ping fang qian mi	平方千米	8184
nan jing	南京	8179
hai jun	海军	8179
wai jiao bu	外交部	8174
zhen shi	真是	8169
zhu	朱	8168
wang	网	8158
xin xiang	心想	8153
wai guo	外国	8152
cai chan	财产	8150
pi	皮	8130
quan shi	全市	8123
ci	刺	8116
shui	睡	8115
ben lai	本来	8104
liang zhong	两种	8096
you xiao	有效	8092
you qi	尤其	8074
xuan	选	8071
yi bian	一边	8050
yong hu	用户	8038
ke	科	8032
fang an	方案	8031
jin gong	进攻	8024
chang wei hui	常委会	8011
ji xie	机械	8008
guan	关	7998
hua	化	7997
bang	浜	7996
can yu	参与	7989
chong fen	充分	7980
ma	骂	7975
cong shi	从事	7962
jin guan	尽管	7942
te shu	特殊	7938
you cheng	又称	7930
di	底	7927
yi kuai	一块	7922
shou duan	手段	7911
sheng ming	生命	7905
mo	銆	7901
bian shi	便是	7896
ti yu	体育	7894
yuan	院	7873
han	含	7865
ju min	居民	7862
dong	洞	7858
tian an men guang chang	天安门广场	7853
sheng zhang	生长	7853
nei bu	内部	7850
ji	机	7850
li ji	立即	7850
jian dan	简单	7848
yi pian	一片	7843
quan guo ren da chang wei hui	全国人大常委会	7842
shu liang	数量	7839
you shi	有时	7827
kai zhan	开展	7819
se	色	7817
a	阿	7814
zhuang	装	7813
wen xue	文学	7797
li	理	7797
jin lai	进来	7783
jue yi	决议	7778
xian shi	显示	7776
shu yu	属于	7775
zhu	驻	7749
ye xu	也许	7747
chan	产	7738
zhong guo gong chan dang	中国共产党	7731
qi hou	气候	7731
yi zhi	一只	7711
pu	铺	7707
lai zi	来自	7696
ling	领	7695
hai yao	还要	7684
xiang xin	相信	7683
que ding	确定	7671
tou ru	投入	7668
yi mian	一面	7664
pu tong	普通	7659
kan zhe	看着	7657
kuai	块	7637
gong yuan	公元	7636
zen	怎	7623
qu nian	去年	7616
wen zhang	文章	7614
feng	封	7606
shou zhong	手中	7606
xin li	心理	7599
tan	谈	7595
zhu	诸	7594
jue	觉	7587
tuan	团	7585
nv er	女儿	7582
feng jian	封建	7575
tu pian	图片	7569
chuang zao	创造	7567
rou	肉	7563
qi	期	7560
zong tong	总统	7558
dao	岛	7556
cu jin	促进	7552
da xing	大型	7550
dai lai	带来	7548
dai	代	7543
duan	短	7539
jiu	旧	7531
zui	嘴	7530
gua	挂	7529
liu	留	7523
jiao shi	教师	7516
min	民	7514
jing ran	竟然	7514
jiao da	较大	7511
kan lai	看来	7509
ruo gan	若干	7506
fan ying	反映	7489
mei ge	每个	7489
mei tian	每天	7482
di	敌	7480
shi pin	食品	7480
zuo zai	坐在	7470
wen ming	文明	7451
jing	京	7449
xiang dang	相当	7432
shi	诗	7431
bian cheng	变成	7418
zi jin	资金	7418
fang zai	放在	7411
hao mi	毫米	7410
zhong jian	中间	7409
fu ren	夫人	7400
yuan	愿	7398
mu	墓	7395
xiang dui	相对	7392
shi	世	7382
da lu	大陆	7379
zhi quan	职权	7376
xi fang	西方	7375
bu zai	不再	7370
di yi ci	第一次	7366
ju	举	7362
dian	殿	7362
dao zhi	导致	7353
bang	帮	7348
zhua	抓	7345
huan	换	7336
jian	件	7335
dui fang	对方	7332
ying dang	应当	7328
ren min fa yuan	人民法院	7316
qiu	求	7316
tao lun	讨论	7315
ji shi	即使	7312
jiao	脚	7307
jin rong	金融	7305
ai guo	爱国	7292
zheng ming	证明	7271
zhi zao	制造	7263
gou cheng	构成	7260
lao shi	老师	7259
dan ren	担任	7253
fang	房	7250
qu yu	区域	7249
yi zuo	一座	7243
qing	殑	7241
yuan zhang	院长	7239
ji suan ji	计算机	7238
jia li	家里	7231
cuo wu	错误	7219
ceng jing	曾经	7209
gong	宫	7197
yun	云	7189
shi	食	7186
cuo	错	7174
niu	牛	7173
bai	拜	7172
bao zhang	保障	7169
fan	饭	7164
tui	推	7156
tian an men cheng lou	天安门城楼	7155
chuang zuo	创作	7154
qiang diao	强调	7150
lian xu	连续	7148
zhuang	状	7147
yun shu	运输	7138
fu	复	7126
kan kan	看看	7126
ju	句	7122
fen zhong	分钟	7112
zhu zhang	主张	7111
shang ye	商业	7107
gao su	高速	7105
you xian gong si	有限公司	7104
zhen de	真的	7103
ke	克	7095
jiu	救	7093
zhi neng	只能	7087
tian xia	天下	7078
mao yi	贸易	7078
bu de	不得	7070
jing nei	境内	7069
lou	楼	7067
ti zhi	体制	7065
sheng	胜	7064
yin er	因而	7056
li ru	例如	7052
ju	具	7048
cai zheng	财政	7048
ken ding	肯定	7047
cheng ji	成绩	7035
yi jian	一件	7034
yin yue	音乐	7034
jian cheng	建成	7033
dou	斗	7033
hui qu	回去	7026
ceng	层	7026
nan dao	难道	7024
jie zhe	接着	7023
ji	集	6987
zhu	著	6983
pian	片	6980
zheng que	正确	6979
xian dai hua	现代化	6967
shi shou shi	石首市	6957
ben	奔	6948
yi wei	以为	6940
zhang	章	6934
chu yu	处于	6928
da chen	大臣	6925
jie	届	6925
gao du	高度	6924
fu za	复杂	6922
she qu	社区	6920
mu	木	6919
shen zi	身子	6911
hui dao	回到	6906
mei ti	媒体	6904
e luo si	俄罗斯	6902
guai	怪	6899
di mian	地面	6898
fen zi	分子	6896
zong shi	总是	6890
yi si	意思	6890
jiang	江	6884
dong bei	东北	6882
xiao shou	销售	6878
di zi	弟子	6870
wei lai	未来	6868
deng deng	等等	6861
zhong shi	重视	6861
ya li	压力	6839
bao	抱	6839
liang hao	良好	6839
dao di	到底	6838
zhi	职	6832
pai	拍	6829
ge ge	各个	6822
zui zhong	最终	6821
zhan dou	战斗	6820
jiao	交	6819
hang kong	航空	6813
biao	表	6809
jiang	降	6805
zhi xia	之下	6803
tian	田	6801
ying	营	6801
xiu	修	6798
yi ji	一级	6796
li mian	里面	6783
shu xue	数学	6782
bi ye	毕业	6776
jing zheng	竞争	6773
zong jiao	宗教	6769
bi li	比例	6759
kao	考	6759
jian kang	健康	6757
shi ying	适应	6757
yuan	员	6756
ta men	她们	6751
chu ban	出版	6747
yin	银	6740
gu shi	故事	6736
ze ren	责任	6729
yu	欲	6724
he	何	6722
mian dui	面对	6718
jiang jun	将军	6716
ting	停	6715
jie	界	6712
liang shi	粮食	6703
jie	解	6703
zheng quan	政权	6698
cao	草	6698
ge guo	各国	6690
fei	鐨	6678
lei xing	类型	6675
fa hui	发挥	6664
ting shuo	听说	6662
yi zhi	遗址	6656
nan bei	南北	6650
li ke	立刻	6644
ya zhou	亚洲	6635
cuo	剉	6631
zheng chang	正常	6631
nv zi	女子	6629
pei yang	培养	6620
jiu ye	就业	6616
zi	紫	6616
da xiao	大小	6610
liu	刘	6607
shan	善	6603
xiang	香	6593
dan	单	6589
wan	晚	6589
mi shu zhang	秘书长	6587
ming que	明确	6577
you shi	优势	6576
dun	吨	6575
ya	亚	6551
qiang	抢	6546
nong	弄	6545
hao xiang	好像	6543
yi chang	一场	6542
lie	列	6538
zhi shao	至少	6535
ren shi	人士	6534
wan shang	晚上	6529
te zheng	特征	6526
que shi	确实	6526
gong xian	贡献	6520
zhi	质	6518
shi yan	实验	6498
tong	铜	6494
gao ji	高级	6492
xiang dao	想到	6490
ci	词	6490
chang	厂	6482
nuan	暖	6481
gan	感	6475
guan jian	关键	6474
ping	凭	6469
yi yan	一眼	6441
zhou wei	周围	6429
nan yi	难以	6429
yang zi	样子	6423
ben bao	本报	6422
zhui	追	6422
di guo zhu yi	帝国主义	6421
jin	紧	6418
ti	题	6414
zi zhi zhou	自治州	6413
chen	臣	6412
yi zhang	一张	6411
you	油	6411
xiang hu	相互	6409
du	读	6405
shi bu shi	是不是	6399
bu zhang	部长	6398
qiu	球	6394
shou	守	6391
e	俄	6388
gong	功	6383
shen bian	身边	6383
guang zhou	广州	6382
duan	端	6381
san nian	三年	6379
zhi wai	之外	6377
san	散	6375
meng gu	蒙古	6372
yi	义	6369
gong	公	6369
fa chu	发出	6369
zhi you	只有	6362
bi ru	比如	6361
li jie	理解	6360
gang cai	刚才	6356
bu zu	不足	6354
nan bu	南部	6351
gong	攻	6351
cheng xu	程序	6348
chen	陈	6346
jia shang	加上	6343
li	礼	6343
xi bei	西北	6335
fu mu	父母	6329
yi zhong	一中	6326
shi dang	适当	6319
qing	青	6315
liu xia	留下	6312
li zi cheng	李自成	6311
yan zhi	研制	6300
sheng ji	省级	6295
fa da	发达	6288
dong bu	东部	6282
quan guo ren da	全国人大	6282
yin	引	6280
pin zhong	品种	6271
yuan yi	愿意	6267
dao lu	道路	6260
tou	投	6258
lei si	类似	6254
kong jun	空军	6249
xing shi	行使	6245
mu	目	6244
xi bao	细胞	6243
shu	树	6242
si	寺	6237
kong jian	空间	6236
xing shi	形势	6235
xi bu	西部	6229
xiao shuo	小说	6225
fu nv	妇女	6207
gu fen	股份	6200
wei hu	维护	6198
gong bu	公布	6197
gang	岗	6193
ming cheng	名称	6188
zhi hao	只好	6185
jian cha	检查	6183
qiang	墙	6180
hua xue	化学	6175
ren qi	任期	6174
er tong	儿童	6174
mao dun	矛盾	6174
po	颇	6174
ben shen	本身	6163
gui hua	规划	6162
zhuang kuang	状况	6160
yi jia	一家	6157
shi jian	实践	6157
shang	尚	6149
cheng zhang	成长	6147
fan	凡	6146
xu qiu	需求	6138
bang	邦	6130
gen	根	6125
fen pei	分配	6122
duo ci	多次	6122
mo	末	6121
yi zhi	一致	6117
xi nan	西南	6112
yi shi	一时	6098
ji ran	既然	6098
gui zu	贵族	6098
gao xing	高兴	6096
quan ti	全体	6090
qiang	枪	6090
mei yuan	美元	6090
tong ji	统计	6089
shi wu	事务	6088
ti xian	体现	6079
yun	运	6072
zhi	值	6066
ming zi	名字	6064
bu liao	不了	6063
chan liang	产量	6063
shi zhong	始终	6063
zui jin	最近	6060
chang an	长安	6060
ying xiong	英雄	6059
gang	港	6057
cong ci	从此	6052
tong yi	同意	6052
yi bu	一步	6050
xiang	响	6050
hai ba	海拔	6048
zhang wo	掌握	6045
pu bian	普遍	6044
yi chang	宜昌	6038
zhao sheng	招生	6031
gong ji	攻击	6031
tian ran	天然	6029
bu cuo	不错	6022
shi	势	6020
qin zi	亲自	6014
gui	鬼	6013
yi dan	一旦	6011
xiang ying	相应	6011
guan dian	观点	6004
shi li	实力	6002
zhong bu	中部	5996
pi	批	5996
ting dao	听到	5991
zai ci	再次	5990
geng shi	更是	5986
bao	包	5985
tu chu	突出	5985
quan qiu	全球	5984
tiao li	条例	5984
ren da dai biao	人大代表	5979
ti	替	5976
si	司	5965
gong yuan qian	公元前	5964
juan	卷	5962
jing li	经历	5959
jin bu	进步	5958
shang shu	上述	5953
kang ri	抗日	5952
pang	旁	5952
jue dui	绝对	5952
xiu gai	修改	5951
xia	夏	5949
you xiu	优秀	5948
zhi yu	至于	5945
he liu	河流	5940
fa dong	发动	5939
zhao	招	5939
wu	武	5931
shen yi	审议	5927
ji suan	计算	5924
shu ju	数据	5921
mao	冒	5919
guan zhu	关注	5917
zu	族	5901
nv xing	女性	5900
zhi gong	职工	5899
tie	贴	5889
ying	硬	5876
zi ben zhu yi	资本主义	5871
bi yao	必要	5856
chao ting	朝廷	5855
li	利	5847
bu ken	不肯	5846
biao ming	表明	5846
tan	坛	5837
wei yuan zhang	委员长	5834
zhu chi	主持	5831
chang chang	常常	5824
leng	冷	5821
yu dao	遇到	5820
zai yu	在于	5818
yu	玉	5816
tui	腿	5815
da	答	5813
xiao fei	消费	5808
huan ying	欢迎	5807
bao	保	5793
xiang qi	想起	5791
ri zi	日子	5786
tiao yue	条约	5784
xie yi	协议	5780
gong kai	公开	5764
xing zheng qu hua	行政区划	5763
xian zhi	限制	5759
xian shi	现实	5748
wu chang	武昌	5745
qiang lie	强烈	5744
zhao	照	5744
zao yi	早已	5737
de hua	的话	5719
yi fu	衣服	5717
jia	假	5716
ban	板	5713
tai yang	太阳	5708
yu	御	5708
he nan	河南	5708
guang da	广大	5707
yi	易	5705
zheng zai	正在	5704
pang zi	胖子	5701
hen kuai	很快	5695
tai du	态度	5695
zei	贼	5694
bu hao	不好	5689
jiao liu	交流	5689
wan dun	万吨	5687
qian mian	前面	5685
sen lin	森林	5685
xian ran	显然	5675
ma	妈	5674
you suo	有所	5673
chuang wang	闯王	5662
yi bu fen	一部分	5656
che xiao	撤销	5656
du	度	5652
qian mi	千米	5649
po huai	破坏	5648
shuang shou	双手	5647
jiang nan	江南	5642
yue du	阅读	5634
shang mian	上面	5631
song	宋	5631
gong zi	工资	5631
zhuan	专	5630
shu	熟	5629
fen fen	纷纷	5627
ji	计	5618
bei bu	北部	5616
wang	忘	5609
zhong lei	种类	5601
fu	赴	5593
wu lun	无论	5586
shen ru	深入	5582
tui jin	推进	5581
shi you	石油	5579
jin qu	进去	5578
she	射	5574
di shang	地上	5573
xiao guo	效果	5572
tuan ti	团体	5571
tang ruo	倘若	5566
nian qing	年轻	5566
he xin	核心	5566
dian ying	电影	5565
fang zhi	纺织	5561
xing xiang	形象	5557
ye	页	5557
guo ran	果然	5555
yi shi	意识	5553
chang wu	常务	5552
nai	乃	5550
yuan	垸	5537
xian de	显得	5531
gui lv	规律	5531
ba	巴	5530
ping deng	平等	5528
zan	咱	5527
zhi	支	5526
shan dong	山东	5523
hou	厚	5520
jia gong	加工	5519
zhi shi	只是	5516
hong shan qu	洪山区	5513
shao	烧	5507
liang ce	两侧	5503
lie wei	列为	5495
jia ru	加入	5494
da bu fen	大部分	5494
jie fang	解放	5494
xin hua she	新华社	5493
wei	微	5490
zhu bu	逐步	5486
hu	虎	5483
dan xin	担心	5476
xia jiang	下降	5469
dian shi	电视	5469
biao mian	表面	5469
bu	布	5462
jie	节	5457
gong ju	工具	5453
di san	第三	5452
wang zhan	网站	5451
sheng	升	5446
zhi zuo	制作	5436
she shi	设施	5435
tian jin	天津	5433
cheng guo	成果	5432
ge xiang	各项	5429
yi	依	5428
yu suan	预算	5428
ku	苦	5427
jue	绝	5426
gua tou	寡头	5424
jin zhang	紧张	5420
shou ji	手机	5419
fan	翻	5418
ling hu chong	令狐冲	5417
yi xi lie	一系列	5416
shi li	势力	5416
ji zai	记载	5414
wai jiao	外交	5410
tao	逃	5410
sou hu	搜狐	5406
zhong duo	众多	5397
tang	唐	5397
yi ba	一把	5381
chun	春	5378
nian di	年底	5375
wen wu	文物	5371
xuan chuan	宣传	5369
wen	闻	5369
qi	奇	5367
lve	略	5364
ri chang	日常	5360
jian cha zhang	检察长	5358
yi ming	一名	5356
jia	甲	5356
gao zhong	高中	5355
yan ge	严格	5350
ling ren	令人	5350
bu guan	不管	5349
ling dao ren	领导人	5348
man zu	满足	5347
tui dong	推动	5335
chu	楚	5333
xia wu	下午	5332
han	喊	5332
di xia	地下	5327
zuo tian	昨天	5326
sui hou	随后	5325
ren zhen	认真	5322
da sheng	大声	5316
sheng yu	生于	5307
cheng yuan	成员	5303
ming dai	明代	5303
chuang xin	创新	5297
bu jiu	不久	5295
zao dao	遭到	5295
pei xun	培训	5291
chi xu	持续	5291
fen	份	5289
ban	班	5289
shu zi	数字	5284
guang	广	5271
nu	怒	5265
you ke	游客	5262
shi yan	试验	5260
sun	孙	5256
xiu	绣	5256
jie ji	阶级	5251
shi de	似的	5247
fa she	发射	5246
wen zi	文字	5240
tian men	天门	5236
ban	版	5235
huai	坏	5232
zu	组	5229
lai kan	来看	5227
ye	叶	5225
cheng lou	城楼	5222
lun	轮	5222
gong yuan	公园	5215
ge	哥	5215
kong zhong	空中	5214
ruan jian	软件	5206
xi guan	习惯	5197
shi shi	事实	5197
di qiu	地球	5194
jue	决	5193
xi	浠	5191
yi ban	一半	5189
ya	压	5189
gang gang	刚刚	5188
shou li	手里	5186
dan	弹	5180
wu zhuang	武装	5179
bu dan	不但	5177
xian	显	5176
ren mian	任免	5169
zhang ju zheng	张居正	5165
bu xiang	不想	5163
yu	语	5163
shi	室	5162
yi da li	意大利	5155
ju li	距离	5155
yong yuan	永远	5153
ye	业	5152
nian jian	年间	5151
mo	摸	5151
hu xiang	互相	5144
ren da chang wei hui	人大常委会	5142
miao	庙	5139
shao	稍	5137
su	素	5129
yi duan	一段	5128
qi zi	妻子	5128
ma ma	妈妈	5120
pu	扑	5115
yan qian	眼前	5112
gan	赶	5112
yuan nian	元年	5106
dui xiang	对象	5105
ying	迎	5102
ting jian	听见	5100
si ge	四个	5100
bian de	变得	5091
che di	彻底	5090
bao	宝	5088
bi jing	毕竟	5083
kuai su	快速	5082
chao xian	朝鲜	5079
shi bai	失败	5077
lin shi	临时	5073
guo	果	5072
gui	贵	5067
yi pi	一批	5065
chao	炒	5062
li run	利润	5060
duo shu	多数	5059
na shi	那时	5052
lu xian	路线	5050
nao	闹	5045
tai	抬	5042
qi yu	其余	5040
yu	雨	5036
qi	齐	5036
hua fen	划分	5034
wei yi	唯一	5033
tan ke	坦克	5028
shang shu	尚书	5021
qi	骑	5021
gai nian	概念	5019
lai yuan	来源	5017
yan	盐	5016
chong man	充满	5015
jiang di	降低	5015
zu	卒	5011
si da	四大	5011
man man	慢慢	5009
xing	星	5006
lao ren	老人	5006
li	哩	5003
fu he	符合	5003
fa bu hui	发布会	4998
ke	客	4996
xiao jie	小姐	4995
bai	摆	4994
zhe xue	哲学	4993
jie	借	4991
zhe	折	4990
fu	负	4990
qing qing	轻轻	4988
bei ping	北平	4982
lao ban	老板	4981
ji	击	4979
zhe jian	这件	4978
dai	戴	4977
tong xue	同学	4974
xiao ming	校名	4969
xi	细	4965
shan di	山地	4961
mei jun	美军	4961
dai	呆	4960
na zhong	那种	4953
feng	奉	4951
ban gong shi	办公室	4948
shuai ling	率领	4948
lu qu	录取	4945
guan	观	4943
chang	唱	4939
hua	华	4938
kuang chan	矿产	4938
dang xia	当下	4931
du	毒	4930
bie de	别的	4927
ni	泥	4927
wei	味	4920
zi xun	咨询	4913
xiao long	小龙	4913
ji tian	几天	4912
shen shou	伸手	4908
wu nian	五年	4900
ge zi	各自	4900
zi shen	自身	4895
jian	渐	4894
pan duan	判断	4893
ge ge	哥哥	4892
shi	始	4890
heng	横	4890
shi qu	失去	4885
wei ji	危机	4877
hou mian	后面	4875
liang	亮	4874
pei he	配合	4874
da shi	大事	4867
zeng qiang	增强	4866
tao	套	4866
xing	兴	4859
wei sheng	卫生	4854
jin shu	金属	4854
cheng ben	成本	4853
wen jian	文件	4852
jia yi	加以	4850
bu	步	4849
xian	仙	4848
xue	雪	4848
zhang fu	丈夫	4847
bei	倍	4845
bi ran	必然	4843
cai fu	财富	4843
shou du	首都	4841
ci hou	此后	4839
gou mai	购买	4837
han	汗	4836
dong nan	东南	4833
gong gong	公共	4833
yi sheng	医生	4824
su zhi	素质	4824
da ji	打击	4823
gai shan	改善	4823
sheng tai	生态	4821
guang dong	广东	4816
ren sheng	人生	4815
yi dai	一带	4814
gai wei	改为	4813
fang zhen	方针	4810
er	耳	4802
hong se	红色	4801
cheng ren	承认	4800
ge	格	4794
ji	忌	4793
ying yu	英语	4793
xiang zheng	象征	4790
shao shu	少数	4789
she zhi	设置	4787
he	核	4785
bao fa	爆发	4783
fei xing	飞行	4782
ju bei	具备	4780
zong	纵	4775
qi	器	4774
ou	藕	4770
xue zhe	学者	4766
fou ze	否则	4763
sui	遂	4763
dui wai	对外	4761
xing ming	性命	4761
wan	玩	4761
gu dao	故道	4751
lian	练	4749
ji bing	疾病	4746
sui ji	随即	4746
bu jin	不禁	4741
da ming	大明	4732
zui	罪	4727
bai xing	百姓	4725
gai	盖	4724
que fa	缺乏	4720
yuan xiao	院校	4719
gong fu	功夫	4716
ju	距	4714
cheng fen	成分	4713
zhai	寨	4706
xia	吓	4703
cheng	乘	4696
wei da	伟大	4696
tou piao	投票	4694
ting	厅	4691
tan	叹	4689
bi hui	闭会	4688
wan zheng	完整	4687
hen	恨	4684
ji	祭	4684
ji zhi	机制	4682
qi yi	起义	4682
ji nian	几年	4681
guo min jing ji	国民经济	4681
da kai	打开	4681
han	屽	4676
cun wei hui	村委会	4672
kao cha	考察	4671
huang cheng	皇城	4670
zhao	诏	4670
da ying	答应	4669
yan chu	演出	4668
xiang bi	相比	4668
zui zao	最早	4667
jian	僭	4665
si	斯	4662
chui	吹	4661
guan nian	观念	4656
ying yang	营养	4655
xu	虚	4653
yun yong	运用	4653
xing zhe	行者	4652
tang	汤	4638
zhi wu	职务	4638
ben ren	本人	4635
mian lin	面临	4635
di yi ge	第一个	4630
xi shou	吸收	4627
gou	够	4626
xun	讯	4624
liu tong	流通	4619
xian chang	现场	4613
zi	姊	4612
fu	夫	4610
xian	弦	4608
xie tiao	协调	4607
zhua zhu	抓住	4604
hai yang	海洋	4603
huan	环	4601
jing	精	4601
dui shou	对手	4599
cheng dan	承担	4598
jiao yi	交易	4594
yuan liao	原料	4589
zi zhi xian	自治县	4589
deng xiao ping	邓小平	4589
shi cong	是从	4587
hu	户	4586
zhen dui	针对	4586
wai mian	外面	4582
zheng qu	争取	4581
fa yu	发育	4579
tao hua	桃花	4579
hui	挥	4578
pa	爬	4578
shi wu	事物	4576
qi	岂	4574
feng xian	风险	4574
nu li	奴隶	4573
shao nian	少年	4570
zou	奏	4565
zhao ji	召集	4562
jiao zuo	叫做	4560
tui chu	推出	4558
chi	持	4555
jiao xue	教学	4555
tuan	鏄	4555
zuo zhe	作者	4553
yi	亿	4552
hua gong	化工	4551
ye	夜	4549
yuan	源	4544
wei	围	4538
lun tan	论坛	4536
chu xi	出席	4527
ju	局	4527
dai kuan	贷款	4526
sheng	圣	4525
dong	懂	4524
dong fang	东方	4518
zai ye	再也	4515
li xiang	理想	4513
you xing	游行	4507
cun	存	4505
miao	秒	4505
jiu jing	究竟	4505
xia mian	下面	4504
wei xian	危险	4502
nian	念	4501
nian jun	年均	4495
niang	娘	4493
shang lai	上来	4492
ping heng	平衡	4492
qing dai	清代	4491
da gui mo	大规模	4487
xun zhao	寻找	4481
fei zhou	非洲	4481
he shang	和尚	4480
bu bi	不必	4475
xing qu	兴趣	4475
wen du	温度	4473
gu	骨	4465
tuan jie	团结	4459
zhuan yi	转移	4459
guo min	国民	4457
cha	插	4457
sheng zhang	省长	4454
xian	献	4452
huan zhe	患者	4449
ji qi	机器	4449
zhong gong zhong yang	中共中央	4432
jing	境	4431
bing ren	病人	4431
bao yu	宝玉	4426
mi	密	4426
zhu	竹	4426
wei xie	威胁	4423
seng	僧	4422
er yan	而言	4420
liang ci	两次	4416
suan	酸	4412
qi guai	奇怪	4411
xiang fan	相反	4407
li mi	厘米	4406
yan	烟	4406
gu ji	估计	4405
qing xu	情绪	4404
mi qie	密切	4401
chu fa	出发	4398
zhao pin	招聘	4396
yi dao	一道	4389
da xue sheng	大学生	4389
chuan bo	传播	4387
he li	合理	4379
chao	超	4379
su	苏	4378
min jian	民间	4376
zhu ren	主人	4373
dian tou	点头	4372
dan	蛋	4370
ge	隔	4367
da yue	大约	4366
chang jiang da qiao	长江大桥	4366
yi ju	依据	4363
fang xin	放心	4363
shang	商	4360
guo wai	国外	4359
pai	排	4359
jiang xia qu	江夏区	4359
bei fang	北方	4357
li hai	厉害	4357
ben hang zheng qu yu	本行政区域	4357
tang	堂	4355
gai zao	改造	4352
pan	盘	4352
ming chao	明朝	4351
gu ding	固定	4350
huang	皇	4350
tai jian	太监	4349
ting zhi	停止	4347
zheng	争	4346
yuan	圆	4346
yi dong	移动	4343
yi zhi	一支	4342
qiang da	强大	4342
pian	偏	4337
mi mi	秘密	4337
qian ti	前提	4333
bi mian	避免	4330
xiu xi	休息	4328
jie dao	街道	4327
gao xiao	高校	4327
tui jian	推荐	4326
gu	顾	4326
xia tian	夏天	4324
yi lang	伊朗	4323
chan zhi	产值	4315
bing fei	并非	4314
mo shi	模式	4310
nian ling	年龄	4309
xing neng	性能	4309
yan xi	演习	4309
gan qing	感情	4307
shen pan	审判	4306
wei chi	维持	4303
fei yong	费用	4302
zhi yuan	志愿	4301
gou	狗	4301
tai miao	太庙	4298
ke hu	客户	4298
shang wei	尚未	4298
yi you	已有	4298
ji da	极大	4295
shi he	适合	4294
wang chao	王朝	4291
yi ye	一页	4290
xiao zhang	校长	4290
yi kou	一口	4287
geng xin	更新	4287
er	尔	4286
zhe er	这儿	4282
shou ci	首次	4281
gong ting	宫廷	4280
zheng ti	整体	4278
zi zhi	自治	4277
si chuan	四川	4276
ji	鸡	4276
xiang	湘	4275
tuo	脱	4275
qu bie	区别	4273
zhuang	撞	4269
gong	工	4267
zi chan jie ji	资产阶级	4259
ji shi	及时	4257
jie	结	4256
di fang xing	地方性	4255
men wai	门外	4254
zuo shou	左手	4252
feng ge	风格	4252
ba li	巴黎	4250
di	帝	4250
jiang ling	江陵	4250
zao qi	早期	4249
pian	篇	4243
yuan gong	员工	4241
shang sheng	上升	4240
ban ben	版本	4235
cheng shu	成熟	4234
ting	挺	4234
fan	犯	4234
bo	波	4231
ji ju	几句	4229
gao	告	4229
nan fang	南方	4227
she ji	涉及	4225
liang nian	两年	4223
kong qi	空气	4223
luo	罗	4221
ruan	软	4221
qian	千	4218
guo fang	国防	4218
pang bian	旁边	4218
cao zuo	操作	4217
zhi	纸	4217
yao wu	药物	4217
shi	试	4213
jin nian lai	近年来	4213
fu ze ren	负责人	4212
ran	然	4209
meng	梦	4208
fang bian	方便	4207
song	松	4204
quan shen	全身	4203
liao	辽	4201
men kou	门口	4201
hou xuan ren	候选人	4196
you dian	有点	4194
bu zai	不在	4192
ju mian	局面	4191
qi	旗	4191
yin zi	银子	4191
lv	绿	4188
tu po	突破	4186
you ci	由此	4178
jian zao	建造	4168
ge lei	各类	4166
shi bing	士兵	4165
tong	痛	4164
yi fen	一份	4161
kang xi	康熙	4157
liang wei	两位	4156
zhuan hua	转化	4156
zhun	准	4155
yi hui	议会	4152
le	乐	4149
kai fa qu	开发区	4149
zhi	志	4149
yi	槸	4149
xin qing	心情	4144
shi	失	4143
hui tou	回头	4137
di guo	帝国	4136
hai	害	4135
pei	陪	4135
sha	啥	4131
shi nian	十年	4129
xian ji	县级	4127
zhi	致	4125
ji	基	4123
du te	独特	4117
hu nan	湖南	4115
gong jin	公斤	4113
yi ran	依然	4105
zheng	证	4105
duo	躲	4105
wei xiao	微笑	4102
biao zhi	标志	4101
que	确	4100
mian hua	棉花	4095
bi	逼	4093
zhan shi	战士	4088
shi yan	十堰	4086
da duo shu	大多数	4084
ding	丁	4082
zheng	政	4082
kao	烤	4080
gui fan	规范	4076
ping tai	平台	4075
jian	舰	4074
cheng jiu	成就	4072
pao	炮	4072
sheng ji	升级	4066
xin xing	新型	4063
jiao huan	交换	4050
ju jue	拒绝	4048
zheng quan	证券	4045
da ren	大人	4043
she	社	4043
he tong	合同	4042
zhi bo	直播	4042
ri qi	日期	4041
zhong	钟	4040
zhan chang	战场	4035
gao kao	高考	4034
tong zhi zhe	统治者	4029
yao	咬	4026
he dao	喝道	4025
chong zhen	崇祯	4025
gu quan	股权	4024
jian jian	渐渐	4023
jun jing	军警	4022
ming qing	明清	4022
yi fan	一番	4020
fei chu	废除	4018
tang	糖	4017
zou xiang	走向	4017
cong lai	从来	4015
fan er	反而	4014
ping shi	平时	4014
quan	劝	4009
duo ge	多个	4009
ju ban	举办	4007
suan shi	算是	4006
jian cheng	简称	3999
zhuang zhi	装置	3999
yi	宜	3998
yao	腰	3997
gong zhu	公主	3995
ci ci	此次	3993
yan hai	沿海	3991
tong ku	痛苦	3983
chong qing	重庆	3981
jia su	加速	3980
bu xing	不行	3977
zhu dong	主动	3977
sun shi	损失	3972
zhuan bian	转变	3972
gong chan dang	共产党	3967
shi min	市民	3967
ma	杩	3966
mie	灭	3965
jian	箭	3965
zhi shang	之上	3964
ping fang gong li	平方公里	3964
ce	侧	3958
lao dong li	劳动力	3958
fa xing	发行	3958
jie jin	接近	3958
xun	寻	3955
bei an	备案	3950
chong jian	重建	3950
yi sheng	一生	3947
yi liao	医疗	3947
shi de	使得	3941
guo you	国有	3940
hu po	湖泊	3940
tang	躺	3939
jia kuai	加快	3938
shen cha	审查	3936
xiang	襄	3936
jiao	角	3934
sheng cun	生存	3933
ping jia	评价	3933
en	恩	3932
gui ze	规则	3930
o	哦	3926
ji lu	记录	3922
gui	跪	3922
yu	遇	3921
chan	澶	3917
gu	谷	3916
gong chang	工厂	3915
meng	猛	3914
yin	印	3913
lian se	脸色	3913
lei ji	累计	3912
da da	大大	3909
yi	异	3909
tuo	拖	3908
liang	粮	3908
zu guo	祖国	3906
yang guang	阳光	3905
you shou	右手	3904
shi ke	时刻	3902
han	韩	3902
zhu zuo	著作	3900
ke ren	客人	3897
cha	查	3896
ma	嘛	3889
yi wai	以外	3888
yi xue	医学	3885
ji yu	给予	3885
yuan shi	原始	3883
xue ke	学科	3883
dian xing	典型	3881
yi shi	仪式	3880
deng	灯	3878
dian nao	电脑	3878
kang	抗	3877
shang qu	上去	3871
shen	伸	3866
yi yao	医药	3866
dian	店	3866
man yi	满意	3866
dao chu	到处	3863
zuo fa	做法	3861
li chang	立场	3855
yang	阳	3854
zhen	阵	3853
hai pa	害怕	3852
jin kou	进口	3852
xiong	兄	3850
bu chong	补充	3846
yun xing	运行	3839
bei jing shi	北京市	3838
di zhi	地址	3831
zhi fu	支付	3827
zi ge	资格	3823
you liang	优良	3822
ri jun	日军	3821
zhang	帐	3820
han guo	韩国	3819
guo jia ji	国家级	3818
bian	编	3818
bo shi	博士	3817
chuan shuo	传说	3816
shao shu min zu	少数民族	3814
ju zhu	居住	3813
cai fang	采访	3812
mu guang	目光	3811
shi wu	食物	3811
dong li	动力	3810
zhan ling	占领	3808
ling yi fang mian	另一方面	3808
fang zhi	防止	3807
tai tai	太太	3804
tu rang	土壤	3802
yi chang	异常	3802
yi zhao	依照	3801
zhi	智	3801
zuo jia	作家	3800
min zu xiang	民族乡	3799
hang qing	行情	3799
yan	沿	3797
kong pa	恐怕	3796
mou zhong	某种	3796
ren ma	人马	3795
cao	操	3794
zai	载	3790
jie chu	接触	3788
an	暗	3788
zong jie	总结	3786
you zhe	有着	3785
dong zuo	动作	3784
zhong zhong	种种	3784
xing fu	幸福	3782
bei jing	背景	3782
ling	灵	3778
yuan zhong	原种	3776
jiang su	江苏	3776
bai	百	3775
si wang	死亡	3774
zao	遭	3773
li you	理由	3771
bu shu	部署	3771
ji ti	集体	3770
da gai	大概	3769
yi	移	3769
tong yi	同一	3765
bi ye sheng	毕业生	3760
zhi jin	至今	3760
nian ji	年纪	3757
kan	砍	3754
guo	郭	3754
ren ti	人体	3752
wu dang shan	武当山	3752
guo wang	国王	3748
nian du	年度	3748
yang	养	3747
guan cha	观察	3744
xi yin	吸引	3742
suo shuo	所说	3742
hu	胡	3742
zuo chu	做出	3741
hu	呼	3741
ban	般	3741
shou shu	手术	3740
an jian	案件	3740
dao li	道理	3739
quan nian	全年	3736
chu bu	初步	3736
jie fang jun	解放军	3732
zui jia	最佳	3731
xiao xue	小学	3730
zong ren kou	总人口	3728
xiang si	相似	3728
da qiao	大桥	3720
ji wei	极为	3719
jin jin	仅仅	3718
ke xi	可惜	3715
tuo	托	3715
zong e	总额	3714
zong	宗	3713
yi	衣	3711
nan zi	男子	3705
zhang	仗	3702
bo wu guan	博物馆	3702
qian ding	签订	3702
bu you de	不由得	3701
ci ke	此刻	3701
hen shao	很少	3698
yuan li	原理	3697
dian liang	点亮	3696
sou	艘	3694
yin yong	引用	3693
ming tian	明天	3693
gao yuan	高原	3693
da men	大门	3691
guan xin	关心	3690
sheng	盛	3689
bu	补	3688
deng yu	等于	3687
yao qing	邀请	3687
zhuan shen	转身	3684
yao	幺	3682
shou yu	授予	3682
lu jun	陆军	3681
liang zhe	两者	3680
wu	吾	3677
shui chan	水产	3676
bi	笔	3676
yi da	一大	3675
yun xu	允许	3674
jiao du	角度	3674
fei	费	3674
da duo	大多	3673
zao jiu	早就	3671
shang ji	上级	3670
zi chan	资产	3670
gan kuai	赶快	3668
dao de	道德	3667
huang he	黄河	3667
sheng xia	剩下	3666
yan jian	眼见	3666
bing	柄	3665
gai jin	改进	3659
wa	瓦	3653
shuo fa	说法	3651
chun qiu	春秋	3650
dian li	电力	3649
jian	簡	3645
bai	败	3645
yi mei yuan	亿美元	3640
di	弟	3640
gong	拱	3640
zhi de	值得	3637
hai shang	海上	3636
ling	岭	3634
zhen shi	真实	3634
zhi neng	职能	3634
gai cheng	改称	3632
bi	毕	3631
fen fu	吩咐	3630
xue shu	学术	3628
pin pai	品牌	3627
jiao gei	交给	3625
chuang	床	3625
ke yan	科研	3625
di sheng	低声	3623
xi	洗	3623
fen lei	分类	3622
ji jie	季节	3622
yi hui er	一会儿	3621
shang shi	上市	3620
xi lie	系列	3620
hui jia	回家	3618
ri yi	日益	3616
zhi	止	3616
se cai	色彩	3615
fang zi	房子	3614
he bei	河北	3614
yin	饮	3608
pai	牌	3603
wei wei	微微	3601
die	爹	3601
she you	设有	3601
fang qi	放弃	3599
zhi suo yi	之所以	3598
yi hui	一会	3596
jin	劲	3593
wan	碗	3591
guan jun	冠军	3590
ju ran	居然	3589
ye	爷	3589
mo	魔	3589
ci shi	此事	3588
wan mu	万亩	3586
xuan min	选民	3586
jian jue	坚决	3585
yan jiu suo	研究所	3578
yuan yuan	远远	3575
tong nian	同年	3569
da suan	打算	3569
jun	君	3568
deng shi	登时	3564
yi kao	依靠	3563
huang hou	皇后	3560
xie hui	协会	3559
zhe chang	这场	3556
kong	孔	3555
shi yong	适用	3555
tan pan	谈判	3554
xiao fei zhe	消费者	3553
yun nan	云南	3552
dui yuan	队员	3550
zhong gong	中共	3548
e	恶	3548
tai zi	太子	3544
tong zhi	通知	3542
zhou	洲	3539
dang ji	当即	3537
ge bie	个别	3536
fang fu	仿佛	3535
jiang	奖	3533
shu	术	3533
xian tao	仙桃	3527
ming yun	命运	3527
xiao zu	小组	3526
cen	涔	3526
di	棣	3525
ji jin	基金	3524
yong le	永乐	3524
heng	哼	3522
duo	夺	3521
zhu	猪	3517
dao da	到达	3516
da	搭	3516
fu	扶	3513
yan se	颜色	3508
bu de bu	不得不	3503
tou fa	头发	3503
san xia	三峡	3502
tou xiang	投降	3502
di si	第四	3499
fen xiang	分享	3498
shan xi	陕西	3498
shi yan shi	十堰市	3495
mai	脉	3495
shang wu	上午	3494
biao yan	表演	3494
fang wen	访问	3492
huang jin	黄金	3492
di tu	地图	3491
er yi	而已	3491
zhong zhi	种植	3490
zhao	赵	3490
jian guo	建国	3489
yi gu	一股	3487
dong shou	动手	3487
chi fan	吃饭	3487
jing zhou shi	荆州市	3487
lian	联	3486
fu	佛	3485
hua bei	华北	3478
you li yu	有利于	3478
bao cun	保存	3477
zou chu	走出	3477
luo ma	罗马	3475
xue	穴	3472
chong	虫	3472
zhou en lai	周恩来	3470
xiao shi	消失	3470
kang zhan	抗战	3469
wang ye	网页	3469
zai shuo	再说	3468
mo	莫	3468
zhui qiu	追求	3468
da ge	大哥	3465
jia	价	3464
zao	造	3462
lu chu	露出	3460
wei xing	卫星	3459
deng	登	3457
zeng	增	3456
dong tai	动态	3455
shu xi	熟悉	3455
qu xiao	取消	3453
ren jun	人均	3452
jin hou	今后	3452
liu xing	流行	3450
qu chu	取出	3449
he fa	合法	3449
xi	戏	3449
cun	竴	3449
niao	鸟	3449
qu shi	趋势	3448
di shi	地势	3445
ben ci	本次	3439
ge	歌	3439
yong lai	用来	3436
rao	绕	3436
hui	毁	3435
mei li	美丽	3435
guo du	过渡	3435
shen	屾	3430
di er ci	第二次	3430
meng	蒙	3430
shen ke	深刻	3427
xiang qian	向前	3426
qie	切	3424
fan zhi	繁殖	3424
feng wei	风味	3422
zhe jiang	浙江	3419
fang	防	3418
nai nai	奶奶	3415
di zhi	地质	3410
mei ci	每次	3407
zhe ban	这般	3405
xiao zi	小子	3399
fan zui	犯罪	3397
wu men	午门	3395
lao po	老婆	3395
jian	尖	3393
biao da	表达	3393
jia zhang	家长	3392
deng dai	等待	3392
tong xin	通信	3392
zi xi	仔细	3391
zui chu	最初	3390
yi chan	遗产	3389
lao bai xing	老百姓	3388
ti	踢	3387
ba nian	八年	3384
ka	卡	3384
fu	父	3384
tou shang	头上	3381
ta	塔	3380
yu lei	鱼类	3380
yao shi	要是	3379
ting qu	听取	3376
ruo	弱	3376
yi bu	一部	3374
diao	雕	3373
feng jing	风景	3373
yang	羊	3372
hu	鍙	3371
jiang ling	将领	3369
lian he guo	联合国	3367
ken	肯	3367
mu	母	3366
ya men	衙门	3365
pi ping	批评	3363
nao	脑	3362
qin lve	侵略	3359
ren min bi	人民币	3358
jie hun	结婚	3357
zheng yi	正义	3355
suo zai di	所在地	3352
she ji	社稷	3352
hou zhe	后者	3350
lian	鏈	3349
men qian	门前	3349
qian jin	前进	3346
ti ming	提名	3346
shi	视	3346
mei	枚	3343
jue ce	决策	3341
die die	爹爹	3340
chu qi	初期	3339
dang	挡	3338
guan bing	官兵	3336
shun li	顺利	3336
yi fang mian	一方面	3332
zui wei	最为	3329
gong zhong	公众	3328
hun	婚	3328
yuan cheng zhi	袁承志	3328
shou ye	首页	3327
gao su gong lu	高速公路	3326
bao han	包含	3324
yan yuan	演员	3324
li bu	礼部	3323
zhi xu	秩序	3321
zi dong	自动	3321
hua	滑	3319
gen ju di	根据地	3318
sha	沙	3318
shi	鍦	3318
xiong	雄	3318
tu	吐	3315
cheng hao	称号	3315
lei da	雷达	3315
guang gao	广告	3313
zha	扎	3313
han liang	含量	3311
bian zhi	编制	3311
ke guan	客观	3309
gu piao	股票	3307
geng wei	更为	3306
guan che	贯彻	3306
shu	输	3306
yi lu	一路	3305
zhi de	只得	3305
he bing	合并	3305
mi shu	秘书	3305
xu	许	3305
chuang	闯	3305
peng	捧	3304
fu	福	3304
dang xuan	当选	3303
qian lai	前来	3301
you xi	游戏	3301
an	案	3300
zhu zhong	注重	3300
shun	顺	3300
liang an	两岸	3294
yi an	议案	3292
ji lie	激烈	3289
yi lei	一类	3288
sai	塞	3288
tai hou	太后	3288
shan	闪	3288
gang kou	港口	3286
zhen	震	3286
qian	迁	3283
zhu yi	主意	3281
ke	课	3281
duo me	多么	3280
wei	尾	3280
wen yi	文艺	3272
ju shuo	据说	3270
mo xing	模型	3270
ai ji	埃及	3268
xi ban ya	西班牙	3267
wa	挖	3266
yin yu	银鱼	3266
zhu guan	主管	3263
qian ting	潜艇	3263
yao pin	药品	3263
fan fu	反复	3261
huo shi	或是	3261
hun	混	3261
hang xian	航线	3261
da jun	大军	3259
lei	累	3257
rong yu	荣誉	3255
guan zhong	观众	3255
jia	夹	3253
yi xiang	一项	3252
wu ren	无人	3252
ci ji	刺激	3251
hui	灰	3251
wei bi	未必	3250
qian hou	前后	3247
zi ran bao hu qu	自然保护区	3247
yuan	袁	3247
huang gang	黄冈	3247
ban	搬	3246
shen qing	申请	3246
yao tou	摇头	3241
song jiang	宋江	3238
zui xin	最新	3238
che	扯	3236
diu	丢	3235
du	独	3235
yi chang shi	宜昌市	3234
kua	跨	3234
shi	施	3233
qu	曲	3233
han you	含有	3232
da shi	大师	3232
qiu	秋	3230
bi jia	笔架	3230
ling	陵	3230
ben ke	本科	3228
zhu ti	主体	3226
lv se	绿色	3226
qian	浅	3225
can	参	3224
na xie	哪些	3224
shou	授	3223
gao	糕	3220
xie	斜	3216
de ming	得名	3211
ren bu zhu	忍不住	3211
yi tao	一套	3210
qin	秦	3210
tiao	挑	3208
ca	擦	3206
fang yu	防御	3206
xia	瞎	3203
qi wen	气温	3202
bu yong	不用	3201
ting	亭	3201
shang ren	商人	3201
you xian	有限	3200
shan	扇	3198
zhong yuan	中原	3197
liu yu	流域	3197
lu	露	3193
zhu	注	3191
bang	镑	3191
da qing	大清	3190
ni	尼	3190
hong jun	红军	3190
re qing	热情	3189
jiang lai	将来	3187
zi wo	自我	3187
ren gong	人工	3186
jiang jie shi	蒋介石	3182
lin	临	3180
hu	护	3180
shan qu	山区	3178
ge bu	各部	3177
wei dao	味道	3177
xiang zhe	想着	3177
si	丝	3176
hang zhou	杭州	3175
zhi cheng	制成	3174
tui guang	推广	3169
shen zhen	深圳	3169
pian ke	片刻	3169
li fa	立法	3169
tu jing	途径	3169
gong an	公安	3168
wu	屼	3168
suo zai	所在	3168
hao chi	好吃	3167
qin	笉	3166
wen	温	3165
ci shu	次数	3163
sheng nei	省内	3163
shi ren	诗人	3163
shi	识	3160
xing	醒	3160
xiang shou	享受	3158
ji lei	积累	3158
yan	演	3157
ke xue jia	科学家	3156
liu dong	流动	3155
si zhou	四周	3151
zhan yi	战役	3151
shou quan	授权	3151
mei xiang dao	没想到	3149
sai	赛	3149
yi zhao	一招	3146
yi gen	一根	3143
chou	抽	3143
qi ci	其次	3142
cheng du	成都	3134
yi qi	一齐	3133
wu	屋	3133
an	氨	3133
yu ji	预计	3132
xiang you	享有	3130
di chu	地处	3130
zhi li	治理	3130
ke cheng	课程	3129
zan shi	暂时	3126
pi fu	皮肤	3126
yi ceng	一层	3124
zhi	旨	3124
jing li	经理	3124
ma ke si zhu yi	马克思主义	3122
chuang	创	3120
fa ming	发明	3120
bai se	白色	3118
li	例	3115
zhan shu	战术	3115
shi shi shang	事实上	3114
xian zhang	县长	3114
zhi zheng	执政	3113
fan	番	3113
dui fu	对付	3112
jiang hu	江湖	3112
yue	跃	3112
xiao	校	3111
jun zhu	君主	3108
liao	料	3108
ya	牙	3107
lang	廊	3106
chu yu	出于	3104
tou	透	3104
jie jie	姐姐	3103
zou jin	走进	3103
wan gong qing	万公顷	3100
nei ge	内阁	3099
chu shen	出身	3099
dang zhong yang	党中央	3097
chong tu	冲突	3097
pai lie	排列	3097
gun	滚	3097
lan	蓝	3096
zhan guo	战国	3095
qi bing	骑兵	3095
fu fu	夫妇	3088
jun ren	军人	3087
shao nv	少女	3086
yuan shi kai	袁世凯	3086
mu	亩	3084
wu	舞	3083
shen	审	3081
lv	旅	3080
quan shi jie	全世界	3079
tai ping yang	太平洋	3079
xian zhu	显著	3079
pei	配	3078
zhi ji	之际	3077
tou su	投诉	3077
bao zhi	报纸	3077
hun yin	婚姻	3071
xiao yuan	校园	3071
ren ren	人人	3070
luo hou	落后	3070
ji ben shang	基本上	3068
bao	薄	3066
wu li	物理	3065
huang shi	黄石	3065
jiu suan	就算	3064
chang sha	长沙	3064
shang liang	商量	3062
yao	摇	3062
lu shang	路上	3062
zhi pa	只怕	3057
bu xu	不许	3056
ji dong	激动	3055
da jie	大街	3052
zheng	怔	3052
shan xi	山西	3051
gu lao	古老	3049
zheng xie	政协	3049
bei	杯	3049
du zhe	读者	3049
qi tu	企图	3048
gong yi	工艺	3046
wu ran	污染	3046
neng liang	能量	3046
shen fen	身份	3045
sheng ming	声明	3043
zuo dao	做到	3041
xie ding	协定	3040
da dian	大典	3038
fu	富	3035
ji nian	纪念	3034
zhe hua	这话	3032
zong mian ji	总面积	3031
lang	狼	3031
xian you	现有	3031
jing	荆	3031
yin	音	3031
yang zhi	养殖	3027
gu	鼓	3026
zhu ti	主题	3025
xin jiang	新疆	3023
hai wai	海外	3023
yi la ke	伊拉克	3022
jian jie	简介	3022
kuo zhan	扩展	3021
zhun que	准确	3019
zhu	珠	3019
xi	袭	3018
dao lai	到来	3015
han bai yu	汉白玉	3015
pen di	盆地	3014
fu	附	3014
di zhen	地震	3013
zheng hao	正好	3011
man	慢	3010
jiang shui liang	降水量	3010
tian qi	天气	3006
zheng	睁	3006
si nian	四年	3004
lian meng	联盟	3004
yi du	一度	3002
tan suo	探索	3002
fu you	富有	3001
bu gou	不够	3000
han shu	函数	2996
quan	圈	2993
zhu li	主力	2992
ji jiang	即将	2991
tu an	图案	2991
hu bing chen	胡秉宸	2991
wan sui	万岁	2989
mian shi	面试	2989
fei	废	2988
yu	愈	2988
zhong hua min zu	中华民族	2987
hao hao	好好	2987
rong	容	2987
xue hui	学会	2986
ban	颁	2983
bao xian	保险	2982
xue wei	学位	2980
zhi shi	指示	2978
wang guo	王国	2977
xin xin	信心	2975
chu liang	储量	2974
yan lei	眼泪	2972
yao su	要素	2972
e guo	俄国	2971
tiao jie	调节	2971
jia	嘉	2968
qing xing	情形	2966
gan shou	感受	2965
qi fen	气氛	2963
hu xi	呼吸	2962
si	思	2962
ban tian	半天	2961
li hong zhang	李鸿章	2961
xiu jian	修建	2960
gong ying	供应	2959
tiao zhan	挑战	2959
chi	赤	2955
jian you	建有	2953
gang tie	钢铁	2953
qi ti	气体	2952
zu he	组合	2952
zheng	征	2950
ba	拔	2950
ai qing	爱情	2949
shu	蜀	2949
zi zhu	自主	2948
you	尤	2946
dun	顿	2946
si hao	丝毫	2945
huo	佸	2945
gan jin	赶紧	2945
di dai	地带	2943
di chu	抵触	2943
ti xing	提醒	2943
jin ji	紧急	2942
cu	粗	2940
tou lu	透露	2940
can kao	参考	2938
an	俺	2937
xi zang	西藏	2937
dan	丹	2935
fo jiao	佛教	2935
jiang xi	江西	2935
dong ting hu	洞庭湖	2934
yan	严	2932
ji	吉	2931
zuo xia	坐下	2929
ce liang	测量	2929
jin cheng	进程	2929
yan shen	延伸	2926
wen hua da ge ming	文化大革命	2926
shi wu	十五	2924
fa dong ji	发动机	2924
re dai	热带	2924
jin zhi	禁止	2922
ji cheng	继承	2919
you li	有力	2918
tou	偷	2917
di er tian	第二天	2917
ling xiu	领袖	2917
ji	寄	2916
xi an	西安	2915
xing fen	兴奋	2914
xun huan	循环	2914
zi ben jia	资本家	2914
wu chang qu	武昌区	2911
shi	氏	2911
shi xiang	事项	2910
gou tong	沟通	2910
jin dai	近代	2910
shu	叔	2909
chu zhong	初中	2908
biao jue	表决	2907
you hao	友好	2906
ke jian	可见	2905
liang zhi	两只	2903
zuo hao	做好	2902
xi la	希腊	2902
zong shu	总数	2902
zu gou	足够	2902
xian	鲜	2900
xie	歇	2899
nan xing	男性	2899
guo	锅	2898
chang jian	常见	2897
xing tai	形态	2895
xiang fa	想法	2894
hou qi	后期	2893
xi	吸	2892
da jiao	大叫	2892
wu bu	无不	2892
jiang hua	讲话	2891
lian jie	连接	2890
shou fei	收费	2889
mei	煤	2889
ti dao	提到	2888
cha bu duo	差不多	2883
jie zhi	截止	2882
zheng zhuang	症状	2882
liang	辆	2882
wu san gui	吴三桂	2881
ji de	记得	2880
bi	闭	2879
jian cha	检察	2876
dong jing	东京	2875
you	哊	2875
gang	钢	2875
ban bu	颁布	2871
gao xin ji shu	高新技术	2871
ji ci	几次	2867
xiang xi	详细	2865
qian wang	前往	2860
fan hui	返回	2860
si fa	司法	2859
da li	大力	2858
you zhi	优质	2857
kai guo	开国	2857
huai yi	怀疑	2857
zhan dou ji	战斗机	2857
ke	刻	2856
jiu dian	酒店	2856
yu qi	与其	2855
xing ge	性格	2852
ying pian	影片	2850
bu ru	不如	2849
da pi	大批	2849
kuai le	快乐	2847
shou zhi	手指	2847
huan	浣	2847
hua	划	2843
si ling	司令	2841
zong liang	总量	2840
ti sheng	提升	2840
lia	俩	2838
ma tou	码头	2838
zong ti	总体	2836
gou zao	构造	2836
ren	认	2836
yao	妖	2834
que	缺	2833
xie	谢	2833
jian	煎	2832
ji	脊	2832
wen	吻	2831
zui gao ren min fa yuan	最高人民法院	2826
chang suo	场所	2824
shi	尸	2824
liu	柳	2823
wang shang	网上	2823
zhu yuan zhang	朱元璋	2822
shui	税	2822
ju	聚	2820
yi hui	一回	2819
kan fa	看法	2819
fang jian	房间	2816
bu rang	不让	2813
shuo wan	说完	2811
dou	豆	2809
ha	哈	2808
hao wu	毫无	2808
shun zhi	顺治	2805
hei an	黑暗	2805
zhi wei	职位	2804
qiu ling	丘陵	2803
zi cong	自从	2802
sui shi	随时	2802
zhi lei	之类	2800
lin chuang	临床	2797
fei	妃	2797
ying	赢	2796
zhi nei	之内	2795
dui	堆	2795
zheng men	正门	2795
zheng dang	政党	2794
ren zhi	任职	2793
zhi biao	指标	2790
liu zai	留在	2790
e	额	2788
you jiu	悠久	2785
geng hao	更好	2785
dong shi hui	董事会	2785
shi qu	市区	2783
xian shi	县市	2781
jiao	轿	2781
ba ba	爸爸	2779
di	抵	2778
fu	俘	2777
fu	芙	2776
jing	静	2776
bing li	兵力	2774
zong chan zhi	总产值	2774
fu she	辐射	2774
xian	限	2774
za zhi	杂志	2773
que li	确立	2772
guang xu	光绪	2771
zong du	总督	2769
zhong hua	中华	2768
hong	鸿	2768
bao liu	保留	2766
ce shi	测试	2765
jian	监	2765
xiao lv	效率	2764
xiang ji	相继	2764
si ren	私人	2764
bian ge	变革	2762
xiao xin	小心	2762
ju bu	局部	2762
shuai	摔	2761
chen zhong	沉重	2761
ji	积	2761
bang	棒	2760
jing dian	景点	2756
tan hua	谈话	2756
qian long	乾隆	2755
mu cai	木材	2755
zhong yang ren min zheng fu	中央人民政府	2754
suo shu	所属	2754
zhen	针	2754
dang qian	当前	2753
yu yi	予以	2751
zui di	最低	2751
she	蛇	2750
shi	士	2748
he shi	合适	2745
dang zhen	当真	2745
ci ren	此人	2743
zhen ya	镇压	2740
fu	伏	2738
ai	唉	2738
ling hun	灵魂	2738
kuo zhang	扩张	2737
shang	赏	2737
bi	避	2737
fen lie	分裂	2736
xuan shou	选手	2736
liang tian	两天	2735
zhu yi	主义	2734
he	呵	2734
sheng qi	生气	2734
huo	鈥	2734
jiang ze min	江泽民	2733
jiang shi	将士	2731
chu shou	出售	2730
jie lun	结论	2730
jia	佳	2729
mi du	密度	2729
zhen	朕	2729
wang ji	忘记	2727
cao cao	曹操	2727
gui dao	轨道	2727
yi dui	一对	2726
wu shu	无数	2725
ge ti	个体	2723
li gao cheng	李高成	2723
gu gu	姑姑	2722
jue xin	决心	2721
gao shou	高手	2721
cao yuan	草原	2720
chu ru	出入	2719
xin hao	信号	2718
shou shang	受伤	2718
wu chan jie ji	无产阶级	2717
pin de	品德	2714
yan	岩	2714
yi	役	2713
jiao zhu	教主	2711
chen	沉	2711
yi bian	一遍	2710
ge	阁	2710
mai	埋	2709
shen chu	伸出	2707
zhuo	捉	2707
lao ye	老爷	2705
tan	探	2704
shang zhang	上涨	2703
gong he guo	共和国	2703
xiang shi	像是	2702
ying jie	迎接	2702
zun zhong	尊重	2696
an zhuang	安装	2695
gou	沟	2695
fu bai	腐败	2690
chui	垂	2688
yin jin	引进	2687
chun	纯	2687
ci	赐	2687
zhan	斩	2686
bu lun	不论	2685
ba wo	把握	2683
gu li	鼓励	2682
ren qun	人群	2680
sou suo	搜索	2680
zui gao ren min jian cha yuan	最高人民检察院	2680
zuan	钻	2680
sui zhou	随州	2680
zhuan ti	专题	2678
fu	幅	2676
cai	猜	2676
cha bie	差别	2675
wai zi	外资	2674
qian wan	千万	2671
you mei you	有没有	2670
yi fa	依法	2669
di dian	地点	2667
zhong	终	2667
ming ming	命名	2666
guo jia ji guan	国家机关	2666
jian zhi	简直	2666
shi jian	始建	2665
he kuang	何况	2662
ci xi	慈禧	2662
piao	票	2662
you ji	有机	2661
fen	粉	2660
jiao wei	较为	2659
bei po	被迫	2657
pao	泡	2656
du shu	读书	2656
ge sheng	各省	2653
xing zheng qu	行政区	2653
qing xiang	倾向	2652
ling tu	领土	2652
you quan	有权	2651
ying wen	英文	2651
zhan sheng	战胜	2650
ji	继	2650
pin lv	频率	2650
bu ju	布局	2648
hu	沪	2648
bing du	病毒	2648
ou	欧	2645
chuan lai	传来	2644
sheng cheng	生成	2644
hei se	黑色	2644
zhi	掷	2643
yi chu	一处	2642
yan yu	言语	2642
shu chu	输出	2642
jun fa	军阀	2641
yi xia zi	一下子	2640
he lan	荷兰	2640
zen me yang	怎么样	2639
huang shi shi	黄石市	2639
luo yang	洛阳	2637
xiang xiang	想象	2636
er nian	二年	2634
zai nei	在内	2634
jiu yao	就要	2634
te chan	特产	2634
bi xia	陛下	2632
zhou qi	周期	2631
xu	徐	2631
zi xing	自行	2631
ke xue ji shu	科学技术	2630
yang	鍚	2628
jun guan	军官	2627
shi yan shi	实验室	2626
gang wei	岗位	2626
xiu	休	2625
yang	样	2625
cai	彩	2623
cheng xiang	城乡	2620
ban shi	办事	2618
chen mo	沉默	2617
tui chu	退出	2617
yu zhou	宇宙	2616
fa yuan	法院	2616
dang zhong	当中	2615
zhi shu	指数	2615
fen li	分离	2613
zhao shu	诏书	2613
rou	鍒	2613
jia	嫁	2611
dan du	单独	2610
sheng yu jia zhi	剩余价值	2609
yuan zi	原子	2609
ru tong	如同	2609
gong zuo ren yuan	工作人员	2609
xiao chu	消除	2609
ma shang	马上	2609
zhao pian	照片	2608
yi wei zhe	意味着	2607
yi dun	一顿	2602
bi	壁	2602
jie dai	接待	2602
e xi	鄂西	2602
yin	阴	2602
jing shi	竟是	2601
zu cheng bu fen	组成部分	2601
xiong kou	胸口	2601
min zheng	民政	2600
xi sheng	牺牲	2600
qiong	穷	2600
xuan chu	选出	2600
ju	俱	2597
po po	婆婆	2597
kuang	矿	2597
wen ku	文库	2596
liu tong gu	流通股	2596
shen hou	身后	2594
bu zhi	布置	2593
za	砸	2593
yi shen	一身	2592
you li	有利	2592
jia jing	嘉靖	2591
ta ren	他人	2589
miao shu	描述	2589
yu ci tong shi	与此同时	2588
hun he	混合	2587
yuan you	原有	2585
dun shi	顿时	2585
bei	备	2584
yi	矣	2584
xiong	胸	2584
gan ran	感染	2582
di	递	2582
zhang ai	障碍	2580
qing	庆	2579
zhuo shang	桌上	2579
pin	品	2577
yi ri	一日	2576
reng	扔	2576
shen se	神色	2576
qian shu	签署	2575
ji du jiao	基督教	2573
shou shi	收拾	2573
da ting	大厅	2572
jia da	加大	2571
zhan you	占有	2571
gu yi	故意	2570
xia gang	下岗	2568
tang dai	唐代	2567
yuan zi	院子	2567
wo	握	2566
zhu	煮	2566
ya re dai	亚热带	2565
he cheng	合成	2564
nao dai	脑袋	2563
cheng li	城里	2562
dai ti	代替	2559
wu yi	五一	2558
li dai	历代	2558
liang tiao	两条	2557
ji	挤	2557
ban de	般的	2557
chang yong	常用	2555
zheng yang men	正阳门	2555
bu jian	不见	2554
feng	峰	2554
yong	拥	2554
pai ming	排名	2553
mu lu	目录	2553
shi wei	示威	2553
xun wen	询问	2553
lun dun	伦敦	2551
pu	谱	2550
xuan	璇	2547
zhang lao	长老	2547
tong shi	同事	2545
na er	哪儿	2539
zhu fang	住房	2537
qiu dui	球队	2532
fen cheng	分成	2531
ban ge	半个	2527
fan kang	反抗	2527
fan dong	反动	2525
lv xing she	旅行社	2525
neng yuan	能源	2525
zhuan guo	转过	2525
pi pan	批判	2524
zuo ri	昨日	2522
tao	讨	2522
leng xiao	冷笑	2520
de yi	得以	2520
si wei	思维	2520
hao chu	好处	2518
na tian	那天	2516
yong	涌	2511
luo shi	落实	2511
huo	货	2510
wei he	为何	2508
si kao	思考	2507
yi	议	2507
n	嗯	2504
gong guan	攻关	2504
fu qi	夫妻	2503
zao shou	遭受	2503
mo	抹	2501
wang	亡	2499
wei	喂	2498
jiao xun	教训	2497
shi yi	适宜	2496
da fu	大夫	2495
zhan shi	展示	2494
wu lin	武林	2494
ying	影	2491
men hu	门户	2491
san fen	三分	2490
zhi	执	2490
tou zi zhe	投资者	2490
qian bu	千步	2489
dao	盗	2488
tong	统	2487
yi wai	意外	2486
fen nu	愤怒	2486
cha yi	差异	2485
hao	灏	2485
shen chu	深处	2484
zhu	筑	2484
qi shen	起身	2484
cheng zhen	城镇	2482
dang ju	当局	2482
sha mo	沙漠	2481
zhi zhe	指着	2480
ti qian	提前	2479
yun yang	郧阳	2479
jin jin	紧紧	2478
qing dao	青岛	2478
xiao mie	消灭	2477
jian mian	见面	2477
ping lun	评论	2477
xiao yi	效益	2473
jie mu	节目	2473
fu yu	赋予	2473
dong de	懂得	2472
shui zhong	水中	2471
zhi bu guo	只不过	2470
wu zi	物资	2470
zheng dang	正当	2469
nei di	内地	2468
gong nv	宫女	2468
jin liang	尽量	2465
fu jian	福建	2465
xi ju	戏剧	2462
zhuan xiang	转向	2462
yi men	一门	2460
bing	冰	2459
che	撤	2459
tu si	土司	2458
sun zhong shan	孙中山	2456
zhong	忠	2455
ce lve	策略	2455
zhong qi	中期	2454
ti nei	体内	2453
yi bian	以便	2452
cao	曹	2452
fan zheng	反正	2451
bi ci	彼此	2450
ji mang	急忙	2450
sui	碎	2448
duo qu	夺取	2447
pu cha	普查	2447
gang	纲	2447
qu	娶	2446
jiang han ping yuan	江汉平原	2446
yin dao	引导	2445
chuang ban	创办	2444
shi ti	尸体	2443
za	杂	2443
mi lu	麋鹿	2443
die	跌	2442
ju zhang	局长	2441
zhao gu	照顾	2441
zun	尊	2439
an an	暗暗	2439
mu yang	模样	2438
kou wei	口味	2436
cheng men	城门	2436
ru xia	如下	2436
kang ri zhan zheng	抗日战争	2436
wu yi	无疑	2436
lu xu	陆续	2436
jing men	荆门	2433
miao	妙	2432
mei mei	妹妹	2432
bo	拨	2432
lin qu	林区	2432
qing qiu	请求	2432
bu bian	不变	2430
xing jian	兴建	2430
quan	拳	2429
bian	遍	2429
zhu chi ren	主持人	2428
shuo chu	说出	2427
ri qian	日前	2426
lu	陆	2426
cheng nei	城内	2425
shang xia	上下	2424
zheng duo	争夺	2424
ban li	办理	2424
han zi	汉子	2424
ming jiao	名叫	2422
er duo	耳朵	2422
shi gong	施工	2421
shi fang	释放	2420
tu	徒	2419
de zhi	得知	2418
shui mian	水面	2418
tong bi	同比	2416
di que	的确	2416
xiang cun	乡村	2415
ren li	人力	2415
fa qi	发起	2415
wei	鍏	2415
gao deng	高等	2415
kai pi	开辟	2411
sou	搜	2411
kou jing	口径	2410
ming xing	明星	2410
tong dao	通道	2410
zhu quan	主权	2409
da du	大都	2409
ren	忍	2409
zhan ji	战机	2408
fan shi	凡是	2407
zhu	助	2407
qun dao	群岛	2407
zha	炸	2398
lao zi	老子	2398
che cheng	车程	2398
fang kong	防空	2398
xing bu	刑部	2396
xi	鎴	2395
xiao ying	效应	2394
ji you	既有	2393
huang se	黄色	2393
yi he tuan	义和团	2392
sha	傻	2392
gong dian	宫殿	2392
shen nong jia	神农架	2392
lian sai	联赛	2391
jian	减	2390
bu	捕	2388
mei shen me	没什么	2388
zhen cha	侦察	2387
yi fang	一方	2386
shen mi	神秘	2385
zou shang	走上	2384
jing cheng	京城	2382
qian zhe	前者	2382
dao yan	导演	2382
mo	磨	2382
jie ri	节日	2382
shou	鏉	2382
fu cong	服从	2381
guan jun	官军	2379
guan li	官吏	2378
yi dai	一代	2377
guo tu	国土	2377
xiao gan	孝感	2377
yi bei	以北	2376
di yu	低于	2376
zheng dun	整顿	2376
dan bai zhi	蛋白质	2373
shi fan qu	示范区	2372
jing dian	经典	2372
kao yan	考研	2370
kao he	考核	2369
you ming	又名	2368
dang chu	当初	2368
jiao bu	脚步	2368
qi pan	棋盘	2365
zhang	涨	2365
du	渡	2365
guang rong	光荣	2362
a ge	阿哥	2362
nan hai	南海	2361
cheng	程	2361
chen jia luo	陈家洛	2361
ji du	季度	2360
shu cai	蔬菜	2359
lian mang	连忙	2359
ye hao	也好	2358
wo	窝	2358
hei yu	黑鱼	2358
ce	测	2357
nei xin	内心	2355
fan rong	繁荣	2355
xia ling	下令	2353
pao	抛	2353
yin xiang	印象	2352
li lai	历来	2351
ke	壳	2351
huan huan	缓缓	2351
fu gai	覆盖	2351
ye ye	爷爷	2350
yu du	鱼肚	2350
hui shang	会上	2349
shang nian	上年	2348
ji bian	即便	2348
bu mian	不免	2347
lv	律	2345
quan wei	权威	2345
jin shi	进士	2344
ku	库	2343
zhuang yan	庄严	2342
gui	规	2342
chang jian	长剑	2342
quan dou	全都	2340
cong ming	聪明	2340
jia na da	加拿大	2339
zu	租	2339
te ding	特定	2338
wei rao	围绕	2336
ben zhi	本质	2335
ao	奥	2333
liang	梁	2333
xiao xiao de	小小的	2332
su	速	2332
yi wu	义务	2330
luo ji	逻辑	2330
ma fan	麻烦	2330
huan	患	2329
ping mian	平面	2327
chuang shang	床上	2327
lun shu	论述	2327
hang hai	航海	2326
sui bian	随便	2326
yi ge ge	一个个	2325
yi ke	一颗	2325
nen	嫩	2325
bei jing da xue	北京大学	2323
ao da li ya	澳大利亚	2322
hu	互	2321
xian lu	线路	2319
fa	罚	2319
dai ma	代码	2318
biao qing	表情	2318
lou	剅	2317
jing cai	精彩	2317
shou	兽	2316
zhuo zi	桌子	2316
nan jing shi	南京市	2315
dan sheng	诞生	2315
shou gou	收购	2314
ke ti	课题	2313
ji	济	2312
he dao	河道	2310
zu qiu	足球	2310
yi se lie	以色列	2309
yuan	缘	2309
yi zhi	意志	2308
lv you qu	旅游区	2307
zhong zi	种子	2307
gai kuang	概况	2306
yi qun	一群	2305
bu ting	不停	2302
dang	档	2302
wan mei yuan	万美元	2301
hui zu	回族	2301
qiao qiao	瞧瞧	2301
zheng yao	正要	2300
sheng chan li	生产力	2300
jin ri	近日	2300
jin ci yu	仅次于	2299
xiang yao	想要	2299
dang ri	当日	2298
bu xia	不下	2297
wan	湾	2297
shi	湿	2297
wu dao	舞蹈	2297
zhong guo dui	中国队	2296
sheng xiang	声响	2296
gan she	干涉	2296
han zu	汉族	2296
yan shi	岩石	2295
ru qin	入侵	2293
xin hai ge ming	辛亥革命	2293
shuang yan	双眼	2292
zhi si	职司	2292
wan	弯	2291
zong bu	总部	2290
suo	缩	2290
guan	馆	2290
bu zhu	不住	2289
bing wei	并未	2289
yan ge	沿革	2289
pai chu	派出	2288
re nao	热闹	2288
jin zhan	进展	2288
wei shou	为首	2287
bu luo	部落	2287
lie	烈	2284
fan yi	翻译	2284
chuang jian	创建	2282
gong gu	巩固	2282
yu fang	预防	2281
xing zhuang	形状	2280
suo zhang	所长	2280
ju	巨	2279
ji si	祭祀	2279
pian yi	便宜	2278
gai ming	改名	2278
yu ce	预测	2278
han	寒	2275
ge wei	各位	2274
deng ji	等级	2274
wei	魏	2274
xiang lian	相连	2273
yan guang	眼光	2273
qu dai	取代	2271
hai zao	海藻	2271
dong han	东汉	2269
xuan gao	宣告	2269
han kou	汉口	2269
ping wei	评为	2269
hun luan	混乱	2267
lie ru	列入	2266
zui li	嘴里	2265
jia	驾	2265
ming pai	名牌	2264
ji qi	极其	2264
tian	甜	2264
qing dian	庆典	2263
zhi yuan	支援	2263
lao tai tai	老太太	2263
tai kong	太空	2262
ji ceng	基层	2261
bao zha	爆炸	2261
wang qi yao	王琦瑶	2259
shen jing	神经	2259
geng ming	更名	2258
cai	采	2258
shen shen	深深	2257
ye ji	业绩	2254
da zhi	大致	2254
shua	刷	2252
tian di	天地	2250
ji	己	2250
mou	谋	2250
li	历	2249
xin ren	信任	2247
chong ji	冲击	2247
ji yin	基因	2246
bo li	玻璃	2246
bu wei	部位	2245
chang he	场合	2243
ping fang mi	平方米	2243
zun shou	遵守	2243
ren xuan	人选	2241
wu tai	舞台	2241
jing	景	2240
man lian	满脸	2240
ke	颗	2240
chu sheng	出生	2239
da po	打破	2239
qing song	轻松	2239
xie	邪	2239
can guan	参观	2238
lang	郎	2238
wan ping fang mi	万平方米	2237
wei tuo	委托	2237
xuan gua	悬挂	2237
ding	盯	2237
shi fu	师傅	2236
yan fa	研发	2236
zhuan	砖	2235
ju shi	局势	2233
gu	孤	2232
biao	标	2230
lei	泪	2229
ren ming	任命	2228
qian	牵	2228
na	纳	2227
jin	锦	2227
gan dao	赶到	2226
bu bing	步兵	2224
que bao	确保	2223
shi wei	市委	2222
mo	膜	2222
dai you	带有	2221
re lie	热烈	2221
shen qing	神情	2221
san ji	三级	2220
guang hua	光华	2220
nan lu	南路	2220
xue shuo	学说	2220
hang yun	航运	2220
zhan	展	2219
jin	津	2218
tu	突	2218
xue ye	血液	2218
yi ci	依次	2216
jing pin	精品	2216
kuo	阔	2216
ju le bu	俱乐部	2215
tu ce	图册	2214
cheng qiang	城墙	2214
sun hai	损害	2214
xian xue	鲜血	2213
fu	付	2211
li mo chou	李莫愁	2210
shi tou	石头	2210
jing	净	2209
ping ri	平日	2209
ji he	集合	2209
yi wang	以往	2207
jian fa	剑法	2207
shui li	水力	2207
que shao	缺少	2207
lei	雷	2207
shi wei	侍卫	2206
quan zhang	全长	2206
xing qi	兴起	2206
ke pa	可怕	2206
li xing	理性	2205
gong he	共和	2204
fu dan	负担	2204
na er	那儿	2203
dai li	代理	2202
ping jing	平静	2202
te xing	特性	2202
zhi sheng ji	直升机	2202
zhi shi fen zi	知识分子	2202
pin fan	频繁	2201
zhou zhang	州长	2200
shou bi	手臂	2200
hua ti	话题	2198
e	饿	2198
ren jian	人间	2197
bu liang	不良	2196
mei ri	每日	2196
hui jian	会见	2195
shou shang	手上	2195
ri yue	日月	2195
pei tao	配套	2194
sheng chan zong zhi	生产总值	2192
lin	邻	2192
bu gai	不该	2190
hao cheng	号称	2190
jie tou	街头	2190
na chu	拿出	2189
qiao	敲	2189
yi kou qi	一口气	2188
qing	倾	2188
zhe shi hou	这时候	2188
wei sheng su	维生素	2187
bian	鞭	2187
zheng li	整理	2186
bian yuan	边缘	2186
shen du	深度	2184
cheng zhong	城中	2183
hui	绘	2183
wu li	屋里	2181
kuo	扩	2181
wei zhi	为止	2180
da qi	大气	2180
an	岸	2178
xing ming	姓名	2177
yan xia	眼下	2177
yuan ben	原本	2176
song dai	宋代	2176
nian qing ren	年轻人	2176
sao	扫	2176
zhang	杖	2176
guan kan	观看	2176
que shuo	却说	2173
tui xing	推行	2173
piao liang	漂亮	2173
tong wang	通往	2173
dui dai	对待	2172
guang bo	广播	2172
xie dai	携带	2172
hua jia	画家	2172
gong gao	公告	2171
ni	拟	2171
chi	迟	2171
na wei	那位	2171
jia zu	家族	2170
di wang	帝王	2170
huai	怀	2170
dan	担	2170
ben di	本地	2170
fa zhi	法制	2169
yi fu	一副	2168
yi tou	一头	2168
fu ze zhi	负责制	2168
ming ri	明日	2167
yuan su	元素	2166
yuan	园	2166
fa ting	法庭	2166
shuo bu ding	说不定	2166
wei	威	2164
shan mai	山脉	2164
shi wei	视为	2164
qin lve zhe	侵略者	2163
ao men	澳门	2163
ju ji	聚集	2163
che liang	车辆	2163
zhi pei	支配	2162
shang hai shi	上海市	2161
xin yang	信仰	2161
pao dan	炮弹	2160
chen	趁	2160
mao	猫	2159
si	私	2159
wen	稳	2159
sa	撒	2158
ke lian	可怜	2157
xiang dang yu	相当于	2157
huang	慌	2155
jia	贾	2151
xian ru	陷入	2151
qian bei	前辈	2150
mian xiang	面向	2150
da mi	大米	2147
wu bi	无比	2147
yu ye	渔业	2147
jing fei	经费	2147
qing chao	清朝	2145
jian	肩	2145
zong jing li	总经理	2144
sheng zhi	省直	2144
hong	轰	2144
dai ling	带领	2142
guan bi	关闭	2141
hui guo	回国	2141
tai tou	抬头	2141
yan an	沿岸	2141
shan	珊	2141
qing yuan	请愿	2140
jing	颈	2140
yi	伊	2138
qing bao	情报	2138
guo nei wai	国内外	2137
bai tuo	摆脱	2137
bang	榜	2136
peng	碰	2136
wai mao	外贸	2135
cheng nuo	承诺	2135
nong	浓	2135
zang zu	藏族	2135
liang ming	两名	2134
shi er	事儿	2134
shou fa	手法	2134
song dao	送到	2133
gong zhong	宫中	2132
hui hua	绘画	2132
li hai	利害	2129
xin tou	心头	2129
zhuang jia	装甲	2129
pin kun	贫困	2129
hong	哄	2128
bu man	不满	2127
nong	农	2127
xian wei	纤维	2126
zhu	祝	2125
shi shang	世上	2124
qin bing	亲兵	2124
yi si lan jiao	伊斯兰教	2124
hu nan sheng	湖南省	2124
jie shang	街上	2124
he bi	何必	2123
fu zhuang	服装	2123
huo jian	火箭	2123
lun wen	论文	2121
gou	購	2121
na ge	哪个	2120
she ji	射击	2120
jiang xia	江夏	2120
dang yuan	党员	2119
yong	勇	2119
xie zhu	协助	2119
xi fu	媳妇	2117
na bian	那边	2117
fang wu	房屋	2116
zhuan	赚	2116
zang	葬	2115
qi guan	器官	2113
xuan	悬	2113
jue se	角色	2112
dong hu	东湖	2111
di kang	抵抗	2111
ha ha	哈哈	2109
an hui	安徽	2109
er ji	二级	2108
xiao	孝	2108
sheng wei	省委	2108
bu xing	不幸	2106
zeng jia zhi	增加值	2106
en shi	恩施	2106
wen	纹	2106
tong yong	通用	2106
wu ge	五个	2104
gong jiang	工匠	2104
gan jing	干净	2104
gai jian	改建	2104
shui xi	水系	2104
teng	疼	2104
a la bo	阿拉伯	2104
shi ba nian	十八年	2103
dang zuo	当作	2103
yu	誉	2102
tian tian	天天	2099
dang jin	当今	2099
qu dao	渠道	2099
zao yu	遭遇	2098
wo jun	我军	2097
hong	洪	2097
shi pin	视频	2097
sheng	剩	2095
gu mu	古墓	2095
jie guo	接过	2093
da cheng	达成	2093
shen me yang	什么样	2092
tian kong	天空	2092
ren	岃	2092
huo xu	或许	2092
ling	零	2091
cai neng	才能	2090
zhong wai	中外	2089
ming cheng	名城	2089
shi chang jing ji	市场经济	2089
guan xia	管辖	2089
zi nv	子女	2087
kuo jian	扩建	2087
neng fou	能否	2087
kun	坤	2086
ma chao xu	马朝旭	2086
cai gou	采购	2085
ge ge	个个	2084
zhi ze	职责	2084
bing ren	兵刃	2083
yi shi	议事	2082
shou ling	首领	2082
gan dong	感动	2081
jian dui	舰队	2081
yu miao	鱼苗	2081
guang mang	光芒	2080
lao zhe	老者	2080
feng suo	封锁	2077
shi yong	食用	2077
ke yong	可用	2076
teng tong	疼痛	2075
lu	录	2074
mai mai	买卖	2073
jin kuai	尽快	2073
xuan ba	选拔	2072
wu zhuang li liang	武装力量	2070
yu lun	舆论	2070
ren wei	人为	2069
nan jing chang jiang da qiao	南京长江大桥	2069
chong fu	重复	2069
hui guo	回过	2067
da xue shi	大学士	2067
xin shang	欣赏	2067
chou	臭	2067
ge	割	2066
lv shi	律师	2066
hao zhao	号召	2065
xing sheng	行省	2065
guan	棺	2064
huan	缓	2064
ming dan	名单	2063
ding yi	定义	2063
cai wu	财务	2061
yi bei zi	一辈子	2060
shou	瘦	2060
mo	摩	2059
bu li	不利	2057
lei	勒	2057
jing guan	景观	2057
shi wu nian	十五年	2056
xuan yan	宣言	2056
mo si ke	莫斯科	2056
ta	踏	2056
lu	鹿	2056
yan jiu sheng	研究生	2055
jing ji te qu	经济特区	2054
bian jie	边界	2054
bi zhong	比重	2052
hu lian wang	互联网	2051
ren min gong she	人民公社	2051
zheng zhi bu	政治部	2051
zong cai	总裁	2050
qun ti	群体	2050
zhen di	阵地	2050
yi ge yue	一个月	2049
nei wai	内外	2049
nei zhan	内战	2049
qiang du	强度	2049
mian fei	免费	2048
qi dong	启动	2048
deng ji	登记	2048
bo zi	脖子	2048
shi san	十三	2046
ping	瓶	2046
dian dian tou	点点头	2044
si ling bu	司令部	2043
mei shu	美术	2043
xiao gan shi	孝感市	2042
li shi	立时	2042
fu xi	复习	2041
dian ding	奠定	2041
gong zi	公子	2038
di xing	地形	2038
dui kang	对抗	2035
ji yi	技艺	2035
shu li	树立	2035
huang gang shi	黄冈市	2035
bian e	匾额	2034
zeng duo	增多	2034
zi jue	自觉	2034
di zeng	递增	2034
shang hai	伤害	2033
sha ren	杀人	2033
yan bian	演变	2033
tong	童	2033
zhi hui bu	指挥部	2032
wu zi	屋子	2031
huang jia	皇家	2031
min zhong	民众	2029
chuan bo	船舶	2029
nai shi	乃是	2027
dai biao tuan	代表团	2027
sheng li	生理	2027
ning	宁	2026
cha kan	查看	2024
li du	力度	2022
qian	遣	2022
bi zi	鼻子	2022
mian	免	2021
chu tu	出土	2020
qi jian	其间	2018
wa	娃	2017
you	忧	2017
wei hai	危害	2015
shang you	上游	2014
lie che	列车	2014
jie zhi	截至	2014
ji yu	基于	2011
cheng xian	呈现	2009
guo yu	过于	2008
ling xian	领先	2008
ma	麻	2005
jun min	军民	2004
niao	尿	2004
jing	径	2004
shi ji	时机	2004
qiu yuan	球员	2004
qing jing	情景	2003
jin	筋	2003
ju	剧	2001
gong bu	工部	2000
ce ding	测定	2000
wu ti	物体	2000
yi	译	2000
ye sheng	野生	2000
zhu	柱	1999
shi gu	事故	1998
hou guo	后果	1998
gao yu	高于	1998
jian quan	健全	1997
bing tuan	兵团	1996
pian	骗	1996
yong	永	1995
bi	鼻	1995
feng bi	封闭	1994
hu tong	胡同	1994
jue sai	决赛	1992
bian dong	变动	1992
zhi an	治安	1992
yi shuang	一双	1991
fan ren	犯人	1991
bei shang	背上	1991
cha ju	差距	1990
chai	拆	1990
zi jin cheng	紫禁城	1989
niu yue	纽约	1989
wei ruan	微软	1988
liu	溜	1988
kuang	狂	1988
bei	碑	1988
zhong liu	肿瘤	1988
di tou	低头	1987
jian zhu qun	建筑群	1987
da an	答案	1987
zhong wen	中文	1986
yue fen	月份	1984
fei	肥	1984
liu bei	刘备	1983
huo shan	火山	1983
shu	疏	1983
meng gu zu	蒙古族	1983
quan yi	权益	1981
qiao liang	桥梁	1981
zheng zhong	正中	1980
mian	棉	1979
fu	鍑	1979
chu ji	初级	1978
guan fang	官方	1978
di xiong	弟兄	1978
ti yi	提议	1978
tian jia	添加	1978
deng	瞪	1978
quan dang	全党	1977
feng guang	风光	1975
xin yong	信用	1974
jia zhong	家中	1974
yi zhi	抑制	1974
shi xing	施行	1973
ji	疾	1972
di er ci shi jie da zhan	第二次世界大战	1972
di zhu	地主	1971
ci	辞	1971
yin shi	饮食	1971
kai chuang	开创	1970
da guo	大国	1968
da jiang	大将	1968
lu	胪	1968
zheng	整	1966
bian jing	边境	1966
ji zhong	几种	1965
jing jie	境界	1965
jing ti	晶体	1965
jin	禁	1965
deng hou	等候	1965
gao da	高大	1965
ba le	罢了	1964
du zi	肚子	1964
zui	醉	1964
da dao	打倒	1963
weng	翁	1963
zi cheng	自成	1963
wu dai	五代	1962
qian	潜	1961
yue	瀹	1961
xia qu	辖区	1961
xian	险	1961
xia	峡	1960
tan	碳	1960
ming e	名额	1958
pang ren	旁人	1958
shui jiao	睡觉	1957
zu	阻	1957
shang yi	商议	1956
ji rou	肌肉	1956
zhe fang mian	这方面	1956
ceng ci	层次	1955
ge ren	各人	1954
guang xi	广西	1954
ci chu	此处	1954
tui fan	推翻	1953
ban shang	半晌	1952
cai	财	1952
xiao	傚	1951
gu	固	1951
mo ni	模拟	1951
hao bu	毫不	1951
zhi zhu	支柱	1949
shou yi	收益	1949
bu gu	不顾	1948
zhou bian	周边	1948
yu mi	玉米	1948
nu cai	奴才	1947
chuan di	传递	1945
ci ri	次日	1945
sheng yi	生意	1945
qin	琴	1944
bo si	波斯	1943
jing hua	精华	1943
chu men	出门	1941
zhan ju	占据	1941
kou hao	口号	1941
chuan	川	1941
nan fei	南非	1940
nian chu	年初	1940
gan	肝	1940
wu	误	1940
gong she	公社	1939
hua biao	华表	1939
zhang wu ji	张无忌	1939
zhen duan	诊断	1939
ming pian	名片	1938
yi	仪	1936
qian	铅	1936
xian	嫌	1935
gan xie	感谢	1935
ce	策	1935
biao yu	标语	1934
di	堤	1932
shan yu	善于	1931
bi ding	必定	1930
jing qu	景区	1930
tuo li	脱离	1930
wan ping fang gong li	万平方公里	1928
he chu	何处	1927
lao ren jia	老人家	1927
tuan zhang	团长	1926
hua shi	化石	1925
huan	寰	1925
wen xian	文献	1925
gou	勾	1923
shi xiong	师兄	1923
shu ru	输入	1923
hui tan	会谈	1922
zhi ding	指定	1922
yan zhe	沿着	1922
yin fa	引发	1920
wu xian	无限	1920
yan li	眼里	1920
gu wen	顾问	1920
kai feng	开封	1919
ge jie	各界	1918
he	荷	1917
sang shi	丧失	1915
leng	愣	1915
min gan	敏感	1915
sheng xiao	生效	1915
qiong ren	穷人	1915
cao an	草案	1915
guan	灌	1914
xin xian	新鲜	1913
pan	盼	1913
zheng shu	证书	1913
tai qi	抬起	1912
run	润	1912
yun dong yuan	运动员	1912
duan lian	锻炼	1911
ti yan	体验	1910
bi	臂	1910
dui zhang	队长	1910
long duan	垄断	1909
nie	捏	1909
ba jie	八戒	1908
cheng zhi wei	称之为	1906
wei	维	1906
gu	姑	1905
lv xing	履行	1905
gong shang	工商	1905
cheng wai	城外	1904
xiao mai	小麦	1904
zhi jing	直径	1904
fen dou	奋斗	1903
xi bei bu	西北部	1902
dao jiao	道教	1902
wu	乌	1901
hua he wu	化合物	1901
dan chun	单纯	1900
song gei	送给	1900
qian ke	千克	1898
ai	埃	1898
zheng mian	正面	1898
xiu	秀	1898
wei xiu	维修	1898
yi lun	议论	1898
chan	颤	1898
jing cha	警察	1897
xiong	凶	1894
hong guan	宏观	1893
xiao	消	1893
ming yi	名义	1891
yu	瑜	1891
shu	述	1891
yi yi	一一	1889
can shu	参数	1889
ba	爸	1889
tong shuai	统帅	1889
ye	液	1888
qu zhang	区长	1887
tai	态	1885
ge ju	格局	1885
yi shou	一手	1884
jiao lian	教练	1884
qian qian yi	钱谦益	1884
wan li	万历	1883
gu cheng	古城	1883
he ge	合格	1883
yu le	娱乐	1883
yong li	用力	1883
qian jing	前景	1882
duo	垜	1882
tian zi	天子	1882
yi ye	一夜	1880
tu jia zu	土家族	1880
yang	扬	1879
yi lai	依赖	1878
cao	槽	1878
zu	鏃	1878
shao lin	少林	1877
jian nan	艰难	1877
rao	饶	1877
shang qian	上前	1876
bian wei	变为	1876
hai di	海底	1876
xing zheng qu yu	行政区域	1876
jia yao	佳肴	1875
dong yuan	动员	1875
da di	大地	1875
pai qian	派遣	1875
zhi zhi	直至	1875
zi	缁	1875
dang wei	党委	1874
da ti	大体	1874
shi cai	适才	1874
yu qi	预期	1874
bu yi	不易	1872
da dui	大队	1872
ai	挨	1872
chi	翅	1872
shi jie bei	世界杯	1871
zhao hu	招呼	1870
nan de	难得	1870
bu nan	不难	1869
ya tou	丫头	1869
nan hu	南湖	1869
xiao xing	小型	1869
jiang han	江汉	1869
xin	锌	1869
bu suan	不算	1868
shou xu	手续	1868
ding	钉	1868
yan su	严肃	1867
wei	卫	1867
ding wei	定位	1867
liu chuan	流传	1867
cha	察	1866
dang dai	当代	1866
dong nan ya	东南亚	1865
zhuan huan	转换	1865
zong si ling	总司令	1863
ti qi	提起	1863
qing zheng fu	清政府	1863
chi	湁	1863
chuang	窗	1863
fei fa	非法	1863
gong ping	公平	1862
dan shui yu	淡水鱼	1862
su zhou	苏州	1862
xi ji	袭击	1862
chao	潮	1861
kan chu	看出	1861
e	娥	1859
zong chan liang	总产量	1859
yuan wang	愿望	1859
da si	打死	1859
shu mu	数目	1859
kuan	款	1858
yuan shi	院士	1858
hua gang yan	花岗岩	1857
xiao ren	小人	1855
fu zi	父子	1854
shao	哨	1853
ya	鸭	1853
pi	辟	1852
gui xia	跪下	1851
huang zong xi	黄宗羲	1851
huo pao	火炮	1850
liang bian	两边	1849
chan luan	产卵	1849
shi si	十四	1849
yang	洋	1849
wang you	网友	1849
liu nian	六年	1848
bian	辨	1848
gu ran	固然	1846
fan	勫	1845
zhuang shi	装饰	1845
xi han	西汉	1845
liang dai	两代	1844
zhong deng	中等	1844
yin	隐	1844
wai jie	外界	1843
han ren	汉人	1843
hai xia	海峡	1843
chan wu	产物	1842
ba xi	巴西	1842
huo yue	活跃	1842
si lu	思路	1841
da ting	打听	1841
shui ni	水泥	1841
jiao wang	交往	1840
huan jie	环节	1840
hui zhang	会长	1838
huan	唤	1838
di di	弟弟	1838
zen di	怎地	1838
hua xiang	画像	1838
wang ye	王爷	1837
ba guo lian jun	八国联军	1836
qi	妻	1836
chi you	持有	1836
bei bu	被捕	1836
liang	凉	1835
kong	恐	1835
chai	柴	1835
hai an	海岸	1835
ban nian	半年	1834
shuo qi	说起	1833
zu zhi	阻止	1833
yi xing	一行	1832
li xue	力学	1832
shi da	十大	1832
duo ban	多半	1832
tou ding	头顶	1832
ji	季	1832
que	阙	1832
reng jiu	仍旧	1831
xing	刑	1831
li shi	历时	1831
tuan	湪	1831
kou zhong	口中	1829
dao yu	岛屿	1829
mei tan	煤炭	1829
dang tian	当天	1828
jing xi	精细	1828
xian	闲	1828
ji	剂	1827
nan yang	南阳	1827
she	摄	1827
shen pang	身旁	1827
dian	典	1826
pi lu	披露	1825
ji bai	击败	1824
qing zhu	庆祝	1824
xin si	心思	1824
qing gan	情感	1824
huo ban	伙伴	1823
da fu	大幅	1823
han yu	汉语	1823
hen	狠	1823
zheng shi	证实	1823
dan xing	单行	1822
tong qi	同期	1822
zhong liang	重量	1822
yong	庸	1820
dai yu	待遇	1819
sheng ya	生涯	1819
he	贺	1819
mi	迷	1819
e zhou	鄂州	1819
bu pa	不怕	1818
yi nan	以南	1818
li zi	例子	1818
bao wei	包围	1818
re	惹	1818
quan	泉	1818
yin	諲	1818
xian ning	咸宁	1817
po	坡	1817
bao ming	报名	1817
wen nuan	温暖	1817
ji su	激素	1816
lian bang	联邦	1816
sai ji	赛季	1816
ying er	婴儿	1815
mo fan	模范	1815
fang di chan	房地产	1814
shou ji	收集	1814
qing xi	清晰	1814
zhi yue	制约	1812
shou ming	受命	1812
shi xian	事先	1811
jian	剪	1811
chang mian	场面	1811
fu	腹	1811
bo	伯	1810
zhi min di	殖民地	1810
ke yun	客运	1809
zi	资	1809
zhuang li	壮丽	1806
gui ju	规矩	1803
lu	鲁	1803
zhuang	庄	1802
guan cai	棺材	1802
bao	爆	1802
jin mi	紧密	1800
ban dian	半点	1799
qu shi	去世	1799
jian yan	检验	1799
hai shui	海水	1799
pei zhi	配置	1799
xiao hai	小孩	1798
yan	掩	1798
sha si	杀死	1797
zu	祖	1797
bao	饱	1795
bei jing cheng	北京城	1794
bao kao	报考	1794
dun	墩	1793
rui shi	瑞士	1793
mian	沔	1792
long	隆	1792
lu	炉	1791
xian xing	现行	1791
pang da	庞大	1790
zhi hui	智慧	1789
kui	亏	1788
ren kou shu	人口数	1788
yi zhi	以致	1788
dong ji	冬季	1788
bei da	北大	1788
jian	蹇	1788
yuan chu	远处	1788
fa jue	发掘	1786
jian zhi	建制	1786
gong xian zhe	贡献者	1786
xia you	下游	1785
he xie	和谐	1785
wang gong	王公	1785
xie	鞋	1785
ha ha da xiao	哈哈大笑	1784
zhuang	壮	1784
huang zhou	黄州	1782
cong cong	匆匆	1781
shou hui	收回	1781
san	繖	1781
ji yi	记忆	1781
bo lan	波兰	1780
yu zhong	鱼种	1780
nong chan pin	农产品	1779
ke neng xing	可能性	1779
an lu	安陆	1779
gai lan	概览	1779
bai xue	白雪	1779
jiang jiu	讲究	1779
fang shou	防守	1779
xi	席	1776
min guo	民国	1776
bing qi	兵器	1775
gong cheng shi	工程师	1775
rou	柔	1775
luo	珞	1775
su song	诉讼	1775
que ren	确认	1774
ban	伴	1773
chuang li	创立	1773
tuan zi	团子	1773
wang lai	往来	1773
gan ji	感激	1773
wu nai	无奈	1773
yuan zhu	援助	1772
ben shi	本事	1772
qian	欠	1772
he kou	河口	1772
jiao xia	脚下	1772
yi lv	一律	1771
bao wei	保卫	1771
an zhong	暗中	1771
jing	镜	1771
zheng fu	征服	1769
zhu ru	注入	1769
shen shou	深受	1769
ji qiao	技巧	1768
hui bao	汇报	1768
pin zhi	品质	1767
qiang shang	墙上	1767
shi ge	诗歌	1767
feng jing qu	风景区	1767
zhu xi tuan	主席团	1766
zhao	召	1766
bu liao	不料	1765
gan rao	干扰	1764
pi qi	脾气	1764
chang cheng	长城	1764
bei wei	北纬	1763
guang kuo	广阔	1763
guai	拐	1763
deng shang	登上	1763
nei li	内力	1762
da wei	大为	1762
jie	戒	1762
yu wei	誉为	1762
rong ye	溶液	1760
duan qi	短期	1760
gao feng	高峰	1760
gai bang	丐帮	1759
chou	仇	1759
man	瞒	1759
lv ke	旅客	1758
zhong hua men	中华门	1757
ran shao	燃烧	1757
e zhou shi	鄂州市	1757
xian tao shi	仙桃市	1756
xie shang	协商	1756
qi	砌	1756
jing men shi	荆门市	1756
qian	乾	1755
ping jie	凭借	1755
fen zhi	分支	1755
tu shu guan	图书馆	1755
mu gong	木工	1755
he wu qi	核武器	1755
zheng	郑	1755
chui zhi	垂直	1754
qu jia ling	屈家岭	1754
lian	莲	1754
chong	充	1752
dui mian	对面	1752
yi dao	一刀	1750
bing chuan	冰川	1750
dang	垱	1750
lang	朗	1750
peng dao	碰到	1750
guan ce	观测	1750
luan	卵	1749
ya po	压迫	1749
ke kao	可靠	1749
jia huo	家伙	1749
huai li	怀里	1749
miao xie	描写	1749
pu sa	菩萨	1749
xian ning shi	咸宁市	1748
jie du shi	节度使	1748
ding	订	1748
jing ji xue	经济学	1747
qi sheng	齐声	1747
man zhou	满洲	1746
xian cun	现存	1746
bing	饼	1746
ming ti	命题	1745
bi bei	必备	1745
bai nian	百年	1745
xian	衔	1745
chang du	长度	1745
wu	雾	1745
zeng da	增大	1743
xiang deng	相等	1743
chou	瞅	1743
hua shan	华山	1741
da dan	大胆	1741
chan	缠	1741
yue shi	越是	1741
xi	息	1740
hu bei sheng ren min zheng fu	湖北省人民政府	1740
xi jin	西晋	1740
yong qi	勇气	1739
shan shang	山上	1739
han jiang	汉江	1739
yan	燕	1739
bi	璧	1739
xiong nu	匈奴	1738
tian e zhou	天鹅洲	1738
zong he xing	综合性	1738
ji duan	极端	1737
ma	码	1737
pang	胖	1737
yi li fang mi	亿立方米	1736
yong zuo	用作	1736
zhou nian	周年	1734
jin	晋	1733
wu pin	物品	1733
yue nan	越南	1733
bu an	不安	1732
ge xing	个性	1732
xie zuo	写作	1731
tie	帖	1731
zhi pin	制品	1730
ke wei	可谓	1730
ge zu	各族	1730
shang kou	伤口	1729
chuang ye	创业	1729
gan su	甘肃	1729
zong	鍐	1729
qiao qiao	悄悄	1728
shi chen	时辰	1728
yi ti	一体	1726
ci	磁	1726
zu xian	祖先	1726
zuo ye	作业	1725
wen wu	文武	1725
huang	晃	1725
zuo feng	作风	1724
da zhong	大众	1723
ju xi	据悉	1723
da dian	大殿	1722
fa yan	发言	1721
shou gong ye	手工业	1721
mei dang	每当	1721
hai yu	海域	1721
fang zhi	防治	1721
xian ming	鲜明	1721
ban dao	半岛	1720
gu li	孤立	1720
mu	幕	1720
jian li	简历	1720
diao ke	雕刻	1720
ya	押	1719
shi ying	石英	1719
yao shuo	要说	1719
she xiang	设想	1719
da xi yang	大西洋	1717
ou meng	欧盟	1717
cong wei	从未	1716
fu chu	付出	1716
cheng qu	城区	1716
zong zhi	总之	1716
xiong	熊	1716
kou	扣	1714
sheng hui	省会	1714
jing mei	精美	1714
nan du	难度	1714
ling bu jian	零部件	1714
gao wen	高温	1714
jian	健	1713
yong xian	涌现	1713
deng lu	登陆	1712
qi xiang	气象	1711
huan man	缓慢	1711
wei fan	违反	1711
tian zhu jiao	天主教	1709
ou yang feng	欧阳锋	1709
yan zhong	眼中	1709
ben yue	本月	1708
shui guo	水果	1708
jia	鎵	1708
jin wan	今晚	1707
zi mei	姊妹	1707
wan mei	完美	1707
yi zi	椅子	1707
di er ge	第二个	1707
jiu zheng	纠正	1707
guan	冠	1705
da bai	打败	1705
piao	飘	1705
lu xun	鲁迅	1705
chai chu	拆除	1703
suo	锁	1703
jian qing	减轻	1702
de zui	得罪	1702
shui li	水利	1702
qi yuan	起源	1702
li zi	粒子	1700
zhong shang	重伤	1700
ye jin	冶金	1699
qian qu	前去	1699
zhi cheng	支撑	1698
zao xing	造型	1698
quan guo zheng xie	全国政协	1697
xian cheng	县城	1697
shan shui	山水	1697
ti wen	提问	1697
xue dao	穴道	1697
you yi	友谊	1696
liu liang	流量	1696
man zu	满族	1696
zhe xiang	这项	1696
bu ji	不及	1695
da shi	大使	1695
zhang da	长大	1695
yi zhi	以至	1694
di mao	地貌	1694
jin dian	金殿	1694
san tian	三天	1693
shu niu	枢纽	1693
hun shen	浑身	1693
jing li	精力	1693
cha ye	茶叶	1693
yi jiu	依旧	1691
guo wu wei yuan	国务委员	1691
wei	委	1691
lan	烂	1691
zhi ming	知名	1691
wan yi	万一	1690
xiang xiang	想想	1690
tao	桃	1690
suo	索	1690
ren min jie fang jun	人民解放军	1688
pi	劈	1688
xia ji	夏季	1688
tai guo	泰国	1688
deng ji	登基	1688
gou	钩	1688
bao	堡	1687
ba	粑	1687
na ru	纳入	1687
shi lang	侍郎	1686
jie dao	接到	1686
ben shi	本市	1685
zhong shen	终身	1683
yi xiang	一向	1682
dong	冬	1682
ye wan	夜晚	1682
shen yang	沈阳	1682
ye ti	液体	1682
te you	特有	1682
you	优	1681
mian qiang	勉强	1681
sheng chan zi liao	生产资料	1681
zheng ju	证据	1681
e wai	额外	1681
wu ding	屋顶	1680
yan kan	眼看	1680
qiang hua	强化	1679
shi tu	试图	1679
gu li	故里	1678
ci nian	次年	1677
huo wu	货物	1677
chang an jie	长安街	1677
bu fang	不妨	1676
fang yan	方言	1674
yong ren	用人	1674
gang ling	纲领	1674
zhuan tou	转头	1674
bian	扁	1673
hang ban	航班	1673
li zi	离子	1672
she	舍	1671
hang mu	航母	1671
zhou bo tong	周伯通	1670
ji ji xing	积极性	1670
si ba da	斯巴达	1669
di	滴	1669
mei hao	美好	1668
qing yi	轻易	1668
kuai ji	会计	1666
ke fu	克服	1666
tong xun	通讯	1666
ka	喀	1665
feng	缝	1665
hei long jiang	黑龙江	1665
you qu	有趣	1664
huo che	火车	1664
mu di di	目的地	1664
yuan dai	元代	1663
di yu	地域	1663
shou zhang	手掌	1663
you yi	有益	1663
zhe fen	这份	1663
ye	野	1663
ti cai	题材	1663
an wei	安慰	1662
liu lan	浏览	1662
chu shou	出手	1661
jin cheng	进城	1661
yi ben	一本	1660
du	督	1660
kai kou	开口	1659
nong zuo wu	农作物	1657
shai	晒	1657
yan	檐	1657
zheng	蒸	1657
she zai	设在	1657
yi bei	一杯	1656
na dao	拿到	1656
ren ding	认定	1656
li qi	力气	1655
kong bu	恐怖	1655
chou	丑	1654
zeng tian	增添	1654
mei	梅	1654
dao shang	岛上	1653
yi fu	一幅	1652
jing	井	1652
cu shi	促使	1652
quan jing	全境	1652
xue li	学历	1652
bing	禀	1652
fou ding	否定	1651
ye li	夜里	1651
wei	胃	1651
xi	希	1650
cheng shou	承受	1650
qu	粬	1648
zheng zhi jia	政治家	1647
bai tian	白天	1647
xiao rong	笑容	1647
si ji	司机	1646
dou	抖	1646
qin	擒	1646
wei neng	未能	1646
hui gu	回顾	1645
de yi	得意	1645
duo	朵	1645
zhi	枝	1644
wu shi	武士	1644
zu jian	组建	1644
zhe tian	这天	1644
lian zi	莲子	1643
mai	麦	1643
dan	淡	1642
diao	吊	1640
zhong wu	中午	1639
ming yong le	明永乐	1639
tu	涂	1639
nv shi	女士	1638
guo hui	国会	1637
jie kou	借口	1636
shi cha	视察	1636
ji hua sheng yu	计划生育	1636
fang	访	1636
yi ci	以此	1635
he yi	何以	1635
qing xing	清醒	1635
mian mao	面貌	1635
shou fu	首辅	1635
chu zheng	出征	1634
fu	抚	1634
xiao hua	消化	1634
ling huo	灵活	1634
li lv	利率	1633
shi ge	师哥	1633
fu du	幅度	1633
hu bu	户部	1633
nuo	诺	1631
qi	弃	1630
jie	截	1630
gan	杆	1630
mei ren	每人	1630
han jian	汉奸	1630
xi	稀	1630
bu neng bu	不能不	1629
ren xin	人心	1629
keng	坑	1629
yi ran	已然	1629
huang gong	皇宫	1629
shang wu	尚无	1628
jiao cai	教材	1628
xian qian	先前	1627
ping an	平安	1627
jiu zhi	旧址	1627
gao	稿	1627
zhu dao	主导	1626
he jiu	喝酒	1626
yi	夷	1626
zhan lan	展览	1626
shui zhi	水质	1626
chuan guo	穿过	1626
geng di	耕地	1626
zhu di	驻地	1626
li xi	利息	1625
yong gan	勇敢	1625
an	庵	1623
zheng wen	正文	1623
ying yong	英勇	1623
gao chao	高潮	1623
nu	奴	1622
ju	惧	1622
dui hua	对话	1621
qin ru	侵入	1620
fen san	分散	1620
fen mi	分泌	1620
xue pai	学派	1620
jiu ci	就此	1620
zhu ce	注册	1619
ye jiu shi shuo	也就是说	1618
gan ga	尴尬	1618
jie fang qu	解放区	1618
guo fen	过分	1618
long tou	龙头	1618
yi qi	仪器	1617
su	俗	1617
zhi ci	至此	1617
ling hua	菱花	1617
san ceng	三层	1616
shen	婶	1616
ben guo	本国	1616
lin	鳞	1614
nei meng gu	内蒙古	1612
kun	困	1612
shen hua	深化	1612
cai	裁	1612
lun zheng	论证	1612
ji he	几何	1611
zhi chu	支出	1611
fu bu	腹部	1611
ying xiao	营销	1611
tong bao	同胞	1610
jian ce	检测	1610
san zhong	三种	1608
chun tian	春天	1608
zhi ding	制订	1605
shou xia	手下	1605
kun ming	昆明	1605
yan yong	沿用	1605
xiao lian	笑脸	1605
ping gu	评估	1605
zhong fang	中纺	1604
bie shuo	别说	1604
kou qi	口气	1604
ke qi	客气	1604
lian lian	连连	1604
san yue	三月	1603
ding lv	定律	1603
shi yong	实用	1603
ji nan	济南	1603
qi quan	齐全	1603
yi jun	义军	1602
kai cai	开采	1602
bei song	北宋	1601
ke bu	可不	1601
shui yun	水运	1601
you ru	犹如	1601
sheng dao	声道	1600
sheng si	生死	1600
lie	裂	1599
jun	俊	1596
xue	削	1596
xin ling	心灵	1596
huan xi	欢喜	1595
da fu	答复	1595
wei ju	位居	1594
dui huan	兑换	1594
za	咋	1594
zhong fang	中方	1593
er shi	二十	1593
hui yi	回忆	1593
zeng she	增设	1593
jie lu	揭露	1593
jing	敬	1593
feng	綘	1593
xin jia po	新加坡	1592
huang jin zhou	黄金周	1592
cheng	撑	1591
gu xiang	故乡	1591
zan	暂	1591
li fa quan	立法权	1591
han jian	罕见	1591
qi dao	起到	1591
san ci	三次	1590
cui	催	1590
ji dong	机动	1590
jiang bei	江北	1590
hong cheng chou	洪承畴	1590
zhi shi	致使	1590
kai tong	开通	1588
yin mou	阴谋	1588
shen	肾	1587
diao dong	调动	1587
chu chu	处处	1586
shi zhi	实质	1586
bi	碧	1586
xu shu	叙述	1585
ji	籍	1585
fei	肺	1585
ka fei	咖啡	1584
huo zhe	活着	1584
hu	乎	1583
liu zong min	刘宗敏	1583
yan jing	燕京	1583
feng kuang	疯狂	1583
yi xian	一线	1582
ye jian	夜间	1582
cha	叉	1580
fa fang	发放	1580
tian	添	1580
jian tou	肩头	1580
ling shou	零售	1580
liang zuo	两座	1579
cou	凑	1579
shi er	十二	1579
shao jiang	少将	1579
qia hao	恰好	1579
shi	拾	1579
wu lun ru he	无论如何	1578
dai bu	逮捕	1578
ban fa	颁发	1578
yuan	怨	1577
fu	浮	1577
zhen gui	珍贵	1577
mei zhou	美洲	1577
qu zhe	曲折	1576
yao	窑	1576
lian xiang	联想	1576
po shi	迫使	1576
hu	壶	1575
rong he	融合	1575
nv hai	女孩	1574
chao	抄	1574
can	残	1574
di wu	第五	1574
ti ji	体积	1573
lan	兰	1573
jiao	笅	1573
ding qi	定期	1571
qi xian	期限	1571
you	犹	1571
yong yi	用以	1571
si	祀	1571
xia	虾	1571
shang xin	伤心	1570
dai biao da hui	代表大会	1569
nang	囊	1569
dian xin	电信	1569
cong bu	从不	1568
xu	叙	1568
wai hui	外汇	1568
qin wang	亲王	1566
qian qi	前期	1566
ji neng	技能	1566
ri hou	日后	1566
min shi	民事	1566
hong shui	洪水	1565
shi shi	逝世	1565
gong wu yuan	公务员	1563
can ku	残酷	1563
jue bu	绝不	1563
ming gui	名贵	1562
yan an	延安	1562
zhi liu	支流	1562
lin biao	林彪	1562
zhong du	中毒	1560
dong jing	动静	1560
xin sheng	新生	1560
fu yi	服役	1560
chuan zhang	船长	1560
ying zao	营造	1560
guo	裹	1560
shen hua	神话	1559
nao zi	脑子	1559
cun li	村里	1558
liu li wa	琉璃瓦	1558
zhou	轴	1558
jia ding	假定	1557
ji wei	几位	1557
qi xi	气息	1557
qing bing	清兵	1557
ren shen	人身	1556
yong tu	用途	1556
ba yue	八月	1554
ben ling	本领	1554
shun jian	瞬间	1554
xi ri	昔日	1553
xiao de	晓得	1553
li ren	历任	1552
liao	寮	1552
min yong	民用	1552
lin	磷	1552
bang	绑	1552
jin er	进而	1552
pi	披	1551
hu guang	湖广	1551
tou ming	透明	1551
li cheng	里程	1551
jian ting	舰艇	1550
fan	返	1550
yan xu	延续	1549
nong hou	浓厚	1549
kan zuo	看作	1549
shu xie	书写	1548
ren he ren	任何人	1548
tan tao	探讨	1548
wan qi	晚期	1548
kuang wu	矿物	1548
yi liu	一流	1545
tian bao	填报	1545
cheng ren	成人	1545
gu ke	顾客	1544
mai guo zei	卖国贼	1543
jiao tang	教堂	1543
zui xiao	最小	1543
xi yu	西域	1543
fen jie	分解	1542
xian wei	县委	1542
tian	填	1542
xin tai	心态	1542
fu	赋	1541
ou er	偶尔	1540
gong zheng	公正	1540
ji shi nian	几十年	1540
da ye	大业	1540
ming sheng gu ji	名胜古迹	1539
xiang lai	向来	1539
dui wai kai fang	对外开放	1539
qi zhi	旗帜	1539
zhan	粘	1539
guo min zheng fu	国民政府	1537
zheng ji	征集	1537
kan shang qu	看上去	1537
gai kuo	概括	1536
shen	沈	1536
xun qiu	寻求	1535
jiu	揪	1535
min	敏	1535
zhi bei	植被	1535
chuan shang	船上	1535
fa da guo jia	发达国家	1534
xi ai	喜爱	1534
wai bu	外部	1534
te zhong	特种	1534
jie	阶	1534
wu yue	五月	1533
niu	扭	1533
fang cai	方才	1533
ji dan	鸡蛋	1533
fen hua	分化	1532
wen shu	文书	1532
pu	普	1532
feng bo	风波	1532
yong	傛	1531
peng zhang	膨胀	1531
mo fei	莫非	1531
wen he	温和	1530
qi	蕲	1530
shi mei	师妹	1528
zheng	症	1528
zhong jiu	终究	1528
zong zhi	宗旨	1527
xie	携	1527
li hui	理会	1526
bu jue	不觉	1525
xin xi hua	信息化	1525
feng huang	凤凰	1525
hua xia	华夏	1525
ao	嶅	1525
min zu zi zhi	民族自治	1525
zhan di	占地	1524
suo xiao	缩小	1524
zan	赞	1524
cong ye	从业	1523
wei qiang	围墙	1523
hai er	孩儿	1523
mou ge	某个	1523
shuo shi	硕士	1523
xia ji	下级	1522
yun	允	1522
quan jun	全军	1522
jun qu	军区	1522
bian geng	变更	1522
fu zhu	辅助	1522
chen yin	沉吟	1520
hang tian	航天	1520
yi xiao	一小	1519
ao di li	奥地利	1519
rui dian	瑞典	1519
wu	务	1518
xi zhou	西周	1518
shuo lai	说来	1518
xin qin	辛勤	1518
liang lei	两类	1517
yo	哟	1517
chu zhang	处长	1517
zheng wu	政务	1517
zhai	斋	1517
fu lin	福临	1517
xi nan bu	西南部	1517
gao deng jiao yu	高等教育	1517
jia ru	假如	1516
bu chang	补偿	1516
ren de	认得	1516
jin yin	金银	1516
han yi	含义	1515
jian cha	监察	1515
xi jie	细节	1515
zhu chang	主场	1514
ren shi	人事	1514
xin zang	心脏	1514
li da zhao	李大钊	1514
jing	茎	1514
shang ban	上班	1513
zheng lun	争论	1513
jiu rang	就让	1513
ping chang	平常	1513
hong hu	洪湖	1513
bei	辈	1513
wei li	威力	1511
wan bi	完毕	1511
ji guang	激光	1511
shui shou	税收	1511
mi fen	米粉	1511
gu jian zhu	古建筑	1510
lei shui	泪水	1510
xi	溪	1510
lian he hui	联合会	1510
tao zou	逃走	1510
de chu	得出	1509
ping guo	苹果	1509
si xing	死刑	1508
yi yuan	议员	1508
mian zi	面子	1508
hou	候	1507
bing bu	兵部	1507
bi	彼	1507
tan	滩	1507
ying	瀛	1507
bian yu	便于	1506
ren zao	人造	1505
pan	判	1505
xing qi	星期	1505
chan shu	阐述	1505
zhong ye	中叶	1504
fen liu	分流	1504
nian tou	念头	1504
zheng zha	挣扎	1504
zhong guo ren min jie fang jun	中国人民解放军	1502
ji bu	几步	1502
cha	杈	1502
tu ji	突击	1502
ni	逆	1502
shi run	湿润	1501
kang	炕	1501
quan min	全民	1500
lu	鐪	1500
qian xian	前线	1499
qing jie	情节	1499
yang zhou	扬州	1499
jue	掘	1499
qi wang	期望	1499
cang	舱	1498
fan ji	反击	1497
duo jia	多家	1497
sheng chan	盛产	1497
san zang	三藏	1496
yu shi	玉石	1496
jue da duo shu	绝大多数	1496
hang xing	航行	1496
bo xue	剥削	1494
hao sheng	好生	1494
jing ren	惊人	1494
kun chong	昆虫	1494
ba gong	罢工	1494
pao	袍	1494
chan ming	阐明	1494
cheng xiang	丞相	1493
chou	篘	1493
xian	陷	1493
yuan da du	元大都	1492
yang	氧	1492
yi pai	一派	1491
lou	搂	1491
jie chu	杰出	1491
zhang cheng	章程	1491
qi	绮	1491
huang pi	黄陂	1491
chu tai	出台	1490
gua	刮	1490
wang	汪	1490
tai	泰	1490
gu guai	古怪	1489
pai she	拍摄	1489
zi xin	自信	1489
zi zhu	资助	1489
ting liu	停留	1488
dang nei	党内	1488
deng guang	灯光	1488
kong qian	空前	1488
jing que	精确	1488
xing shi	行事	1488
qin	钦	1488
shao liang	少量	1487
qu	趋	1487
gu ti	固体	1485
da xiao	大笑	1485
pai chu	排除	1485
shui shen	水深	1485
shu	淑	1485
ping	评	1485
ou ran	偶然	1484
xiao hao	消耗	1483
jin lai	近来	1483
liang yuan zhi	两院制	1482
cong qian	从前	1482
ai	矮	1482
jing zheng li	竞争力	1482
miao zu	苗族	1482
wen ming	闻名	1482
nai zhi	乃至	1481
bang zhu	帮主	1481
ji le	极了	1481
si ling yuan	司令员	1479
xuan zhuan	旋转	1479
mei yue	每月	1479
guo fang bu	国防部	1477
bi jia shan	笔架山	1477
huo qu	获取	1477
zhuan rang	转让	1477
sui yi	随意	1477
bei	備	1476
da dian hua	打电话	1476
ming ming	明明	1476
fa ding	法定	1476
huai	淮	1476
shi ba	十八	1475
du fu	杜甫	1475
qiu zhi	求职	1475
sui zhou shi	随州市	1475
tou nao	头脑	1474
gu gong	故宫	1474
shi fen	时分	1474
yun	晕	1474
you dian	优点	1473
kai hui	开会	1473
hou	猴	1473
xiang chang	乡长	1472
mo xi ge	墨西哥	1472
jie	姐	1472
wen li xue yuan	文理学院	1472
lian	濂	1472
xin si	寻思	1471
ting	廷	1471
feng	疯	1471
gao ji zhong xue	高级中学	1471
ba ge	八个	1470
xun fu	巡抚	1470
yi feng	一封	1468
huo	伙	1468
zhi fang	脂肪	1468
dong nan bu	东南部	1467
juan	勬	1467
tai shang	台上	1467
dui li	对立	1467
xi jun	细菌	1467
hu zi	胡子	1467
ji tuan gong si	集团公司	1467
zao chen	早晨	1466
ba mian	罢免	1466
guo ba	锅巴	1466
xu mi zuo	须弥座	1466
dui	兑	1465
chang	尝	1465
jiao	焦	1465
tong hang	通航	1465
gao chu	高出	1465
bu yuan	不远	1464
tian men shi	天门市	1464
jian yu	见于	1464
qing jun	清军	1463
jin e	金额	1462
hua yuan	花园	1461
bu yi	不宜	1459
gan cui	干脆	1459
ge wai	格外	1459
kao yan	考验	1459
di zhong hai	地中海	1458
shen ji zhang	审计长	1458
xuan	宣	1458
zun yan	尊严	1458
chun jie	春节	1458
yi	翼	1458
tong che	通车	1458
ying fu	应付	1457
liu ge	六个	1456
duo de	夺得	1456
zhao	爪	1456
yao cai	药材	1456
dai jia	代价	1455
yuan lin	园林	1455
gan zao	干燥	1455
you zhu yu	有助于	1455
chi he	池河	1455
dun	蹲	1455
gan xian	干线	1454
chuo	戳	1454
lao tou	老头	1454
nai	耐	1454
jin qi	近期	1454
pian pian	偏偏	1453
jie	劫	1453
qu fen	区分	1453
guo	堝	1453
tai yuan	太原	1453
chi	池	1453
he chuang	河床	1453
bu zhun	不准	1451
shi ye	失业	1451
zuo wu	作物	1450
zhu li	助理	1450
hu yu	呼吁	1450
ai	哎	1450
jian jiao	尖椒	1450
pu ji	普及	1450
zhen xi	珍稀	1450
she	舌	1450
ming wei	名为	1449
la kai	拉开	1449
bao lu	暴露	1449
mu si lin	穆斯林	1448
qin fan	侵犯	1447
hou qin	后勤	1447
qi	启	1447
dai	岱	1447
xi qu	戏曲	1447
she ying	摄影	1447
hang	杭	1447
zao fan	造反	1447
yuan ming	原名	1446
an ding	安定	1446
xiang zhen	乡镇	1445
ce	册	1445
gu ji	古迹	1445
kua	垮	1445
zhai	窄	1445
zi ran zi yuan	自然资源	1445
dao ren	道人	1445
ji qing	激情	1444
ci zhi	辞职	1444
dian shi tai	电视台	1442
shen cai	身材	1442
fa zuo	发作	1441
pen	喷	1441
da pian	大片	1441
dao	导	1441
you yi	有意	1441
ban kuai	板块	1441
qian li	潜力	1441
chu fa	处罚	1440
bi xu	必需	1440
nan song	南宋	1439
tu ku	图库	1439
da dao	答道	1439
dong jing	东经	1438
you	友	1438
gu ren	古人	1437
shang cheng	商城	1437
hui gui	回归	1437
ya	崖	1437
gan shen me	干什么	1437
gui lin	桂林	1437
zhang guan	长官	1437
zhen li	真理	1436
gen sui	跟随	1436
ya dian	雅典	1436
da bie shan	大别山	1434
xin li xue	心理学	1434
chang fang xing	长方形	1434
suo zhi	所知	1433
yao	邀	1433
bu ran	不然	1432
fang song	放松	1432
sheng dong	生动	1432
chang xiao	畅销	1432
she hui xue	社会学	1432
feng	蜂	1432
nei he	内河	1431
xue guan	血管	1431
shun xu	顺序	1431
er zhe	二者	1430
tian tang	天堂	1430
tui kai	推开	1430
wu li	无力	1430
teng	腾	1430
chu bei	储备	1429
mian yi	免疫	1429
qian tu	前途	1429
wu li	武力	1429
tan dao	谈到	1429
shen chuan	身穿	1429
he nan sheng	河南省	1428
chan ye hua	产业化	1427
fan ge ming	反革命	1427
huan	欢	1427
jian zhang	见长	1427
cai wu	财物	1427
yan li	严厉	1425
chu se	出色	1425
qie shi	切实	1425
bo lin	柏林	1425
yang hua	氧化	1425
chen ji	沉积	1425
ming	鸣	1425
shi zheng fu	市政府	1424
she xian	射线	1423
liu ru	流入	1423
dao shi	道士	1423
ou	鏂	1423
qiu	丘	1422
tian shang	天上	1421
zhou	皱	1421
zai du	再度	1420
lao dong zhe	劳动者	1420
li bu	吏部	1420
nai	奶	1420
cai hui	彩绘	1420
you ming	有名	1420
su wei ai	苏维埃	1420
qin qi	亲戚	1419
cong xiao	从小	1419
fen ming	分明	1419
ti chang	提倡	1419
wai	歪	1418
shen fen	身分	1418
tong xing	通行	1418
jie ceng	阶层	1418
chi	齿	1418
bian	卞	1416
zhan hou	战后	1416
di zu	地租	1415
sun shang	损伤	1415
wang fu	王府	1415
cai	蔡	1415
she fa	设法	1415
zi xing	字形	1414
kuang shan	矿山	1414
peng	砰	1414
zhuan zhi	专制	1413
si	厮	1413
zhan xian	战线	1413
ge bo	胳膊	1413
fan dian	饭店	1413
ke bu shi	可不是	1411
zui chun	嘴唇	1411
zhao	罩	1411
yun zuo	运作	1411
hou	侯	1410
xun chang	寻常	1410
tan ming	探明	1410
shou cang	收藏	1410
xi	锡	1410
pei fu	佩服	1408
gu dian	古典	1408
di xia shui	地下水	1407
ao yun hui	奥运会	1407
ju	拒	1407
fa xue	法学	1407
zhong zhou xian	中轴线	1406
mo	墨	1406
tao chu	掏出	1406
zheng zheng	整整	1406
dong ce	东侧	1405
ci qian	此前	1405
ji	激	1405
ge	革	1405
yan jun	严峻	1404
zhu feng	主峰	1404
jian ding	坚定	1404
shui liu	水流	1404
cang	滄	1404
ran liao	燃料	1404
xian zhuang	现状	1404
zhuo shou	着手	1404
xing zou	行走	1404
xian	贤	1404
cai	踩	1404
zha dan	炸弹	1403
chu ren	出任	1401
da zhan	大战	1401
ba ji si tan	巴基斯坦	1401
wan qu	弯曲	1401
xiang jian	相见	1401
qun xiong	群雄	1401
lian luo	联络	1401
ou yuan	欧元	1399
ao	熬	1399
qian zi	签字	1399
yi fen	一分	1398
huai zhong	怀中	1398
zheng bian	政变	1398
you shi hou	有时候	1398
pu bu	瀑布	1398
jun ma	军马	1397
hua zhong	华中	1397
ke sou	咳嗽	1397
shui jing	水晶	1397
hui	汇	1397
fu hao	符号	1397
hui huang	辉煌	1397
shi wang	失望	1396
mu	姆	1396
yi chuan	遗传	1396
ding neng tong	丁能通	1395
shen	什	1395
bo lan hui	博览会	1395
wen bu	稳步	1395
zhong guo zheng fu	中国政府	1394
yin shua	印刷	1394
bo wei	泊位	1394
ji lu	纪录	1394
yin yang	阴阳	1394
zhao	兆	1393
xin yue	新月	1393
yi min	移民	1393
jun	菌	1393
xian du	限度	1393
guan jia	官家	1391
kong ju	恐惧	1391
xi bian	西边	1391
ji xia	几下	1390
yan chang	延长	1390
tong	筒	1390
yi zhi	已知	1389
ri bao	日报	1389
gan lai	赶来	1389
er shi nian	二十年	1388
chong zu	充足	1388
ti dai	替代	1388
nong yu	浓郁	1388
chi	嗤	1387
wai di	外地	1387
shan chang	擅长	1387
re dian	热点	1387
lao ying	老营	1387
jian ding	鉴定	1387
ben shu	本书	1386
hao han	好汉	1385
jiang shan	江山	1385
guang hui	光辉	1384
dang chang	当场	1384
ji lv	纪律	1384
zun xun	遵循	1384
qing shao nian	青少年	1384
yu dao	御道	1382
kang yi	抗议	1382
dao	捣	1382
tan ce	探测	1382
qian ze	谴责	1382
gen zong	跟踪	1382
men	闷	1382
gan han	干旱	1381
qi shi	气势	1381
fan	烦	1381
xin ku	辛苦	1381
mian fen	面粉	1381
ti mu	题目	1381
song xian ce	宋献策	1380
hui lv	汇率	1380
xuan	玄	1380
dan	胆	1380
gao ceng	高层	1380
guang ming	光明	1379
jing xiang	景象	1379
mei	酶	1379
jun fang	军方	1378
qian lie	前列	1378
xiang wang	向往	1378
tian ran qi	天然气	1378
hao shi	好事	1378
zhan dou li	战斗力	1378
qi dai	期待	1378
xiu shan	修缮	1377
guang xue	光学	1377
ge xiao	各校	1377
jia xiang	家乡	1377
qiao	巧	1377
jing xin	精心	1377
xi	习	1376
si yue	四月	1376
zong hui	总会	1376
zong dui	总队	1376
jiao yu bu	教育部	1376
ying de	赢得	1376
duo jiu	多久	1375
xin xing	新兴	1375
lao	牢	1375
fen sui	粉碎	1375
chao yue	超越	1375
ji wei	即位	1373
guo shi	国师	1373
li gong xue yuan	理工学院	1373
ying ye	营业	1373
wei fa	违法	1373
ban shu	半数	1372
zai xiao	在校	1372
jun yun	均匀	1372
shi wu	失误	1372
shang you	尚有	1372
shou wan	手腕	1372
cun min	村民	1372
jing sai	竞赛	1372
shou li	受理	1371
sheng fen	省份	1371
ke tou	磕头	1371
yin cang	隐藏	1371
yao yao tou	摇摇头	1370
zao shang	早上	1370
ban	湴	1370
wei	谓	1370
yi jian	一间	1369
tong meng	同盟	1369
rong	荣	1369
fu	釜	1369
hou	後	1368
ba	灞	1368
miao	苗	1368
lv	驴	1368
ru shi	如是	1365
zheng wei	政委	1365
sheng xing	盛行	1365
sui zhi	随之	1365
sui dao	隧道	1365
hun	魂	1365
li run lv	利润率	1364
liang	良	1364
mi	谜	1364
ye zi	叶子	1363
qi dan	契丹	1363
zheng qiu	征求	1363
zai pei	栽培	1363
fu diao	浮雕	1363
guan gai	灌溉	1363
te quan	特权	1363
dao ju	道具	1363
you xian	优先	1362
shi	侍	1362
shen ji	审计	1362
pi gu	屁股	1362
li nian	理念	1362
sheng qu	省区	1362
ji zhu	记住	1362
lv you ye	旅游业	1361
chi	驰	1361
xia shu	下属	1360
gui zhou	贵州	1360
gao shan	高山	1360
shi ren	世人	1359
zhu bian	主编	1359
cao zong	操纵	1359
shou xi	首席	1359
yi mian	以免	1358
fu	妇	1358
yu fu	预付	1358
an jing	安静	1356
huo li	火力	1356
dang	荡	1356
lai	赖	1356
qi dian	起点	1356
yi jian	一剑	1355
li wai	例外	1355
chu	岀	1355
chang gui	常规	1355
zhi li	致力	1355
gao di	高低	1355
guan fu	官府	1354
yue	岳	1354
jing ya	惊讶	1354
lve	掠	1354
ying ying	盈盈	1354
shen long	神龙	1354
zong ran	纵然	1354
shua	耍	1354
ji	肌	1354
chang zi	肠子	1354
ren min da hui tang	人民大会堂	1353
hui yuan	会员	1353
wo hui	我会	1353
xiang	箱	1353
jian bang	肩膀	1353
feng bao	风暴	1353
hui shi	回事	1352
hu shi	忽视	1352
zhi dian	指点	1352
ji fa	激发	1352
di jie	缔结	1352
zhu zhai	住宅	1351
dong tian	冬天	1351
kai tuo	开拓	1351
ban	拌	1351
meng xiang	梦想	1351
shi di	湿地	1351
xi	細	1351
san mian	三面	1350
xing hao	型号	1350
du	堵	1350
yu kuai	愉快	1350
fan	繁	1350
jian	鐗	1350
hou dai	后代	1348
jiang	浆	1348
shi zi	狮子	1348
meng di	猛地	1348
e	鍔	1348
shi ming	使命	1347
shi fan xue yuan	师范学院	1347
te wu	特务	1347
jiu fen	纠纷	1347
kao gu	考古	1347
gu shi	股市	1347
ju dong	举动	1346
you yu	犹豫	1346
dong shi	董事	1346
qi yi jun	起义军	1346
shao lin si	少林寺	1345
gong ren jie ji	工人阶级	1345
ru	汝	1345
gong feng	供奉	1344
chang shi	尝试	1344
ya chi	牙齿	1344
dian tai	电台	1344
qiang	腔	1344
bian	辩	1344
nan mian	难免	1344
ti zhong	体重	1343
yu zhong	余种	1343
qin	侵	1343
wai yu	外语	1343
mi ji	密集	1343
zhi fa	执法	1343
xian qi	掀起	1343
yi si	一丝	1342
yang	仰	1342
tu shu	图书	1342
da hai	大海	1342
shui ku	水库	1342
huo	祸	1342
bao chou	报仇	1341
shu	竖	1341
zhong shan gong yuan	中山公园	1339
jiu nian	九年	1339
zi kou	子口	1339
xiao di	小弟	1339
bai wan	百万	1339
shi liu	十六	1338
chang shang	厂商	1338
he hu	合乎	1338
kong ming	孔明	1338
niu rou	牛肉	1338
zhen	珍	1338
zi sha	自杀	1338
qi ma	骑马	1338
chong bai	崇拜	1337
ji yu	机遇	1337
ran	染	1337
hao	豪	1337
zhuan ru	转入	1337
di xia	低下	1336
pan jue	判决	1336
zhai	摘	1336
qi	棋	1336
wu li xue	物理学	1336
ti	鍗	1336
xian ji shi	县级市	1335
tu er qi	土耳其	1335
wai zhang	外长	1335
miao hui	描绘	1335
zhuan	撰	1335
xuan	旋	1335
gun	棍	1335
tu zhong	途中	1335
chou	愁	1334
jing jiang	荆江	1334
men xia	门下	1334
yi ti hua	一体化	1333
liang mian	两面	1333
kai lai	开来	1333
lai bu ji	来不及	1333
shun zhe	顺着	1333
ming ci	名词	1331
pei yu	培育	1331
xin zeng	新增	1331
su cheng	俗称	1330
gong	恭	1330
han yang	汉阳	1330
zhuan xian	专线	1329
fa	伐	1329
gong ji	供给	1329
ru guo shuo	如果说	1329
dui bi	对比	1329
su wei ai zheng fu	苏维埃政府	1329
liang di	两地	1328
qiu mi	球迷	1328
chuang kou	窗口	1328
qian	签	1328
yue	閲	1328
ren	仁	1327
liu bu	六部	1327
jun jian	军舰	1327
jie zou	节奏	1327
lian	链	1327
huang yi yi	黄依依	1327
bian liang	变量	1326
shi zhang	师长	1326
dang an	档案	1326
zhuan li	专利	1325
xiang ying	响应	1325
can	惨	1325
dian di	点滴	1325
shang di	上帝	1324
cong zhong	从中	1324
jia zhong	加重	1324
guo hui	国徽	1324
sui	夊	1324
ren zheng	认证	1324
yun he	运河	1324
xian feng	先锋	1322
jun zhong	军中	1322
dui ci	对此	1322
tu di	徒弟	1322
yi bi	一笔	1321
jiang li	奖励	1321
guan	惯	1321
heng guan	横贯	1321
mei	眉	1321
chu	傗	1320
nei gong	内功	1320
zha	闸	1320
you hui	优惠	1319
fen gong	分工	1319
shang wu	商务	1319
si xia	四下	1319
la ji	垃圾	1318
lang	浪	1318
shan po	山坡	1317
zong suan	总算	1317
da zhang	打仗	1317
bu fa	步伐	1316
qi	漆	1316
bi kai	避开	1316
juan	娟	1315
gong cheng xue yuan	工程学院	1315
zan cheng	赞成	1315
yi liang	一辆	1313
quan li	全力	1313
wei ji	危急	1313
duo er gun	多尔衮	1313
xiao sheng	小声	1313
ji bie	级别	1313
huang tu	黄土	1313
bu cheng	不成	1312
chu ban she	出版社	1312
zhi ze	指责	1312
fa zi	法子	1312
du	肚	1312
zhong dong	中东	1311
ban shi chu	办事处	1311
fen	坟	1311
ying you	应有	1311
lan	拦	1311
gong shi	公式	1310
jun shi	军师	1310
xiao fei pin	消费品	1310
man	蛮	1310
yi	遗	1310
fen shu	分数	1309
zai wai	在外	1309
shou huo	收获	1309
wu song	武松	1309
ci chang	磁场	1309
she	赦	1309
jian zhu ye	建筑业	1308
shui lu	水陆	1308
mie wang	灭亡	1308
bing bao	禀报	1308
yi han	遗憾	1308
fen kai	分开	1307
shou ming	寿命	1307
zhuan zheng	专政	1305
si qu	死去	1305
yu	羽	1305
yin yue tang	音乐堂	1305
jun shi	军士	1304
shi liao	史料	1304
fu	覆	1304
jing gao	警告	1304
yi pian	一篇	1303
lv	屡	1303
gao xiao	搞笑	1303
bai jia xuan	白嘉轩	1303
guo du	过度	1303
xia zai	下载	1302
zhao jian	召见	1302
jian	坚	1302
li kui	李逵	1302
man chang	漫长	1302
chuang wai	窗外	1302
di yi ci shi jie da zhan	第一次世界大战	1302
yi ke	一刻	1301
fang cheng	方程	1301
bi zhe	笔者	1301
ze	责	1301
liang jie	两届	1300
yuan yu	源于	1300
xi su	习俗	1299
kou	叩	1299
gu ding zi chan	固定资产	1299
xiang bu dao	想不到	1299
pi lao	疲劳	1299
kao zheng	考证	1299
nan ti	难题	1299
jian zhu wu	建筑物	1298
tuo	陀	1298
sha	魦	1298
jian qiang	坚强	1296
mo jing	墨镜	1296
li	丽	1295
cheng fa	惩罚	1295
ji qi	激起	1295
yue qi	乐器	1294
qing xie	倾斜	1294
guo qi	国旗	1294
yi	疑	1294
jian guan	监管	1294
shu fu	舒服	1294
yin yin	隐隐	1294
zhuai	拽	1293
sheng gao	升高	1292
guo fang wei yuan hui	国防委员会	1292
shen yuan	深远	1292
suan le	算了	1292
li	粒	1292
guo nian	过年	1292
gai	钙	1292
kan wu	刊物	1291
cong	璁	1291
qie	鍥	1291
jian jie	间接	1291
yi zai	一再	1290
kui sun	亏损	1290
yue bu qun	岳不群	1290
chuan zhi	船只	1290
xi ou	西欧	1290
zhu guan	主观	1288
chuan ru	传入	1288
cheng xiao	成效	1288
jian ku	艰苦	1288
gao xiao	高效	1288
chu ming	出名	1287
dai dong	带动	1287
di xia	底下	1287
sha shi	沙市	1287
shen hou	深厚	1287
shen xian	神仙	1287
zhui gan	追赶	1287
shang si	上司	1286
fu lu	俘虏	1286
zao nian	早年	1286
men	焖	1286
jie cheng	结成	1286
zhi fu	致富	1286
bu lei	部类	1286
ci shi	刺史	1285
rang	嚷	1285
jian	捡	1285
zhong zu	种族	1285
jiao ben	脚本	1285
yi tuan	一团	1284
bu jin jin	不仅仅	1284
yi dun	亿吨	1284
pu	仆	1284
fa zhan zhong guo jia	发展中国家	1284
dang shi ren	当事人	1284
lang fei	浪费	1283
hui bao	回报	1282
bao zhu	抱住	1282
zhi	织	1282
xian xing	先行	1281
yue shu	约束	1281
bu tong yu	不同于	1279
suo yong	所用	1279
ba	扒	1279
lv xing	旅行	1279
fan	泛	1279
zhi dao	直到	1279
jin shen	谨慎	1279
ji	际	1279
ji	技	1278
jing	竞	1278
zi dai	自带	1278
ai zi bing	艾滋病	1278
shi dian	试点	1278
tai kang	太康	1277
ting zhang	廷杖	1277
da ban	打扮	1277
hong qi gong	洪七公	1277
xi ce	西侧	1277
he gu	河谷	1276
chao chu	超出	1276
san wei	三位	1275
ban xue	办学	1275
di tie	地铁	1275
zi you	自有	1275
zhe bu	这部	1275
bu deng	不等	1274
niang zi	娘子	1274
gui	桂	1274
duo	舵	1274
jie chu	解除	1274
bu shu	部属	1274
zi dan	子弹	1273
tan xing	弹性	1273
ri li	日历	1273
bei yue	北约	1272
yu	域	1272
shi po tian	石破天	1272
bei hou	背后	1272
qing	卿	1270
cheng zan	称赞	1270
nian fen	年份	1269
ke wang	渴望	1269
yan zou	演奏	1269
gao hu	高呼	1269
da han	大汉	1268
dan yao	弹药	1268
hun ning tu	混凝土	1268
re liang	热量	1268
jin qian	金钱	1268
xia da	下达	1267
hong shan	洪山	1267
qi fu	起伏	1267
she cheng	射程	1266
cuan	窜	1266
pei bei	配备	1266
shou nao	首脑	1266
wo jia	我家	1265
jing shen wen ming	精神文明	1265
fu	缚	1265
zhong shan	中山	1264
chuang jian zhe	创建者	1264
huo che zhan	火车站	1264
zhou	粥	1264
zhe hui er	这会儿	1264
cheng ji	乘机	1262
nei lu	内陆	1262
shi yi	十一	1262
xue ruo	削弱	1261
xian zheng fu	县政府	1261
lai hui	来回	1261
shao	苕	1261
shang ma	上马	1260
shu fa	书法	1260
xiu xian	休闲	1260
wa wa	娃娃	1260
zuo tan hui	座谈会	1260
jun yong	军用	1259
tai ping	太平	1259
hao kan	好看	1259
chang wei	常委	1259
li wu	礼物	1259
ying	郢	1259
ming ren	名人	1258
tun	吞	1258
wa	嗗	1258
fa ling	法令	1258
fu li	福利	1258
shi bie	识别	1258
xiang qi	响起	1257
yin ru	引入	1257
sha hai	杀害	1257
li tai hou	李太后	1257
yan jiu yuan	研究员	1257
huan jie	缓解	1257
wu fen	五分	1256
ri zhi	日志	1256
li	梨	1256
ce hua	策划	1256
lu di	陆地	1256
li shu	隶属	1256
fei xing yuan	飞行员	1256
yi	倚	1255
shi yu	始于	1255
gong ye hua	工业化	1255
shui dao	水稻	1255
jing ji xiao yi	经济效益	1255
hua zhong ke ji da xue	华中科技大学	1253
xiao xiao	小小	1253
ge xin	革新	1253
bi du	必读	1252
qiu zhi	求知	1252
zhong yao	中药	1251
dai biao zuo	代表作	1251
lao	劳	1251
he	禾	1251
ye	耶	1251
zheng yi	争议	1250
da ju	大局	1250
pin	拼	1250
shuai	甩	1250
liao dong	辽东	1250
yi jiao	一脚	1249
qin qie	亲切	1249
zui ba	嘴巴	1249
zong shu ji	总书记	1249
wu jian	五间	1248
ji fen	几分	1248
shu shu	叔叔	1248
bian qian	变迁	1248
tuan dui	团队	1248
duo ming	多名	1248
kong zi	孔子	1248
xue shi	学士	1248
gu gan	骨干	1248
leng jing	冷静	1247
rong liang	容量	1247
xu	序	1247
huo li	活力	1247
tong cheng	通称	1247
xian hua	鲜花	1247
yuan chao	元朝	1245
xian shi	先是	1245
quan hui	全会	1245
shen bao	申报	1245
jue da bu fen	绝大部分	1245
nei han	内涵	1244
fan she	反射	1244
tai he dian	太和殿	1244
lian	炼	1244
gan quan	甘泉	1244
na mo	那末	1244
da	鞑	1244
shi fei	是非	1243
shan xi sheng	陕西省	1243
si yang	饲养	1243
xin feng	信奉	1242
qing jie	清洁	1242
chang jiang liu yu	长江流域	1242
chu fei	除非	1242
yi wan	一碗	1241
xia xia	下辖	1241
fu ren	妇人	1241
zu zong	祖宗	1241
yi ba	一八	1240
hou shi	后世	1240
gua	卦	1239
shi di	师弟	1239
wu	悟	1239
fu	服	1239
mo hu	模糊	1239
bi fen	比分	1239
qi nian	七年	1238
di ceng	地层	1238
cui	翠	1238
lan se	蓝色	1238
liao ning	辽宁	1238
bu bian	不便	1236
bao jian	保健	1236
yan	咽	1236
tu xiang	图像	1236
jin ke neng	尽可能	1236
shui xia	水下	1236
xiang ju	相距	1236
zhuan dong	转动	1236
yu ding	预定	1236
bu xiao	不小	1235
yun ji	云集	1235
tong qing	同情	1235
tian ti	天体	1235
dian shi	殿试	1235
li yi	礼仪	1235
xu	续	1235
sui shou	随手	1235
pai fang	牌坊	1234
du zi	独自	1234
la xia	落下	1233
si fang	四方	1232
zai chang	在场	1232
qi te	奇特	1232
jie lian	接连	1232
shui yu	水域	1232
qing chun	青春	1232
ren min ri bao	人民日报	1230
yi dong	以东	1230
dui ying	对应	1230
cheng hu	称呼	1230
xiao hua	笑话	1230
dan bai	蛋白	1230
dian qi	电器	1229
he	盒	1229
kong	控	1227
qi shui	汽水	1227
yuan xian	原先	1225
jie shou	接收	1225
jie	揭	1225
deng dao	等到	1225
zu zhi fa	组织法	1225
xia lie	下列	1224
fen e	份额	1224
ju lie	剧烈	1224
zai xian	在线	1224
chu zhi	处置	1224
lou shang	楼上	1224
huan le	欢乐	1224
ke zhang	科长	1224
yuan chong huan	袁崇焕	1224
shui zhi	谁知	1224
liang ju	两句	1223
dou	兜	1223
sheng pa	生怕	1223
chong	崇	1222
men dong	门洞	1222
kuan kuo	宽阔	1221
shan he	山河	1221
xin hua wang	新华网	1221
ge qu	歌曲	1221
sheng ping	生平	1221
ben	苯	1221
du	赌	1221
shou wei	首位	1221
zhong ya	中亚	1219
zhao shou	招收	1219
zhang guan	掌管	1219
zhi li	直隶	1219
zhuo zhong	着重	1219
dou fu	豆腐	1219
zhe kuai	这块	1219
wan nian	万年	1218
nan yue	南岳	1218
hou	吼	1218
kang	康	1218
zhao ze	沼泽	1218
qian	褰	1218
ge	鎶	1218
hua qiao	华侨	1217
zheng	挣	1217
ci jian	此间	1217
zhuang you	装有	1217
ji hui	集会	1217
wan jia	万家	1216
dong feng	东风	1216
you mei	优美	1216
mao ze dong si xiang	毛泽东思想	1216
wen dai	温带	1216
ji li	激励	1216
e dong	鄂东	1216
yi nei	以内	1215
shan gu	山谷	1215
shan ding	山顶	1215
wen hua	文华	1215
zhen jing	震惊	1215
yong	鳙	1215
you yue	优越	1214
qiao	侨	1214
bao bei	宝贝	1214
pin ming	拼命	1214
tui xiu	退休	1214
tie kuang	铁矿	1214
hu kou	户口	1213
hang	航	1213
sui shuo	虽说	1213
pei chang	赔偿	1213
yi mei	一枚	1212
bu ceng	不曾	1212
qu jue	取决	1212
di bu	地步	1212
cao	嶆	1212
bai ling	白领	1212
dong shi zhang	董事长	1212
tong qu	通衢	1212
tui song	推送	1210
si zhe	死者	1210
bu yi	不已	1209
liang jia	两家	1209
zheng qi	整齐	1209
meng lie	猛烈	1209
zao lin	造林	1209
yu	予	1208
guo min ge ming jun	国民革命军	1208
wu xian dian	无线电	1208
zhao ji	着急	1208
di yi pi	第一批	1208
yi ji	遗迹	1208
pai mai	拍卖	1207
zheng he	整合	1207
shui mian	睡眠	1207
zhu ge liang	诸葛亮	1207
shang ceng	上层	1206
qiang po	强迫	1206
cao ru lin	曹汝霖	1206
zi cheng	自称	1206
ge jia	各家	1205
jiao hui	教会	1205
jia shu	家属	1204
wu jia	物价	1204
pen	盆	1204
lao gong	老公	1204
san guo	三国	1202
shang kong	上空	1202
shi	兘	1202
jian bei	兼备	1202
ting zhang	庭长	1202
lao da	老大	1202
san	伞	1201
tong yi zhan xian	统一战线	1201
zi you ren	自由人	1201
xing zheng gong shu	行政公署	1201
shi xia qu	市辖区	1200
ying zi	影子	1200
mian yang	沔阳	1200
rui	睿	1200
si xin	私信	1200
bian ji zhe	编辑者	1200
fang wu	防务	1200
tao qi	陶器	1200
ding wei	定为	1199
kan guo	看过	1199
zi zhi ji guan	自治机关	1199
lian peng	莲蓬	1199
bu chi	不吃	1198
xing shi	刑事	1198
shao	梢	1198
luo	洛	1198
yun qi	运气	1198
ma cheng	麻城	1198
yi dian er	一点儿	1197
xun	训	1197
shou xiang	首相	1197
jiao zuo	叫作	1196
wang qian	往前	1196
qing hua	清华	1196
lou	漏	1196
bao mi hua	爆米花	1196
shui zhao	睡着	1196
tong bu	同步	1195
gai zhuang	改装	1195
huang tai hou	皇太后	1195
sheng	绳	1195
sui	隋	1195
shu ji	书籍	1193
zhu liu	主流	1192
na	娜	1192
lan jie	拦截	1192
zhen pin	珍品	1192
jiang	姜	1191
tao tai	淘汰	1191
xian yi	现已	1191
gong chan guo ji	共产国际	1190
ji ke	即可	1190
la ma	喇嘛	1190
dui bu qi	对不起	1190
da zhe	打着	1190
xiang cha	相差	1190
hong qi	红旗	1190
lv hua	绿化	1190
zhong	肿	1190
jin hua	进化	1190
da zhan hong tu	大展宏图	1189
zhu shi	注视	1189
shen sheng	神圣	1189
fei	菲	1189
jin jun	进军	1189
ya	雅	1189
wo	卧	1188
xia zhai	狭窄	1188
duan	鍛	1188
zhen zhang	镇长	1188
ying	鹰	1188
yin du yang	印度洋	1187
guo qing	国情	1187
bi li shi	比利时	1187
sheng xia shi	省辖市	1187
jin bi	紧闭	1187
song lai	送来	1187
zhi zhi	制止	1186
cai xi	菜系	1186
er lu	二路	1184
shang wang	伤亡	1184
zi sun	子孙	1184
you hai	有害	1184
dian liu	电流	1184
zhu	铸	1184
ren wen	人文	1183
bi hua	壁画	1183
da ye	大爷	1183
hao xiang	好象	1183
mo	模	1183
zhuang yuan	状元	1183
jian li	监利	1183
dai	袋	1183
qu	闃	1183
chao	吵	1182
wa	哇	1182
huan bao	环保	1182
bei ju	悲剧	1181
sou gou	搜狗	1181
shi shang	时尚	1181
jie li	竭力	1181
zhu duo	诸多	1181
xia ma	下马	1180
nong du	浓度	1180
zai	灾	1180
ke	珂	1180
biao tai	表态	1180
hao hua	豪华	1180
dong jiao min xiang	东交民巷	1179
bian li	便利	1179
xue yuan lu	学院路	1179
guan zhi	官职	1179
bi shou	匕首	1178
zhi guan	只管	1178
tai jie	台阶	1178
bao gui	宝贵	1178
zou lai	走来	1178
chuan mei	传媒	1176
jia jin	加紧	1176
yi	医	1176
qian nian	千年	1176
ji shao	极少	1176
huang	荒	1176
shi	誓	1176
zhang	丈	1175
da huo er	大伙儿	1175
chang she	常设	1175
you liao	油料	1175
zeng	熷	1175
yun ying	运营	1175
na pa	哪怕	1174
huan xiang	幻想	1174
sa	潵	1174
yu	舆	1174
e nan	鄂南	1174
xiang dong	向东	1173
feng jian wang chao	封建王朝	1173
en shi shi	恩施市	1173
yue liang	月亮	1173
qing li	清理	1173
er yue	二月	1172
tong yi ge	同一个	1172
wan nian	晚年	1172
zhai wu	债务	1171
hou ren	后人	1171
hen xiao	很小	1171
tiao kong	调控	1171
fu	辅	1171
wei	鮠	1171
zhuan ke	专科	1170
zhong yi	中医	1170
da lian	大连	1170
guan liao	官僚	1170
zi you	自幼	1170
zi xing che	自行车	1170
gao	诰	1170
da yu	大于	1169
da chi yi jing	大吃一惊	1169
zhong xiao xue	中小学	1167
ti hui	体会	1167
si chu	四处	1167
mao zi	帽子	1167
yuan	援	1167
lin ye	林业	1167
chong chong	重重	1167
yi tong	一同	1166
mian de	免得	1166
fang	坊	1166
kang you wei	康有为	1166
an qi	暗器	1166
qian jiang shi	潜江市	1166
xin pian	芯片	1166
zhe jia	这家	1166
yi guan	一贯	1165
jiu qu hui chang	九曲回肠	1165
wu si yun dong	五四运动	1165
shi yue	十月	1165
peng	彭	1165
sa	洒	1165
huo ju ji hua	火炬计划	1165
dao	瓙	1165
yan shen	眼神	1165
jiang jin	奖金	1164
shen li	审理	1164
zhu yi jun	朱翊钧	1164
wen rou	温柔	1164
wang shi	王室	1164
xian jin	现金	1164
bing qing	病情	1164
lian xi	练习	1164
pan luan	叛乱	1163
shu mu	树木	1163
sheng ri	生日	1163
shi fan xian	示范县	1163
zhi yu	置于	1163
wu	兀	1162
gong chan zhu yi	共产主义	1162
ren	刃	1162
chen	宸	1162
de fen	得分	1162
zhuan xie	撰写	1162
ban	斑	1162
zai nan	灾难	1162
zhong nian	中年	1161
jia she	假设	1161
zhi yao	制药	1161
qian gong qing	千公顷	1161
xiao hai zi	小孩子	1161
chang you	常有	1161
fan nao	烦恼	1161
liu xue	留学	1161
shi wen	诗文	1161
wan duo mu	万多亩	1159
liu shao qi	刘少奇	1159
wan ru	宛如	1159
li hong zhong	李鸿忠	1159
jian shi	监视	1159
zong shen	纵身	1159
mei shi	美食	1159
yao jian	腰间	1159
yi shu jia	艺术家	1159
xiu	袖	1159
dan mai	丹麦	1158
nan huan lu	南环路	1158
yuan zhong chang	原种场	1158
ku	枯	1158
qi wei	气味	1158
tang	烫	1158
bai sha zhou	白沙洲	1158
gui	硅	1158
fei lv bin	菲律宾	1158
qi fei	起飞	1158
la	辣	1158
ci	雌	1158
pin dao	频道	1158
ti li	体力	1157
chu fang	厨房	1157
qie	妾	1157
shi xi	实习	1157
qia qia	恰恰	1157
zhan	沾	1157
xi xia	西夏	1157
jie kai	解开	1157
jin qiu	进球	1157
mi ma	密码	1156
qiao tou bao	桥头堡	1156
zi gu	自古	1156
di gei	递给	1156
xie	泄	1155
zhong lu	中路	1154
bo	剥	1154
da sai	大赛	1154
gong	弓	1154
sun	损	1154
zhe shi	着实	1154
zhong you	中游	1153
pin	嬪	1153
jia wu	家务	1153
shan	擅	1153
yu	欎	1153
wu yi	武艺	1153
ke ju	科举	1153
ban sui	伴随	1152
kang fu	康复	1152
fang dao	放到	1152
liao dao	料到	1152
gen zhe	跟着	1152
zhong yang jun shi wei yuan hui	中央军事委员会	1150
kun jing	困境	1150
xiao shi	小事	1150
jiang	蒋	1150
zai jia	在家	1149
huo guang	火光	1149
mi	秘	1149
lei bie	类别	1149
fan di	反帝	1148
qiang dao	强盗	1148
jie shi	揭示	1148
yi yu	易于	1148
ci ju	此举	1148
jiao she	交涉	1147
xian mei	鲜美	1147
zhuan yong	专用	1146
sang	丧	1146
pi	匹	1146
da pao	大炮	1146
gong shen	躬身	1146
lang	鎯	1146
qin ren	亲人	1145
ren ge	人格	1145
kai zhi	开支	1145
zhang xian zhong	张献忠	1145
ju ci	据此	1145
shi zu	氏族	1145
cai yao	菜肴	1145
zhong nan bu	中南部	1144
zao	凿	1144
shi shi qiu shi	实事求是	1144
dan fu	担负	1144
rou	揉	1144
qing	氢	1144
xiao sheng	笑声	1144
xiang	详	1144
qu sheng	取胜	1143
xue fu	学府	1143
shou jiao	手脚	1143
gong shou	拱手	1143
jie xia lai	接下来	1143
e lie	恶劣	1141
bu qiang	步枪	1141
zong heng	纵横	1141
dian	垫	1140
tou bu	头部	1140
xin shang	心上	1140
juan	捐	1140
hai nan	海南	1140
qing chen	清晨	1140
zhan	盏	1140
cha yi	诧异	1140
gou	购	1140
shun bian	顺便	1140
dan shui	淡水	1139
li zhi	理智	1139
yu lei	鱼雷	1139
guang ze	光泽	1138
shen pan yuan	审判员	1138
shu xue jia	数学家	1138
chang	肠	1138
rong zi	融资	1138
yi pang	一旁	1137
zhong ri	中日	1137
jia re	加热	1137
dan yi	单一	1137
gai bian	改编	1137
bao li	暴力	1137
guan dao	管道	1137
sa	萨	1137
jian ren	兼任	1136
xun zhang	勋章	1136
he jin	合金	1136
can an	惨案	1136
ji	戟	1136
suo de	所得	1136
seng ren	僧人	1135
wu	勿	1135
yuan xing	圆形	1135
hui shou	挥手	1135
fang kai	放开	1135
yue guang	月光	1135
ji qiang	机枪	1135
ke	磕	1135
tian fu	天府	1133
du jia	度假	1133
zhi min	殖民	1133
jian ce	监测	1133
yi tang	一趟	1132
xue yuan	学员	1132
gong zhan	攻占	1132
hong qiang	红墙	1132
lu	虏	1132
yin ni	印尼	1131
fou	否	1131
xin jian	新建	1131
fan shen	翻身	1131
le yuan	乐园	1130
zhu fu	嘱咐	1130
zhao shu	招数	1130
min bing	民兵	1130
bo dong	波动	1130
yi zhi	移植	1130
dong	董	1130
bo duo	剥夺	1129
bian xing	变形	1129
tan xi	叹息	1129
tian se	天色	1129
xin mu	心目	1129
fang ru	放入	1129
ji ti	机体	1129
chao liu	潮流	1129
ku	窟	1129
wei	唯	1128
shi nei	室内	1128
wei wu er zu	维吾尔族	1128
zi ci	自此	1128
mei li	魅力	1128
liang ceng	两层	1127
kou dai	口袋	1127
su liao	塑料	1127
nao	恼	1127
zhan you	战友	1127
zi tai	姿态	1126
han zhong	汉中	1126
meng	锰	1126
bian huan	变换	1124
zhuang zu	壮族	1124
hui se	灰色	1124
po chan	破产	1124
wan	笂	1124
gou wu	购物	1124
yi zhou	一周	1123
wei gong	围攻	1123
heng xing	恒星	1123
tou chan	投产	1123
zhen dong	振动	1123
wei mian	未免	1123
sha tan	沙滩	1123
que xian	缺陷	1123
mei nv	美女	1123
bei shang	北上	1122
xue wen	学问	1122
shen he	审核	1122
yong hu	拥护	1122
gang qin	钢琴	1122
zhi	侄	1121
zuo fan	做饭	1121
bang mang	帮忙	1121
wei yi	惟一	1121
yao yong	药用	1121
qu xiang	趋向	1121
zhe mo	折磨	1120
qi	欺	1120
chun cui	纯粹	1120
duo	跺	1120
yi jia	一架	1119
ke ai	可爱	1119
chen	尘	1119
ti shi	提示	1119
shi bao	时报	1119
xiao qu	校区	1119
huo jiang	获奖	1119
yuan cheng	远程	1119
hou hui	后悔	1118
ha er bin	哈尔滨	1118
di da	抵达	1118
jian	简	1118
ding	鼎	1118
gu wu	鼓舞	1118
bu shi	不时	1116
yu shang	遇上	1116
fu shu	附属	1116
qu zhu	驱逐	1116
yi bei	一倍	1115
fou ren	否认	1115
jian rui	尖锐	1115
ke xue yuan	科学院	1115
yi	艺	1115
hei ren	黑人	1115
bu jin	不尽	1114
ping xing	平行	1114
di jun	敌军	1114
jiu	究	1114
zhou	舟	1114
feng	逢	1114
mian shang	面上	1114
er ci	二次	1113
chan di	产地	1113
fen qi	分歧	1113
hui bi	回避	1113
tian wen	天文	1113
mei zhou	每周	1113
bu kan	不堪	1112
qi ji	奇迹	1112
shu	姝	1112
yun ying shang	运营商	1112
ma ke si	马克思	1112
ou	偶	1111
dong ji	动机	1111
kuo san	扩散	1111
gai shi	该市	1111
zhe gu	鹧鸪	1111
bu zhi	不止	1110
xia	侠	1110
ru jia	儒家	1110
chong dang	充当	1110
gong ren	公认	1110
gong hui	工会	1110
shi fan	师范	1110
qia	恰	1110
hen hen	狠狠	1110
zhen xiang	真相	1110
shi fan	示范	1110
di	笛	1110
lian tong	连同	1110
wan li fang mi	万立方米	1109
xia die	下跌	1109
shi ji mo	世纪末	1109
hao ma	号码	1109
an hui sheng	安徽省	1109
ban	扮	1109
mei fa	没法	1109
jian yu	监狱	1109
hang dao	航道	1109
xie xia	写下	1107
nan an	南岸	1107
che tui	撤退	1107
wang jia	王家	1107
xing ren	行人	1107
zhong yao xing	重要性	1107
zhu ban	主办	1106
zhou kan	周刊	1106
yao jin	要紧	1106
jin chu	进出	1106
yan mi	严密	1105
wu zi	兀自	1105
shi ge	十个	1105
li sheng	厉声	1105
zhao zhi jing	赵志敬	1105
wan wan	万万	1104
ming sheng qu	名胜区	1104
yi	奕	1104
jie shi	届时	1104
ti qing	提请	1104
cun zhuang	村庄	1104
yu	渝	1104
xiang mao	相貌	1104
suo duan	缩短	1104
qiang bi	墙壁	1103
yan	宴	1103
jian yu	建于	1103
jian	碱	1103
zi fei	资费	1103
jiu yue	九月	1102
cang	仓	1102
jie kai	揭开	1102
er nv	儿女	1101
gong shi	公使	1101
gao bie	告别	1101
chu fen	处分	1101
nv hai zi	女孩子	1101
an na	安娜	1101
shen pi	审批	1101
gan yu	干预	1101
shu	束	1101
zhi da	直达	1101
niang niang	娘娘	1100
wei	惟	1100
han dai	汉代	1100
zhu	逐	1100
chuan	串	1098
wu	呜	1098
shan lu	山麓	1098
chuan chu	传出	1097
lun	伦	1097
bao quan	保全	1097
ban ye	半夜	1097
duo yu	多于	1097
kai men	开门	1097
lao	捞	1097
chun ji	春季	1097
qu xian	曲线	1097
liang pang	两旁	1096
jie zhu	借助	1096
gong gong	公公	1096
man xing	慢性	1096
zhan qu	战区	1096
mo fang	模仿	1096
po	泊	1096
nong ye bu	农业部	1095
liu jing	流经	1095
shi	示	1095
huang yao shi	黄药师	1095
hua mian	画面	1094
xi men	西门	1094
zhu ru	诸如	1094
zhuo	桌	1093
qing mo	清末	1093
sha	砂	1093
jie fang zhan zheng	解放战争	1093
jin chu kou	进出口	1093
yi lun	一轮	1092
hei hei	嘿嘿	1092
fu ren	富人	1092
zuo wan	昨晚	1092
lai yuan yu	来源于	1092
yuan gu	缘故	1092
hong	闂	1092
yi chu	一出	1090
ren jiao	任教	1090
you yong	游泳	1090
bu wei	部委	1090
yao	闄	1090
a gen ting	阿根廷	1090
shi tou	势头	1089
hu sheng	呼声	1089
zhi wang	指望	1089
jiang shui	降水	1089
liang bu	两步	1088
la	剌	1088
feng jian she hui	封建社会	1088
zhi nan	指南	1088
zheng qiao	正桥	1088
jiao dian	焦点	1088
zang	脏	1088
mi	觅	1088
zou jin	走近	1088
gong chan dang yuan	共产党员	1087
wei qu	委屈	1087
li xian nian	李先念	1087
hai mian	海面	1087
huang quan	皇权	1087
dong ya	东亚	1086
nan duan	南端	1086
fu yong	服用	1086
zi di	子弟	1085
pan	拚	1085
mei hua	梅花	1085
huai nan	淮南	1085
li fang	立方	1085
jing mao	经贸	1085
hua fei	花费	1085
ao	鳌	1085
qian	黔	1085
yuan cai liao	原材料	1084
da li	大理	1084
yan	嫣	1084
wan bei	完备	1084
bu lang	布朗	1084
sheng yu	生育	1084
gan shang	赶上	1084
fa guang	发光	1083
suo you zhe	所有者	1083
wan	挽	1083
qing gong	清宫	1083
gao shang	高尚	1083
liang yuan	两院	1081
qing ting	倾听	1081
kan cheng	堪称	1081
mei	妹	1081
nan hai	男孩	1081
zi dong hua	自动化	1081
dong bei bu	东北部	1080
wei qi	为期	1080
xie	卸	1080
fa xi si	法西斯	1080
tiao cao	跳槽	1080
li qiu	力求	1079
zhang fu	涨幅	1079
gei chu	给出	1079
luo di	落地	1079
zou lang	走廊	1079
qing qing	青青	1079
shou yao	首要	1079
yi	乙	1078
sao zi	嫂子	1078
gong fu	工夫	1078
jiang su sheng	江苏省	1078
zao	灶	1078
bian xie	编写	1078
cong lai bu	从来不	1077
you hua	优化	1077
hua sheng dun	华盛顿	1077
ben tu	本土	1077
zhui jia	追加	1077
ren yi	任意	1076
chang dao	倡导	1076
can yi yuan	参议院	1076
wai shang	外商	1076
li	娌	1076
hao	浩	1076
gu jia	股价	1076
zhu cheng	著称	1076
yu qi	语气	1076
xuan qu	选区	1076
jian yu	鉴于	1076
men ren	门人	1076
xue fei	学费	1075
ji xing	急性	1075
xing bie	性别	1075
hua sheng	花生	1075
yu	谕	1075
chan	铲	1075
qing tong	青铜	1075
dai biao xing	代表性	1073
xiao huo zi	小伙子	1073
xiang jiao	橡胶	1073
mei	浼	1073
tong shang	通商	1073
tuo	驼	1073
liang ji	两级	1072
bo bo	伯伯	1072
gong yue	公约	1072
ceng mian	层面	1072
can lan	灿烂	1072
jing shi	京师	1071
chu cun	储存	1071
bao fu	包袱	1071
fa bing	发病	1071
quan zi	圈子	1071
zuo wei	座位	1071
ge	搁	1071
fu	斧	1071
xian jin	现今	1071
fan	鐢	1071
jie ji dou zheng	阶级斗争	1071
da pan	大盘	1070
ji feng qi hou	季风气候	1070
cheng ji si han	成吉思汗	1070
liu pai	流派	1070
te qu	特区	1070
long zhao	笼罩	1070
hu tu	糊涂	1070
ting	艇	1070
jian shi	见识	1070
che zhan	车站	1070
kao jin	靠近	1070
he deng	何等	1069
wai bian	外边	1069
mei zi	妹子	1069
bao yuan	抱怨	1069
di liu ci	第六次	1069
chu	触	1069
chi bi	赤壁	1069
shi	饰	1069
yu hui	与会	1068
ming nian	明年	1068
huo shao	火烧	1068
shuai xian	率先	1068
quan shu	全书	1067
chong dong	冲动	1067
xia men	厦门	1067
di biao	地表	1067
sun quan	孙权	1067
zong shi	宗室	1067
ping	屏	1067
xia	瑕	1067
zhan li	站立	1067
long	笼	1067
jing du	精度	1067
jin pai	金牌	1067
zhuan qu	专区	1066
jie zhi	介质	1066
nan chao	南朝	1066
chi jing	吃惊	1066
gan yu	敢于	1066
lai wang	来往	1066
qi	氣	1066
dian ya	电压	1066
bei xin	背心	1066
du du	都督	1066
yao	鑰	1066
gao sheng	高声	1066
yue	岄	1064
qian	嵌	1064
min zhu ji zhong zhi	民主集中制	1064
meng ran	猛然	1064
di yi bu	第一部	1064
su dan	苏丹	1064
shi yu	适于	1064
tao pao	逃跑	1064
hua ren	华人	1063
cui hui	摧毁	1063
pan	畔	1063
zu lan	阻拦	1063
lian ming	联名	1062
yi er	一二	1061
shi zhe	使者	1061
xiao chi	小吃	1061
jiao ti	交替	1060
tang	倘	1060
bi jiang	必将	1060
shou qu	收取	1060
he qian ting	核潜艇	1060
liang jiu	良久	1060
jin shui he	金水河	1060
bei yang	北洋	1059
bian	変	1059
xiang tong	相通	1059
jing qiao	精巧	1059
jiao	胶	1059
lai	莱	1059
lv	吕	1058
zeng zhang lv	增长率	1058
da ku	大哭	1058
zai xiang	宰相	1058
kai she	开设	1058
he	鹤	1058
kou tou	叩头	1056
da lou	大楼	1056
gong shang ye	工商业	1056
qu	渠	1056
mei tou	眉头	1056
ji tuo	寄托	1055
wa jue	挖掘	1055
cha xun	查询	1055
mei kuang	煤矿	1055
jin shen	进深	1055
yong	佣	1054
fu	傅	1054
sui yue	岁月	1054
qiao miao	巧妙	1054
qiang zhi	强制	1054
shou fu	收复	1054
biao jue quan	表决权	1054
qing hai	青海	1054
wu xing	五行	1053
cun chu	存储	1053
zhi li	智力	1053
shu shang	树上	1053
guang	逛	1053
shang ci	上次	1052
bie chu	别处	1052
du guo	度过	1052
bi ji ben	笔记本	1052
bei dong	被动	1052
e tou	额头	1052
wan liang	万辆	1051
er wei	二位	1051
zhe xue jia	哲学家	1051
zhuang da	壮大	1051
huan rao	环绕	1051
gui ge	规格	1051
jiao liang	较量	1051
po	迫	1051
dong	冻	1050
dui chen	对称	1050
la zhu	蜡烛	1050
chun	醇	1050
kou zi	口子	1049
lao lao	牢牢	1049
huang shi	皇室	1049
yao me	要么	1049
ji xiang	吉祥	1047
chang jing	场景	1047
shan nan	山南	1047
zong zhang	总长	1047
ri qu	日趋	1047
huo yan	火焰	1047
chun shou ru	纯收入	1047
mai	迈	1047
wai lai	外来	1046
gong zuo zhe	工作者	1046
tong ling	统领	1046
fan chou	范畴	1046
chong zu	重组	1046
gao ya	高压	1046
chuan qi	传奇	1045
fu he	复合	1045
jian	奸	1045
guang dong sheng	广东省	1045
ti jiao	提交	1045
weng	滃	1045
lao shi	老实	1045
qi yue	七月	1044
dong hai	东海	1044
yi xi	以西	1044
wei	伪	1044
he shi	何时	1044
zhong	偅	1044
gong lv	功率	1044
nu bi	奴婢	1044
po	泼	1044
liu ti	流体	1044
xiang gong	相公	1044
zhong xun	中旬	1043
zhi dao	制导	1043
bu zheng shi	布政使	1043
can ji ren	残疾人	1043
qing hua da xue	清华大学	1043
zi ran jie	自然界	1043
yin jiu	饮酒	1043
ke mu	科目	1042
tong cheng	统称	1042
biao	镖	1042
dai xie	代谢	1041
tu sha	屠杀	1041
hu lve	忽略	1041
kong bai	空白	1041
xia shou	下手	1040
chong po	冲破	1040
can mou	参谋	1040
xiang shang	向上	1040
ba	坝	1040
heng liang	衡量	1040
xiang zhen qi ye	乡镇企业	1038
wan hao	完好	1038
zhao dai hui	招待会	1038
zhang men	掌门	1038
yu wang	欲望	1038
mao zhu xi ji nian tang	毛主席纪念堂	1038
xi	熙	1038
ren ke	认可	1038
jin biao sai	锦标赛	1038
zhong duan	中断	1037
su she	宿舍	1037
shui chan pin	水产品	1037
he shui	河水	1037
gui	瑰	1037
yue	粤	1037
fang fan	防范	1037
zhen rong	阵容	1037
long zhong	隆重	1037
feng	凤	1036
ke bian zi ben	可变资本	1036
an zhi	安置	1036
da duan	打断	1036
qing	晴	1036
kui	樻	1036
chu guo	出国	1035
bao guo	包裹	1035
da wang	大王	1035
zhang cui shan	张翠山	1035
ye man	野蛮	1035
qin xin	亲信	1034
die	叠	1034
da liang	打量	1034
yang pi	羊皮	1034
bu yu	不语	1033
liang hu	两湖	1033
shu hua	书画	1033
shou chi	手持	1033
ci di	此地	1033
xiang zhu	相助	1033
se su	色素	1033
huo	霍	1033
yu bei	预备	1033
si	撕	1032
shui fen	水分	1032
han zi	汉字	1032
xian xia	闲暇	1032
jiao fu	交付	1030
jiao dai	交代	1030
duo xie	多谢	1030
ban yan	扮演	1030
hong	虹	1030
jia shi	驾驶	1030
bao zhuang	包装	1029
cheng bei	城北	1029
xiu li	秀丽	1029
jiao tan	交谈	1028
chi cun	尺寸	1028
hen ji	痕迹	1028
li qu	离去	1028
nan bei chao	南北朝	1027
fa jue	发觉	1027
jia ren	家人	1027
xin yi	心意	1027
tiao xuan	挑选	1027
xi	膝	1027
ku xiao	苦笑	1027
long	霳	1027
gui	佹	1026
yu	豫	1026
shi jin	使劲	1025
ce suo	厕所	1025
tan	坦	1025
zhan che	战车	1025
mo nian	末年	1025
cun zi	村子	1024
ji li	极力	1024
leng	棱	1024
hui ji	汇集	1024
qian du	迁都	1024
pu ren	仆人	1023
sheng qi	升起	1023
zhai	宅	1023
bi ru shuo	比如说	1023
hu lu	葫芦	1023
qiu	裘	1023
tu xing	图形	1021
bao shang	报上	1021
qing qing di	轻轻地	1021
gui	龟	1021
fang zhong	房中	1020
zhu de	朱德	1020
jiao ji	焦急	1020
she tou	舌头	1020
zhui jiu	追究	1020
xiu xing	修行	1019
xia gu	峡谷	1019
huai zhe	怀着	1019
bie	憋	1019
jiang huai	江淮	1019
qing feng	清风	1019
zhe bian	这边	1019
lv	铝	1019
huang hun	黄昏	1019
quan xin	全新	1018
zhuo mo	琢磨	1018
shi yi	示意	1018
jing ji xue jia	经济学家	1018
yang rou	羊肉	1018
xin	芯	1018
zou si	走私	1018
bu xia	部下	1018
gai	丐	1017
zhou zhuan	周转	1017
wo	斡	1017
tan	痰	1017
tu jue	突厥	1017
cun kuan	存款	1016
xuan du	宣读	1016
hai si	害死	1016
beng kui	崩溃	1016
ba le si tan	巴勒斯坦	1016
jue wang	绝望	1016
jing ti	警惕	1016
cong	丛	1015
ren xing	人性	1015
zhi cai	制裁	1015
ju ben	剧本	1015
wu	午	1015
tui xiang	推向	1015
shi zhan	施展	1015
ming zhi	明知	1015
fu zhou	福州	1015
xiang shi	象是	1015
yue fa	越发	1015
guo zao	过早	1015
yi pi	一匹	1013
chu mian	出面	1013
ye da ying	叶大鹰	1013
su zao	塑造	1013
qi neng	岂能	1013
wu sheng	无声	1013
zhi suo	治所	1013
tan	潭	1013
ying li	盈利	1013
quan ran	全然	1012
tai xia	台下	1012
zheng shou	征收	1012
jie xian	界限	1012
pi	脾	1012
zhun ze	准则	1011
shen mei	审美	1011
shan dong	山洞	1011
qi xi	栖息	1011
xiao	萧	1011
wei	薇	1011
na	钠	1011
yi shi	一事	1010
quan xian	全县	1010
jian bing	兼并	1010
chou chu	抽出	1010
cuo	撮	1010
shi chang	时常	1010
mu	沐	1010
di wu ci	第五次	1010
zhu hou	诸侯	1010
zhe	遮	1010
gong li	功力	1009
mo shou	没收	1009
tu fa	突发	1009
luo ru	落入	1009
pu tao ya	葡萄牙	1009
tan lun	谈论	1009
chuan dao	传到	1008
xiao gu niang	小姑娘	1008
di san ci	第三次	1008
chen min	臣民	1008
xing li	行李	1008
na tiao	那条	1008
guan jie	关节	1007
chun	唇	1007
hun li	婚礼	1007
gong ke	攻克	1007
yi shan	衣衫	1007
gai shu	该书	1007
zhu hua	驻华	1007
pan chu	判处	1006
ning xia	宁夏	1006
zhao	昭	1006
wang qu	望去	1006
zhi	嗭	1004
lin jin	邻近	1004
yin liao	饮料	1004
ming sheng	名胜	1003
si zhi	四肢	1003
zong bing	总兵	1003
san wen	散文	1003
zhou ye	昼夜	1003
dan zi	胆子	1003
yin	荫	1003
wei bei	违背	1003
feng	锋	1003
lu jiao	鹿角	1003
ming yu	名誉	1002
shang dian	商店	1002
chu jing	处境	1002
jia ju	家具	1002
li hun	离婚	1002
du cheng	都城	1002
xian yu	限于	1002
wan qian wa	万千瓦	1001
ba lu jun	八路军	1001
di ji shi	地级市	1001
shen su	申诉	1001
diao su	雕塑	1001
qi yi	其一	1000
nei cun	内存	1000
meng	孟	1000
jin li	尽力	1000
nian chan	年产	1000
mu du	目睹	1000
xiu	羞	1000
mian bao	面包	1000
guan lian	关联	999
wai biao	外表	999
shao kao	烧烤	999
kuang chuang	矿床	999
jie yue	节约	999
su	酥	999
yi dui	一堆	998
bu xi	不惜	998
xiong ya li	匈牙利	998
he yue	和约	998
shou suo	收缩	998
shu e	数额	998
wu yi	无意	998
qiu zhu	求助	998
qin yan	亲眼	997
chu lu	出路	997
zuo liang yu	左良玉	997
deng long	灯笼	997
yi wen	疑问	997
yan jiu yuan	研究院	997
shang xue	上学	995
chang shang	场上	994
du cha	督察	994
tai	钛	994
shuang mu	双目	993
xing	幸	993
jing liu liang	径流量	993
xun	循	993
wang	旺	993
cun	寸	992
gua	瓜	992
zhe dian	这点	992
zha	鍘	992
ting	閮	992
san he	三合	991
shu	恕	991
di dang	抵挡	991
nuo wei	挪威	991
li wen xiu	李文秀	991
shu zhong	树种	991
jie zhi	节制	991
gao xue ya	高血压	991
ye yu	业余	990
tang	塘	990
di yi jie	第一届	990
jian	贱	990
zhong ji	中级	989
yuan shuai	元帅	989
bei mei	北美	989
gong deng	宫灯	989
kai gong	开工	989
zheng zhi quan li	政治权利	989
zheng tian	整天	989
wei	煨	989
zhong guo ke xue yuan	中国科学院	987
lie xi	列席	987
li jing	历经	987
xiao yu	小于	987
yi tu	意图	987
you lan	游览	987
yi huo	疑惑	987
tong hong	通红	987
you zheng	邮政	987
chan dou	颤抖	987
niao lei	鸟类	987
gong yang	供养	986
ban gong	办公	986
jun wang	君王	986
dan dao dao dan	弹道导弹	986
jin men	进门	986
ning	凝	985
sun zi	孙子	985
ri ye	日夜	985
cai	材	985
hang tian zui	杭天醉	985
zhi xian	直线	985
mian dian	缅甸	985
tan	贪	985
ge shi	各市	984
kua	夸	984
xing rong	形容	984
jiao	椒	984
mao	貌	984
tong bao	通报	984
chen you liang	陈友谅	984
shou fu	首府	984
liu yue	六月	983
duo yang	多样	983
zhi ling	指令	983
zhen	枕	983
yan lian	演练	983
re ai	热爱	983
qu yu	趋于	983
xie dao	写道	982
ru	嗕	982
tu jia	土家	982
su	宿	982
chi	尺	982
ying pin	应聘	982
dian ran	点燃	982
xu mu ye	畜牧业	982
chan	禅	982
xi xing	习性	981
fu	拂	981
lai fang	来访	981
rong	溶	981
jian hua	简化	981
ban dao ti	半导体	980
zuo ce	左侧	980
yang shi	样式	980
qing chu	清除	980
pei	赔	980
xin nian	信念	978
ting ting	听听	978
yu yin	语音	978
chang zheng	长征	978
qu	驱	978
mai guo	卖国	977
tuo zhan	拓展	977
zhen	振	977
yi xin	一心	976
quan jia	全家	976
shuang yong	双拥	976
tong deng	同等	976
ming cha	名茶	976
tang seng	唐僧	976
zhan xian	展现	976
wan jiu	挽救	976
du juan hua	杜鹃花	976
xiong zhuang	雄壮	976
xue shan	雪山	976
yi deng	一灯	975
da nao	大脑	975
na xia	拿下	975
chi	敕	975
sha fa	沙发	975
zhen zhu	珍珠	975
zou guo	走过	975
chi yi	迟疑	975
han zi qi	韩子奇	975
chan qu	产区	974
jue zhan	决战	974
jiao sheng	叫声	974
da bai	大败	974
bao jian	宝剑	974
ming cheng zu	明成祖	974
rong	蓉	974
shi bi	势必	973
si	嗣	973
ding xiang	定向	973
jian du	建都	973
you ru	有如	973
xiang hu zuo yong	相互作用	973
hong zha ji	轰炸机	973
zhong shi ji	中世纪	972
wan	丸	972
yi zhang	仪仗	972
hui tong	会同	972
chuan shou	传授	972
chu dong	出动	972
fan dao	反倒	972
hou bian	后边	972
jiao	搅	972
ran liao	染料	972
hai wan	海湾	972
lu wu shuang	陆无双	972
mian tiao	面条	972
jue ji	决计	970
fa dian	发电	970
qi yong	启用	970
miao zhun	瞄准	970
hua qian	花钱	970
fang	芳	970
ping xuan	评选	970
tong xiang	通向	970
nie	镍	970
yi sou	一艘	969
shang ban chang	上半场	969
chuan shu	传输	969
ji yu	急于	969
xiang bi	想必	969
zhan luan	战乱	969
kang	扛	969
di yu	抵御	969
quan tou	拳头	969
tan	摊	969
wen ding xing	稳定性	969
huan he	缓和	969
lao han	老汉	969
xiong qian	胸前	969
tu	途	969
gu qiu shui	顾秋水	969
mao xian	冒险	968
you wei	尤为	968
you	幼	968
guang yi	广义	968
guo shi	果实	968
hai li	海里	968
qing jiang	清江	968
hu shui	湖水	968
sheng qian	生前	968
jian	谏	968
gong chan dang ren	共产党人	967
lao wu	劳务	967
shan li	山里	967
da fa	打发	967
kan dai	看待	967
jin qu	禁区	967
xiu	鏅	967
yi lai	一来	966
wei jiao	围剿	966
dai dao	带到	966
bu zhou	步骤	966
dong zu	侗族	965
tou tou	偷偷	965
jiang cheng	奖惩	965
qiang	嶈	965
si suo	思索	965
zu zhang	组长	965
jin	谨	965
xiu ding	修订	964
dao wei	到位	964
mi bu	密布	964
zhao chu	找出	964
zi wei	滋味	964
mang mu	盲目	964
shuang	霜	964
qian	骞	964
yi ze	一则	963
shang ban nian	上半年	963
ren shou	忍受	963
cheng yuan guo	成员国	963
qiang jiu	抢救	963
ti qu	提取	963
gu tou	骨头	963
ta ma de	他妈的	961
da sheng	大圣	961
tian hua	天花	961
da gong	打工	961
zhi zhang	执掌	961
he tao	核桃	961
xu jia	虚假	961
bian bu	遍布	961
mian mu	面目	961
yu xian	预先	961
shang wang	上网	960
qin zhan	侵占	960
dan ge	单个	960
gong	汞	960
yu	狱	960
sheng chu	生出	960
huo sheng	获胜	960
jin hua	金花	960
xiao	销	960
pin	频	960
yi ju	一举	959
wan wu	万物	959
ping	坪	959
zi mu	字母	959
gong nong	工农	959
lian ai	恋爱	959
jia zi	架子	959
hong shao	红烧	959
yao yuan	遥远	959
min	闽	959
yi yuan zhi	一院制	958
gong bao	公报	958
chu zi	出自	958
zhi zao ye	制造业	958
jun zi	君子	958
ju	咀	958
ning ke	宁可	958
kuai bu	快步	958
zao	梍	958
qing jiao	请教	958
bu zhi	不致	957
zuo cheng	做成	957
ju yuan	剧院	957
xie tong	协同	957
si mian	四面	957
mai fu	埋伏	957
yan	延	957
yang si chang	杨嗣昌	957
cheng di	称帝	957
lu hua	芦花	957
ji shu	记述	957
tao	掏	956
hun	昏	956
geng huan	更换	956
xi	析	956
bo ruo	薄弱	956
shu	鼠	956
fa yang	发扬	955
cai ce	猜测	955
huang wei	皇位	955
er bian	耳边	955
fang xian	防线	955
yi quan	一拳	954
jue bu neng	决不能	954
jia ju	加剧	954
mi bu	弥补	954
lan zhu	拦住	954
hong	烘	954
zhuo	籗	954
lian jun	联军	954
fan	范	954
fang hu	防护	954
jie mei	姐妹	952
ming liang	明亮	952
mei feng	每逢	952
du xing	毒性	952
bai yi	白衣	952
wan yan	蜿蜒	952
zhu	诛	952
si ren bang	四人帮	951
qu yuan	屈原	951
fang xian	房县	951
lv you ju	旅游局	951
ji xie hua	机械化	951
zai	栽	951
man	漫	951
hui	烩	951
niu jin xing	牛金星	951
zha	眨	951
mei	篃	951
que kou	缺口	951
qun	裙	951
zhen dong	震动	951
shang shan	上山	950
bu yi	不一	950
xiang	享	950
zun jing	尊敬	950
shou zu	手足	950
fang zhang	方丈	950
wu fei	无非	950
cai pan	裁判	950
lian	鲢	950
gong wu	公务	949
xing guo	兴国	949
ye lian zi	叶莲子	949
ping wen	平稳	949
pan	攀	949
wen ren	文人	949
chai	犲	949
li ti	立体	949
yi nian	翌年	949
tai	胎	949
zi jia	自家	949
qi shi	骑士	949
xia ban nian	下半年	948
da ming	大名	948
han leng	寒冷	948
jiang qing	江青	948
jian jie	见解	948
ci dian	词典	948
zhang	账	948
qi chu	起初	948
yin ying	阴影	948
san shi nian	三十年	947
zhuan xiang	专项	947
liu bang	刘邦	947
xian jing	县境	947
liao xiang	料想	947
wan hui	晚会	947
zhuo	犳	947
chou bei	筹备	947
shen ying	身影	947
gao deng xue xiao	高等学校	947
shi yi jie san zhong quan hui	十一届三中全会	946
fang li	房里	946
huo ba	火把	946
bei	贝	946
huan yuan	还原	946
ru	乳	944
ru xue lv	入学率	944
gai zu	改组	944
du	杜	944
bin	滨	944
mu	牧	944
xue xing	血腥	944
long men	龙门	944
yuan	冤	943
jin shu	尽数	943
ji ju	急剧	943
shen tou	渗透	943
yun cang	蕴藏	943
chong xiu	重修	943
cang ku	仓库	942
chuan	喘	942
dui ce	对策	942
huai bao	怀抱	942
di zhi	抵制	942
jiang shui	江水	942
zheng zhou	郑州	942
gao ju	高举	942
he zi	合资	941
qiang sheng	强盛	941
zei	戝	941
shu fu	束缚	941
hun	浑	941
chun jian	纯碱	941
dong bei da xue	东北大学	940
nan men	南门	940
tou ling	头领	940
zi shu	字数	940
jian cai	建材	940
wan fan	晚饭	940
duan qi rui	段祺瑞	940
tan	傝	939
chu jing	出境	939
dai zou	带走	939
bi	敝	939
wen ji	文集	939
tiao kuan	条款	939
zhi di	质地	939
wei	韦	939
nan chang	南昌	938
pa	啪	938
ding ju	定居	938
gong shi	攻势	938
lai xin	来信	938
shu fang	书房	937
qun	夋	937
tuo	妥	937
xin gang	新港	937
wu guan	无关	937
ji dian	机电	937
fan hua	繁华	937
lao shan	老山	937
shuai	衰	937
yi pin	一品	935
xia ban chang	下半场	935
zhong duan	中段	935
le guan	乐观	935
jue bu	决不	935
xiang zhe	向着	935
di li xue	地理学	935
yan	焉	935
wu jie	误解	935
hao	鎬	935
nan shou	难受	935
zhong hua min guo	中华民国	934
liao bu qi	了不起	934
quan guo xing	全国性	934
chu mai	出卖	934
tang chao	唐朝	934
suo zhi	所致	934
ni ding	拟定	934
ji mi	机密	934
ke	棵	934
he bei sheng	河北省	934
xiang chuan	相传	934
lian ye	连夜	934
shi	释	934
yi shou	一首	933
zhu yan	主演	933
ren min ying xiong ji nian bei	人民英雄纪念碑	933
guo fang bu zhang	国防部长	933
yong pin	用品	933
liao	聊	933
deng xiao ping li lun	邓小平理论	933
shun shou	顺手	933
bu fu	不服	932
hua fei	化肥	932
hao ling	号令	932
tong yi ci	同义词	932
yuan man	圆满	932
shou	寿	932
xiang lai	想来	932
jiu guo	救国	932
xin cheng	新城	932
ying jian	硬件	932
chun shu	纯属	932
yuan li	远离	932
yi	咦	931
zeng chan	增产	931
nai	奈	931
tun	屯	931
wo xiao	我校	931
si da lin	斯大林	931
gan	甘	931
nai xin	耐心	931
fu yu	富裕	930
wu se	无色	930
mu	暮	930
wei ceng	未曾	930
you ji dui	游击队	930
zhong yan	重檐	930
xia	鍜	930
shi wu	实物	929
chong	宠	929
kong gu	控股	929
kuang jia	框架	929
chou	筹	929
ying ge lan	英格兰	929
bu ming	不明	927
jing ju	京剧	927
bing ma	兵马	927
ran se ti	染色体	927
yue ding	约定	927
huang mo	荒漠	927
zun	遵	927
chang pian xiao shuo	长篇小说	927
ma lai xi ya	马来西亚	927
dong bian	东边	926
jie jian	借鉴	926
can mou zhang	参谋长	926
ming fu qi shi	名副其实	926
zhi	汁	926
feng su	风俗	926
shang shu	上书	925
jiu jiang	九江	925
gu ba	古巴	925
xin shi qi	新石器	925
qing qing chu chu	清清楚楚	925
deng	邓	925
jing zi	镜子	925
mo sheng	陌生	925
wan yu	万余	924
li xing	例行	924
duo	剁	924
jia zhi	加之	924
tong hang	同行	924
lai jiang	来讲	924
zai hai	灾害	924
zhu zao	铸造	924
zhi gu	只顾	923
shi xue	史学	923
ke ting	客厅	923
lai lin	来临	923
fei wo	肥沃	923
a fu han	阿富汗	923
zhou zhi ruo	周芷若	922
bao chou	报酬	922
shui dian zhan	水电站	922
sheng zhi	生殖	922
yu wen	语文	922
bian ji	遍及	922
wan qiang	顽强	922
dian li	典礼	921
o	噢	921
jie kou	接口	921
zheng shi	政事	921
kuai zi	筷子	921
hui chang	会场	920
dong yao	动摇	920
tian fu	天赋	920
suo	娑	920
fa guan	法官	920
hai guan	海关	920
yan se	眼色	920
zou lu	走路	920
ga	伽	918
xiu zheng	修正	918
qing shui	清水	918
nao	瑙	918
cuo	虘	918
feng ci	讽刺	918
qi	锜	918
chang yuan	长远	918
ge pai	各派	917
hou yi	后裔	917
duo wan	多万	917
bi wu	比武	917
pu tao	葡萄	917
shan	衫	917
che shang	车上	917
xue bai	雪白	917
jie yu	介于	916
nei hong	内讧	916
bo	卜	916
dui ji	堆积	916
cha	姹	916
shi ye	实业	916
xiao	效	916
ai hao	爱好	916
ba	霸	916
man tou	馒头	916
huang he lou	黄鹤楼	916
bu bian zi ben	不变资本	915
zuo	佐	915
yang cheng	养成	915
da bu	大部	915
shan zhen	山珍	915
suo xing	索性	915
yi jia ren	一家人	914
guo jia sen lin gong yuan	国家森林公园	914
xun	巡	914
jie zhi	戒指	914
jian	拣	914
an shi	暗示	914
zui zhang	最长	914
ben xing	本性	914
dong yue	东岳	913
ta jia	他家	913
mao bing	毛病	913
meng	盟	913
cheng zuo	称作	913
zao	糟	913
huo xi	获悉	913
la wei	辣味	913
xiong wei	雄伟	913
yi quan	一圈	912
yi suo	一所	912
shi jian	世间	912
qi	乞	912
he bu	何不	912
ke	咳	912
sao	嫂	912
yi dou	宜都	912
she	涉	912
ji	纪	912
chong qing shi	重庆市	912
jun zhang	军长	911
fang chu	放出	911
zhi fu	知府	911
jiao	窖	911
luo ye	落叶	911
lu zi lin	鹿子霖	911
wan fen	万分	909
wan li	万里	909
xin di	心底	909
da chu	打出	909
shu ma	数码	909
ji fu	肌肤	909
sheng ji	胜迹	909
shuai luo	衰落	909
jian	键	909
fen ge	分割	908
shou	售	908
fu yu	富于	908
xu lie	序列	908
san fa	散发	908
wu ke	无可	908
you de shi	有的是	908
jie ju	结局	908
gang	缸	908
zao jiu	造就	908
yi hao	一号	907
guang xian	光线	907
gu jin	古今	907
gui	圭	907
mo ca	摩擦	907
you wang	有望	907
lai de ji	来得及	907
yong xin	用心	907
tong kuai	痛快	907
xie	蟹	907
lu	卢	906
wai guo ren	外国人	906
dao hang	导航	906
si chao	思潮	906
zheng zhi ju	政治局	906
zhi zai	旨在	906
niu nai	牛奶	906
zhu jiang	珠江	906
hun	荤	906
ling ru	凌辱	905
nan nan	喃喃	905
tao can	套餐	905
bei bu	背部	905
zhe yi xia	这一下	905
xuan piao	选票	905
chen shui bian	陈水扁	905
long zhong	隆中	905
huang jia	黄家	905
zuo shi	做事	904
ben zhang	本章	904
yang yu	洋芋	904
yi lian	一脸	903
liang zhi	两支	903
tou tuo	头陀	903
zai	宰	903
qiang xing	强行	903
shi yin wei	是因为	903
qian jiang	潜江	903
pao bing	炮兵	903
fu	符	903
su	肃	903
yi liu	遗留	903
ju	勮	901
huai yun	怀孕	901
bei	悲	901
chou xiang	抽象	901
shi guang	时光	901
chao zhe	朝着	901
ju hui	聚会	901
che pai	车牌	901
shou zhang	首长	901
gu xi la	古希腊	900
you pai	右派	900
hao zhuan	好转	900
shi nei	市内	900
suo you ren	所有人	900
dan bao	担保	900
ba chu	拔出	900
gai zhi	改制	900
sha shang	杀伤	900
hui mie	毁灭	900
yu	渔	900
wang fu ren	王夫人	900
xian bei	鲜卑	900
bu da	不大	899
dan yuan	单元	899
nu yi	奴役	899
zi gong	子宫	899
shuai	帅	899
xiao ji	消极	899
yan hua	演化	899
jian	熸	899
ge fang	各方	898
shi zhong xin	市中心	898
xi te lei	希特勒	898
suo zhi	所指	898
pao sheng	炮声	898
zao	藻	898
jin gong	进宫	898
jiao ao	骄傲	898
da xia	大侠	897
hong	宏	897
shan xia	山下	897
wu mei	舞美	897
nan mian	南面	896
heng shan	恒山	896
jing qi	惊奇	896
na lai	拿来	896
huang tai ji	皇太极	896
zhi yan	直言	896
zhu mu	瞩目	896
yuan	箢	896
lv	閭	896
yi dui	一队	895
shu xing	属性	895
zhi xiang	指向	895
yi	椅	895
jiang mian	江面	895
xi an	西岸	895
xian xie	险些	895
gao ming	高明	895
wu bao	五保	894
qian feng	前锋	894
zhu zi	柱子	894
zhu	株	894
chao ji	超级	894
jian jie xuan ju	间接选举	894
zhong hua xun	中华鲟	892
chang zhang	厂长	892
shou cheng	守城	892
gong zuo ri	工作日	892
zong guan	总管	892
fa wang	法王	892
rong ji	溶剂	892
xiang jiu	相救	892
ji	藉	892
xiang zhou	襄州	892
wan dou	豌豆	892
e xi bei	鄂西北	892
gao zhang	高涨	892
gong zhi	公职	891
si zhang	司长	891
zui jiao	嘴角	891
si chuan sheng	四川省	891
da yang	大洋	891
xi	徙	891
gai liang	改良	891
ci lei	此类	891
liu xie	流血	891
sha	纱	891
zhe hui	这回	891
ling di	领地	891
hua zhong shi fan da xue	华中师范大学	890
fu xing	复兴	890
you chong	幼虫	890
shan	繕	890
zi xue	自学	890
jie da	解答	890
chan yu	产于	889
da ju	大举	889
qiang jing	强劲	889
te yi	特意	889
ci ba	糍粑	889
mei wei	美味	889
ju	菊	889
jiao cha	较差	889
zhang zi	长子	889
yi zao	一早	888
ji sheng	几声	888
jue qi	崛起	888
kai chu	开出	888
zong dui zhang	总队长	888
shu ri	数日	888
ming mo	明末	888
que qie	确切	888
peng shang	碰上	888
luo tian	罗田	888
zu ai	阻碍	888
qu zhu jian	驱逐舰	888
feng	丰	887
qin shi	侵蚀	887
an xiang	安乡	887
shan hai guan	山海关	887
di bu	底部	887
wei sheng wu	微生物	887
xian yi	现役	887
jing ji zuo wu	经济作物	887
pin	贫	887
jue	勪	886
bian tai	变态	886
shan feng	山峰	886
wan bei	晚辈	886
yue qiu	月球	886
gen yuan	根源	886
lian he guo jiao ke wen zu zhi	联合国教科文组织	886
dai	贷	886
yuan an	远安	886
wei	闈	886
yan zheng	验证	886
qian xi	前夕	884
fu shi	服侍	884
mie jue	灭绝	884
fan mang	繁忙	884
luo dao	落到	884
lian sheng	连声	884
ji tuan jun	集团军	884
feng qing	风情	884
zhong dui	中队	883
nei cheng	内城	883
li	吏	883
jun heng	均衡	883
dan you	担忧	883
bu lao	捕捞	883
huo yao	火药	883
di qi	第七	883
jing ying	精英	883
yang xin	阳新	883
feng shui	风水	883
shou pi	首批	883
qi ge	七个	882
jue	嚼	882
tou er	头儿	882
dai shang	带上	882
qia dang	恰当	882
jie jian	接见	882
zhao li	照例	882
tu	秃	882
que dian	缺点	882
jiao luo	角落	882
pi ru	譬如	882
ji xiang	迹象	882
gou jie	勾结	881
shi qi nian	十七年	881
zuo biao	坐标	881
zhi	庢	881
bao fu	报复	881
xing huo ji hua	星火计划	881
shi qiao	石桥	881
nian	辇	881
lu	卤	880
guo gong	国共	880
rong	嬫	880
fu	弗	880
kuai zhao	快照	880
zhi neng	智能	880
sheng chan fang shi	生产方式	880
liu gei	留给	880
zhan zhang	站长	880
jing xuan	竞选	880
zhu nian	逐年	880
pei jian	配件	880
yi deng	一等	879
wan gong jin	万公斤	879
zhong mi du	中密度	879
gang	冈	879
ke zhi	可知	879
da sha	大厦	879
cha e xuan ju	差额选举	879
zhe teng	折腾	879
jie ying	接应	879
yi	揖	879
jiang xia jun	江夏郡	879
zhu rou	猪肉	879
xiang chu	相处	879
zao zhi	造纸	879
qi hou	其后	878
bei an	北岸	878
bei men	北门	878
nv lang	女郎	878
bao kan	报刊	878
lan gan	栏杆	878
xie	械	878
huan hu	欢呼	878
hui he	汇合	878
tai shan	泰山	878
bing bian	病变	878
zhi fang	纸坊	878
cao cong	草丛	878
ying jian	营建	878
jiang shu	讲述	878
zhong xiang shi	钟祥市	878
jing jing di	静静地	878
zhong zhuan	中专	877
qin zheng	亲征	877
bang wan	傍晚	877
lao dong ren min wen hua gong	劳动人民文化宫	877
hua dong	华东	877
la	喇	877
wu ji	屋脊	877
shui dian	水电	877
tong shuai	统率	877
ge gu	个股	875
bo	博	875
dun huang	敦煌	875
xin hua men	新华门	875
sang	桑	875
qing xin	清新	875
qing wen	请问	875
guo chan	国产	874
tian he ji chang	天河机场	874
shi huang	拾荒	874
zhu bao	珠宝	874
zhong yang wei yuan hui	中央委员会	873
zhong zhou	中洲	873
tang shi	倘使	873
leng que	冷却	873
hua rong xian	华容县	873
sang zi	嗓子	873
hong wei	宏伟	873
yan hu	掩护	873
gun gun	滚滚	873
xiang yu	项羽	873
ge chu	各处	872
ku sheng	哭声	872
xing xi	星系	872
luo qing quan	罗清泉	872
han lin yuan	翰林院	872
mo di	蓦地	872
jia zhi jie	贾志杰	872
chi dao	赤道	872
shan dian	闪电	872
yi shi	一世	871
chuang shi ren	创始人	871
nan ji	南极	871
cheng jiao	城郊	871
kun	昆	871
gou	构	871
zhong duan	终端	871
ying guo ren	英国人	871
chang chun	长春	871
bu zhong	不中	870
wang guo sheng	王国生	870
jiang zhu ping	蒋祝平	870
pin ku	贫苦	870
gen qian	跟前	870
shen wei	身为	870
yu	逾	870
sui ji	随机	870
shi guan	使馆	869
fu de hui	傅德辉	869
liu zi hua	刘子华	869
bei mian	北面	869
zhang wan qu	张湾区	869
yang qiao hu	杨桥湖	869
peng	棚	869
jiao shan he	焦山河	869
wan ju	玩具	869
luo shi	珞狮	869
kan cheng	看成	869
xiang cheng qu	襄城区	869
zou ma ling	走马岭	869
xuan yong	选用	869
tou guo	透过	869
dou	陡	869
yin bi	隐蔽	869
yu jing	预警	869
gao ji miao	高基庙	869
jiu	鸠	869
cui cu	催促	868
xiang xia	向下	868
kan	堪	868
zhao yang	朝阳	868
ji neng	机能	868
liu lu	流露	868
duan xin	短信	868
mo mo di	默默地	868
xia shan	下山	866
qi	企	866
kuang qie	况且	866
rui	瑞	866
xing cheng	行程	866
bei fu	被俘	866
shi	适	866
feng sheng	风声	866
ya yun hui	亚运会	865
da dao	大刀	865
xu zhou	徐州	865
long	拢	865
zheng tong	正统	865
zhong shu	中枢	864
qi shi	其时	864
xie cheng	写成	864
bian	匾	864
hm	噷	864
tuo xie	妥协	864
shan tou	山头	864
dian bao	电报	864
yun	韵	864
zhong jiang	中将	863
chuan da	传达	863
chu bing	出兵	863
chang di	场地	863
bao ku	宝库	863
hui	惠	863
cuo zhe	挫折	863
dian	滇	863
guan yin	观音	863
zhuan xing	转型	863
chang jiu	长久	863
chen shu	陈述	863
yi wei	一味	862
yi lu shang	一路上	862
shang tai	上台	862
ti zhi	体质	862
bao shou	保守	862
li cheng	历程	862
chu zai	处在	862
ji mo	寂寞	862
lao fu	老夫	862
tuo shen	脱身	862
rong huo	荣获	862
zhong yang zheng zhi ju	中央政治局	861
zhi jiang	之江	861
ming zhong	命中	861
bao	豹	861
chang qi yi lai	长期以来	861
ge xia	阁下	861
yi shi	以示	860
quan qiu hua	全球化	860
ti ba	提拔	860
bian cheng	编成	860
zhuan wei	转为	860
da fu du	大幅度	858
huan guan	宦官	858
dui zhun	对准	858
shan zhai	山寨	858
mei	嵋	858
shu zhi	树枝	858
zheng gui	正规	858
hua ju	话剧	858
jin si	近似	858
shan shuo	闪烁	858
wen shi	问世	858
cu	促	857
jing se	景色	857
shan hu	珊瑚	857
ci	瓷	857
sui	繀	857
zhou	绉	857
zhen fa	阵法	857
ba jiao	八角	856
dan	勯	856
mao	帽	856
yan	彦	856
cao zuo xi tong	操作系统	856
wu qiong	无穷	856
zi yuan	自愿	856
cu	醋	856
ge lu	各路	855
shen yin	呻吟	855
xi yue	喜悦	855
ping ding	平定	855
duan lie	断裂	855
xian he	显赫	855
cao yun	漕运	855
ba	耙	855
shan	膳	855
po qie	迫切	855
feng qi	风气	855
qu dong	驱动	855
da zi	大字	854
xing qing	性情	854
chi jiu	持久	854
zhang men ren	掌门人	854
ben jie	本届	854
zao gao	糟糕	854
fu rong	芙蓉	854
zhe bi	这笔	854
ju cuo	举措	853
shi yi	事宜	853
ming jiang	名将	853
zuo bian	左边	853
zhuang	桩	853
lang man	浪漫	853
shi	狮	853
na ri	那日	853
jiao cha	交叉	852
jin ye	今夜	852
xing fa	刑罚	852
da hong	大红	852
mu rong	慕容	852
huo zhe shuo	或者说	852
xiao li	效力	852
qi pian	欺骗	852
cheng ling su	程灵素	852
su you	素有	852
cheng	诚	852
juan	鐫	852
cui hua ji	催化剂	851
tou mu	头目	851
si ying	私营	851
ci hui	词汇	851
zhong xing	中型	849
tian xing	天星	849
gao hao	搞好	849
zhen cheng	真诚	849
xi yang	西洋	849
hui hou	会后	848
jun zheng	军政	848
dan	啗	848
qu ti	躯体	848
jiao	剿	847
sheng shi	声势	847
feng ming	奉命	847
bing ru	并入	847
han	旱	847
liu chu	流出	847
hong	闀	847
zhong yang jun wei	中央军委	846
di wen	低温	846
ke bi	可比	846
cha dian	差点	846
mu tou	木头	846
jian	歼	846
yan jiang	演讲	846
ying lai	迎来	846
san shi	三十	845
qin shou	亲手	845
yi zhi yu	以至于	845
dong tan	动弹	845
di tan	地毯	845
sheng cheng	声称	845
gan kai	感慨	845
wen wu bai guan	文武百官	845
jian mie	歼灭	845
yi xin	疑心	845
guan zi	罐子	845
lao shu	老鼠	845
she ji shi	设计师	845
chao	钞	845
lang	閬	845
chen du xiu	陈独秀	845
chu qu	除去	845
yi xiang	一响	844
yin di an ren	印第安人	844
shan zhong	山中	844
yong bu zhe	用不着	844
yan	艳	844
zai you	再有	843
qi fa	启发	843
an li	案例	843
dian er	点儿	843
xiang jin	相近	843
lao tou zi	老头子	843
fen lan	芬兰	843
tao yan	讨厌	843
cong lin	丛林	841
jue ding xing	决定性	841
qi xie	器械	841
di qiao	地壳	841
jing wai	境外	841
fang men	房门	841
lai li	来历	841
qiao mian	桥面	841
jin di	禁地	841
yi	逸	841
jian	鑳	841
yi zhu	一株	840
lang	埌	840
gan huo	干活	840
e hua	恶化	840
xia	狭	840
chang	畅	840
ji wei	继位	840
guan	贯	840
bu jin ru ci	不仅如此	839
yan jin	严谨	839
xiu zhu	修筑	839
qian li	千里	839
bian zhi	变质	839
xi	嘻	839
bao	暴	839
yue jing	月经	839
sen	森	839
zhi shu	直属	839
ji fen	积分	839
wei ye na	维也纳	839
jia	颊	839
yi jin	一斤	838
wai chu	外出	838
shao ye	少爷	838
jie	捷	838
dian zi shu	电子书	838
ji cheng	集成	838
zhu wai	驻外	838
jia shen	加深	837
ju xian	局限	837
zhang peng	帐篷	837
pai shui	排水	837
fang da	放大	837
ge ju	歌剧	837
huo po	活泼	837
fen	瀵	837
xiang jiao	相交	837
xiang jie	相接	837
di san pi	第三批	837
men kan	门槛	837
nan min	难民	837
yuan yang	鸳鸯	837
bao ding	保定	836
gong qing	公顷	836
da gang	大纲	836
you lv	忧虑	836
hui	悔	836
duan zheng chun	段正淳	836
shui liang	水量	836
han shui	汉水	836
chen si	沉思	836
jin yi wei	锦衣卫	836
xian yu	陷于	836
shou guo	受过	835
liang shan	梁山	835
yan	炎	835
pao ta	炮塔	835
xin shui	薪水	835
yi duan	一端	834
chu li qi	处理器	834
shou shi	手势	834
chao dai	朝代	834
lou xia	楼下	834
shi hua	石化	834
fan mai	贩卖	834
gong you	共有	832
tai shi	态势	832
dong kou	洞口	832
yi dian dian	一点点	831
yi zu	一组	831
san ri	三日	831
lie ning	列宁	831
feng xian	奉献	831
lao	姥	831
xiao kang	小康	831
qiang shi	强势	831
guo shu	果树	831
xiu	潃	831
bu ji	补给	831
yu fa	语法	831
lian jie	链接	831
jiao zhan	交战	830
song chao	宋朝	830
wei ba	尾巴	830
yi zu	彝族	830
xing zhi	形制	830
fang xia	放下	830
jin	斤	830
lan	栏	830
pai zi	牌子	830
guan	罐	830
tao	陶	830
mo mo	默默	830
bu ding	不定	829
qin lve jun	侵略军	829
can sai	参赛	829
shao yu	少于	829
shou gong	手工	829
guan jia	管家	829
geng	羹	829
fu shi	腐蚀	829
qi cao	起草	829
ji jie	集结	829
ru xue	入学	828
chuang zao xing	创造性	828
shi zu	十足	828
fu hu	富户	828
fang wei	方位	828
shui wei	水位	828
jin tie	津贴	828
wang wei	王位	828
lao hu	老虎	828
he	龢	828
bu duo shi	不多时	827
hong	垬	827
you yong	有用	827
yan jing	眼镜	827
liu	硫	827
shen tai	神态	827
zui e	罪恶	827
qian yi	迁移	827
dui you	队友	827
shang chang	商场	826
cai se	彩色	826
zhi yuan zhe	志愿者	826
ai zheng	癌症	826
xian suo	线索	826
jie jing	结晶	826
zhu zha	驻扎	826
ya pian	鸦片	826
yi ce	一侧	825
liang jian	两件	825
ti yu chang	体育场	825
nan ce	南侧	825
yuan you	原油	825
gan tan	感叹	825
lai de	来得	825
wen	璺	825
bei ying	背影	825
yu zu	语族	825
yu jian	遇见	825
you	铀	825
san lu	三路	823
jiang	匠	823
fan zhi	反之	823
da ma	大妈	823
gui lai	归来	823
cai xiang	猜想	823
liang xin	良心	823
nan guai	难怪	823
mian kong	面孔	823
lan zhou	兰州	822
wai ren	外人	822
qi yue	契约	822
qian	搴	822
bai zai	摆在	822
shui shang	水上	822
ma pi	马匹	822
e	鳄	822
yi gong	一共	821
shang fang	上方	821
dong ou	东欧	821
yi wu jiao yu	义务教育	821
ban kong	半空	821
xie zuo	协作	821
ge zhong ge yang	各种各样	821
hu di	忽地	821
bu	簿	821
cang bai	苍白	821
xing shi	行驶	821
a li	阿里	821
xie chu	写出	820
shuang xi	双喜	820
shi ti	实体	820
you	幽	820
zhan shou	斩首	820
zhu she	注射	820
zhe	浙	820
bian zhong	编钟	820
yue qi	跃起	820
zhong xing	重型	820
quan ju	全局	819
nei zai	内在	819
bei yang jun fa	北洋军阀	819
zai wei	在位	819
shi qi	士气	819
kai wan xiao	开玩笑	819
zhang	胀	819
ji zhe hui	记者会	819
you	佑	818
xing shuai	兴衰	818
hu	唬	818
sheng di	圣地	818
dang zhu	挡住	818
kan bu dao	看不到	818
jing shou	经受	818
xin	薪	818
jing	警	818
gu di	谷地	818
shi ji	事迹	817
xi qu	吸取	817
ta	塌	817
da quan	大权	817
chang lv	常绿	817
qi quan	弃权	817
leng	楞	817
zhe jiang sheng	浙江省	817
mi ge	米格	817
jiang qiu	讲求	817
qin shu	亲属	815
ru jing	入境	815
dan dao	单刀	815
hao qi	好奇	815
dang zuo	当做	815
an shi	按时	815
zui hao	最好	815
xiang zi	箱子	815
mao	茅	815
zan tong	赞同	815
yun suan	运算	815
jin zhu	进驻	815
yao shi	钥匙	815
e si	饿死	815
bu you	不由	814
chu ji	出击	814
tong	桶	814
luo	欏	814
wu jing	武警	814
bai fen dian	百分点	814
zhi ming	致命	814
wang ri	往日	813
kun	捆	813
lun wei	沦为	813
liu zei	流贼	813
xian ren	现任	813
shao wei	稍微	813
li zu	立足	813
jiu bei	酒杯	813
cai ji	采集	813
gao chan	高产	813
gu chui	鼓吹	813
ya suo	压缩	812
can jian	参见	812
xuan cheng	宣称	812
shan dong sheng	山东省	812
xi	悉	812
wu shuang qi	无霜期	812
ta shang	踏上	812
gao ci	告辞	811
fu pin	扶贫	811
hui wu	挥舞	811
ben sheng	本省	811
sheng chu	牲畜	811
zhao ling	诏令	811
qing gong ye	轻工业	811
zhong xiao qi ye	中小企业	810
ding ran	定然	810
wo zhu	握住	810
zhi shi chan quan	知识产权	810
han	罕	810
e zhi	遏制	810
lu	鏀	810
gong chen	功臣	809
ji	嗘	809
po	婆	809
xin ren	新人	809
chen zhuo	沉着	809
shen	申	809
yue	阅	809
hei ye	黑夜	809
er ge	二哥	808
ni jia	你家	808
tong	勭	808
ya ba	哑巴	808
chui ti	垂体	808
tai he	太和	808
bin	彬	808
li	黎	808
ju tuan	剧团	806
ke zhen e	柯镇恶	806
qiu tian	秋天	806
luo cha	罗刹	806
yu	裕	806
ding li	订立	806
fen bian	分辨	805
shen ye	深夜	805
xia zi	瞎子	805
yin ju	隐居	805
yi fu	义父	804
wai shi	外事	804
nv sheng	女生	804
gu du	孤独	804
song si ming	宋思明	804
ceng ceng	层层	804
zong jian	总监	804
yan tu	沿途	804
suo ni	索尼	804
cao di	草地	804
tiao jie	调解	804
che zi	车子	804
zheng zhong	郑重	804
jin shui qiao	金水桥	804
zhi dui	支队	803
gong po	攻破	803
ti	梯	803
cong	葱	803
shou shi	首饰	803
ling	龄	803
wan ren ci	万人次	802
shang jiang	上将	802
shao	捎	802
cao lian	操练	802
lv dou	绿豆	802
dong xiao wan	董小宛	802
luo	螺	802
ya shu	衙署	802
hai hao	还好	802
ye ba	也罢	801
bu shen	布什	801
dang mian	当面	801
bo zhong	播种	801
shui tu	水土	801
you tai ren	犹太人	801
wan	皖	801
hong hua	红花	801
shen fen zheng	身份证	801
duo bi	躲避	801
bu li	不理	800
hou gong	后宫	800
zhi xia	直辖	800
chuang hu	窗户	800
guan li zhe	管理者	800
wen luan	紊乱	800
ke tang	课堂	800
fu mian	负面	800
qin lao	勤劳	798
da huo	大伙	798
mo	摹	798
shan	杉	798
bai ma	白马	798
xi xiang dong	西向东	798
qing gong	轻工	798
ning ju	凝聚	797
gong lao	功劳	797
li	澧	797
jiao bu sheng	脚步声	797
ren tong	认同	797
ye wai	野外	797
shan bei	陕北	797
luo tuo	骆驼	797
gao dang	高档	797
ren ying	人影	796
chong shi	充实	796
ru kou	入口	796
bei ce	北侧	796
da jie	大姐	796
hao duo	好多	796
gong di	工地	796
di hou	敌后	796
guan zhi	管制	796
ju ju	聚居	796
zhi zun	至尊	796
fan	藩	796
cai jue	裁决	796
shan bi	闪避	796
niao kan	鸟瞰	796
ba gua	八卦	795
bo ke	博客	795
yin du ni xi ya	印度尼西亚	795
duo	墮	795
jiu yuan	救援	795
wen ge	文革	795
hu shuo ba dao	胡说八道	795
xing xing	行星	795
yu	预	795
yi shi qi	一时期	794
ling chen	凌晨	794
ji ri	几日	794
li shui	利税	794
qi cai	器材	794
da shu	大树	794
xing hao	幸好	794
jie ke	捷克	794
liu shi	流失	794
liao fa	疗法	794
lian shou	联手	794
luo	鏍	794
fan cai	饭菜	794
e	鹅	794
ru shi	入市	793
fen gong si	分公司	793
shuang bian	双边	793
hua	哗	793
kua zhang	夸张	793
yao jing	妖精	793
de jun	德军	793
xing li	行礼	793
po hai	迫害	793
tao ci	陶瓷	793
xia hua	下滑	792
liang duan	两端	792
ti cao	体操	792
xie	挟	792
li	欐	792
bu jian	部件	792
yu bao	预报	792
xia luo	下落	791
suo you quan	所有权	791
wu xian	无线	791
lai shi	来时	791
jin jie zhe	紧接着	791
hu shuo	胡说	791
jie ti	阶梯	791
xiong meng	凶猛	789
shi san nian	十三年	789
shi er nian	十二年	789
ke xiao	可笑	789
xin gao	新高	789
hao hao dang dang	浩浩荡荡	789
pan wang	盼望	789
jie suan	结算	789
xing jing	行径	789
lu qiao	路桥	789
jin ya	金牙	789
zheng	铮	789
yu di	余地	788
guan huai	关怀	788
fan dong pai	反动派	788
hou tui	后退	788
na han	呐喊	788
di liu	第六	788
dan wu	耽误	788
gan	赣	788
lu bian	路边	788
jin jing	进京	788
wu ke lan	乌克兰	787
chou hen	仇恨	787
nian mo	年末	787
e xin	恶心	787
jing fang	警方	787
jue	诀	787
gu wu	谷物	787
jiang	酱	787
dui	鐜	787
zhui	锥	787
zhen han	震撼	787
qing lai	青睐	787
bu dui	不对	786
jiao cuo	交错	786
li tu	力图	786
ai	哀	786
duo yong	多用	786
dui le	对了	786
suo you zhi	所有制	786
dan zi	担子	786
gong da	攻打	786
lin li	林立	786
sha seng	沙僧	786
si	涘	786
lao gu	牢固	786
lin	琳	786
shen qi	神奇	786
nuo mi	糯米	786
xi zhi	细致	786
mai chong	脉冲	786
jie sheng	节省	786
bei er	贝尔	786
jin xing	金星	786
dang zu zhi	党组织	785
ying jie	应届	785
zai qu	灾区	785
lun liu	轮流	785
zhu jue	主角	784
yu	俞	784
duo	堕	784
jing di	境地	784
zeng shou	增收	784
kui	夔	784
wai xing	外形	784
dian chi	电池	784
fang zhi pin	纺织品	784
zhong zhi	终止	784
sheng zi	绳子	784
hao	蒿	784
hang lie	行列	784
shi shi	试试	784
ru	辱	784
ling mu	陵墓	784
nan ya	南亚	783
si xiang	四项	783
mu shi	墓室	783
zi shi	姿势	783
ji jing	寂静	783
sou ji	搜集	783
nong suo	浓缩	783
gan zhe	甘蔗	783
liao xiao	疗效	783
die	碟	783
zi ran ke xue	自然科学	783
ji jiao	计较	783
du shi	都市	783
qian suo wei you	前所未有	781
pin wei	品位	781
huai ren	坏人	781
wu han da xue	武汉大学	781
zhu ding	注定	781
geng zuo	耕作	781
mang ran	茫然	781
tan tan	谈谈	781
nan guo	难过	781
fu ma	驸马	781
chuang zhi	创制	780
kou qiang	口腔	780
jian shou	坚守	780
man	曼	780
fa ren	法人	780
yan lun	言论	780
ya zhi	压制	779
wu mo xi	吴摩西	779
guo ji hua	国际化	779
fen wei	氛围	779
zhao she	照射	779
fa kuan	罚款	779
yun zhuan	运转	779
mi xin	迷信	779
jin er	今儿	778
ming lie	名列	778
kang di	抗敌	778
nuo	挪	778
yan cao	烟草	778
shen nong	神农	778
ge li	隔离	778
yi chuan	一串	777
cheng zuo	乘坐	777
jian you	兼有	777
ke kou	可口	777
ci	慈	777
chao zheng	朝政	777
qiu de	求得	777
bai hua	百花	777
qin ling	秦岭	777
jun gong	竣工	777
zou shi	走势	777
xia she	下设	776
yi si lan	伊斯兰	776
xiong zhang	兄长	776
jia ban	加班	776
shan lu	山路	776
yu shi	御史	776
di fang	敌方	776
ming zhu	明珠	776
rou ruan	柔软	776
hong wu	洪武	776
lao jia	老家	776
xing jun	行军	776
lao	鐒	776
chang chang de	长长的	776
zhu shou	助手	775
qu hua	区划	775
hou du	厚度	775
gao zhi	告知	775
wai wei	外围	775
shi tu	师徒	775
mu rong fu	慕容复	775
wang zi	王子	775
zhi	芝	775
yi jin	衣襟	775
e yu wan	鄂豫皖	775
zhong xing	中兴	774
jie ru	介入	774
shi di	似地	774
yi	怡	774
cheng hua	成化	774
pao qi	抛弃	774
qi	栖	774
lan	篮	774
su ge la di	苏格拉底	774
fan li	范蠡	774
hong zha	轰炸	774
yuan xiao	远销	774
zhen shang	镇上	774
chen xia zi	陈瞎子	774
tu	兔	772
e	厄	772
ge shi	格式	772
mei gu	每股	772
ban tu	版图	772
qie	窃	772
cheng xin	诚信	772
men lei	门类	772
yi	驿	772
da kuai	大块	771
cha kan	察看	771
can kui	惭愧	771
ban li	板栗	771
you mu	游牧	771
di er nian	第二年	771
xian mu	羡慕	771
hui lu	贿赂	771
guo jing	过境	771
xuan ju quan	选举权	771
wei ming	为名	770
ning shi	凝视	770
kan deng	刊登	770
di ban	地板	770
tian da	天大	770
dao shi	导师	770
zheng yue	正月	770
yong bu	永不	770
dong xue	洞穴	770
sha	莎	770
yi cheng	议程	770
gong	贡	770
er	饵	770
yue fei	岳飞	769
wang shi	往事	769
wen quan	温泉	769
rong yu	溶于	769
ji zhan	激战	769
huang	煌	769
qian yin	牵引	769
po lie	破裂	769
pin qiong	贫穷	769
ti ge	体格	768
bao zhu	保住	768
qiang	呛	768
zai	哉	768
sheng zhi	圣旨	768
tian shan	天山	768
xiao kong	小孔	768
jing hu	惊呼	768
ni	暱	768
wei jing	未经	768
ta	榻	768
sheng yuan	生源	768
he ye	荷叶	768
bian zhi	贬值	768
lun chuan	轮船	768
shi zhan	实战	767
dang cheng	当成	767
lou ti	楼梯	767
shui yuan	水源	767
zhu yi li	注意力	767
ao	澳	767
bai gong	白宫	767
yan tao hui	研讨会	767
ying zhang	营长	767
xue	薛	767
gai xiao	该校	767
du cha yuan	都察院	767
luo zi	骡子	767
shang bao	上报	766
nong li	农历	766
chu chang	出场	766
shuan	拴	766
re men	热门	766
sheng wu xue	生物学	766
dun	盾	766
gou	緱	766
geng	耕	766
zhi	脂	766
jian zheng	见证	766
bi jin	逼近	766
chang zhi jiu an	长治久安	766
long qing	隆庆	766
jing mai	静脉	766
shi xi	世袭	765
dong jin	东晋	765
xiang xia	乡下	765
qin	勤	765
qian chi	千尺	765
shan shi	山石	765
hu shi	护士	765
jiao lv	焦虑	765
liang shou	两手	763
bao mi	保密	763
dai zu	傣族	763
fan qian	反潜	763
jin tou	尽头	763
chao	巢	763
dai tou	带头	763
ze	择	763
li peng	李鹏	763
duan zan	短暂	763
meng gu ren	蒙古人	763
fu shui	赋税	763
shi wu suo	事务所	762
kai ban	开办	762
xia xun	下旬	761
shu mian	书面	761
shuang bi	双臂	761
pi jiu	啤酒	761
pai dui	排队	761
sheng suo	绳索	761
ya zi	鸭子	761
jiu ge	九个	760
you bian	右边	760
zhui	坠	760
guang bu	广布	760
dian pu	店铺	760
ren nai	忍耐	760
huang mang	慌忙	760
lve duo	掠夺	760
bo dou	搏斗	760
wu ke nai he	无可奈何	760
sheng chan neng li	生产能力	760
shi men	石门	760
shi jue	视觉	760
shen zhe	身着	760
ma liang	马良	760
er shi	二世	759
xing fa	刑法	759
dan ci	单词	759
fan gong	反共	759
xiang yang	向阳	759
bi shang	壁上	759
tou tong	头痛	759
nv xu	女婿	759
bin guan	宾馆	759
dan	氮	759
you hua	油画	759
yi nan	疑难	759
di san ge	第三个	759
xi ya	西亚	759
xi cheng	西城	759
qi jin	迄今	759
zhong yong	重用	759
cheng ke	乘客	758
chuan song	传送	758
nan si la fu	南斯拉夫	758
gu du	古都	758
yan hou	咽喉	758
si tong ba da	四通八达	758
fu zhi	复制	758
xing yun	幸运	758
cheng jiao	成交	758
hua	樺	758
zhu wei	诸位	758
qi bing	起兵	758
li ming	黎明	758
zhu jiao lian	主教练	757
wei shi	卫士	757
li shi xing	历史性	757
si ma	司马	757
kun rao	困扰	757
da da de	大大的	757
cha jue	察觉	757
gong xu	工序	757
pa	帕	757
shu lin	树林	757
ai er lan	爱尔兰	757
hong wai	红外	757
jia	钾	757
yi ke	一棵	755
xiang	亯	755
dang zheng	党政	755
lie	咧	755
da zhong xing	大中型	755
zhan	嶄	755
xu tian hong	徐天宏	755
yan	研	755
qin shi huang	秦始皇	755
ni	腻	755
she bu de	舍不得	755
guan shang	观赏	755
zao chuan	造船	755
jiao qu	郊区	755
wu si	五四	754
gang hao	刚好	754
hu huan	呼唤	754
yuan zhu	圆柱	754
jia dian	家电	754
shi ji	市级	754
wang	枉	754
lu wei	芦苇	754
zhu guo	诸国	754
yin man	隐瞒	754
can ting	餐厅	754
zhu shuai	主帅	753
wu shi	五十	753
dong dang	动荡	753
tong lei	同类	753
song shan	嵩山	753
xing zi	性子	753
zhi quan	治权	753
tong ku	痛哭	753
ying jun	英军	753
ding duan	顶端	753
hei bai	黑白	753
yi qiu	以求	752
gong xiang	共享	752
xi shi	喜事	752
mu zang	墓葬	752
dang wan	当晚	752
dang zhe	当着	752
kang ji	抗击	752
you	祐	752
fen	粪	752
hong niang zi	红娘子	752
hui	诲	752
zhong zhen	重镇	752
chong yang	重阳	752
chen lie	陈列	752
bu nai fan	不耐烦	751
jun fei	军费	751
hua wei	化为	751
ya yi	压抑	751
ken	啃	751
ping	娉	751
bu man	布满	751
jian gong	建工	751
die	戜	751
jiao shi	教室	751
xian shi qi	显示器	751
wang yuan jing	望远镜	751
gui	柜	751
jiang xi sheng	江西省	751
po yi	破译	751
ku zi	裤子	751
yi yu	一隅	750
san ming	三名	750
san jiao zhou	三角洲	750
liang sheng	两声	750
yun wu	云雾	750
hui wu	会晤	750
gong cheng	宫城	750
you tian	油田	750
xiong tang	胸膛	750
li	裏	750
tong gao	通高	750
yi	邑	750
gu	雇	750
shou zuo	首座	750
bu zhi bu jue	不知不觉	749
ju ren	举人	749
xian ling	先令	749
shuang chong	双重	749
yu	嬩	749
wu chang	无偿	749
can ji	残疾	749
liu shui	流水	749
li cai	理财	749
sheng zheng fu	省政府	749
sheng di	胜地	749
xiu lian	修炼	748
zhai	债	748
shi yi wu	十一五	748
pi	屁	748
da zao	打造	748
ri jian	日渐	748
bo chang	波长	748
zi	滋	748
ba	胈	748
mang	芒	748
ying te er	英特尔	748
wei zhong xian	魏忠贤	748
zuo wen	作文	746
wai ke	外科	746
ke chang	客场	746
dao you	导游	746
zong gong	总共	746
shui wen	水文	746
yong yao	用药	746
ai	艾	746
nie	鑷	746
shi tang	食堂	746
zhuan	馔	746
ma lu	马路	746
san yuan	三元	745
liang xia	两下	745
liang dao	两道	745
dang pai	党派	745
ao	凹	745
tu bo	吐蕃	745
zhang ying cai	张英才	745
yu lai yu	愈来愈	745
zhen xing	振兴	745
fu	敷	745
han wen	汉文	745
tian jia ji	添加剂	745
gang ao	港澳	745
mo ming qi miao	莫名其妙	745
zai	菑	745
tong da	通达	745
zhong xia you	中下游	744
fa dou	发抖	744
shang mao	商贸	744
jian shi	坚实	744
yin ren zhu mu	引人注目	744
ni sha	泥沙	744
chu	畜	744
sheng guo	胜过	744
zuan jin	钻进	744
san zuo men	三座门	743
shang xian	上线	743
bu dang	不当	743
yue dui	乐队	743
hu dong	互动	743
jiao xing	侥幸	743
dao tui	倒退	743
li zheng	力争	743
qi wu	器物	743
wai wen	外文	743
yu	寓	743
dao xiang	导向	743
xun luo	巡逻	743
nian ji	年级	743
nu huo	怒火	743
yang ren	洋人	743
zhao yang	照样	743
du ju	独具	743
mi	禰	743
na nian	那年	743
liang xiang	亮相	742
dui wai mao yi	对外贸易	742
ping sheng	平生	742
ban	扳	742
yu	育	742
ye zhan jun	野战军	742
qiao	鞘	742
bu rong	不容	741
wu yun	乌云	741
quan guo dai biao da hui	全国代表大会	741
ba yi	八一	741
lie qiang	列强	741
you qing	右倾	741
si ming	四名	741
zeng zhi	增至	741
tian he	天河	741
chang de	常德	741
fang jia	房价	741
nin	拰	741
yu qi	玉器	741
zhong nian	终年	741
cui	脆	741
lv	虑	741
bei zi	被子	741
dian	颠	741
jiu jian	九间	740
ren min jun dui	人民军队	740
chang jia	厂家	740
zhou mo	周末	740
jiong	囧	740
tong	庝	740
yi yuan	意愿	740
shou zhi	收支	740
qin mi	亲密	738
ti zhang	体长	738
yu jia	余家	738
ming sheng	名声	738
si mian ba fang	四面八方	738
ping tan	平坦	738
da xia	打下	738
chang kai	敞开	738
xin niang	新娘	738
xin lang	新浪	738
mu ban	木板	738
ji xing	畸形	738
ji wen	积温	738
fang tan	访谈	738
gan hui	赶回	738
yun song	运送	738
men piao	门票	738
shi jie ge di	世界各地	737
hen	佷	737
jia zhuang	假装	737
jiao	娇	737
ning jing	宁静	737
wang hou	往后	737
gong ru	攻入	737
min zhu zhu yi	民主主义	737
pi zi	皮子	737
cu yong	簇拥	737
si	饲	737
chang yi	倡议	736
yang lao	养老	736
jian gu	兼顾	736
wei sheng bu	卫生部	736
yi	庡	736
ying xiang li	影响力	736
sha mu	杉木	736
ji du	极度	736
jian	检	736
bu xing	步行	736
jiang zhong	江中	736
huo sai	活塞	736
xiang yu	相遇	736
mei yu	美誉	736
er hou	而后	736
she de	舍得	736
mai jin	迈进	736
chui	锤	736
fang shui	防水	736
ding shang	顶上	736
shang ke	上课	735
bu ke bi mian	不可避免	735
xi yin li	吸引力	735
shu xia	属下	735
wei bo	微波	735
cha ru	插入	735
wen guan	文官	735
an zi	暗自	735
qi zhi	气质	735
shu lian	熟练	735
di yi wei	第一位	735
feng cai	风采	735
zhai quan	债券	734
quan men	券门	734
qian fang	前方	734
dong shen	动身	734
tian huang	天皇	734
zhang zhao zhong	张召重	734
shi shi	时时	734
jie	杰	734
qi fen	气愤	734
nie	涅	734
gan xin	甘心	734
shi ku	石窟	734
xi shu	系数	734
jin lun	金轮	734
yi kuai er	一块儿	733
qian shen	前身	733
quan shuo	劝说	733
shan ren	善人	733
xun hang dao dan	巡航导弹	733
shi shuo	时说	733
wu li xue jia	物理学家	733
jiang luo	降落	733
huo qing tong	霍青桐	733
zhuan ke xue xiao	专科学校	732
qie shuo	且说	732
hua nan	华南	732
rong mao	容貌	732
fang she xing	放射性	732
xin xi lan	新西兰	732
shu	枢	732
jia shi	假使	731
feng	冯	731
ji zhong	击中	731
bie ming	别名	731
bian fa	变法	731
cheng tou	城头	731
tian ma	天麻	731
shi lu	实录	731
niu zhuan	扭转	731
zheng zhi wei yuan	政治委员	731
ji piao	机票	731
ai xin	爱心	731
yao zu	瑶族	731
pin pin	频频	731
cheng	丞	729
ce mian	侧面	729
chong chu	冲出	729
chi du	尺度	729
zhan bai	战败	729
cuo	搓	729
yao huang	摇晃	729
sha shou	杀手	729
yong an	永安	729
ze	泽	729
re xin	热心	729
shi gao	石膏	729
juan	绢	729
zu li	阻力	729
san lei	三类	728
bu zhi yu	不至于	728
bei	卑	728
fu wu qi	服务器	728
hao ke	毫克	728
lve you	略有	728
bang	磅	728
zong guan	纵贯	728
rao guo	绕过	728
tiao he	调和	728
na ci	那次	728
yu yan	预言	728
gao kong	高空	728
wu se tu	五色土	727
xu li ya	叙利亚	727
zeng zhi	增殖	727
chao xian zu	朝鲜族	727
mu wan qing	木婉清	727
yin	殷	727
jing tong	精通	727
lan tian	蓝天	727
bu zu	部族	727
yi zhan	一战	726
shang yan	上演	726
ya tai di qu	亚太地区	726
ji jing	几经	726
wei you	唯有	726
pai chi	排斥	726
gou jian	构件	726
zhi min zhe	殖民者	726
han gai	涵盖	726
hong	綋	726
shu shi	舒适	726
jie san	解散	726
tang	趟	726
lu tian	露天	726
yi qi	一期	725
fu shen	俯身	725
xie xin	写信	725
shan liang	善良	725
shan kou	山口	725
bing jian	并肩	725
ruo dian	弱点	725
jia ban	甲板	725
shang ci	赏赐	725
zhu zu	驻足	725
zhong shu sheng	中书省	724
gong sheng qiao	公生桥	724
bei wei	北魏	724
tai shou	太守	724
zuo yi	左翼	724
da ru	打入	724
ning	拧	724
wu cong	无从	724
wang wei yu	王纬宇	724
dian ci	电磁	724
xiang shi	相识	724
kan qing	看清	724
luo ma di guo	罗马帝国	724
ji	辑	724
jin gang	金刚	724
xiang	镶	724
chu wai	除外	724
le yu	乐于	723
ya	哑	723
jin	巾	723
wu chu	无处	723
wu xiao	无效	723
ri ji	日记	723
tan wu	贪污	723
qing xing	轻型	723
gui shu	归属	722
zhe zi	折子	722
pai pai	拍拍	722
bao dong	暴动	722
zhen ding	镇定	722
shu sheng	书生	720
ren yong	任用	720
jie kuan	借款	720
hou fang	后方	720
yu jia	御驾	720
shuai dao	摔倒	720
fan duo	繁多	720
jiu chan	纠缠	720
shao xing	绍兴	720
ruo fei	若非	720
gui fan hua	规范化	720
shen xing	身形	720
zhui su	追溯	720
li bian	里边	720
liang kuai	两块	719
jun tuan	军团	719
li yu	利于	719
bo	播	719
shu nian	数年	719
liang qi chao	梁启超	719
dian lu	电路	719
sheng fu	胜负	719
jie ti	解体	719
jing guan	警官	719
jiang jia	降价	719
yuan shou	元首	718
qian bian	前边	718
xian feng	咸丰	718
da shan	大山	718
wei yan	威严	718
shu	庶	718
zheng zhi	整治	718
xian chu	显出	718
ben ban	本版	718
bo hai	渤海	718
wan	绾	718
la	腊	718
yi shang	衣裳	718
shi sheng	师生	717
kun lun	昆仑	717
ying	映	717
jian pu zhai	柬埔寨	717
wu guan	武官	717
du guo	渡过	717
xiao xiang	潇湘	717
zha yao	炸药	717
peng zhuang	碰撞	717
lan qiu	篮球	717
jian shang	肩上	717
hu luan	胡乱	717
shi pian	诗篇	717
zhuan qian	赚钱	717
xin dai	信贷	716
nei zheng	内政	716
zai sheng	再生	716
leng han	冷汗	716
ban jing	半径	716
xi ju	喜剧	716
chang nian	常年	716
gu cheng	故城	716
zui gao feng	最高峰	716
mian se	面色	716
xia ci	下次	715
shang shi	伤势	715
zhi er	侄儿	715
tai wan sheng	台湾省	715
pai zhang	排长	715
zhao ming	照明	715
shou lie	狩猎	715
huan	獾	715
yang	痒	715
xiang	祥	715
xuan	轩	715
shi chu	使出	714
jia qi	假期	714
tai bei	台北	714
cheng qian shang wan	成千上万	714
zi wei	自卫	714
hang kong mu jian	航空母舰	714
shu song	输送	714
xuan xiang	选项	714
du du fu	都督府	714
fang wei	防卫	714
mo jiao	魔教	714
yi yuan	一员	712
san qian	三千	712
wu yue	五岳	712
ban sheng	伴生	712
fen liang	分量	712
tian liang	天亮	712
fang ai	妨碍	712
shi zheng	市政	712
gui na	归纳	712
xing si	形似	712
guan li	惯例	712
zhan ma	战马	712
shuang	爽	712
jing zhi	精致	712
chen ji	趁机	712
yi tuo	依托	711
guan xi ren	关系人	711
sheng yu	剩余	711
yi shi	医师	711
he ji	合计	711
pi	嚭	711
an fu	安抚	711
kai ye	开业	711
xuan shu	悬殊	711
tong	捅	711
lve guo	掠过	711
shu ci	数次	711
shui sheng	水生	711
ji	犱	711
sheng chan zhe	生产者	711
shu	署	711
yuan nei	院内	711
bu ren	不忍	710
guan gong	关公	710
zai san	再三	710
nong chang	农场	710
jiao tu	教徒	710
tian bo guang	田伯光	710
bai zu	白族	710
shen gong	神功	710
xi xi	细细	710
tai er	胎儿	710
zhong ren	重任	710
gao seng	高僧	710
xiu yang	修养	709
quan chang	全场	709
ji ming	几名	709
fei	匪	709
shi qi	十七	709
han sheng	喊声	709
wei feng	威风	709
cheng bao	承包	709
xiong ting bi	熊廷弼	709
jia yu	甲鱼	709
kan wang	看望	709
shen qi	神气	709
zui ming	罪名	709
zeng	赠	709
gan mang	赶忙	709
can	餐	709
guai	乖	708
wai guan	外观	708
da xuan	大选	708
bu shi	捕食	708
ya	氬	708
liang yan	两眼	707
chan quan	产权	707
pan	叛	707
ou tu	呕吐	707
gu you	固有	707
fen li	奋力	707
si yuan	寺院	707
jing zhi	径直	707
di fang	提防	707
cao xin	操心	707
shu ju ku	数据库	707
bi bi jie shi	比比皆是	707
zhan yang	瞻仰	707
tu wei	突围	707
zhan zhu	站住	707
tong tian	通天	707
jin dai	金代	707
shan	陕	707
huang lian	黄连	707
zheng zhi	争执	706
dong li xue	动力学	706
bao shi	宝石	706
ke dian	客店	706
wang nian	往年	706
fu chi	扶持	706
you wu	有无	706
fu shi	服饰	706
ji xian	极限	706
shi qi	石器	706
shi ye	视野	706
yi yue	一月	705
xia ban	下班	705
dao fa	刀法	705
jian dao	剪刀	705
kuan guang	宽广	705
mang lu	忙碌	705
fu mo	抚摸	705
cheng	澄	705
xu ke	许可	705
zhui wen	追问	705
wei zhe	为着	703
ji tiao	几条	703
you ce	右侧	703
cai tao	彩陶	703
kua	挎	703
shu shi nian	数十年	703
huan ran yi xin	焕然一新	703
ai	癌	703
xue ya	血压	703
li	隶	703
wei min	为民	702
jin gong can kao	仅供参考	702
hua jie	化解	702
yao he	吆喝	702
zai zhi	在职	702
hu wei	护卫	702
ri zhao	日照	702
yong	槦	702
qi liu	气流	702
chuan yue	穿越	702
zi se	紫色	702
xie	胁	702
chu nian	初年	701
qian gu	千古	701
hu jiao	呼叫	701
yuan yuan	圆圆	701
tian xia di yi	天下第一	701
xiao yu	小雨	701
gong chang	工场	701
jing huang	惊慌	701
kang kai	慷慨	701
zheng zhi	政制	701
liu mang	流氓	701
dan	澹	701
mo gu	蘑菇	701
gang cai	钢材	701
lu you	陆游	701
ba qi	八旗	700
guan hua	官话	700
hen bu de	恨不得	700
lv guan	旅馆	700
ming jiao	明教	700
cha chu	查处	700
gu ge	骨骼	700
zhong nan	中南	699
guan zhong	关中	699
nong tian	农田	699
bei zhi	卑职	699
fan gong	反攻	699
wei zhe	围着	699
nai he	奈何	699
zi ti	字体	699
ju duo	居多	699
hu ji	户籍	699
kang sheng su	抗生素	699
zhu hong	朱红	699
pu	濮	699
shen xin	身心	699
jing tou	镜头	699
san jun	三军	698
bu li yu	不利于	698
qian yi tian	前一天	698
ju mu	剧目	698
yuan liang	原谅	698
xi yan	吸烟	698
ni gu	尼姑	698
qie	怯	698
pai chu	排出	698
zao wan	早晚	698
wang jian	望见	698
qi hei	漆黑	698
du li zi zhu	独立自主	698
li ying	理应	698
sheng wai	省外	698
zhi yuan	职员	698
che jian	车间	698
luo	逻	698
ye xin	野心	698
liang zi	量子	698
jin si	金丝	698
chi ming zhong wai	驰名中外	698
guang dian	光电	697
di yu	地狱	697
cheng bao	城堡	697
ben pao	奔跑	697
pao mo	泡沫	697
sheng da	盛大	697
zan yang	赞扬	697
jin nian	近年	697
yong zheng	雍正	697
zhu jun	驻军	697
pao	刨	695
yong	咏	695
hui shen	回身	695
guan shu	官署	695
chong gao	崇高	695
tan he	弹劾	695
xin feng	新风	695
shui di	水底	695
liu	瘤	695
kong yun	空运	695
er guang	耳光	695
qing an	请安	695
xiao shou e	销售额	695
liang dian	两点	694
wang guo	亡国	694
fang	仿	694
fen shui ling	分水岭	694
wu shi	务实	694
yin	吟	694
xue tang	学堂	694
you mo	幽默	694
tui li	推理	694
bai shou	摆手	694
yu min	渔民	694
dian ping	点评	694
kan hao	看好	694
mian	眠	694
kong tiao	空调	694
tong zhi jie ji	统治阶级	694
yun shu ji	运输机	694
li tou	里头	694
jin xue ceng	金学曾	694
sui	鐩	694
san jiao	三角	693
jiao yi suo	交易所	693
yi biao	仪表	693
ru	儒	693
qi ta ren	其他人	693
yong shi	勇士	693
bu yu	捕鱼	693
li lian ying	李莲英	693
wa di	洼地	693
chao cai	炒菜	693
ji mi	羁縻	693
fan	蕃	693
lin ju	邻居	693
zhong dao	中道	692
quan cheng	全称	692
leng leng de	冷冷的	692
lie ju	列举	692
tai shi	太师	692
xiao chuan	小船	692
zhua jin	抓紧	692
huai he	淮河	692
hu mian	湖面	692
mei mao	眉毛	692
kuang ye	矿冶	692
xin chou	薪酬	692
yi xiu	衣袖	692
cai jing	财经	692
si liao	饲料	692
jian ruo	减弱	691
ke xing	可行	691
jing dong	惊动	691
xin min zhu zhu yi	新民主主义	691
ou zhou ren	欧洲人	691
jian	溅	691
chao shi	潮湿	691
mu	牡	691
wang shou ren	王守仁	691
wei	畏	691
bing yin	病因	691
ji tian	祭天	691
zi zhi quan	自治权	691
guo hou	过后	691
er lai	二来	690
xiu fu	修复	690
guo ren	国人	690
jian gu	坚固	690
shu shi	数十	690
he duan	河段	690
shen shan	深山	690
wu liu	物流	690
zu jie	租界	690
shao shao	稍稍	690
shuo fu	说服	690
du bo	赌博	690
xuan ding	选定	690
jin zhou	锦州	690
nong nu	农奴	689
chu ji jie duan	初级阶段	689
wei	危	689
cheng chi	城池	689
hao bu hao	好不好	689
chang zhu	常住	689
mi man	弥漫	689
zhong cheng	忠诚	689
qing shi	情势	689
yu he	愈合	689
mian fang zhi	棉纺织	689
ge wu	歌舞	689
qian shui	潜水	689
yan di	炎帝	689
sheng kai	盛开	689
liang xing	两行	688
qu ming	取名	688
mei jie	媒介	688
rong na	容纳	688
jin ji zhuang tai	紧急状态	688
xing	邢	688
wei jin	魏晋	688
li zu	黎族	688
lin jin	临近	686
ji sheng	寄生	686
xiao er	小儿	686
tan	檀	686
ji xue	积雪	686
mi lan	米兰	686
bei xuan ju quan	被选举权	686
jie du	解读	686
qi ma	起码	686
guo sheng	过剩	686
ying mian	迎面	686
tui yi	退役	686
shi ying xing	适应性	686
liang tou	两头	685
zhong jie	中介	685
shi wu da	十五大	685
yuan yi chang	园艺场	685
zhuang zhong	庄重	685
heng	恒	685
hai jun lu zhan dui	海军陆战队	685
huo ju	火炬	685
men lou	门楼	685
chen wen hong	陈文洪	685
yi zhi	一枝	684
zuo ren	做人	684
ying ji	应急	684
wu xu	无须	684
you xian ze ren	有限责任	684
wang wang	望望	684
jiao	浇	684
ai yin si tan	爱因斯坦	684
jie	芥	684
pu	蒲	684
diao yan	调研	684
ye shou	野兽	684
mo	默	684
zhong cai	仲裁	683
ju e	巨额	683
gan mao	感冒	683
ji shu kai fa qu	技术开发区	683
wang sheng	旺盛	683
fan gui	犯规	683
sheng cheng	省城	683
ji nian guan	纪念馆	683
bei chu	辈出	683
gao deng yuan xiao	高等院校	683
ci hou	伺候	682
leng zhan	冷战	682
zeng jin	增进	682
guan chang	官场	682
ding jia	定价	682
lie	猎	682
yu	禹	682
di yi tian	第一天	682
qing sheng	轻声	682
ci dao	刺刀	681
jiao mai	叫卖	681
ke ke	可可	681
si ji	四级	681
xin teng	心疼	681
te	忒	681
nian	捻	681
you zhi	油脂	681
hao	耗	681
hao fei	耗费	681
gui zhang	规章	681
jue xing	觉醒	681
xun lian ban	训练班	681
song	颂	681
cuo	夎	680
da zhuan	大专	680
cui	崔	680
suo xue	所学	680
zheng xiu	整修	680
shui lu	水路	680
jiang he	江河	680
qiu chang	球场	680
shi bei	石碑	680
er li	而立	680
la rou	腊肉	680
you huo	诱惑	680
xuan ren	选任	680
ji bai nian	几百年	679
fen qi	奋起	679
bu yi zu	布依族	679
gong jing	恭敬	679
shen zhong	慎重	679
zhan fu	战俘	679
kong zhi xi tong	控制系统	679
tui ce	推测	679
jiao dao	教导	679
ji hao	极好	679
chai he	柴禾	679
hai an xian	海岸线	679
niu dun	牛顿	679
qiu chu ji	丘处机	677
quan wen	全文	677
fen yuan	分院	677
shi ji ge	十几个	677
hou	喉	677
fu gui	富贵	677
jian	柬	677
hai nei wai	海内外	677
yan wu	烟雾	677
zhi jue	知觉	677
shi bi	石壁	677
sai shi	赛事	677
kua du	跨度	677
zhe bu fen	这部分	677
you zheng bian ma	邮政编码	677
chong shen	重申	677
zha	乍	676
xian ren	仙人	676
guo jia ji hua	国家计划	676
tou ji	投机	676
zhen	斟	676
xin he	新河	676
zhen tou	枕头	676
tong guan	潼关	676
jin bu zhu	禁不住	676
zhi yuan	致远	676
zhan mu si	詹姆斯	676
zhi	趾	676
yi xin	一新	675
quan quan dai biao	全权代表	675
gong yu	公寓	675
wei du	唯独	675
guo li	国立	675
pai huai	徘徊	675
kuai kuai	快快	675
kuai yao	快要	675
quan	犬	675
beng	繃	675
ping shen	评审	675
zao yi	造诣	675
gu yong	雇佣	675
qi ye jia	企业家	674
lun li	伦理	674
xiu li	修理	674
wo shi	卧室	674
fan si	反思	674
huai shi	坏事	674
duo yu	多余	674
yi ling	夷陵	674
ding li	定理	674
kai mu	开幕	674
kuang cang	矿藏	674
qin han	秦汉	674
lv e	绿萼	674
luo ma ni ya	罗马尼亚	674
quan cheng	全城	673
dao zi	刀子	673
shi li	失利	673
lan	懒	673
zhao shang	招商	673
zui xian	最先	673
chui	棰	673
chu	滀	673
wu gong	蜈蚣	673
zhuan nian	转念	673
ling	铃	673
shi bian	事变	672
hui yi shi	会议室	672
jian zhi	兼职	672
sun si hai	孙四海	672
kai tou	开头	672
e ren	恶人	672
shu zhi	数值	672
jiong	炯	672
dian yuan	电源	672
xiu cai	秀才	672
zhu	蛛	672
shao da xia	邵大侠	672
dong cheng	东城	671
jing guang tie lu	京广铁路	671
jiang shi	僵尸	671
gong xiao	功效	671
xiao shi hou	小时候	671
wo xing	我行	671
du jue	杜绝	671
wu ling	武陵	671
quan shui	泉水	671
ying di	营地	671
jiao zi	轿子	671
tong xun she	通讯社	671
jun	钧	671
guan tou	关头	669
ning shen	凝神	669
ban jie	半截	669
zhuo yue	卓越	669
hou long	喉咙	669
jian ying	坚硬	669
wai yuan	外援	669
zi gong si	子公司	669
qu	屈	669
guan xing	惯性	669
zhi dao yuan	指导员	669
wen ze zi fu	文责自负	669
ang	昂	669
du jiang	渡江	669
teng	藤	669
zhao ji ke	赵寄客	669
yi tai	一台	668
yi mu yi yang	一模一样	668
bu jiu qian	不久前	668
bian yi	变异	668
tu te chan	土特产	668
xian kai	掀开	668
zhuan yun	转运	668
yu shui	雨水	668
can guan	餐馆	668
ji e	饥饿	668
gong dao	公道	667
dong ren	动人	667
xie	协	667
guo wu	国务	667
pei xun ban	培训班	667
zeng zhi	增值	667
gong nong ye	工农业	667
bi	币	667
kai kuo	开阔	667
jing	晶	667
mo qi	末期	667
sha qiu	沙丘	667
piao jia	票价	667
jin	紟	667
a la bo ren	阿拉伯人	667
yuan zhong	院中	667
liang fang	两方	666
zhu yuan	住院	666
cu cheng	促成	666
cheng yuan	城垣	666
zhan chu	展出	666
xin yuan	心愿	666
pan ming	拚命	666
yan gai	掩盖	666
gai lv	概率	666
qi wu	欺侮	666
bin zang	殡葬	666
xian ce	献策	666
zong he zhi li	综合治理	666
huang liang	荒凉	666
bei tong zhi zhe	被统治者	666
zhong li	重力	666
kuo ye shu	阔叶树	666
xian yan	鲜艳	666
peng	鹏	666
wai jiao bu zhang	外交部长	665
da shun	大顺	665
ji hou sai	季后赛	665
shao bing	烧饼	665
sha	煞	665
du cai	独裁	665
yan tao	研讨	665
yi ju	移居	665
qun zhong xing	群众性	665
yue guo	越国	665
mei	镁	665
san jia	三家	664
liang qi	两栖	664
zhong xiao	中小	664
zhong tu	中途	664
jian shen	健身	664
si wei	四位	664
tuan tuan	团团	664
tian bu	填补	664
shi shou	尸首	664
ping mu	屏幕	664
gui yu	归于	664
sun huai	损坏	664
shu wan	数万	664
wu gu	无辜	664
cao yu	曹禺	664
ti huan	替换	664
lin zhong	林中	664
guo duan	果断	664
ni tu	泥土	664
gan zang	肝脏	664
dan ke	蛋壳	664
wen qi	问起	664
huang ting jian	黄庭坚	664
ru fang	乳房	663
dao mei	倒霉	663
gong shi	共识	663
zhi	劧	663
da gong	大功	663
xin min zhu zhu yi ge ming	新民主主义革命	663
quan xian	权限	663
yong jiu	永久	663
ci qi	瓷器	663
bu tie	补贴	663
he	赫	663
tui hui	退回	663
hei long jiang sheng	黑龙江省	663
guang cai	光彩	662
fa song	发送	662
han dao	喊道	662
hai	嗐	662
da he	大河	662
si nian	思念	662
san bu	散布	662
bin	斌	662
xiao	枭	662
zhi xiao	知晓	662
she zhang	社长	662
qian ming	签名	662
suan shu	算术	662
ku nan	苦难	662
ye ren	野人	662
feng yu	风雨	662
fei wu	飞舞	662
gong an ju	公安局	660
bao dao	宝刀	660
gui huan	归还	660
kuo chong	扩充	660
kang zheng	抗争	660
fen	焚	660
cuan	熶	660
ci	祠	660
liang shi zuo wu	粮食作物	660
ci	茨	660
rong	融	660
guan guang	观光	660
zu dang	阻挡	660
qiao	乔	659
ti jian	体检	659
feng xing	奉行	659
ke che	客车	659
shan zhen hai wei	山珍海味	659
zong he	总和	659
xing yun	星云	659
chen	琛	659
zhang	璋	659
dian shi ju	电视剧	659
mu	睦	659
yin	胤	659
shen shou	身受	659
yi ti	遗体	659
juan	鎸	659
chang jiang san xia	长江三峡	659
xin jian	信件	658
ke you	刻有	658
wei nan	危难	658
hui xuan	回旋	658
zi yang	字样	658
xing kui	幸亏	658
jing xing	惊醒	658
xian lu	显露	658
zui shen	最深	658
min zhu dang pai	民主党派	658
zui xing	罪行	658
yu	虞	658
guo er	过儿	658
gu	钴	658
jing zhi	静止	658
shi li	事例	657
er yang hua tan	二氧化碳	657
hong da	宏大	657
yan jiang	岩浆	657
xiang	巷	657
ping jin	平津	657
nian jiu	拈阄	657
bu zhuo	捕捉	657
you qian	有钱	657
bai lian	白莲	657
qu	紶	657
fu di	腹地	657
ku ku	苦苦	657
shuo shi hua	说实话	657
zan shang	赞赏	657
yao	遥	657
er shi qi nian	二十七年	656
dang zu	党组	656
da hu	大湖	656
wan gong	完工	656
mu liao	幕僚	656
qi pai	气派	656
shui beng	水泵	656
pai lou	牌楼	656
wei	纬	656
nao hai	脑海	656
su jun	苏军	656
xiu zi	袖子	656
pin min	贫民	656
ji	迹	656
guai guai	乖乖	655
guang pu	光谱	655
ju chang	剧场	655
fa zhan guan	发展观	655
hao bu rong yi	好不容易	655
da jia	打架	655
pi liang	批量	655
hu wei jian	护卫舰	655
duan ding	断定	655
pai bing	派兵	655
yan chang	演唱	655
jue	爵	655
lang bei	狼狈	655
xu mu	畜牧	655
er lun	而论	655
yu liao	预料	655
guan shan	关山	654
guan shui	关税	654
bei yang zheng fu	北洋政府	654
can zan	参赞	654
sheng shui	圣水	654
duo tiao	多条	654
da jiang	大江	654
hao dai	好歹	654
gu ma	姑妈	654
qu	嶇	654
zhou zheng fu	州政府	654
si shang	死伤	654
dian zhao	点着	654
lao xiong	老兄	654
fei liao	肥料	654
fu zhong	腹中	654
tai	苔	654
ren min jian cha yuan	人民检察院	652
ji jia	几家	652
nan kou	南口	652
wei ruo	微弱	652
de yi zhi	德意志	652
qiao qiao di	悄悄地	652
qi xia	旗下	652
qi fu	欺负	652
zheng shuo	正说	652
wu shu	武术	652
guan mu	灌木	652
liu xia lai	留下来	652
li tang	礼堂	652
lian jia	脸颊	652
zan tan	赞叹	652
shi hou	事后	651
er zhan	二战	651
jian xiao	减小	651
zi	呰	651
huan shang	换上	651
wu yi	无异	651
shen wei	甚为	651
tian di	田地	651
bei mian	背面	651
man yan	蔓延	651
yi li	一粒	650
ren ci	人次	650
ren min tuan ti	人民团体	650
shi er yue	十二月	650
shi ji nian	十几年	650
si pin	四品	650
ji jin hui	基金会	650
xiao jiang	小将	650
zhuang jia	庄稼	650
gu ju	故居	650
geng	梗	650
min zu zhu yi	民族主义	650
hui	讳	650
shi ji	诗集	650
men nei	门内	650
zu nao	阻挠	650
zhong chan jie ji	中产阶级	649
zheng chao	争吵	649
dai li ren	代理人	649
gong ran	公然	649
nan xian	南县	649
sheng yu	声誉	649
yi cheng	已成	649
ping di	平地	649
yan shi	掩饰	649
shi ti	试题	649
yao yan	谣言	649
zou fang	走访	649
ling xing	零星	649
su ming	俗名	648
wu bi	务必	648
an mo	按摩	648
pan	潘	648
zhu cheng	筑城	648
ju he	聚合	648
xi bo li ya	西伯利亚	648
kua yue	跨越	648
shen gao	身高	648
gang jin	钢筋	648
gui zi	鬼子	648
san zhong quan hui	三中全会	647
shang zhou	上周	647
zhuan zhu	专著	647
di li	地里	647
chu si	处死	647
hao ji ge	好几个	647
shou wei	守卫	647
shi shi	实事	647
zhua qi	抓起	647
deng huo	灯火	647
zhuo yan	着眼	647
fan xiu	翻修	647
ren chu	认出	647
ge	铬	647
zai sheng chan	再生产	646
shi wan	十万	646
fa xin	发信	646
da yue jin	大跃进	646
shi tiao	失调	646
yan hui	宴会	646
hui	慧	646
jiu ji	救济	646
ben neng	本能	646
yu	楀	646
shui zhun	水准	646
zhi guo	治国	646
ge	滆	646
peng zhi	烹制	646
ran	燃	646
tang niao bing	糖尿病	646
mian yan	绵延	646
fu	腑	646
tui	褪	646
zhen dui xing	针对性	646
biao	鳔	646
yi pai	一排	645
wu xing hong qi	五星红旗	645
yuan wang	冤枉	645
ming you	名优	645
an xin	安心	645
shi tuan	师团	645
pai shui liang	排水量	645
xin nian	新年	645
zhi li	智利	645
du she	毒蛇	645
bi zuo	比作	645
shao hui	烧毁	645
shen hua	申花	645
kan zhong	看重	645
yun	郧	645
ding bu	顶部	645
yi lian	一连	643
jiao jie	交界	643
ting xia	停下	643
fen shu xian	分数线	643
hu hu	呼呼	643
ha ni zu	哈尼族	643
ping er	平儿	643
liao li	料理	643
zan ting	暂停	643
jin	浸	643
kan qi lai	看起来	643
jing rui	精锐	643
zhuan er	转而	643
xian jing	陷阱	643
bu qu	不屈	642
jiao feng	交锋	642
yan wu	厌恶	642
tu mou	图谋	642
sun jiu ye	孙九爷	642
nu qi	怒气	642
la sa	拉萨	642
qiu zhi zhe	求职者	642
qing che	清澈	642
kan shi	看似	642
fan zhong	繁重	642
zhi cheng	职称	642
yao hai	要害	642
gui dao	跪倒	642
shi su	世俗	641
zhong he	中和	641
feng chan	丰产	641
wei zhun	为准	641
kuai ji shi	会计师	641
guang gu	光谷	641
tong ban	同伴	641
da mian ji	大面积	641
zui kuai	最快	641
meng long	朦胧	641
zi li	自立	641
xi hu	西湖	641
qian	谦	641
jing	踁	641
ji	鍓	641
gao liang	高粱	641
gu yue	鼓乐	641
ren xiong	仁兄	640
xi	兮	640
ju she	剧社	640
dong yong	动用	640
shi jiu nian	十九年	640
tian di hui	天地会	640
ji liu	急流	640
bei can	悲惨	640
yi wei	意味	640
jue ze	抉择	640
jin sheng	晋升	640
shu gan	树干	640
shu	殊	640
du pin	毒品	640
rong dian	熔点	640
tian jiu	甜酒	640
song	耸	640
yu cai	育才	640
biao shu	表述	640
wen yi duo	闻一多	640
xia guo	下锅	639
shen zhan	伸展	639
tu	凸	639
shi yi yue	十一月	639
jia men	家门	639
bin	宾	639
qin	撳	639
zheng shu	整数	639
zao ri	早日	639
wei zhi	未知	639
te di	特地	639
shi shi	石狮	639
hu	糊	639
jian	鉴	639
ke li	颗粒	639
shu ben	书本	638
kan	刊	638
bie shu	别墅	638
guo jia bo wu guan	国家博物馆	638
xian	娴	638
mian	婂	638
cha	槎	638
hai bian	海边	638
xian wei su	纤维素	638
fei yang	飞扬	638
yi jing	一经	637
yun mu	云母	637
chu xie	出血	637
da tong	大同	637
jiang xue jin	奖学金	637
chi gu	持股	637
lie shi	烈士	637
tian fu tang	田福堂	637
sha tu	砂土	637
bi lu	秘鲁	637
zi jin	自尽	637
pu qi	蒲圻	637
xiang	饷	637
gao xin	高新	637
gao gao	高高	637
liang gen	两根	636
qin shen	亲身	636
zhu su	住宿	636
yu xia	余下	636
quan	佺	636
chong ji ping yuan	冲积平原	636
fa yuan di	发源地	636
he li	合力	636
da ge ming	大革命	636
tian hei	天黑	636
hao ren	好人	636
wei you	惟有	636
hang han	杭汉	636
qi gai	气概	636
tong zi	童子	636
cu da	粗大	636
fan yan	繁衍	636
xian xing	线性	636
xin	辛	636
wan xiang	万向	634
bu you zi zhu	不由自主	634
jing guang xian	京广线	634
shi shu	史书	634
pen chu	喷出	634
chen	嗔	634
tian sheng	天生	634
xue lian	学联	634
fan suo	繁琐	634
wang min	网民	634
lian dui	联队	634
zi xun	资讯	634
wen wen	问问	634
xiang wei	香味	634
bu bai	不败	633
zhong jun	中军	633
qin re	亲热	633
zhong jiang	众将	633
da si	大肆	633
chi	彲	633
xu qiu zhai	徐秋斋	633
xin fu	心腹	633
chou ti	抽屉	633
da pei	搭配	633
zhi	植	633
liu lei	流泪	633
xiang hui	相会	633
zhu he	祝贺	633
zi gui	秭归	633
kong jiang	空降	633
liao tian	聊天	633
zi shen	资深	633
qian qi chen	钱其琛	633
fei tong xiao ke	非同小可	633
you bi	右臂	632
chi fa	吃法	632
guo gong he zuo	国共合作	632
da fang	大方	632
shi mu	师母	632
qiang li	强力	632
ci shan	慈善	632
huo xing	活性	632
tu liao	涂料	632
yuan	猿	632
xian shi zhu yi	现实主义	632
fu	甫	632
yan qiu	眼球	632
jing mi	精密	632
gu ben	股本	632
mang mang	茫茫	632
xian jie	衔接	632
jue	貜	632
wan	顽	632
hai	骇	632
ren xue	人学	631
jie yi	借以	631
pin ji	品级	631
da ye	大冶	631
ben teng	奔腾	631
ben chi	奔驰	631
zhai yao	摘要	631
bao yu	暴雨	631
bi qi	比起	631
min gong	民工	631
xian wei ban	纤维板	631
hu jin tao	胡锦涛	631
ying jiu	营救	631
hu zhu	互助	630
geng ye	哽咽	630
da huo	大火	630
gai cheng	改成	630
kuang	旷	630
he shi yan	核试验	630
liu wang	流亡	630
qing zheng	清蒸	630
hu xi	湖西	630
cai zheng jing ji wei yuan hui	财政经济委员会	630
zhi yi	质疑	630
ma lai	马来	630
ye nei ren shi	业内人士	629
er zhong	二中	629
gong ji jin	公积金	629
pei	呸	629
wai tou	外头	629
kua te	夸特	629
xue dao	学到	629
xiao xue sheng	小学生	629
zhao pin hui	招聘会	629
ban zhang	班长	629
bai shi	白石	629
kan bing	看病	629
xiao xi xi	笑嘻嘻	629
sun	簨	629
zi fa	自发	629
xiao	逍	629
lin guo	邻国	629
sui shen	随身	629
shang bian	上边	628
ting zhong	听众	628
sheng ren	圣人	628
bao zi	孢子	628
jing xi	惊喜	628
huo qi	火器	628
zhen kong	真空	628
si yi	肆意	628
ruan da cheng	阮大铖	628
he	鶴	628
ya pian zhan zheng	鸦片战争	628
shi ji	史记	626
rao	扰	626
fang sheng	放声	626
hun mi	昏迷	626
du yao	毒药	626
fa dian	法典	626
dian ji	电机	626
duan duan	短短	626
bei gao	被告	626
ling qu	领取	626
dong sheng	东升	625
can zhao	参照	625
shi zong	失踪	625
wu	庑	625
de lai	得来	625
lin	拎	625
ben shi ji	本世纪	625
li zhao xing	李肇星	625
yan xian	沿线	625
shen zhen shi	深圳市	625
ban zi	班子	625
yong yi	用意	625
yan jin	严禁	624
da shi	大石	624
tian e	天鹅	624
bei tong	悲痛	624
lan	揽	624
wu ji ming	无记名	624
dan ge	耽搁	624
zi zhi	自知	624
ci qu	辞去	624
man	鏋	624
jia shi yuan	驾驶员	624
xia bu	下部	623
bu ping	不平	623
hui he	会合	623
kui lei	傀儡	623
ge ju	割据	623
yan	厌	623
wai pi	外皮	623
gong ye bu men	工业部门	623
hu xing	弧形	623
hu song	护送	623
xin ji yuan	新纪元	623
xing xiu	星宿	623
you yu	有余	623
sen gong	森工	623
he bian	河边	623
zhu shi	注释	623
hun zhan	混战	623
du ju shi	独居石	623
jian du quan	监督权	623
ya li shan da	亚历山大	622
qu guo	去过	622
shuang tui	双腿	622
ying cheng	应城	622
bi	弊	622
si xiang jia	思想家	622
xiang xiang	想像	622
zhan shi	战事	622
chui	捶	622
shou lian	收敛	622
li jun	李俊	622
song shu	松树	622
gou jian	构建	622
ma	玛	622
du	笃	622
jin po	紧迫	622
peng	蓬	622
luo xuan	螺旋	622
cai na	采纳	622
gao wei	高位	622
qin jin	亲近	621
ban jue sai	半决赛	621
yao ya	咬牙	621
ning yuan	宁愿	621
kuan da	宽大	621
zhou fu	州府	621
zuo bi	左臂	621
yong ji	拥挤	621
tan hua	探花	621
tui ju	推举	621
xin hua	新华	621
zuo ye	昨夜	621
mao jian	毛尖	621
hou zi	猴子	621
duan men	端门	621
qiang	羌	621
chi bang	翅膀	621
xiao	肖	621
zhu zhou	诸州	621
zhong xiang	钟祥	621
chun	陙	621
shi xing	食性	621
yu chi	鱼池	621
yi mu	一幕	620
jun ying	军营	620
jing li run	净利润	620
ming jia	名家	620
hui ying	回应	620
zhi	址	620
yu	宇	620
yi cheng	宜城	620
e mei	峨嵋	620
jiu ren	救人	620
zheng zhi	正值	620
min hang	民航	620
an ji suan	氨基酸	620
hai nan sheng	海南省	620
zhan	詹	620
jia tai ji	迦太基	620
qin chai	钦差	620
sha shi	霎时	620
qi	鳍	620
wan gu	万股	619
wei shu	为数	619
cong mei	从没	619
chuan shi	传世	619
yu wan	余万	619
xiong xian	凶险	619
jin li	劲力	619
gou dang	勾当	619
hua liao	化疗	619
kou yin	口音	619
miao	喵	619
ju yu	居于	619
hui	恢	619
ming hong wu	明洪武	619
lian	湅	619
ru	濡	619
zhao liao	照料	619
wu hui	误会	619
liao ning sheng	辽宁省	619
suo	鏁	619
pei tong	陪同	619
huang ling	黄陵	619
zhong guo li shi bo wu guan	中国历史博物馆	617
lan hua	兰花	617
shi tian	十天	617
xiang fang	厢房	617
kou li	口里	617
shan dao	山道	617
chang shu	常数	617
can zhong	惨重	617
ning	甯	617
bian	辫	617
bian fang	边防	617
jin tai	金台	617
hei tao	黑陶	617
yi fa	一发	616
xue jian	削减	616
si zhong	四中	616
duo mei ti	多媒体	616
feng mian	封面	616
liu fang	流芳	616
mei xue	美学	616
pin fu	贫富	616
dao shi hou	到时候	615
gong men	宫门	615
shan qian	山前	615
ri yuan	日元	615
lu	椂	615
zha cai	榨菜	615
xu jia	许家	615
suan xing	酸性	615
jian die	间谍	615
ji ti suo you	集体所有	615
shu yuan	书院	614
fu	俯	614
sha zi	傻子	614
han	函	614
ku qi	哭泣	614
zhang da	张大	614
yu chun	愚蠢	614
pi ci	批次	614
lin chong	林冲	614
xiao du	消毒	614
wan xiao	玩笑	614
liu yi	留意	614
zhi xian	知县	614
shui wu	税务	614
di yi ming	第一名	614
luo cheng	落成	614
zao jing	藻井	614
tiao ji	调剂	614
fang bei	防备	614
sui tang	隋唐	614
lu zhao peng	鹿兆鹏	614
san zhong	三中	613
bu tong	不通	613
dan jiang kou	丹江口	613
dan ban	单板	613
ge zhou	各州	613
ling	夌	613
dang xian	当先	613
shu qian	数千	613
hu	狐	613
yong shui	用水	613
dian	碘	613
ji xu	积蓄	613
li xia	立下	613
di yi zhong	第一种	613
gui fei	贵妃	613
jiu jia	酒家	613
zhong xin	重心	613
kun	閫	613
men chuang	门窗	613
shang ren	上任	612
zhong guo di zhi da xue	中国地质大学	612
wu da	五大	612
ke li te	克里特	612
da zi ran	大自然	612
jie guan	接管	612
zheng zhi jing ji xue	政治经济学	612
ming shi zong	明世宗	612
ge sheng	歌声	612
lan yong	滥用	612
pin	聘	612
jiu jiu	舅舅	612
rong lu	荣禄	612
jie tuo	解脱	612
tan	谭	612
dai	逮	612
jing	靖	612
wan tong	顽童	612
ge tou	个头	611
wu	伍	611
yu e	余额	611
chu shi	初时	611
jiang yao	将要	611
de an	德安	611
xin shi	新式	611
wu xing	无形	611
wu ling shan	武陵山	611
min ying	民营	611
han chuan	汉川	611
jiang ling xian	江陵县	611
shi zi shan	狮子山	611
mei gui	玫瑰	611
pi pa	琵琶	611
beng	甭	611
jian kong	监控	611
di yi bu	第一步	611
guan li quan	管理权	611
hang	绗	611
qiao	翘	611
zhu shu	著述	611
chang tan	长叹	611
fei fan	非凡	611
an	鞍	611
pei	佩	609
fa xin ren	发信人	609
lian	恋	609
na po lun	拿破仑	609
mu zi	母子	609
weng	瓮	609
ce	箣	609
su ge lan	苏格兰	609
jian de	见得	609
tao hao	讨好	609
tao chu	逃出	609
xiang liao	香料	609
xun yu	鲟鱼	609
liang lu	两路	608
ti	剃	608
ning bo	宁波	608
guan shan	官山	608
fan	帆	608
nian xin	年薪	608
shan zi	擅自	608
ci yan	此言	608
nai	氖	608
liu fang bai shi	流芳百世	608
que you	确有	608
di er chan ye	第二产业	608
qing wei	轻微	608
chen zhen hui	陈贞慧	608
wu bai	五百	607
ren min jie fang zhan zheng	人民解放战争	607
zhu chu	住处	607
jun shi fa yuan	军事法院	607
shuang er	双儿	607
tuan cheng	团城	607
kun huo	困惑	607
man yuan	埋怨	607
da jiang jun	大将军	607
shan zhen	山镇	607
wu neng	无能	607
zao zao	早早	607
bang yan	榜眼	607
yan jiang	沿江	607
lan ban	篮板	607
bian qu	边区	607
chang he	长河	607
xian hong	鲜红	607
wu li	五里	606
li xi lv	利息率	606
zhang xue liang	张学良	606
fang ji	房基	606
kang ju	抗拒	606
zhang sheng	掌声	606
xin si jun	新四军	606
yin su su	殷素素	606
dan dan	淡淡	606
rong jie	溶解	606
bei pan	背叛	606
zi wei dui	自卫队	606
jian chuan	舰船	606
duo zhu	舵主	606
yao shi	药师	606
a man	阿曼	606
jiang lin	降临	606
ju bao	举报	605
guan shang	关上	605
qian zhang	千张	605
shou bu liao	受不了	605
zong cheng	总称	605
fen kai	愤慨	605
zheng ju	政局	605
you du	有毒	605
fu wu ye	服务业	605
zheng zhi	正直	605
ju sang	沮丧	605
ji ang	激昂	605
shen nong jia lin qu	神农架林区	605
nuo mi fan	糯米饭	605
chan	蝉	605
lu guo	路过	605
yun li	运力	605
li	鲤	605
xian qu	先驱	604
da du cheng	大都城	604
shi shen	尸身	604
chuai	揣	604
ming er	明儿	604
pu shi	朴实	604
pie	瞥	604
jie shi	结实	604
geng zhong	耕种	604
fu	腐	604
chao shi	超市	604
tui hua	退化	604
tong su	通俗	604
zhong nan cai jing zheng fa da xue	中南财经政法大学	603
chan neng	产能	603
you yi	优异	603
pian zhong	偏重	603
guan qie	关切	603
jun shi jian cha yuan	军事检察院	603
kan tan	勘探	603
fan shou	反手	603
wu ru yi	吴汝义	603
lu shan	庐山	603
ting	庭	603
shou pa	手帕	603
zhi yin	指引	603
gu zhang	故障	603
wen ke	文科	603
an xiang	暗想	603
yue di	月底	603
you suo bu tong	有所不同	603
ming	洺	603
qing dun	清炖	603
qian zai	潜在	603
kuang shi	矿石	603
zhang zong xiang	章宗祥	603
qun chen	群臣	603
chuan tou	船头	603
yao si	要死	603
zhong xin wang	中新网	602
you yu	优于	602
lu jun yi	卢俊义	602
kan	坎	602
qi	契	602
bi	庇	602
hu	弧	602
ji su	急速	602
xian	掀	602
suo	梭	602
sha hu	沙湖	602
wa wu	瓦屋	602
tao bi	逃避	602
kai xuan gui lai	凯旋归来	600
xun	勋	600
cheng xia	城下	600
nian	拈	600
ang gui	昂贵	600
li xue	理学	600
wei ju	畏惧	600
zhi ti	肢体	600
chen zhe	趁着	600
yuan zheng	远征	600
san hu	三户	599
gong you	公有	599
jian fei	减肥	599
bei fei	北非	599
tu di ge ming	土地革命	599
zuo luo	坐落	599
wei nei rui la	委内瑞拉	599
yue fu	岳父	599
gong zuo bu men	工作部门	599
shi rong	市容	599
you yi yu	有益于	599
chu yan chao	楚雁潮	599
chao mi	炒米	599
xi you	稀有	599
jie fang lu	解放路	599
jing wei	警卫	599
zou gou	走狗	599
qi chuang	起床	599
qi su	起诉	599
gu zhu	雇主	599
tao	韬	599
chuan ran bing	传染病	598
nei fen mi	内分泌	598
nan tang	南唐	598
wei bing	卫兵	598
ding	叮	598
zeng gao	增高	598
da jiang	大奖	598
wo sheng	我省	598
chi tang	池塘	598
zhi bing	治病	598
fa zhi	法治	598
bai qi tun	白鳍豚	598
bai guan	百官	598
nian	碾	598
lian luo xian	联络线	598
xue	踅	598
ling hui	领会	598
gao ling	高陵	598
shi hou	侍候	597
nan xia	南下	597
zan lia	咱俩	597
tian qiao	天桥	597
an li hui	安理会	597
bao zuo	宝座	597
jian ping	建平	597
tai gao	抬高	597
qi pei	汽配	597
chi	痴	597
jing ji she hui	经济社会	597
pin qing	聘请	597
yuan li	院里	597
bu de yi	不得已	596
shi tai	事态	596
chuan ling	传令	596
gong an xian	公安县	596
guan men	关门	596
ke hua	刻画	596
kou tou	口头	596
xuan yang	宣扬	596
kuan du	宽度	596
nian tou	年头	596
guai wu	怪物	596
jiu zhu	救助	596
jiao yi	教义	596
wu han li gong da xue	武汉理工大学	596
hui piao	汇票	596
han yang fu	汉阳府	596
zi run	滋润	596
shen lai zhi bi	神来之笔	596
di yi chan ye	第一产业	596
cha	茬	596
men shang	门上	596
zhen zhen	阵阵	596
gao kang	高亢	596
pi pei	匹配	595
ting li	听力	595
hui xiang	回想	595
hui shou	回收	595
da gu kou	大沽口	595
pin	姘	595
ke shang	客商	595
shan xi sheng	山西省	595
beng	崩	595
gong ye yuan	工业园	595
xi	惜	595
tan lei qi	探雷器	595
gai lun	概论	595
he xie	河蟹	595
xiang e	湘鄂	595
huo zai	火灾	595
ban zhu ren	班主任	595
meng zhu	盟主	595
ji liang	计量	595
shi yong	试用	595
xiang jiao	香蕉	595
bu zu yi	不足以	594
jiao pei	交配	594
ti biao	体表	594
gan gan jing jing	干干净净	594
yin ling	引领	594
gan	忓	594
chen dian	沉淀	594
xuan	漩	594
zhu xi	竹溪	594
miao ren feng	苗人凤	594
yun cang liang	蕴藏量	594
zhao da ming	赵大明	594
yuan dong	远东	594
zhui zhu	追逐	594
pan	鑻	594
gong ji	功绩	593
zou zhe	奏折	593
jiang jin	将近	593
xin xue	心血	593
tui na	推拿	593
wu liao	无聊	593
zha	札	593
bo la tu	柏拉图	593
jiang tun	江豚	593
xi shui	浠水	593
yan mo	淹没	593
zhu	烛	593
wa jie	瓦解	593
dian ti	电梯	593
ye lv qi	耶律齐	593
hua hui	花卉	593
ze bei	责备	593
guan tong	贯通	593
bian shang	边上	593
shou jie	首届	593
he zai	何在	591
shi shi	史诗	591
duo xiang	多项	591
ying	婴	591
pin fei	嫔妃	591
shi	屎	591
ji xu	急需	591
ti an	提案	591
bo fang	播放	591
fang shou	放手	591
you xu	有序	591
cun zhang	村长	591
shui neng	水能	591
liu cheng	流程	591
qian zhi	牵制	591
dang	珰	591
shen wang	神往	591
hui zhi	绘制	591
fan zi yu	范子愚	591
rong	茸	591
peng bo	蓬勃	591
yi ti	议题	591
zhi xun	质询	591
jia chao xuan	贾朝轩	591
jiu jing	酒精	591
fu	阜	591
feng liu	风流	591
shi dai	世代	590
dong an	东岸	590
ke zhi	克制	590
shi liu nian	十六年	590
tong gong tong chou	同工同酬	590
hun yu	婚育	590
an shang	岸上	590
xin zang bing	心脏病	590
en shi zhou	恩施州	590
zheng jiu	拯救	590
fa ze	法则	590
fa yu	法语	590
hu bei sheng zheng fu	湖北省政府	590
jian li xian	监利县	590
she hui ke xue	社会科学	590
hong tu	红土	590
shi xian	视线	590
lian zhang	连长	590
jing shan xian	京山县	589
qian yan	前沿	589
tu fei	土匪	589
wei xin	威信	589
su	愬	589
li yuan zhi	李沅芷	589
min su	民俗	589
sheng chan xian	生产线	589
sheng xuan huai	盛宣怀	589
shi hu	石湖	589
zu fu	祖父	589
zi hao	自豪	589
jiao che	轿车	589
guo min	过敏	589
qing shan qu	青山区	589
jia qian	价钱	588
ji wan	几万	588
ju du	剧毒	588
tu ceng	土层	588
tian zhen	天真	588
bi	婢	588
zhan xin	崭新	588
xi la ren	希腊人	588
chang ren	常人	588
de an fu	德安府	588
ti ji	提及	588
qiao	撬	588
gu gong bo wu yuan	故宫博物院	588
min ban	民办	588
fu jian sheng	福建省	588
duan de	端的	588
hua yang	花样	588
lian hua	莲花	588
zhuan fa	转发	588
jin ping	金平	588
ji cheng dian lu	集成电路	588
huang yu	鳇鱼	588
zhong shan tang	中山堂	587
jia meng	加盟	587
si zong	四纵	587
da li si	大理寺	587
nv wang	女王	587
wang	妄	587
xue fu lu	学府路	587
han yi	寒意	587
zhang zhi dong	张之洞	587
la mei	拉美	587
duan ceng	断层	587
min zhu ge ming	民主革命	587
yin	淫	587
qing ting	清廷	587
qin tai	琴台	587
fang	纺	587
jing ji ti zhi	经济体制	587
luo tian xian	罗田县	587
xie en	谢恩	587
qian bi	钱币	587
ling dao ban zi	领导班子	587
tuo	驮	587
liang xiang	两项	586
luan da	乱打	586
er shi si nian	二十四年	586
jiao jie chu	交界处	586
shi yi jie	十一届	586
xiang sheng	响声	586
tian xie	填写	586
ling zi	岭子	586
xin di	新堤	586
sha shi qu	沙市区	586
li	犁	586
wang xiao dong	王晓东	586
ai	碍	586
tiao zhi	调制	586
chou chu	踌躇	586
shen qu	身躯	586
zhe yang yi lai	这样一来	586
zheng xiang	争相	585
hu bu	互不	585
heng	亨	585
he gu	何故	585
ji shi ge	几十个	585
lu ji	卤鸡	585
gu cheng	古称	585
hou bei	后备	585
sheng mu	圣母	585
ying pin zhe	应聘者	585
jian she lu	建设路	585
nao nu	恼怒	585
shou qiang	手枪	585
zan qie	暂且	585
jiang	桨	585
han wu di	汉武帝	585
sha fu ming	沙复明	585
dian zhui	点缀	585
te ji	特级	585
deng shan	登山	585
jiao	绞	585
zi ji	自给	585
yuan	苑	585
du shu ren	读书人	585
sai hou	赛后	585
chi zao	迟早	585
shang hai shui chan da xue	上海水产大学	583
xia bian	下边	583
ka che	卡车	583
shang yong che	商用车	583
pian	囨	583
guo ying	国营	583
duo yuan	多元	583
dui zhao	对照	583
yin	尹	583
ying li	应力	583
mi	弥	583
jing liu	径流	583
cheng xing	成型	583
jie ran bu tong	截然不同	583
nao	挠	583
chao tian jiao	朝天椒	583
mo duan	末端	583
si wang lv	死亡率	583
mei shi	没事	583
sheng hua ren	盛华仁	583
shi mo	石墨	583
li mao	礼貌	583
zu shi	祖师	583
li fang mi	立方米	583
mian	缅	583
zhu cang	贮藏	583
ta shi	踏实	583
xuan ji	选集	583
zhong	锺	583
chi ming	驰名	583
sha	鲨	583
san pin	三品	582
shu mu	书目	582
jia zhi guan	价值观	582
bao mu	保姆	582
hua zhong nong ye da xue	华中农业大学	582
wei dui	卫队	582
xian shi qu	县市区	582
zhe	哲	582
ni	妮	582
mei	媒	582
shi er	时而	582
mo fan xian	模范县	582
wu dang shan feng jing qu	武当山风景区	582
qiao jian	瞧见	582
bi ji	笔记	582
lao nian ren	老年人	582
sai	腮	582
jie pou	解剖	582
gui	轨	582
zhui ji	追击	582
yi	鎰	582
quan	鰁	582
long da	龙大	582
wan wei	万尾	581
qiao xiao yang	乔晓阳	581
fan kui	反馈	581
zhou chang	周长	581
da di	大堤	581
tai zu	太祖	581
xue jie	学界	581
xiao he kou	小河口	581
yong su	庸俗	581
han yang qu	汉阳区	581
jiang an qu	江岸区	581
peng tiao	烹调	581
xuan yue men	玄岳门	581
yu xu gong	玉虚宫	581
yi	益	581
lun fan	轮番	581
you dian	邮电	581
chen pi xian	陈丕显	581
yan han	严寒	580
yi fang	以防	580
yu bo ya	俞伯牙	580
liu lang pu	刘郎浦	580
xiao kang xian	小康县	580
yu	愚	580
wen hua lu	文化路	580
wen jiao	文教	580
huang dong	晃动	580
zheng zong	正宗	580
yang qi	氧气	580
han nan qu	汉南区	580
liu xia	流下	580
man qing	满清	580
ai guo zhu yi	爱国主义	580
jiao na	缴纳	580
jing zhou qu	荆州区	580
shuo hao	说好	580
guo wang	过往	580
tui que	退却	580
guo shu yan	郭树言	580
wen dao	闻到	580
zhong hua he zhong	中华和钟	579
nong ye bu yu ye ju	农业部渔业局	579
qu xiong chu	区雄楚	579
nan yan gong	南岩宫	579
da wan te	大湾特	579
yao shi fu	姚师傅	579
chong yang xian	崇阳县	579
lian	帘	579
yi yang	意杨	579
dan dang	担当	579
la qi di	拉栖第	579
ceng si yu	曾思玉	579
yin jia zhou	殷家洲	579
yi	毅	579
jiang na miao	江纳苗	579
zhu cheng	筑成	579
se fen	色酚	579
ku nao	苦恼	579
jing dong	荆东	579
jiang jia chong	蒋家冲	579
yuan zong gao	袁宗皋	579
qing lai	请来	579
diao guan zhen	调关镇	579
che xiang	车厢	579
che cheng xi	车城西	579
zhen jiang	镇江	579
gao	镐	579
chang jiang shui chan yan jiu suo	长江水产研究所	579
juan	鹃	579
huang song ling	黄松龄	579
liang hui	两会	578
ju zhi	举止	578
guang hua	光滑	578
sheng zhi	升值	578
fan gan	反感	578
fa zhan shi	发展史	578
qi shi	启示	578
da yuan shuai	大元帅	578
shen xun	审讯	578
gan ying	感应	578
wu zhong	物种	578
zhen xi	珍惜	578
xi xin	细心	578
ying	颖	578
fen xi shi	分析师	577
zhan bei	战备	577
wu chi	无耻	577
bi bu shang	比不上	577
you qi	油漆	577
pian mian	片面	577
bai bai	白白	577
zong shen	纵深	577
ying cai	英才	577
cai yuan	裁员	577
hui	辉	577
jiao	郊	577
yi duo	一朵	576
xia ceng	下层	576
fu	俌	576
guang liang	光亮	576
gong ji	共计	576
yuan zi dan	原子弹	576
fan xiang	反响	576
hua	婲	576
yi	懿	576
wu jiang	武将	576
bi	毙	576
yuan yuan	渊源	576
wen cha	温差	576
na shen	纳什	576
zhe zhou	褶皱	576
zhuan zhe	转折	576
ming wen	铭文	576
lu shang	陆上	576
sui cong	随从	576
wu gui	乌龟	574
dai shu	代数	574
zi	兹	574
quan	券	574
shi yi nian	十一年	574
nan tong	南通	574
li jie	历届	574
ting cong	听从	574
da yu	大雨	574
wei guan	微观	574
kang yuan	抗原	574
you se jin shu	有色金属	574
gai shu	概述	574
you ren	游人	574
re lei	热泪	574
zhong dian	终点	574
jing li ren	经理人	574
su mu	肃穆	574
bu he	不合	573
wang	亾	573
jiang	僵	573
ling li	凌厉	573
qian ren	前人	573
tun tu liang	吞吐量	573
dan tou	弹头	573
xiao	晓	573
mu jie gou	木结构	573
bu ru	步入	573
zhan	毡	573
fa an	法案	573
niu ai guo	牛爱国	573
zhi ben	直奔	573
zhen xin	真心	573
ge bi	隔壁	573
qing cheng	青城	573
yu ding	预订	573
san zuo	三座	572
chuan wen	传闻	572
gong qiu	供求	572
xian qin	先秦	572
ba da	八大	572
duo fang	多方	572
an bian	岸边	572
zong gong si	总公司	572
zhua hao	抓好	572
lv	捋	572
ben wen	本文	572
sha huang	沙皇	572
ke	渴	572
shu ren	熟人	572
dian qi	电气	572
wan	纨	572
shi yu	食欲	572
bu shi	不适	571
bei hai	北海	571
si sha	厮杀	571
wei pai	委派	571
niang jia	娘家	571
nan	柟	571
chu wang	楚王	571
zhen ge	真个	571
dao gu	稻谷	571
yao dong	窑洞	571
di wu jie	第五届	571
gu	箍	571
zhuan	篆	571
fen hong se	粉红色	571
na cui	纳粹	571
bian dui	编队	571
yao dian	药店	571
xiang yan	香烟	571
bu bi yao	不必要	570
yun nan sheng	云南省	570
jian zhuang	健壮	570
ji liang	剂量	570
ben zou	奔走	570
xiao lu	小路	570
guai bu de	怪不得	570
yue chu	月初	570
hun hou	浑厚	570
ling jiu	灵柩	570
huan qiu	环球	570
pei tai	胚胎	570
bang	蚌	570
shuai tui	衰退	570
jing jie	警戒	570
bian zi	鞭子	570
yi dong bu dong	一动不动	569
zhu zi	主子	569
heng li	亨利	569
qin sheng	亲生	569
bian jie	便捷	569
chong zhe	冲着	569
ji luo	击落	569
chu ci	初次	569
huan qi	唤起	569
zai shou	在手	569
guan si	官司	569
xiao xin yi yi	小心翼翼	569
jiu shi shuo	就是说	569
zhong xin	忠心	569
lv	氯	569
fa lan xi	法兰西	569
zhao yao	照耀	569
dou	窦	569
yue han	约翰	569
fei yue	飞跃	569
shou chuang	首创	569
bu guang	不光	568
hui zhan	会战	568
hou bu wei yuan	候补委员	568
zhi ji	制剂	568
mu di	墓地	568
tai hu	太湖	568
an ning	安宁	568
mi feng	密封	568
shi niang	师娘	568
zheng zhi xie shang hui yi	政治协商会议	568
jing zhong	敬重	568
zhen ren	真人	568
bian ju	编剧	568
ku	裤	568
tong hua	通话	568
yin dao	阴道	568
yin huan	隐患	568
qing	顷	568
zai xian	再现	566
can zhan	参战	566
huang luan	慌乱	566
hu li	护理	566
an zi	案子	566
kui	盔	566
pan xuan	盘旋	566
shi zi	石子	566
xing jin	行进	566
zhuang jia bing	装甲兵	566
she ji zhe	设计者	566
qi bu	起步	566
beng	蹦	566
shi shi	适时	566
que	雀	566
yan shou	验收	566
shang men	上门	565
zai	仔	565
kou an	口岸	565
chang shi	常识	565
zhi yuan jun	志愿军	565
mo luo ge	摩洛哥	565
xian xian	显现	565
ji	棘	565
xun	熏	565
sheng xi	生息	565
jiao	礁	565
guan li ju	管理局	565
yi qian	一千	564
cong shu	丛书	564
zhao hui	召回	564
da qi	大旗	564
chang	昌	564
wu chang qi yi	武昌起义	564
jian di	歼敌	564
di san dai	第三代	564
xi kan	细看	564
mei mao	美貌	564
cai li	财力	564
lun kuo	轮廓	564
dao zhang	道长	564
gao duan	高端	564
cong rong	从容	563
zhong	冢	563
bei fa	北伐	563
ban yue	半月	563
da luan	大乱	563
tian zhu	天竺	563
yun fu	孕妇	563
han feng	寒风	563
wei qi	尾鳍	563
dang er	当儿	563
du shou	毒手	563
yan re	炎热	563
li shi hui	理事会	563
bing li	病理	563
zhe di	着地	563
xi ni	细腻	563
zheng fa	蒸发	563
xi shan	西山	563
su	诉	563
zu yi	足以	563
tong huo peng zhang	通货膨胀	563
niang cheng	酿成	563
zheng duan	争端	562
shi jie	使节	562
shi	嗜	562
shan ti	山体	562
yi shi xing tai	意识形态	562
fen	愤	562
huo xing	火星	562
po jiu	破旧	562
jing xuan	精选	562
ze ren gan	责任感	562
chen	辰	562
ye zhan	野战	562
gao san	高三	562
yi fen zhong	一分钟	561
yi shu	一束	561
xia shui	下水	561
huo ji	伙计	561
wo kou	倭寇	561
xia	匣	561
shi si nian	十四年	561
zhou sui	周岁	561
kai ju	开局	561
kai che	开车	561
shu	梳	561
hai nan dao	海南岛	561
liu xin	留心	561
mao	矛	561
ya	芽	561
ju hua	菊花	561
qing shi	请示	561
mou qiu	谋求	561
hao jie	豪杰	561
che ti	车体	561
lu fei qing	陆菲青	561
zhong yang dian shi tai	中央电视台	560
ta yong	他用	560
bao guan	保管	560
qian jin	千斤	560
tian wang	天王	560
jia jing	家境	560
xiao cheng	小城	560
ping he	平和	560
bo luan fan zheng	拨乱反正	560
fang she	放射	560
qi shi	歧视	560
xie lou	泄露	560
shen gan	深感	560
pi ge	皮革	560
huo bi zi ben	货币资本	560
tan lan	贪婪	560
jin fa	进发	560
le qu	乐趣	559
chuan gei	传给	559
he ren	何人	559
bao jia li ya	保加利亚	559
shang pin jing ji	商品经济	559
si shi	四十	559
fen mu	坟墓	559
wai hao	外号	559
hao bi	好比	559
you nian	幼年	559
guai yi	怪异	559
fang xing	方形	559
shi jie	时节	559
bi lv	比率	559
han shui	汗水	559
wang ba	王八	559
liu xue sheng	留学生	559
lu mian	路面	559
huang sha	黄沙	559
ding si tian	丁思甜	557
lin si	临死	557
ban you	伴有	557
tu dou	土豆	557
shuang	塽	557
shou hu	守护	557
ping xi	平息	557
jian jiao	建交	557
kang ri jiu wang	抗日救亡	557
he dian zhan	核电站	557
huan	桓	557
yan zheng	炎症	557
gua fen	瓜分	557
xi shao	稀少	557
hu nao	胡闹	557
yi ren	艺人	557
rong yao	荣耀	557
xia che	下车	556
dong bei di qu	东北地区	556
er ye	二爷	556
zuo meng	做梦	556
qie ge	切割	556
hu han	呼喊	556
hui fu	回复	556
xiao dao	小岛	556
dai hui	带回	556
fan lan	泛滥	556
lou dong	漏洞	556
jing zi	精子	556
yao yan	耀眼	556
lao di	老弟	556
xian	腺	556
la	蜡	556
deng	蹬	556
shi	逝	556
shan dong	闪动	556
sai	鳃	556
long pao	龙袍	556
yi huo	一伙	555
yi jiao	一角	555
wei zhong	为重	555
zhong yi yuan	众议院	555
ce shen	侧身	555
ci ke	刺客	555
wu fan	午饭	555
nan mei zhou	南美洲	555
hou wei	后卫	555
me	嚜	555
shen ding	审定	555
xu mu	序幕	555
zhi ming	指明	555
yue xin	月薪	555
bo luo di hai	波罗的海	555
wo lun	涡轮	555
man huai	满怀	555
li ma	立马	555
ben	笨	555
hong lou	红楼	555
si	肆	555
ji zhui dong wu	脊椎动物	555
shu	舒	555
wa	蛙	555
jie xi	解析	555
nao shi	闹事	555
mian bu	面部	555
ma ke	马克	555
bu zai hu	不在乎	554
bu jie	不解	554
zhi yong	之用	554
ru xuan	入选	554
ji shi	几时	554
gong ke	功课	554
ke kao xing	可靠性	554
guo jia dui	国家队	554
qi yi	奇异	554
hao ping	好评	554
tou shen	投身	554
an qing	案情	554
zhang ting	涨停	554
li gong	理工	554
kong xu	空虚	554
deng li zi ti	等离子体	554
qiang ji	羟基	554
xiang yong	享用	553
wa	娲	553
qian	悓	553
sao miao	扫描	553
she zheng wang	摄政王	553
zan	攒	553
zao zhi	早知	553
cheng	橙	553
mu ye	牧业	553
cu cao	粗糙	553
mei guo zheng fu	美国政府	553
zhuang jia che	装甲车	553
zhang hu	账户	553
bian	贬	553
wen hou	问候	553
gao fen zi	高分子	553
yi huang	一晃	552
bao you	保佑	552
ji jian	几件	552
zao sheng	噪声	552
si wei	四维	552
ye jing	夜景	552
gong xue yuan	工学院	552
wang fan	往返	552
qing yuan	情愿	552
qiang jie	抢劫	552
bai jian	拜见	552
wu ren ji	无人机	552
luo shan ji	洛杉矶	552
huo ren	活人	552
hai bin	海滨	552
jie ling	界岭	552
zhou mei	皱眉	552
jian hu	监护	552
sheng	笙	552
jing ying zhe	经营者	552
hang kong bing	航空兵	552
hua ban	花瓣	552
jian ge	间隔	552
chuan gan qi	传感器	551
pian li	偏离	551
ru shou	入手	551
zhi fu	制服	551
mu ji	募集	551
dai zi	呆子	551
kai xin	开心	551
zhang ning	张宁	551
ting jin	挺进	551
tui suan	推算	551
kuang ye	旷野	551
yu chang	渔场	551
ke mu	课目	551
ji shen	跻身	551
san chi	三尺	550
bu tuo	不妥	550
jing gang shan	井冈山	550
ling hu	令狐	550
yao	傜	550
bing xue	冰雪	550
hai chong	害虫	550
kai chu	开除	550
zhan jian	战舰	550
di shou	敌手	550
ji yi	机翼	550
nan mu	楠木	550
yu yin	玉音	550
sheng zhu	生猪	550
shen miao	神庙	550
sheng ren	胜任	550
lu jing	路径	550
chang jia	长假	550
yan hong huan	阎鸿唤	550
ge ming jia	革命家	550
huang shan	黄山	550
ren cheng	人称	548
ming ci	名次	548
yin zi	因子	548
nu li zhi	奴隶制	548
gong ren yun dong	工人运动	548
zhuang zi	庄子	548
bei fen	悲愤	548
mu ni hei	慕尼黑	548
wu yi	无以	548
biao ji	标记	548
jue qing	绝情	548
lao fu	老妇	548
qiu qian ren	裘千仞	548
tao tuo	逃脱	548
wei hai	为害	547
bing leng	冰冷	547
wai ce	外侧	547
shi zhen	市镇	547
tui chi	推迟	547
kai	揩	547
biao ben	标本	547
yan kuang	眼眶	547
xi chang	细长	547
bian zuan	编纂	547
jiao	缴	547
rong ru	融入	547
pa zai	趴在	547
jiu lou	酒楼	547
chen	鍖	547
wei zhuang	伪装	546
fa gei	发给	546
shu hui	叔惠	546
zhuang guan	壮观	546
xiao jing	孝敬	546
jing jiao	惊叫	546
juan kuan	捐款	546
zhuang ji	撞击	546
tuo yuan xing	椭圆形	546
he	楁	546
fu	氟	546
xiao sa	潇洒	546
xian chu	现出	546
kao shang	考上	546
mo	麽	546
ju zi	句子	545
yu	於	545
zui shao	最少	545
qi	杞	545
yang bai shun	杨百顺	545
yu ji	淤积	545
re shui	热水	545
shi ban	石板	545
zui fan	罪犯	545
xiang qing	详情	545
xia yu	下雨	544
chuang yi	创意	544
hei	嘿	544
duo zuo	多座	544
da hu	大户	544
si miao	寺庙	544
lu yong	录用	544
xin nian	心念	544
wei wen	慰问	544
shou yi	手艺	544
you dai	有待	544
you dian er	有点儿	544
yi	栧	544
zhi zhu	植株	544
hao wu yi wen	毫无疑问	544
kui	溃	544
yan shuo	演说	544
wu chan	物产	544
sha	萐	544
hu die	蝴蝶	544
bie	鳖	544
yi jie	一届	543
ci	佽	543
chang huan	偿还	543
zan	兂	543
lie biao	列表	543
qian hu	千户	543
zhan yong	占用	543
ying shi	应试	543
zuo tan	座谈	543
jing yi	惊异	543
jia	戞	543
can yu	残余	543
tao	涛	543
shen zhi	深知	543
ji liu	激流	543
te chang	特长	543
huang zu	皇族	543
xiang lin	相邻	543
tong xia	统辖	543
jiao	蛟	543
wei	违	543
chang pao	长袍	543
gui nv	闺女	543
gao cheng	高程	543
san jiao xing	三角形	542
bu sheng	不胜	542
jiao na	交纳	542
qi fu	其父	542
lin	凛	542
yuan di	原地	542
yao ya qie chi	咬牙切齿	542
da da xiao xiao	大大小小	542
da li shi	大理石	542
rong ren	容忍	542
zong ju	总局	542
lian	敛	542
shu bai	数百	542
gui hua	桂花	542
yan tai	烟台	542
re xian	热线	542
sheng kou	牲口	542
ge da	疙瘩	542
pi xie	皮鞋	542
zheng he	郑和	542
mian ju	面具	542
zhu ren gong	主人公	540
bao an	保安	540
chu	储	540
ji kou	几口	540
ju tong	剧痛	540
wei ji	危及	540
yuan zi he	原子核	540
duo mi	多米	540
gua	寡	540
zhan ji	战绩	540
kang ti	抗体	540
guo zhen	果真	540
wu zhuang qi yi	武装起义	540
qian che	牵扯	540
pi bei	疲惫	540
huang ye	皇爷	540
jiang	绛	540
cui ruo	脆弱	540
zhi guan zhong yao	至关重要	540
suan	蒜	540
quan xian	全线	539
tong zhi	同治	539
zhi	戠	539
tou fang	投放	539
xin shi ji	新世纪	539
ben bu	本部	539
ji shen	机身	539
zhuo	灼	539
te zhong bu dui	特种部队	539
he hua	荷花	539
he se	褐色	539
cuan	蹿	539
xian e	险恶	539
bu kuai	不快	538
hui shi	会试	538
chuan dong	传动	538
xian tian	先天	538
dan ren	单人	538
wu	唔	538
zhuo	啄	538
yao	姚	538
fei xu	废墟	538
de guo ren	德国人	538
pan sheng	攀升	538
ji chuang	机床	538
xie	泻	538
yan shan	燕山	538
ji er	继而	538
du wan	读完	538
bian jiang	边疆	538
san xiang	三项	537
feng	俸	537
cui hua	催化	537
chong pei	充沛	537
dong zhi wu	动植物	537
ya di	压低	537
chao xiao	嘲笑	537
xiao bei	小贝	537
shao nian er tong	少年儿童	537
bing xing	并行	537
kuai huo	快活	537
fu chen	拂尘	537
jie ti	接替	537
ri yong	日用	537
du wu	毒物	537
xiang dui lun	相对论	537
zhi guan	职官	537
lu zi	路子	537
dao guang	道光	537
ma ti	马蹄	537
xiu qi	修葺	536
dao jian	刀剑	536
you yi	右翼	536
ge bie	各别	536
da li	大礼	536
pi fu	批复	536
ti du	提督	536
jiu ming	救命	536
ge song	歌颂	536
hai kou	海口	536
xi	熺	536
jing ming	精明	536
xi tong di	系统地	536
biao zhang	表彰	536
gai dang	该当	536
zai ti	载体	536
bian lun	辩论	536
shi zhi	食指	536
ma dai	麻袋	536
qi ming	齐名	536
ren ji guan xi	人际关系	535
zhi ban	值班	535
zai xing	再行	535
guan yi	冠以	535
chong kai	冲开	535
yuan xing	原型	535
xiang liang	响亮	535
wei qi	围棋	535
tian jin shi	天津市	535
wang tu	妄图	535
guang zhou shi	广州市	535
zhi hui suo	指挥所	535
fang guo	放过	535
xie lou	泄漏	535
fa guo ren	法国人	535
hong shu	红薯	535
wu	芜	535
yi	蚁	535
sai chang	赛场	535
jin hu	近乎	535
jun zhu	郡主	535
sui kou	随口	535
gao xuan	高悬	535
yi bai	一百	534
san zhe	三者	534
ye yi	业已	534
liang yi	两翼	534
wu qian	五千	534
chou ren	仇人	534
jue yi	决意	534
du se	堵塞	534
duo guan	夺冠	534
wu	捂	534
fang huo	放火	534
shi zhu	施主	534
cha chu	查出	534
wan	腕	534
jie fang hou	解放后	534
qing shi	轻视	534
tie bang	铁棒	534
chang duan	长短	534
yuan luo	院落	534
yi wen	一文	533
xia tiao	下调	533
nong jia	农家	533
ke xiang er zhi	可想而知	533
guo ji	国籍	533
lian	廉	533
peng de huai	彭德怀	533
bei shang	悲伤	533
qi ji guang	戚继光	533
zhi	殖	533
lin	淋	533
li shi zhang	理事长	533
pan suan	盘算	533
mo da	莫大	533
gui ji	轨迹	533
fu dao	辅导	533
ma	鎷	533
dou ran	陡然	533
dian	靛	533
ma bei	马背	533
bu he li	不合理	531
yi chun	乙醇	531
qi gai	乞丐	531
he shi	何事	531
gong si	公私	531
zhu xue	助学	531
qu chu	去处	531
hu xiao	呼啸	531
chuang	幢	531
kai duan	开端	531
chai you	柴油	531
li	栎	531
shui wen	水温	531
sheng mu	生母	531
chu	矗	531
dao	稻	531
tong chou	统筹	531
yi he	议和	531
tong	酮	531
xian hua	闲话	531
chu ci zhi wai	除此之外	531
yi shi jian	一时间	530
qiao mu	乔木	530
xiang qin	乡亲	530
ren xing dao	人行道	530
rang	儴	530
bei xiang	北向	530
ye pian	叶片	530
zha shi	扎实	530
zhao ban	招办	530
shu pi	树皮	530
sheng bing	生病	530
di er pi	第二批	530
luo	络	530
ye su	耶稣	530
lian he zheng fu	联合政府	530
jiang li li	蒋丽莉	530
sao rao	骚扰	530
yi ju	一具	529
yan shou	严守	529
zhong xing	中性	529
er ze	二则	529
ta lia	他俩	529
ban gong ting	办公厅	529
chuan xi	喘息	529
an fang	安放	529
gong li	宫里	529
kai luo	开罗	529
che	掣	529
wu zhi	无知	529
hu qu	湖区	529
dian he	电荷	529
lun ti	论题	529
shi tan	试探	529
xie	谐	529
zu	鎺	529
gu ji	顾及	529
yi qiang	一枪	528
yi gai	一概	528
zheng dou	争斗	528
nong yao	农药	528
shuang jiao	双脚	528
fu bi	复辟	528
tian cai	天才	528
zhong shi	忠实	528
zhe he	折合	528
wu chen	无尘	528
ling	棂	528
he xi	河西	528
liu xiang	流向	528
kan shou	看守	528
zi lai	自来	528
jian ju	艰巨	528
shuai lao	衰老	528
qing zhong	轻重	528
shu dian	输电	528
bian di	遍地	528
yu men	郁闷	528
zheng ke	郑克	528
yun niang	酝酿	528
biao ju	镖局	528
yu	隅	528
e	鵞	528
shi jia	世家	527
jiao yi ri	交易日	527
yu nian	余年	527
yi fu	依附	527
guan kou	关口	527
nan yi	南移	527
pan tu	叛徒	527
cheng nan	城南	527
bi	嬶	527
xiao si	小厮	527
jin zao	尽早	527
jiao ke shu	教科书	527
wu xi	无锡	527
yi ran	毅然	527
mao jin	毛巾	527
yao	瑶	527
ban	瓣	527
dian ji	电极	527
ci xing	磁性	527
si you	私有	527
xiong bu	胸部	527
lian suo	连锁	527
gu yuan	顾源	527
yuan dan	元旦	526
shi duo nian	十多年	526
bo shi sheng	博士生	526
jiang zhang	奖章	526
xun yang jian	巡洋舰	526
cheng nian	成年	526
tou xiang	投向	526
qia	掐	526
chi	斥	526
biao ti	标题	526
tuan	檲	526
huo er	活儿	526
yan pi	眼皮	526
shi juan	试卷	526
xian liang	贤良	526
shi zhong	适中	526
yin yue hui	音乐会	526
cu xiao	促销	525
qie duan	切断	525
ban fen	半分	525
da xi	大喜	525
tai yang neng	太阳能	525
she chi	奢侈	525
rong xu	容许	525
ju tou	巨头	525
zhi tou	指头	525
zhen fen	振奋	525
zui qiang	最强	525
pao huo	炮火	525
peng ren	烹饪	525
mei	玫	525
qiong	琼	525
cuo shang	磋商	525
shen dao	神道	525
ke bi	科比	525
kao gu xue	考古学	525
tuo luo	脱落	525
fan	贩	525
xi	隙	525
fei dan	非但	525
zhong yang ji quan	中央集权	523
tou xi	偷袭	523
quan fang wei	全方位	523
sheng yu lao dong	剩余劳动	523
sheng jiang	升降	523
ji zhi	及至	523
he cha	喝茶	523
shi guan	士官	523
wei xiao	微小	523
e xing	恶性	523
da jiao dao	打交道	523
peng ji	抨击	523
zhi hui yuan	指挥员	523
bo	搏	523
huai shu	槐树	523
mei yong	没用	523
shen chen	深沉	523
rong	熔	523
tan huan	瘫痪	523
zhi tong	直通	523
xiang wang	相望	523
di	蒂	523
luo	裸	523
guan chuan	贯穿	523
wei gui	违规	523
die	迭	523
jin yan	金嫣	523
yin yue xue yuan	音乐学院	523
wei sheng	为生	522
shi	仕	522
di ji	低级	522
zhen cha ji	侦察机	522
bei lu	北麓	522
xiang	厢	522
xiao zi	小字	522
chang zhu	常驻	522
yi yi	异议	522
xing	惺	522
lu	掳	522
di dui	敌对	522
ji	暨	522
ji li	机理	522
heng sao	横扫	522
yan he	沿河	522
lan	滥	522
deng lu	登录	522
shen xue	神学	522
rou ti	肉体	522
hang cheng	航程	522
ke ben	课本	522
xing lai	醒来	522
ma tou	马头	522
yi ding	一顶	521
san dai	三代	521
zhong yang wei yuan	中央委员	521
liu da	六大	521
dan da	单打	521
hou hou de	厚厚的	521
zi ji	字迹	521
yan qing	宴请	521
xi	昔	521
mu diao	木雕	521
gu	沽	521
lang chao	浪潮	521
yong chu	涌出	521
mi	眯	521
deng	磴	521
tong nian	童年	521
jie shi	结识	521
duan	缎	521
biao ceng	表层	521
lun duan	论断	521
zeng song	赠送	521
tiao chu	跳出	521
ma ke si lie ning zhu yi	马克思列宁主义	521
yi zhan	一盏	520
zhi du hua	制度化	520
qian xing	前行	520
nu	努	520
kan	勘	520
xiu	嗅	520
si ci	四次	520
di lei	地雷	520
da cheng	大成	520
nian qian	年前	520
wang chang	往常	520
you	斿	520
pu lu shi	普鲁士	520
wei you	未有	520
ben ke sheng	本科生	520
shui shou	水手	520
fa lan ke fu	法兰克福	520
hai tan	海滩	520
shi	煶	520
liu suan	硫酸	520
dan gan	胆敢	520
bao he	饱和	520
ma ci	马刺	520
gao di	高地	520
mai zi	麦子	520
le yi	乐意	519
dao xia	倒下	519
duo yang hua	多样化	519
dui kou	对口	519
gong bing	工兵	519
chen	晨	519
huo guo	火锅	519
chu sheng	畜生	519
da hua	答话	519
jing shang	经商	519
tong tong	统统	519
xi gai	膝盖	519
xu ruo	虚弱	519
e	蛾	519
zhe ben	这本	519
wei jun	伪军	518
dan yuan	但愿	518
jie zhe	借着	518
dong mai	动脉	518
hua zhuang pin	化妆品	518
wai qi	外企	518
gong qiang	宫墙	518
shao jian	少见	518
yi	抑	518
you shi	有事	518
wu shui	污水	518
jing bing	精兵	518
xi lu	西路	518
zong ji	踪迹	518
ru xian ai	乳腺癌	517
ming shan	名山	517
shang dai	商代	517
lang	啷	517
zuo qi	坐骑	517
shi shi zai zai	实实在在	517
shan jian	山间	517
wen ping	文凭	517
you li	有理	517
mo kuai	模块	517
man qiang	满腔	517
mu dan	牡丹	517
qiu ji	秋季	517
ji	績	517
song	诵	517
duo	踱	517
dao qian	道歉	517
lang zhong	郎中	517
gu lv	顾虑	517
ling dao zhe	领导者	517
bu dong sheng se	不动声色	516
yu fou	与否	516
xing ji	星级	516
shu guang	曙光	516
wen zhou	温州	516
dian shi ji	电视机	516
tu bian	突变	516
yuan you	缘由	516
zi ru	自如	516
zhen dang	震荡	516
he ying qin	何应钦	514
dong luan	动乱	514
ting hua	听话	514
duo yuan hua	多元化	514
ding e	定额	514
ju fu	巨幅	514
ying bian	应变	514
pai fang	排放	514
jie na	接纳	514
zu ren	族人	514
mei chao feng	梅超风	514
si huo	死活	514
shi kuai	石块	514
suan fa	算法	514
gu fen gong si	股份公司	514
xu ni	虚拟	514
pai ji pao	迫击炮	514
bu miao	不妙	513
shang ren	伤人	513
ting zhan	停战	513
yuan shi zu	元世祖	513
da dou	大豆	513
fu hua	孵化	513
shi hua	实话	513
pang	庞	513
zhao dai	招待	513
qiang sheng	枪声	513
yuan quan	源泉	513
liu li	琉璃	513
ying shi	硬是	513
yang mao	羊毛	513
zhao jia	赵家	513
zuan shi	钻石	513
zhi shi	制式	512
pie	撇	512
shi ren	时任	512
jiang	疆	512
bai bu	白布	512
zhan	瞻	512
lao tian ye	老天爷	512
mao wu	茅屋	512
shen shou	身手	512
song wang	送往	512
qian shi	遣使	512
chang tu	长途	512
jing dian	静电	512
bi kong	鼻孔	512
san tiao	三条	511
hui can	会餐	511
ming	冥	511
ji qian nian	几千年	511
you zhang	右掌	511
zhang kai	张开	511
zhi hui guan	指挥官	511
xin wen si	新闻司	511
ri fang	日方	511
min sheng	民生	511
pai bie	派别	511
liu shou	留守	511
jian xing	碱性	511
kao juan	考卷	511
hu luo bo	胡萝卜	511
yan	腌	511
e	萼	511
liang	谅	511
yi guo liang zhi	一国两制	510
bu qi	不期	510
dai hao	代号	510
chuan zhen	传真	510
yuan lao	元老	510
nv zhen	女真	510
ning yuan	宁远	510
ping mi	平米	510
qing ren	情人	510
zhan huo	战火	510
zhe duan	折断	510
pai shou	拍手	510
xin jiao	新教	510
shu yu	术语	510
wang jing wei	汪精卫	510
xiang xi	湘西	510
li shi	理事	510
li cai	理睬	510
dian zi shang wu	电子商务	510
ying du	硬度	510
jie dian	节点	510
ruo gan ge	若干个	510
he	褐	510
pin xue	贫血	510
jie dai	借贷	509
quan qu	全区	509
gong wen	公文	509
qie chu	切除	509
bi bu ke shao	必不可少	509
han wei	捍卫	509
zhang fa	掌法	509
tui duan	推断	509
xin lang	新郎	509
lan mu	栏目	509
tao	淘	509
yu ni	淤泥	509
bao	胞	509
yue shang	跃上	509
xun meng	迅猛	509
jin shi	金石	509
long qi	隆起	509
ling dao quan	领导权	509
shi yan	食盐	509
gao fen	高分	509
jun zheng fu	军政府	508
qian bu	前部	508
quan zu	劝阻	508
ban ri	半日	508
tong ji	同级	508
zhou	咒	508
tu hua	图画	508
di bei	地被	508
tian xian	天线	508
xiao fu	小腹	508
dai gei	带给	508
cai hua	彩画	508
ji gong	技工	508
shen qing	深情	508
zhuo li	着力	508
jing mai	经脉	508
jue ji	绝技	508
pu tao jiu	葡萄酒	508
xi gua	西瓜	508
jue wu	觉悟	508
yuan yuan di	远远地	508
yu	鐭	508
tie lu xian	铁路线	508
xiong hou	雄厚	508
zhong yang zheng fu	中央政府	506
liu bo cheng	刘伯承	506
kuan rong	宽容	506
qu fu	屈服	506
jiao huang	教皇	506
you gong	有功	506
you yi si	有意思	506
zi	梓	506
mu chang	牧场	506
wang da fu	王大夫	506
sheng wu ti	生物体	506
zhuo xiang	着想	506
hua duo	花朵	506
huang tang	荒唐	506
dong lu	东路	505
zhu yi zhe	主义者	505
zhu gong	主公	505
ren qing	人情	505
ye lian	冶炼	505
hua xian	化纤	505
shou yi	受益	505
bian zhi yan	变质岩	505
ling xing	另行	505
zhou mi	周密	505
wei	慰	505
zong	棕	505
shui xiang	水乡	505
chao shui	潮水	505
sheng xing	生性	505
ji cha	级差	505
jiang zuo	讲座	505
gui bin	贵宾	505
tiao yue	跳跃	505
fan	钒	505
yin xing	银杏	505
hei hai	黑海	505
liang bu	两部	504
jiu wu	九五	504
xuan hua	喧哗	504
tian wen xue	天文学	504
nai fen	奶粉	504
ji nv	妓女	504
dui di	对敌	504
jin qing	尽情	504
tou ben	投奔	504
liao	撩	504
fang zhi	放置	504
zao	枣	504
zhi	滞	504
sheng chan lv	生产率	504
nan nv	男女	504
jin dou	筋斗	504
yu mao qiu	羽毛球	504
zhi	肢	504
cai nian	财年	504
ze ren zhi	责任制	504
lu deng	路灯	504
qian xi	迁徙	504
chan	馋	504
ma li	马力	504
zhong xing	中星	503
zhu ji	主机	503
wei guo	卫国	503
ye jian ying	叶剑英	503
jun chen	君臣	503
pu	噗	503
guo dao	国道	503
jia yuan	家园	503
ping fan	平反	503
di ceng	底层	503
qin na	擒拿	503
fang lve	方略	503
pu su	朴素	503
yang pin	样品	503
hai dao	海盗	503
ai hao zhe	爱好者	503
bai wan jian	白万剑	503
feng xi	缝隙	503
hang su	航速	503
heng shan	衡山	503
he ran	赫然	503
zhui	轛	503
zao jia	造价	503
shan shan	闪闪	503
shi guan	事关	502
dan shen	单身	502
wei zhu	围住	502
zai jian	在建	502
ai sai e bi ya	埃塞俄比亚	502
tian shun	天顺	502
ren shen	妊娠	502
ri nei wa	日内瓦	502
gun zi	棍子	502
gun dong	滚动	502
du you	独有	502
jian jin	监禁	502
mu deng kou dai	目瞪口呆	502
di jiu	第九	502
qian zheng	签证	502
beng	绷	502
yan	颜	502
yi	骮	502
li yuan hong	黎元洪	502
yi deng jiang	一等奖	501
yi jie	一节	501
bu lun shi	不论是	501
qin ai	亲爱	501
yi xue yuan	医学院	501
han hu	含糊	501
zhou dao	周到	501
da jie xiao xiang	大街小巷	501
lian jia	廉价	501
min jie	敏捷	501
quan shi	权势	501
li jia	李家	501
du su	毒素	501
hai yun	海运	501
hui chen	灰尘	501
dian qi hua	电气化	501
he zi	盒子	501
si xia	私下	501
mu han mo de	穆罕默德	501
fan guo	翻过	501
bi shu	避暑	501
chen she	陈设	501
ma qi dun	马其顿	501
ma fu	马夫	501
gao chu	高处	501
yi wan	一万	500
san mei	三枚	500
zhu xi tai	主席台	500
ren pin	人品	500
su hua shuo	俗话说	500
xing zhi	兴致	500
chu chan	出产	500
shao fu	少妇	500
shi li	市里	500
zhuang jia	庄家	500
qian shui	浅水	500
bai ren	白人	500
yu mao	羽毛	500
tuo shou	脱手	500
chan	蟾	500
gai shi	该是	500
tie jin	贴金	500
xun	逊	500
jian bie	鉴别	500
zhen shi	阵势	500
xie zi	鞋子	500
ru hai	入海	499
fa xie	发泄	499
tu zhu	土著	499
sun shao ping	孙少平	499
xiao zi	孝子	499
di zhi	帝制	499
xin tiao	心跳	499
xin wei	欣慰	499
cang hai	沧海	499
bin hai	滨海	499
hen	痕	499
sheng shi	省市	499
su lai	素来	499
xi xiao	细小	499
lao zong	老总	499
ying jun	英俊	499
yao dian	要点	499
jin bing	进兵	499
zhong gong ye	重工业	499
hei yi	黑衣	499
ju zuo	剧作	497
fa yuan	发源	497
xian	咸	497
jia bin	嘉宾	497
duo suo	多所	497
ao yun	奥运	497
jiu yi	就医	497
sun hao	损耗	497
jiu zai	救灾	497
bang yang	榜样	497
zhen	樼	497
wu xiu wen	武修文	497
shu si	殊死	497
you ji zhan zheng	游击战争	497
you li	游离	497
shi jia zhuang	石家庄	497
qian yue	签约	497
dai	绐	497
su qu	苏区	497
ren zhi	认知	497
yun dong hui	运动会	497
yin xing	隐形	497
yan	验	497
xia xiang	下乡	496
fen shou	分手	496
cong mang	匆忙	496
hui sheng	回升	496
kai qu	开去	496
mu zhi	拇指	496
qi xue	气血	496
han bao	汉堡	496
fei dian	沸点	496
shi	矢	496
chi	螭	496
yi cheng	译成	496
guo ren	过人	496
ling jiao	领教	496
shang yi	上衣	495
xia yi dai	下一代	495
dong mian	东面	495
sheng jing	圣经	495
wai mao	外貌	495
feng tian	奉天	495
ji	妓	495
tuo shan	妥善	495
shi fan da xue	师范大学	495
jing kong	惊恐	495
tuo la ji	拖拉机	495
cuo	挫	495
tan chun	探春	495
tui xiao	推销	495
shi jia	施加	495
zhi yi	旨意	495
bao xing	暴行	495
za zhong	杂种	495
li na	李娜	495
ci zhi	次之	495
duan que	短缺	495
rou lei	肉类	495
jie fang	街坊	495
xi jiang	西江	495
kua guo gong si	跨国公司	495
ying bin	迎宾	495
tong xun yuan	通讯员	495
dian dao	颠倒	495
xun lu	驯鹿	495
yi zhen zi	一阵子	494
bu ke si yi	不可思议	494
dong po	东坡	494
diu shi	丢失	494
nei zang	内脏	494
fen hang	分行	494
che	勶	494
shi bei	十倍	494
ji ri	即日	494
yi	呭	494
guo men	国门	494
tang tang	堂堂	494
da gong	大公	494
ni	孴	494
biao	彪	494
huai nian	怀念	494
xin hun	新婚	494
chui	椎	494
chu guo	楚国	494
ou yang ke	欧阳克	494
yu zhong	狱中	494
feng zi	疯子	494
shen wei	神位	494
fen mo	粉末	494
shao	绍	494
zhan	绽	494
lian tong	联通	494
zhuang xiu	装修	494
yi lou	遗漏	494
cai kuang	采矿	494
tie mu zhen	铁木真	494
ma ding	马丁	494
kan	龕	494
san jian	三间	493
zhuan xin	专心	493
liang chu	两处	493
di jia	低价	493
fen hui	分会	493
ming wei	名位	493
si zhong	四种	493
bi duan	弊端	493
zhang san feng	张三丰	493
yi jing	意境	493
da yin	打印	493
la ding mei zhou	拉丁美洲	493
bo kuan	拨款	493
wu qing	无情	493
qing chu	清初	493
ai hu	爱护	493
duan duan de	短短的	493
tu ni si	突尼斯	493
kui	窥	493
di yi jian	第一件	493
di ba	第八	493
na men	纳闷	493
jian zai	舰载	493
liang xing	良性	493
cao dian	草甸	493
luo lu	裸露	493
xi zhi men	西直门	493
shu	赎	493
jin xiu	进修	493
mi lian	迷恋	493
you jian	邮件	493
liao	鐐	493
chen jin nan	陈近南	493
gao xin	高薪	493
xia lou	下楼	492
bu fu	不负	492
wu lu mu qi	乌鲁木齐	492
jie	介	492
guan dong	关东	492
gang yi	刚毅	492
sheng yu jia zhi lv	剩余价值率	492
hou zhong	厚重	492
he ying	合营	492
shan	墠	492
da zhang fu	大丈夫	492
da zuo	大作	492
bin ke	宾客	492
qin	寝	492
dui zhi	对峙	492
ni mo xing	尼摩星	492
ni ri li ya	尼日利亚	492
gan liu	干流	492
bei ai	悲哀	492
an ji	氨基	492
zong he zheng	综合征	492
xian	臽	492
mai chu	迈出	492
mi huo	迷惑	492
zhi	酯	492
ling dian	零点	492
fei ben	飞奔	492
zhu shou	驻守	492
zhong nian ren	中年人	491
wei ci	为此	491
ya xi ya	亚细亚	491
gong you zhi	公有制	491
qian nian	前年	491
qu nei	区内	491
yan	堰	491
bing lie	并列	491
zhi jia	指甲	491
gai	概	491
ci shu	此书	491
you cha	油茶	491
ye jing	液晶	491
shuo	硕	491
lian yin	联姻	491
zhi gao wu shang	至高无上	491
tao wang	逃亡	491
tao ming	逃命	491
yi chuan xue	遗传学	491
chou	酬	491
jin se	金色	491
xi	鑴	491
wan duo	万多	490
san tong	三通	490
shang hang	上行	490
ye	冶	490
dong gong	动工	490
hua li	华丽	490
ji ke	即刻	490
juan qi	卷起	490
si quan	四圈	490
xing shi	型式	490
lei	垒	490
duo	奲	490
xue zi	学子	490
rong qi	容器	490
fei wu	废物	490
shan zi	扇子	490
xing qiu	星球	490
geng he kuang	更何况	490
geng gai	更改	490
shuo	朔	490
gan ju	柑橘	490
ou ya da lu	欧亚大陆	490
qing xi	清洗	490
nan sheng	男生	490
zhong sheng	终生	490
tong zhi qu	统治区	490
ling jian	零件	490
huang long	黄龙	490
jiao huo	交货	488
e jun	俄军	488
nan mei	南美	488
tong wei su	同位素	488
da huo	大祸	488
ji feng	季风	488
gu er	孤儿	488
tun tian	屯田	488
tan xian	探险	488
xing	杏	488
chai you ji	柴油机	488
zheng jing	正经	488
can ren	残忍	488
qi	淇	488
shi lin	石林	488
long luo	笼络	488
tang	膛	488
hong dong	轰动	488
jin ling	金陵	488
wu	钨	488
wan gu	顽固	488
xiang qi	香气	488
jun qing	军情	487
ji he xue	几何学	487
feng jie er	凤姐儿	487
bei duan	北段	487
na	呐	487
la ba	喇叭	487
di dao	地道	487
e	妸	487
shou jun	守军	487
gua fu	寡妇	487
yin qiao	引桥	487
dang bing	当兵	487
e ran	愕然	487
min rui	敏锐	487
wen ti	文体	487
wu yong	无用	487
ming mo qing chu	明末清初	487
ben yi	本意	487
ji zhi	极致	487
dian fen	淀粉	487
jiu	灸	487
zhou	肘	487
chuan dui	船队	487
bei jiao	被叫	487
shi li	视力	487
yu xi	语系	487
hong hong lie lie	轰轰烈烈	487
bei	钡	487
tie dao bu	铁道部	487
chang lang	长廊	487
fu jia	附加	487
shang cheng	上乘	486
liang sou	两艘	486
bing fa	兵法	486
qian fang bai ji	千方百计	486
tuo dang	妥当	486
guan ren	官人	486
dui lian	对联	486
hong yang	弘扬	486
de li	得力	486
cheng chong	成虫	486
zhao biao	招标	486
hui dong	挥动	486
fang ke	方可	486
gou zhu	构筑	486
jia she	架设	486
chao zuo	炒作	486
dao ban	盗版	486
jing ji	竞技	486
yao ming	要命	486
yan xing	言行	486
zai he	载荷	486
jin bo	金箔	486
a er ji li ya	阿尔及利亚	486
ma mu	麻木	486
yi ci xing	一次性	485
bu liu	不留	485
wei nan	为难	485
dong xiang	动向	485
keng dao	坑道	485
chai kai	拆开	485
kuo	括	485
deng tai	登台	485
zhuo lu	着陆	485
bi zhi	笔直	485
jing shu	经书	485
mi	蜜	485
ji	诘	485
shen fa	身法	485
xian ding	限定	485
ma che	马车	485
shang yuan	伤员	484
wu ru	侮辱	484
bei duan	北端	484
ji shi	即时	484
li	厘	484
tai ping tian guo	太平天国	484
xiao wu	小屋	484
ping zhang	屏障	484
gong shang ju	工商局	484
en shi	恩师	484
jie fa	揭发	484
bei zi	杯子	484
xi li	洗礼	484
gua zi	瓜子	484
zhen jun	真菌	484
qi dao	祈祷	484
ke suo wo	科索沃	484
wei suo	萎缩	484
jian fang	见方	484
cai zheng bu	财政部	484
ruan ruo	软弱	484
bu fa	不乏	483
pan guan	判官	483
wei kun	围困	483
gong gong jing jing	恭恭敬敬	483
wan hui	挽回	483
tui li	推力	483
mo suo	摸索	483
tian jian xiu	田见秀	483
pan zi	盘子	483
di	砥	483
jue wu	绝无	483
ying shi	萤石	483
xue yi ma	薛姨妈	483
zha	诈	483
gai che	该车	483
bo	驳	483
jing	鲸	483
jing han	京汉	482
di chan	地产	482
fu su	复苏	482
jian qi	建起	482
qiang you li	强有力	482
ju pa	惧怕	482
yi zhi	意旨	482
cheng yin	成因	482
bao da	报答	482
yan zi	燕子	482
da wen	答问	482
mei rong	美容	482
kua	胯	482
ling	菱	482
yao bu shi	要不是	482
gui yi	诡异	482
gai ji	该机	482
zhu cun	贮存	482
yi yan bu fa	一言不发	480
liang pai	两派	480
zhong zi	中子	480
duo	亸	480
ren qi	人气	480
you ya	优雅	480
chuan xiao	传销	480
gong kuan	公款	480
fu zuo yong	副作用	480
zhi	吱	480
ge	咯	480
zhuang	妆	480
yun	孕	480
kou	寇	480
zuo pai	左派	480
man	悗	480
shen	慎	480
ci tang	祠堂	480
meng ya	萌芽	480
shi jiao	视角	480
lian nian	连年	480
jin zi ta	金字塔	480
pei ban	陪伴	480
mian rong	面容	480
gu bu de	顾不得	480
fan wan	饭碗	480
yi liang ge	一两个	479
bao hu qu	保护区	479
ji zhi	几只	479
ji lin sheng	吉林省	479
ba zhang	巴掌	479
huang	幌	479
shan	幓	479
gan ma	干吗	479
bai dong	摆动	479
xuan lv	旋律	479
za zhi	杂质	479
hua	桦	479
yong heng	永恒	479
liu chang	流畅	479
piao	漂	479
lu zi	炉子	479
kuang re	狂热	479
dian chang	电场	479
zhi li	直立	479
di san chan ye	第三产业	479
ji nian pin	纪念品	479
fu ling	茯苓	479
rou lin	蹂躏	479
dou	逗	479
ruan	阮	479
wu ming	五名	478
chan fu	产妇	478
ce zhong	侧重	478
liu shi	六十	478
nei luan	内乱	478
liu xiang	刘翔	478
qian ri	前日	478
yun	匀	478
yuan zi	园子	478
di duan	地段	478
jia ji	夹击	478
zong dei	总得	478
xuan ya	悬崖	478
shu qing	抒情	478
jiao ban	搅拌	478
xuan feng	旋风	478
bao guang	曝光	478
song ruan	松软	478
hua ji	滑稽	478
xian cheng	现成	478
bing si	病死	478
bai fa	白发	478
xiao xiao	笑笑	478
lian bing	练兵	478
xiong pu	胸脯	478
xu shi you	许世友	478
qing ke jian	顷刻间	478
liu jiao	六角	477
jing hua	净化	477
he yi	合一	477
weng weng	嗡嗡	477
si ji	四季	477
duo yue	多月	477
da sao	大嫂	477
zou shu	奏疏	477
hao xie	好些	477
shi di	实地	477
fu han	富含	477
gong jian	弓箭	477
gui jie	归结	477
ji qie	急切	477
mo tuo che	摩托车	477
shu zhi	树脂	477
di	狄	477
gan su sheng	甘肃省	477
shen zhou	神州	477
mo	谟	477
niang jiu	酿酒	477
zhong bing	重兵	477
yuan men	院门	477
shi	驶	477
shi shi	世事	476
liu he	六合	476
zhi bei	制备	476
xie shou	携手	476
qi huo	期货	476
guo	椁	476
fu jin	福晋	476
lao peng you	老朋友	476
mi ren	迷人	476
jin huang	金黄	476
lian	鍊	476
ma ren	骂人	476
gong li	公理	475
jin er	劲儿	475
bo	勃	475
bao ji	包机	475
li nian	历年	475
si fen	四分	475
jia chu	家畜	475
you bo bei	尤伯杯	475
yin li	引力	475
zhang fei	张飞	475
niu qu	扭曲	475
qu diao	曲调	475
lin zi	林子	475
chou	栦	475
di	氐	475
xun qi	汛期	475
hai gang	海港	475
bing fang	病房	475
she tuan	社团	475
ling xing	菱形	475
ti	蹄	475
zhen wang	阵亡	475
zhong jian ti	中间体	474
xian qi	先期	474
xiong shou	凶手	474
chu yi	初一	474
ding zhu	叮嘱	474
qiao bi	峭壁	474
tuo yan	拖延	474
yong dai	拥戴	474
an zhu	按住	474
shi kong	时空	474
dang ci	档次	474
zhi zu	知足	474
shi hui	石灰	474
li xiang	立项	474
xing	腥	474
huo zhun	获准	474
xu	蓄	474
qian cheng	虔诚	474
hang zhang	行长	474
gua	褂	474
huo yun	货运	474
pin han	贫寒	474
jian	践	474
bian zi	辫子	474
feng hua	风化	474
ting zhi	停滞	473
gong guan	公关	473
zhi zao shang	制造商	473
yang shi	央视	473
kui	戣	473
shu zhang	数丈	473
ji dong xing	机动性	473
min ge	民歌	473
ce yan	测验	473
dan dan de	淡淡的	473
fan zao	烦躁	473
xiang ji	相机	473
wen shi	纹饰	473
zhen	贞	473
su lv	速率	473
xiang shan	香山	473
ma bu	麻布	473
dong zheng	东征	471
zhong guo zu xie	中国足协	471
lin an	临安	471
er fen	二分	471
wu cai	五彩	471
zhi qian	值钱	471
fen xiao	分校	471
jia you	加油	471
ya dao	压倒	471
jiao hua	叫化	471
ha sa ke	哈萨克	471
a yo	啊哟	471
dao guan	导管	471
qiang xian	抢先	471
zhu zi liu	朱子柳	471
shi ke	石刻	471
le	肋	471
lian hong	脸红	471
zi ran er ran	自然而然	471
jue zhu	角逐	471
you	诱	471
ceng	蹭	471
la jiao	辣椒	471
ying zhan	迎战	471
shi du	适度	471
diao	钓	471
men zhen	门诊	471
zhen ying	阵营	471
yi pie	一瞥	470
shang chang	上场	470
zhuan zhu	专注	470
jun wu	军务	470
ji dian	几点	470
qi jian	器件	470
da ta bu	大踏步	470
ding xing	定型	470
qiang zhan	强占	470
peng peng	怦怦	470
mou ren	某人	470
mou mou	某某	470
jian ju	检举	470
chen jin	沉浸	470
ji nu	激怒	470
tian jing	田径	470
cheng wei	称谓	470
qiao	窍	470
jian yi	简易	470
kao qu	考取	470
xue yuan	血缘	470
biao ge	表哥	470
yuan zi yi	袁紫衣	470
xiang fan	襄樊	470
hua yin	话音	470
lu kou	路口	470
tie lian	铁链	470
yi	颐	470
shang gan	伤感	469
ru shui	入睡	469
quan quan	全权	469
leng mo	冷漠	469
deng	凳	469
tou xian	头衔	469
jiu du	就读	469
qiao	悄	469
yi xiang bu dao	意想不到	469
mu jiang	木匠	469
fu zhong	浮肿	469
shen qie	深切	469
xia xiao	狭小	469
wang qiu	网球	469
zai zhong	载重	469
chi chi	迟迟	469
yu	鍝	469
nan wang	难忘	469
yan	雁	469
jiao hui	交汇	468
bing shi	兵士	468
chu xing	出行	468
shi li	十里	468
shang chao	商朝	468
yuan quan	圆圈	468
cong	婃	468
cun fang	存放	468
she men	射门	468
xiao qu	小区	468
kang heng	抗衡	468
kong gao	控告	468
zheng fa	政法	468
rou he	柔和	468
liang	椋	468
dian xia	殿下	468
wu	污	468
xi zao	洗澡	468
jin ji	禁忌	468
di yi qi	第一期	468
chou jian	筹建	468
ban di	般地	468
cha guan	茶馆	468
cao chang	草场	468
ge	葛	468
jie du	解毒	468
xian di	贤弟	468
zhang bei	长辈	468
xia	霞	468
ba	靶	468
si chou	丝绸	467
ren min wang	人民网	467
chu xu	储蓄	467
chong feng qiang	冲锋枪	467
jue bu hui	决不会	467
qi liang	凄凉	467
ge yi	各异	467
zhuan	堟	467
yi xing	宜兴	467
yan dong	岩洞	467
chong shang	崇尚	467
cheng pai	成排	467
ji dong che	机动车	467
lin mu	林木	467
yuan tou	源头	467
du jia	独家	467
xia yi	狭义	467
dao mu	盗墓	467
hua se	花色	467
zheng qi	蒸汽	467
mao ran	贸然	467
ku	酷	467
hei ke	黑客	467
xin feng	信封	466
yang zhu	养猪	466
ji	冀	466
yong meng	勇猛	466
yuan gao	原告	466
mu dao	墓道	466
zeng su	增速	466
xian shu	娴熟	466
da rao	打扰	466
ba tou	把头	466
tiao qi	挑起	466
xiao wai	校外	466
yuan	渊	466
lao	簩	466
zhong jie	终结	466
lao tou er	老头儿	466
kao chang	考场	466
hu zong xian	胡宗宪	466
lan xiao mei	蓝小梅	466
shi	蚀	466
tiao dong	跳动	466
qi zuo	七座	465
zhuan ren	专任	465
you jing you xi	又惊又喜	465
guo wu qing	国务卿	465
hao	壕	465
duo sui	多岁	465
tou yun	头晕	465
nv gong	女工	465
wei wu	威武	465
sun shao an	孙少安	465
huan	幻	465
cheng shu	成书	465
yang liu	杨柳	465
heng xiang	横向	465
heng kua	横跨	465
he wang	河网	465
zha	渣	465
dian ying yuan	电影院	465
zhou wen	皱纹	465
yi jiao	移交	465
mei guo guo hui	美国国会	465
fei pang	肥胖	465
jian	荐	465
huang miu	荒谬	465
xun xi	讯息	465
ji zhuang xiang	集装箱	465
qing zang gao yuan	青藏高原	465
huang hua	黄花	465
yi zhen zhen	一阵阵	463
xing sheng	兴盛	463
fen ju	分局	463
chuang hui	创汇	463
bei ou	北欧	463
zhuo	卓	463
fan tan	反弹	463
ke guan	可观	463
chi	叱	463
mi	咪	463
ge lun bi ya	哥伦比亚	463
hao jiu	好久	463
an wei	安危	463
zong ji	总计	463
wu xu	无需	463
mei zi	梅子	463
ge chang	歌唱	463
you tong	油桐	463
yan jiu hui	研究会	463
xiong zhong	胸中	463
hui	蛔	463
gui ren	贵人	463
huang an	黄安	463
wan ming	万名	462
bu shan	不善	462
yu zhong bu tong	与众不同	462
dong men	东门	462
fa	乏	462
yi ke	亦可	462
bang	傍	462
chu chai	出差	462
bei ji	北极	462
shi yue ge ming	十月革命	462
fan bo	反驳	462
wei wu zhu yi	唯物主义	462
guo ku	国库	462
duo kou	垛口	462
da ban	大半	462
wei e	巍峨	462
zhan si	战死	462
pie kai	撇开	462
li gui fei	李贵妃	462
cha ming	查明	462
she hui dang	社会党	462
jie jiao	结交	462
wei xi	苇席	462
mao mi	茂密	462
jun xie	军械	461
si	嘶	461
gu zhi	固执	461
cheng xi	城西	461
sheng xue	声学	461
bei shou	备受	461
wai xiang xing	外向型	461
da feng	大风	461
biao zi	婊子	461
dian li	店里	461
zong tong fu	总统府	461
shu yue	数月	461
hao	毫	461
fen	濆	461
huo hou	火候	461
xiang ju	相聚	461
chou hua	筹划	461
hu tu	胡涂	461
jian ku fen dou	艰苦奋斗	461
hua wen	花纹	461
pan long	蟠龙	461
chu ji	触及	461
guo lv	过滤	461
bu yu	不予	460
jiao dai	交待	460
guang xian	光纤	460
fu	冨	460
chu yan	出言	460
kuang	劻	460
shi ce	史册	460
tang yi na	唐一娜	460
jia xing	嘉兴	460
ping ban	平板	460
ji cu	急促	460
zhao jia	招架	460
xing guang	星光	460
jing shi	晶石	460
cheng qing	澄清	460
xian gei	献给	460
sheng ming li	生命力	460
shi zhu	石柱	460
shen jing xi tong	神经系统	460
chun zheng	纯正	460
ying chao	英超	460
qiu yin	蚯蚓	460
ya	衙	460
jiang jie	讲解	460
shuo ming shu	说明书	460
zhao hong sheng	赵宏声	460
jin hai	近海	460
zhui sui	追随	460
tong feng	通风	460
tou zi	骰子	460
yi ge duo yue	一个多月	459
san shi duo nian	三十多年	459
zhong li	中立	459
ting zhang	厅长	459
he fei	合肥	459
ming shi	名师	459
ga	嘎	459
zai zuo	在座	459
di ming	地名	459
xi	夕	459
da ying	大营	459
wei ni si	威尼斯	459
jia dang	家当	459
gong ye qu	工业区	459
dai bing	带兵	459
xin shen	心神	459
zhao shou	招手	459
gong du	攻读	459
ming wang chao	明王朝	459
du juan	杜鹃	459
he dian	核电	459
si shi	死尸	459
yu	湡	459
ban quan	版权	459
bing gao	禀告	459
di san juan	第三卷	459
zu fen	组分	459
kao cha	考查	459
zi yan zi yu	自言自语	459
she ding	设定	459
wu cha	误差	459
shen wang	身亡	459
yuan qu	远去	459
long ting	龙亭	459
bu yuan chu	不远处	458
zhong ceng	中层	458
qin lin	亲临	458
fo xiang	佛像	458
fan guo lai	反过来	458
guo zhai	国债	458
zeng fa	增发	458
gong yi pin	工艺品	458
ju xiang	巨响	458
wu shan	巫山	458
you er yuan	幼儿园	458
hui	徽	458
mo jin xiao wei	摸金校尉	458
wei chang	未尝	458
ji zu	机组	458
jia	枷	458
huo huo	活活	458
yu	淤	458
qing cui	清脆	458
man di	满地	458
lie huo	烈火	458
yong bing	用兵	458
da ti	答题	458
bian zhi	编织	458
yin liang	银两	458
zhuan zhi	专职	457
wu jie	五届	457
zhuan ji	传记	457
gong yi	公益	457
gong sheng	共生	457
bei bian	北边	457
ai	嗳	457
sheng xi	声息	457
shi xue	失学	457
xue shu jie	学术界	457
xie	屑	457
bing gou	并购	457
kai wa	开挖	457
qi	忔	457
zhe she	折射	457
wen yi fu xing	文艺复兴	457
dian nei	殿内	457
quan zhou	泉州	457
xiang fu	相符	457
lu	禄	457
mu	穆	457
zhan mo	粘膜	457
mei guo kong jun	美国空军	457
lao nian	老年	457
gu zhi	股指	457
beng	迸	457
feng mao	风貌	457
long quan	龙泉	457
yi da zao	一大早	456
yi ji du	一季度	456
yi zao	一遭	456
ge zi	个子	456
you lie	优劣	456
mian chu	免除	456
ji qian	几千	456
si li jian	司礼监	456
guo ji fa	国际法	456
fu chou	复仇	456
tian wen xue jia	天文学家	456
wei feng lin lin	威风凛凛	456
ni luo he	尼罗河	456
chang yan dao	常言道	456
yu	彧	456
xin chang	心肠	456
zhi zheng fu	执政府	456
chou yan	抽烟	456
zhi bu	支部	456
xin zheng	新政	456
mu ben	母本	456
hai qu	海区	456
hai rui	海瑞	456
qing liang	清亮	456
re chao	热潮	456
wu li	物力	456
ying	瑛	456
tian mi	甜蜜	456
nan zi han	男子汉	456
mang	盲	456
hong bao shi	红宝石	456
xian	纤	456
wei du	纬度	456
yao	耀	456
fu xiu	腐朽	456
gui ji	诡计	456
gan zhe	赶着	456
feng hou	丰厚	454
ren tou	人头	454
nong hu	农户	454
bei lu	北路	454
yuan ding	原定	454
hou bu	后部	454
shi wei	实为	454
tan kai	摊开	454
duan jue	断绝	454
shu ye	树叶	454
qiu jie	求解	454
jiang yu	疆域	454
shi shou	石兽	454
po sui	破碎	454
bian hao	编号	454
ken ni ya	肯尼亚	454
hua yu	话语	454
chen	谌	454
you	邮	454
kuo ye lin	阔叶林	454
bu yao jin	不要紧	453
shu xin	书信	453
ren quan	人权	453
ting dun	停顿	453
chu	厨	453
guo hao	国号	453
tu zhi	图纸	453
shan lin	山林	453
zhang tie	张贴	453
de bu dao	得不到	453
rong	戎	453
yang zi jiang	扬子江	453
tuo ba	拓跋	453
jiao pai	教派	453
biao zhun hua	标准化	453
jie bai	洁白	453
re li xue	热力学	453
cuo	磋	453
jing gan	竟敢	453
se	繬	453
tun	臀	453
ku tou	苦头	453
guan li tai	观礼台	453
pu she	铺设	453
ling wu	领悟	453
ma shi ying	马士英	453
san zhao	三招	452
zhu zhan	主战	452
zhong xing peng yue	众星捧月	452
zuo qu jia	作曲家	452
quan bang	全邦	452
bo ya	博雅	452
fa xiang di	发祥地	452
zhang	張	452
che chu	撤出	452
che li	撤离	452
dian ci bo	电磁波	452
mi fan	米饭	452
gen shang	跟上	452
shen pi	身披	452
chang hong	长虹	452
yi ban shuo lai	一般说来	451
xia guo	下过	451
cong zhong	丛中	451
ya huan	丫鬟	451
zhu dong xing	主动性	451
zhi er	之二	451
chuan hu	传呼	451
nan hang	南航	451
da mo	大漠	451
tian peng	天棚	451
kai qi	开启	451
xing zhuang	性状	451
yu fa	愈发	451
pang ting	旁听	451
niu che	牛车	451
kan shu	看书	451
duan pian xiao shuo	短篇小说	451
fan mao	繁茂	451
xi mian	西面	451
bian ren	辨认	451
huang hai	黄海	451
wei	伟	450
chu fa dian	出发点	450
ming lie qian mao	名列前茅	450
zhou xuan	周旋	450
jie fu	姐夫	450
shan chuan	山川	450
ju shi	巨石	450
gan shi	干事	450
fei qi	废弃	450
dai	怠	450
qi	愭	450
jie yan	戒严	450
dou gong	斗拱	450
xing xing	星星	450
gan jun	杆菌	450
sheng ji	生机	450
xu ji liang	蓄积量	450
zu xie	足协	450
yue chu	跃出	450
gong	躬	450
tie guo	铁锅	450
sui chao	隋朝	450
yi ji	一记	449
dong chang an jie	东长安街	449
cheng yuan	乘员	449
jiu wu zhi zun	九五之尊	449
xiang shi	乡试	449
wu geng	五更	449
he zhong	何种	449
zhen cha	侦查	449
xin xi ji shu	信息技术	449
jun ji	军机	449
qian men	前门	449
bei feng	北风	449
li shi xue jia	历史学家	449
tai du	台独	449
hu yan	呼延	449
yuan qu	园区	449
su	塑	449
da lian shi	大连市	449
duo qu	夺去	449
xian zheng	宪政	449
pi fa	批发	449
xin ban	新版	449
bi ni	比拟	449
fa la di	法拉第	449
lang man zhu yi	浪漫主义	449
ye ya	液压	449
sui pian	碎片	449
lu	簬	449
jing zhan	精湛	449
ji cheng ren	继承人	449
lao na	老衲	449
can dou	蚕豆	449
xi bian men	西便门	449
guan wang	观望	449
lun dian	论点	449
bian hu	辩护	449
ling shi	零食	449
zhen tian	震天	449
an ran	黯然	449
yi tong	一通	448
zhong guo yi dong	中国移动	448
chan chu	产出	448
chu fang	出访	448
xiao mi	小米	448
kai hua	开花	448
xi xi xiang guan	息息相关	448
hai chan	海产	448
tang	淌	448
xi fan	稀饭	448
qian	箞	448
xi zhu ren	系主任	448
gao	膏	448
shi ci	诗词	448
bai huai	败坏	448
qi huo	起火	448
jiong	迥	448
luo	锣	448
zhen jing	镇静	448
feng shou	丰收	447
xin lai	信赖	447
ning gu	凝固	447
chu zu che	出租车	447
shi tian xiong	史天雄	447
ping feng	屏风	447
ba shu	巴蜀	447
nian nei	年内	447
xing sheng huo	性生活	447
hu bian	湖边	447
fen shao	焚烧	447
wu jian	物件	447
pi	疲	447
sui	穗	447
fan ti zi	繁体字	447
jue cha	觉察	447
jie jiu	解救	447
zan mei	赞美	447
na da	那大	447
nie	钀	447
yin shen	隐身	447
xue hua	雪花	447
liang zhang	两张	445
dan tian	丹田	445
ban zhi min di	半殖民地	445
he jie	和解	445
yan ceng	岩层	445
bang shou	帮手	445
dang jia zuo zhu	当家作主	445
ying shi	影视	445
xin jing	心惊	445
guai zhang	拐杖	445
zhang gui	掌柜	445
wen hua shi	文化史	445
ri chu	日出	445
can liu	残留	445
hai zhan	海战	445
qian lian	牵连	445
bing li	病例	445
mao tou	矛头	445
cu	簇	445
bei zi	辈子	445
cheng	逞	445
kao zhe	靠着	445
mian mian xiang qu	面面相觑	445
shou ji	首级	445
shang yang	上扬	444
ren shou	人手	444
zuo qi	做起	444
ji zao	及早	444
bian gu	变故	444
fu dan da xue	复旦大学	444
ben bo	奔波	444
rao	娆	444
ding liang	定量	444
huan qu	换取	444
min jing	民警	444
sheng chan guan xi	生产关系	444
shi hui yan	石灰岩	444
du li	肚里	444
shi fei	试飞	444
yun zai	运载	444
di	迪	444
yu gan	预感	444
fei xiang	飞翔	444
fei xing qi	飞行器	444
yi pan	一盘	443
dai zhu ren	代主任	443
hui er	会儿	443
dian	佃	443
ti xing	体型	443
qu jing	取经	443
zhou er	周二	443
shang luo shan	商洛山	443
zai xiao sheng	在校生	443
da chuan	大船	443
dui hua	对华	443
wan yao	弯腰	443
bai fang	拜访	443
xin wen hua yun dong	新文化运动	443
sha diao	杀掉	443
tian jian	田间	443
li bu kai	离不开	443
zi gu yi lai	自古以来	443
pei	裴	443
ji hao	记号	443
fu you	负有	443
jin wu	进屋	443
jin du	进度	443
bo	钵	443
xiang qian	镶嵌	443
san shi	三世	442
shang hai zheng quan jiao yi suo	上海证券交易所	442
xia yuan	下院	442
ren xing	人行	442
xin xi wang	信息网	442
ke la	克拉	442
ba jie	八届	442
bing xiang	冰箱	442
chu zi	出资	442
fen gei	分给	442
li bi ya	利比亚	442
da ban	大阪	442
wei wang	威望	442
xiao ma	小马	442
gan ren	感人	442
huan cheng	换成	442
miao	描	442
xin cun	新村	442
jian	椾	442
heng chuan	横穿	442
chu	橱	442
li ke	理科	442
tian fu jun	田福军	442
xiang dai	相待	442
yi	祎	442
cheng	絾	442
ji yao	纪要	442
zong dui	纵队	442
lian gong	练功	442
you fa	诱发	442
zhi zi	质子	442
tong shi	通史	442
qiu zhang	酋长	442
a sen na	阿森纳	442
mei	霉	442
fei lai	飞来	442
ma que	麻雀	442
zhong guo ge ming bo wu guan	中国革命博物馆	441
dian ya	典雅	441
qian bu jiu	前不久	441
jian shu	剑术	441
zhu gong	助攻	441
he xian	和县	441
guo an	国安	441
duo luo	堕落	441
zeng yuan	增援	441
yang hang	央行	441
mu	慕	441
tuo ma si	托马斯	441
min	抿	441
gai yong	改用	441
xin ke zhuang yuan	新科状元	441
lv dian	旅店	441
wu bian	无边	441
cun luo	村落	441
cha	汊	441
bo luo	波罗	441
tai lai	泰来	441
liu xing	流星	441
kuang feng	狂风	441
ying	盈	441
xiang ge	相隔	441
zhuan tou	砖头	441
bian chui	边陲	441
lian dui	连队	441
chong fan	重返	441
qin pei	钦佩	441
ju	锯	441
yi ban	一班	440
ju shou	举手	440
yi wan	亿万	440
ji shi	几十	440
chu jia	出嫁	440
lie chu	列出	440
cha na jian	刹那间	440
qian yuan	千元	440
ke shuo shi	可说是	440
zhou zhong ying	周仲英	440
da dui	大堆	440
tian tan	天坛	440
kua da	夸大	440
jiao	姣	440
xue ye	学业	440
yin ke xi	尹克西	440
dang zhong	当众	440
fen	忿	440
dong shi	懂事	440
jian	栫	440
hui	櫘	440
feng	湗	440
tian yuan	田园	440
jie mian	界面	440
bai yun	白云	440
li fa	礼法	440
xian tiao	线条	440
guan tou	罐头	440
bei wo	被窝	440
shuo bu qing	说不清	440
diao	貂	440
zhang san jiao	长三角	440
men fei	门扉	440
yin jie	音节	440
gao zhi	高职	440
wu tai shan	五台山	439
gong lu wang	公路网	439
yin du jiao	印度教	439
fa re	发热	439
shang xue yuan	商学院	439
ji bu	基部	439
ye se	夜色	439
cha e	差额	439
liao	廖	439
pai ji	排挤	439
za ju	杂剧	439
wu ran wu	污染物	439
nao	淖	439
shen	渗	439
shu qi	竖起	439
tong hua	童话	439
lv zhou	绿洲	439
tan qi	谈起	439
zong	踪	439
huang di	黄帝	439
ye jie	业界	437
bo jue	伯爵	437
xiong mei	兄妹	437
gu ji	古籍	437
zhou qi xing	周期性	437
di wei	地委	437
xu	墟	437
fan	墦	437
da lu jia	大陆架	437
che jun	撤军	437
pu fa	普法	437
jie xian	界线	437
pi juan	疲倦	437
zhen zhu	真主	437
po bai	破败	437
zu you she	祖右社	437
di er wei	第二位	437
zhu	紵	437
si wu ji dan	肆无忌惮	437
cheng yi	诚意	437
shi	谥	437
shen chu	身处	437
na shuang	那双	437
yin hang quan	银行券	437
gu sui	骨髓	437
sha yu	鲨鱼	437
liang mei	两枚	436
suo	傞	436
mu	募	436
cheng zhi	城址	436
da zhuan xue xiao	大专学校	436
xuan de	宣德	436
zong zhi hui	总指挥	436
da sao	打扫	436
shai tai yang	晒太阳	436
bo duan	波段	436
bin lin	濒临	436
re qi	热气	436
cheng ken	诚恳	436
zu ji	足迹	436
suo ding	锁定	436
zhen shou	镇守	436
lou mian	露面	436
mo gui	魔鬼	436
bu yue er tong	不约而同	435
zhong xue sheng	中学生	435
fen zhi	分治	435
da xia gu	大峡谷	435
kong que	孔雀	435
nu	弩	435
xing ti	形体	435
xin huai	心怀	435
qiao cui	憔悴	435
zhao xun	找寻	435
fang dian	放电	435
shu shi ge	数十个	435
man gu	曼谷	435
ji shao shu	极少数	435
sha he	沙河	435
mie	滅	435
tai	炲	435
shu hu	疏忽	435
yi lv	疑虑	435
meng jun	盟军	435
zhen qing	真情	435
duan zheng	端正	435
di yi dai	第一代	435
gang yao	纲要	435
tao fa	讨伐	435
xun jie	迅捷	435
zuan yan	钻研	435
chang pian	长篇	435
ji	饥	435
gao song	高耸	435
yan zheng	严整	434
yun pan	云盘	434
quan xin quan yi	全心全意	434
fen tou	分头	434
shuang shuang	双双	434
ke xi	可喜	434
da ti shang	大体上	434
da cheng	大城	434
duo hui	夺回	434
ba ge da	巴格达	434
xin jing	心境	434
zhong yu	忠于	434
en ge si	恩格斯	434
ba shou	把手	434
quan jiao	拳脚	434
huan jie	换届	434
tan tou	探头	434
dan	旦	434
ji qi ren	机器人	434
min xin	民心	434
ling long	玲珑	434
tian zhen ying	田震英	434
qiao bu qi	瞧不起	434
ji zu	祭祖	434
hong xi bao	红细胞	434
jing you	经由	434
lao xian sheng	老先生	434
can	蚕	434
gu zi	谷子	434
huang wa fei	黄瓦飞	434
qin hai	侵害	433
qiao	俏	433
yang huo	养活	433
pan ding	判定	433
cun you	存有	433
ju wei hui	居委会	433
shi chang hua	市场化	433
zong gong cheng shi	总工程师	433
rao luan	扰乱	433
juan zeng	捐赠	433
tan ce qi	探测器	433
jiao yu ting	教育厅	433
duan ran	断然	433
gou xiang	构想	433
mei lin	梅林	433
shu	樹	433
bi yu	比喻	433
chen jing	沉井	433
lian	涟	433
yan jiao	眼角	433
ku long	窟窿	433
bei song	背诵	433
fu lan	腐烂	433
huang	衁	433
hui xia	麾下	433
yi liang	一两	432
shang dang	上当	432
lin zou	临走	432
di chen	低沉	432
gong lu qiao	公路桥	432
jun huo	军火	432
leng dan	冷淡	432
chu shi	出使	432
fu zong	副总	432
shi jiu	十九	432
lu xiang sheng	卢象升	432
keng sheng	吭声	432
duo duo	多多	432
da tang	大堂	432
ji du	嫉妒	432
e	峨	432
xing er	幸而	432
dang di ren	当地人	432
yi	彝	432
tui yan	推演	432
zhu qi zhen	朱祁镇	432
jia qi	架起	432
dian ji	点击	432
wei	玮	432
qiu xing	球形	432
xiao yan	硝烟	432
zu wei hui	组委会	432
liao kuo	辽阔	432
tao wang	逃往	432
na duan	那段	432
zhong jing shi	重晶石	432
xiao liang	销量	432
feng li	锋利	432
zhen xian	阵线	432
fei chuan	飞船	432
shang an	上岸	431
shang che	上车	431
dong wu	东吴	431
ji nei ya	几内亚	431
jia xin	加薪	431
lao lei	劳累	431
sheng xue lv	升学率	431
tai xiao	太小	431
wo shou	握手	431
jiu chu	救出	431
mu zhi	木质	431
yang hang	洋行	431
ping jing	瓶颈	431
po mie	破灭	431
qin wang	秦王	431
di si ci	第四次	431
lao xiang	老乡	431
chao dao	超导	431
tui suo	退缩	431
pei ou	配偶	431
ba	钯	431
sui kai huang	隋开皇	431
nan kan	难看	431
ti xing	题型	431
zhu jing ban	驻京办	431
she	麝	431
xia fa	下发	430
ru bai se	乳白色	430
liang li	亮丽	430
gu	估	430
zuo fang	作坊	430
nan ping	南平	430
duo suo	哆嗦	430
bei zhan	备战	430
da tuan jie	大团结	430
tian ming	天明	430
shi chang	失常	430
hao si	好似	430
ji	姬	430
cun xin	存心	430
xiao niu	小牛	430
xun shi	巡视	430
pu tong	扑通	430
zhang xin	掌心	430
jing ye	敬业	430
mei	昧	430
huan hu sheng	欢呼声	430
yao dai	腰带	430
nan kan	难堪	430
liang ri	两日	428
zhong guo guo min dang	中国国民党	428
bo fu	伯父	428
shen suo	伸缩	428
pian xiang	偏向	428
mao fan	冒犯	428
he zuo she	合作社	428
pen fa	喷发	428
da mu zhi	大拇指	428
chen tu	尘土	428
kai yuan	开元	428
tui chong	推崇	428
kun lun shan	昆仑山	428
you shi	有失	428
ji zai	机载	428
zhi shu	植树	428
zheng dian	正殿	428
min yi	民意	428
shui zi yuan	水资源	428
gou qu	沟渠	428
zhao xiang	照相	428
zao	燥	428
lin	璘	428
wa guan	瓦罐	428
meng guo	盟国	428
niu	纽	428
sheng bai	胜败	428
xu jiu	许久	428
fei li	费力	428
zan zhu	赞助	428
zhao ban shan	赵半山	428
zhui zong	追踪	428
guo yao shi	郭药师	428
mo ran	默然	428
yi ge duo	一个多	427
qin you	亲友	427
xing ban	兴办	427
dong jie	冻结	427
shi yu nian	十余年	427
ai ya	哎呀	427
xi qing	喜庆	427
qiang jiao	墙角	427
wai jiao bu xin wen si	外交部新闻司	427
da sheng	大胜	427
da xue	大雪	427
hao you	好友	427
shi xiong di	师兄弟	427
bing yong	并用	427
zhang jia	张家	427
mang huo	忙活	427
zhan gong	战功	427
zheng fu bu men	政府部门	427
si la fu	斯拉夫	427
ben chang	本场	427
luan	欒	427
gan	汵	427
huo kong	火控	427
bing chong hai	病虫害	427
yan zhu	眼珠	427
xiao hong lin	肖鸿林	427
yuan fang	远方	427
xuan qu	选取	427
zhu yi	逐一	427
chui	錘	427
jian pan	键盘	427
kuo	闊	427
ba quan	霸权	427
jiao zi	饺子	427
ming jiao	鸣叫	427
zhong xian	中线	426
fen dui	分队	426
li dao	力道	426
qin fen	勤奋	426
nan yang	南洋	426
ji ji	唧唧	426
tou kui	头盔	426
fen	奋	426
nv dui	女队	426
xuan zhan	宣战	426
ying wei	应为	426
kai qiang	开枪	426
de tian du hou	得天独厚	426
yong bao	拥抱	426
fei	斐	426
shi ri	时日	426
tao yuan	桃园	426
zhuo mian	桌面	426
you ji	游击	426
bo	玻	426
bai bei	百倍	426
nian tu	粘土	426
jiu	舅	426
shun	舜	426
zhi ma	芝麻	426
xuan	萱	426
ji ce	计策	426
diao ji	调集	426
huang	谎	426
die dao	跌倒	426
ruan jian gong cheng	软件工程	426
you bian	邮编	426
jiang dao	降到	426
shou xuan	首选	426
bu gan	不甘	425
wu zi xu	伍子胥	425
yu lian zhou	俞莲舟	425
jun xiao	军校	425
chu you	出游	425
bei liu	北流	425
shi yu	十余	425
han xiao	含笑	425
shang jia	商家	425
yuan zhui xing	圆锥形	425
di fang guan	地方官	425
duo chu	多处	425
hun shi	婚事	425
guan er	官儿	425
za	帀	425
bi hu	庇护	425
kai fa shang	开发商	425
qi hao	旗号	425
min zhu dang	民主党	425
huo re	火热	425
bai jia	白家	425
kan zhong	看中	425
guan li ceng	管理层	425
liang cao	粮草	425
zang fu	脏腑	425
hang kong gang	航空港	425
jie ti	解题	425
shi si	誓死	425
rang bu	让步	425
yi zhang	议长	425
ye	谒	425
lun hui	轮回	425
yan cheng	严惩	424
yi qi	义气	424
bei mei zhou	北美洲	424
shi san ge	十三个	424
di zhi xue	地质学	424
duo zhang	多长	424
tian chi	天池	424
ping fan	平凡	424
ban yun	搬运	424
xin wen jie	新闻界	424
shui pao	水泡	424
pai chu suo	派出所	424
shao zhi	烧制	424
pai wei	牌位	424
sheng wu xue jia	生物学家	424
sheng ji	生计	424
tong hen	痛恨	424
chu	褚	424
jin xing qu	进行曲	424
jin bi hui huang	金碧辉煌	424
gu yong	雇用	424
feng zheng	风筝	424
yi cheng bu bian	一成不变	423
zhong zhi	中指	423
cheng shi	乘势	423
jiao zhi	交织	423
fo ta	佛塔	423
jian chan	减产	423
ji li	吉利	423
hou xu	后续	423
wei kong	唯恐	423
ji shu	基数	423
duo tian	多天	423
gui gong	归公	423
cai hua	才华	423
jie ren	接任	423
nian	撵	423
xing huo	星火	423
mu pai	木牌	423
li bai	李白	423
jiang dong	江东	423
tan	炭	423
jiao hua	狡猾	423
wang gong	王宫	423
lao ye zi	老爷子	423
chi ru	耻辱	423
shen zang	肾脏	423
zi kao	自考	423
yun	芸	423
cha bei	茶杯	423
shi guan	试管	423
bao zi	豹子	423
ze cheng	责成	423
zhan zhuan	辗转	423
pei	馷	423
ji tang	鸡汤	423
nong yong	农用	422
hua wei	华为	422
kou wen	口吻	422
ha sa ke si tan	哈萨克斯坦	422
guo li	国力	422
guo min dang zhong yang	国民党中央	422
da zong	大宗	422
tun bing	屯兵	422
gong zuo zu	工作组	422
zhang zuo lin	张作霖	422
di ya	抵押	422
gui tai	柜台	422
qiao dun	桥墩	422
sen yan	森严	422
han cheng	汉城	422
you ci ke jian	由此可见	422
yi miao	疫苗	422
fan	矾	422
zi ran huan jing	自然环境	422
mao	茂	422
bu zhu	补助	422
gan zou	赶走	422
jin si hou	金丝猴	422
xiong xing	雄性	422
ma ling shu	马铃薯	422
long wang	龙王	422
yi ying	一应	420
bu xiu	不休	420
chu li	出力	420
shuang xiang	双向	420
zhou shen	周身	420
chang pian	唱片	420
si hai	四海	420
da tang	大唐	420
tou teng	头疼	420
zhong yi	忠义	420
yi xiang	意向	420
fang chan	房产	420
jian yue	检阅	420
ying	楹	420
he hu	河湖	420
wang an shi	王安石	420
kuang ye	矿业	420
kuang qu	矿区	420
di san ming	第三名	420
ge zhou ba	葛洲坝	420
zhuang pei	装配	420
gai guo	该国	420
diao xiang	雕像	420
zhou ran	骤然	420
liang kou	两口	419
zhai quan	债权	419
nong ye qu	农业区	419
feng yu xiang	冯玉祥	419
chu ma	出马	419
qian dian	前殿	419
wu	嗚	419
qin gong	寝宫	419
xu shou hui	徐寿辉	419
de sheng	得胜	419
cheng nian ren	成年人	419
duan duan xu xu	断断续续	419
zao dian	早点	419
zao can	早餐	419
song chi	松弛	419
guo zi	果子	419
zha	榨	419
jiao zao	焦躁	419
xi mie	熄灭	419
ge	犵	419
deng ji	登极	419
zhi yin	知音	419
zu di	租地	419
jing ji ren	经纪人	419
hua mu	花木	419
zhan	蘸	419
xu shi	虚实	419
lie feng	裂缝	419
gan lu	赶路	419
bi xie	辟邪	419
wen xun	闻讯	419
zhong guo wai jiao bu	中国外交部	418
jiao chu	交出	418
xie	偕	418
ba wu	八五	418
ling	凌	418
yi zhi	医治	418
ye bi qiu	叶碧秋	418
tu di ge ming zhan zheng	土地革命战争	418
shi qing	实情	418
ge	戈	418
da zhao hu	打招呼	418
zheng tuo	挣脱	418
chan	搀	418
du zhong	杜仲	418
chu	杵	418
hong lao	洪涝	418
you ji	游记	418
kong xi	空隙	418
jue ding	绝顶	418
tie zhe	贴着	418
zhe zhu	遮住	418
lei dian	雷电	418
ban zou	伴奏	417
di kong	低空	417
ru chuan	入川	417
tai di	台地	417
shi shi	史实	417
wu bang guo	吴邦国	417
bu ru dong wu	哺乳动物	417
fen yong	奋勇	417
xiao ti qin	小提琴	417
cai dian	彩电	417
zheng shui	征税	417
you you	悠悠	417
zhi shi	指使	417
tui ci	推辞	417
shu zi hua	数字化	417
lv you zhe	旅游者	417
geng die	更迭	417
zhu sha	朱砂	417
lai hua	来华	417
huo bao	火爆	417
huan jing bao hu	环境保护	417
jing zhi	精制	417
zu zu	足足	417
xian e	限额	417
yin yong	饮用	417
chou lou	丑陋	416
pian cha	偏差	416
chu lu	出炉	416
gu wen	古文	416
hou jin	后劲	416
hou yuan	后院	416
hai	嗨	416
da lu	大路	416
da men kou	大门口	416
shi luo	失落	416
ting yuan	庭院	416
zhang zui	张嘴	416
dai man	怠慢	416
ge bi	戈壁	416
dou dong	抖动	416
za jiao	杂交	416
pi	毗	416
qing zhen si	清真寺	416
lan	澜	416
du ju te se	独具特色	416
wang ming	王明	416
she hui hua	社会化	416
zhi wu	织物	416
xiao xiang	肖像	416
zhong	衷	416
fu gai lv	覆盖率	416
shi xing	试行	416
liao ning dui	辽宁队	416
rui	锐	416
ti cai	体裁	415
xin tu	信徒	415
ou xiang	偶像	415
guang lan	光缆	415
kuang	况	415
sheng qi	升旗	415
gu wu	古物	415
tai hai	台海	415
yin gu	因故	415
zai yi	在意	415
hao shou	好手	415
shang qie	尚且	415
yin zhi ping	尹志平	415
fu yang	抚养	415
cui can	摧残	415
zhu xi	朱熹	415
meng jian	梦见	415
lou fang	楼房	415
yu	浴	415
chen	衬	415
mou sheng	谋生	415
zong ying	踪影	415
che shen	车身	415
jin qu	进取	415
shi ling	适龄	415
tie men	铁门	415
zhu tie	铸铁	415
ti wei	题为	415
liang xing	两性	414
lao	佬	414
mian bu liao	免不了	414
quan zhou	全州	414
yong yu	勇于	414
ming qi	名气	414
xian yang	咸阳	414
zeng sheng	增生	414
shi mian	失眠	414
nv shi	女尸	414
yu lin jun	御林军	414
jie bei	戒备	414
sao dang	扫荡	414
bao jia	报价	414
di ji	敌机	414
tan	昙	414
ji xing	机型	414
cuan	欑	414
zheng bi	正比	414
dong ting	洞庭	414
tan huo	炭火	414
bao po	爆破	414
zhu hai	珠海	414
miao	瞄	414
chuan dai	穿戴	414
xiao	箫	414
biao pi	表皮	414
zheng jian	证见	414
zou zou	走走	414
sheng	鍟	414
shan guo	闪过	414
mian jia	面颊	414
zhong chang	中常	413
you sheng	优胜	413
guang nian	光年	413
kai	凯	413
hua ding	划定	413
ju zuo jia	剧作家	413
bei qi	北齐	413
hua guo feng	华国锋	413
bei bi	卑鄙	413
xian fu	县府	413
hou ren	后任	413
shang biao	商标	413
mai zang	埋葬	413
sheng diao	声调	413
tian shi	天使	413
meng zi	孟子	413
jiu ren	就任	413
ni po er	尼泊尔	413
jin guan ru ci	尽管如此	413
dai dian	带电	413
gan xi	干系	413
she ru	摄入	413
dou zhi	斗志	413
ben lun	本轮	413
zha	楂	413
te yue	特约	413
chou mi	稠密	413
kong xi	空袭	413
jing ji xing	经济型	413
luo ru cai	罗汝才	413
xian liu	腺瘤	413
ying guang	荧光	413
zhuang zuo	装作	413
zhen	诊	413
pian	谝	413
yi bao	一包	411
liang dui	两队	411
ren shi	人世	411
yi er	伊尔	411
shi chen	使臣	411
guang jing	光景	411
guang pan	光盘	411
ba qi	八七	411
nong hang	农行	411
hua rui	华瑞	411
ting tang	厅堂	411
he cheng	合称	411
qi miao	奇妙	411
zi	孳	411
xi wei	席位	411
ku cun	库存	411
ying yao	应邀	411
shou liu dan	手榴弹	411
zhao dai suo	招待所	411
wen tai lai	文泰来	411
duan dai	断代	411
gen ji	根基	411
mu nv	母女	411
dian zi	点子	411
ya gao	牙膏	411
sheng fu	生父	411
dian ying jie	电影节	411
jin ling	禁令	411
zhi bi	纸币	411
se ze	色泽	411
fu lin	芙琳	411
dong bi wu	董必武	411
yi shi	衣食	411
shi ji	试剂	411
qi yin	起因	411
bian zheng fa	辩证法	411
na chang	那场	411
nan yu	难于	411
san xing	三星	410
shang lu	上路	410
bu de le	不得了	410
yi gan	乙肝	410
ti wen	体温	410
zuo xiang	作响	410
jia mao	假冒	410
zuo sheng yi	做生意	410
can	儏	410
yuan jian	元件	410
sheng	剰	410
lie shi	劣势	410
lao yi	劳役	410
pang	嗙	410
qiao ke li	巧克力	410
ping ping	平平	410
de shi	得失	410
zong zhi	总值	410
shi	恃	410
zhan ju	战局	410
gong xian	攻陷	410
ming shi	明史	410
luo	椤	410
bo yin	波音	410
zhu guang	烛光	410
kang	犺	410
kong zhan	空战	410
jian lou	简陋	410
ji	箕	410
jing guan	经管	410
mei fang	美方	410
chong	舂	410
zu xia	足下	410
yin si	隐私	410
zhuan ye hua	专业化	409
er shi liu nian	二十六年	409
ju quan	俱全	409
qi er	其二	409
jun bei	军备	409
xiao zhen	小镇	409
tun zi	屯子	409
shi zi	师资	409
you zhi	幼稚	409
nong qing	弄清	409
xin ai	心爱	409
wu xin	无心	409
you xin	有心	409
pi lin	毗邻	409
pao ji	炮击	409
du shu yi zhi	独树一帜	409
huang ling	皇陵	409
bi mo	笔墨	409
er mu	耳目	409
liang ji	良机	409
cang ying	苍蝇	409
su shuo	诉说	409
tie shen	贴身	409
zhe yang de hua	这样的话	409
shi liang	适量	409
bi po	逼迫	409
cai cha	采茶	409
chen yi	陈毅	409
kui	魁	409
dong lin dang	东林党	408
quan cheng	全程	408
zhi qiu	只求	408
he tan	和谈	408
tu keng	土坑	408
tian jian	天监	408
nu li zhu	奴隶主	408
zhang kou	张口	408
mang yu	忙于	408
ken	恳	408
zhi xing guan	执行官	408
sou cha	搜查	408
wu liang	无量	408
mu bang	木棒	408
jie	洁	408
zu lin	租赁	408
ban	绊	408
fan yue	翻阅	408
yi shu pin	艺术品	408
wu xian	诬陷	408
shui jia	谁家	408
ji zhen	集镇	408
qing tong qi	青铜器	408
cu	顣	408
gu zhe	骨折	408
bei shan	北山	407
lian	堜	407
wai jiao guan	外交官	407
da qing	大庆	407
zi di bing	子弟兵	407
shi shi	实时	407
kai guan	开关	407
kai mu shi	开幕式	407
xin shi	心事	407
pu tong ren	普通人	407
you sheng	有生	407
gan	柑	407
han shu	汉书	407
yan xi	沿袭	407
tian ye	田野	407
kong di	空地	407
rou	粈	407
mian	绵	407
qiang zu	羌族	407
kao ru	考入	407
yao ye	药业	407
mi feng	蜜蜂	407
gu fu	辜负	407
yi shu	遗书	407
hao yao qi	郝摇旗	407
zhong chen	重臣	407
yin yue	隐约	407
ma lie zhu yi	马列主义	407
yi qu	一曲	406
zhong nan hai	中南海	406
hua xue jia	化学家	406
yuan ze shang	原则上	406
can jun	参军	406
zhui	墜	406
zeng fu	增幅	406
duo zi	多子	406
duo yang xing	多样性	406
tian jin dui	天津队	406
zun hao	尊号	406
yan qi	延期	406
e yi	恶意	406
la dong	拉动	406
san she	散射	406
xin yao	新药	406
zao fan	早饭	406
mao bi	毛笔	406
shui dao	水道	406
chu li	矗立	406
zhan tai	站台	406
jie meng	结盟	406
pei	胚	406
xi	螅	406
jiang xue	讲学	406
jiang shou	讲授	406
diao du	调度	406
dao chang	道场	406
wen hua	问话	406
a er ba ni ya	阿尔巴尼亚	406
gao gui	高贵	406
xiu bu	修补	405
shan chu	删除	405
nan xiang	南湘	405
fa jiao	发酵	405
hui he	回合	405
guo bao	国宝	405
zong zu	宗族	405
gong shi	工事	405
ju ren	巨人	405
miao li	庙里	405
qiang guo	强国	405
qiang han	强悍	405
zong can mou zhang	总参谋长	405
ci bei	慈悲	405
zhan guo	战果	405
jiao wu	教务	405
ri ben zheng fu	日本政府	405
ming yue	明月	405
gou si	构思	405
huo zhuo	活捉	405
te wei	特委	405
li suo dang ran	理所当然	405
sheng hua	生化	405
li bai	礼拜	405
she hui zhi du	社会制度	405
zhong xing	种姓	405
chun jie	纯洁	405
jing ji lin	经济林	405
shu gei	输给	405
zao hua	造化	405
xue di	雪地	405
gu bu shang	顾不上	405
zhu zai	主宰	404
pian jian	偏见	404
xing wang	兴旺	404
lao dong sheng chan lv	劳动生产率	404
dan ti	单体	404
luan chao	卵巢	404
shang lv	商旅	404
jian jiao	尖叫	404
zheng zhi xue	政治学	404
fei teng	沸腾	404
qing suan	清算	404
xiang chi	相持	404
na xi zu	纳西族	404
an	胺	404
shuai jie	衰竭	404
xi hua	西华	404
yao dao	要道	404
wu qu	误区	404
pao dao	跑道	404
lian cheng yi pian	连成一片	404
chang yu	长于	404
e mi tuo fo	阿弥陀佛	404
ji xun	集训	404
ji min	饥民	404
shang yuan	上院	402
jian mei	健美	402
gong jue	公爵	402
ce li	册立	402
bei fa jun	北伐军	402
nan jing cheng	南京城	402
chuang dan	床单	402
wei fen fang cheng	微分方程	402
xi cheng	戏称	402
ji fa	技法	402
sou bu	搜捕	402
di wo	敌我	402
wen zhong	文中	402
ji xie chang	机械厂	402
sheng li xue	生理学	402
zhi xi	直系	402
zhi shi dian	知识点	402
jing yu	精于	402
han lin	翰林	402
fu xie	腹泻	402
yao qian	要钱	402
jie fang si xiang	解放思想	402
zai ru	载入	402
bian yan	边沿	402
jin zi	金子	402
gao shan zu	高山族	402
hei ying	黑影	402
bu xie	不屑	401
zhong chang	中场	401
feng fu duo cai	丰富多彩	401
jiu jiu	久久	401
yun duo	云朵	401
shang hen	伤痕	401
jun wei	军委	401
shi ming	十名	401
fa cai	发财	401
po niang	婆娘	401
fan	婏	401
yun yu	孕育	401
xuan wu men	宣武门	401
lu yin	录音	401
ji hui	忌讳	401
yi zai	意在	401
zheng qian	挣钱	401
gai zheng	改正	401
wu suo wei	无所谓	401
ku shui qi	枯水期	401
zheng de	正德	401
hai	氦	401
ji hua	激化	401
you tai	犹太	401
shen yun	神韵	401
yan xi	筵席	401
su qing	肃清	401
fang xiang	芳香	401
cao ben	草本	401
kui hua	葵花	401
lu pang	路旁	401
fu zuo	辅佐	401
zhe bang	这帮	401
li yu	鲤鱼	401
que	鹊	401
diu xia	丢下	400
zuo fa	作法	400
fen bian lv	分辨率	400
nu er ha	努尔哈	400
shang ye yin hang	商业银行	400
wu	坞	400
shan yang	山羊	400
bei zhuang	悲壮	400
yu jia	愈加	400
zeng hen	憎恨	400
quan fa	拳法	400
gai jin xing	改进型	400
zheng qu	政区	400
ni qiu	泥鳅	400
shen hai	深海	400
kui	潰	400
se	濇	400
ying pan	硬盘	400
lin kuang	磷矿	400
shen tong	神通	400
zhong zhi	种质	400
gao zi	稿子	400
di er dai	第二代	400
su yang	素养	400
hu men	虎门	400
mou sha	谋杀	400
zhu	贮	400
nan dang	难当	400
shou lun	首轮	400
hei dian	黑点	400
qi shi	七十	399
bu shi	不失	399
heng te	亨特	399
liang dian	亮点	399
ti mian	体面	399
wo	倭	399
ban ju	半句	399
xian li	县里	399
fa bing lv	发病率	399
shi ke fa	史可法	399
di pan	地盘	399
po du	坡度	399
wai zhai	外债	399
tai xing	太行	399
shi di	失地	399
zun gui	尊贵	399
kong huang	恐慌	399
wu lun shi	无论是	399
tao yuan	桃源	399
ying tao	樱桃	399
bi sheng	毕生	399
re xue	热血	399
zhi qing	知青	399
xi shu	稀疏	399
rao dao	绕道	399
gei shi zhong	给事中	399
xing zhi	行至	399
cu	蹙	399
yi wu	遗物	399
ye wei	野味	399
fei xian xing	非线性	399
pian ren	骗人	399
gao e	高额	399
yi bing	一并	398
san jie	三节	398
wei de shi	为的是	398
ya jun	亚军	398
dang wei shu ji	党委书记	398
nong tian shui li	农田水利	398
chong xu	冲虚	398
deng zi	凳子	398
chuang shang	创伤	398
shuang da	双打	398
fan kong	反恐	398
hou tian	后天	398
qi meng	启蒙	398
di biao shui	地表水	398
da wan	大碗	398
yao guai	妖怪	398
yi tai tai	姨太太	398
ru	嬬	398
she jian	射箭	398
xiao gui	小鬼	398
qu ru	屈辱	398
kui	愧	398
zhao mu	招募	398
jie lian bu duan	接连不断	398
wen ben	文本	398
zhen zhuo	斟酌	398
yan	晏	398
wang ping	王平	398
dian lan	电缆	398
huang zi	皇子	398
mang ren	盲人	398
di yi juan	第一卷	398
shai xuan	筛选	398
jing miao	精妙	398
na shui	纳税	398
cha shui	茶水	398
shang shi	赏识	398
yuan yang	远洋	398
jin zheng ri	金正日	398
qing zhu	青竹	398
wu jiao da lou	五角大楼	397
ren dao zhu yi	人道主义	397
he zang	合葬	397
chang ge	唱歌	397
sang yin	嗓音	397
nv hai er	女孩儿	397
zhang guo dao	张国焘	397
mu ming	慕名	397
ji gai	技改	397
fang yang	放养	397
li yun feng	李云风	397
guan guo	棺椁	397
hai shen	海参	397
man zai	满载	397
shen xiang	神像	397
yao wu yang wei	耀武扬威	397
ye lu sa leng	耶路撒冷	397
huang shan	荒山	397
chu dong	触动	397
xu ke zheng	许可证	397
guo ri zi	过日子	397
xue	靴	397
da da	鞑靼	397
huang shan	黄鳝	397
jing kou	井口	396
chuang kan	创刊	396
da yi	大衣	396
dao nian	悼念	396
si xia	撕下	396
xin ren	新任	396
you shu	有数	396
ben zhe	本着	396
liang shu guang	梁曙光	396
xin	欣	396
hong liu	洪流	396
hai fang	海防	396
hou tou	猴头	396
chu qin	畜禽	396
jian shi hui	监事会	396
jian	笺	396
lian kong	脸孔	396
lou	镂	396
qing nian ren	青年人	396
han tai tai	韩太太	396
yu bei yi	预备役	396
gao tie	高铁	396
bing	丙	394
liang ji	两极	394
hui shi	会师	394
chuan yan	传言	394
lie	劣	394
tai ji	台基	394
zuo ding	坐定	394
xia yu lian	夏玉莲	394
zong pai	宗派	394
nian man	年满	394
zong fen	总分	394
an zhe	按着	394
you zui	有罪	394
li shi zhen	李时珍	394
lian zhi	炼制	394
peng	膨	394
zhi jia ge	芝加哥	394
xing lu	行路	394
hong ji	轰击	394
jia	迦	394
you piao	邮票	394
chong die	重叠	394
guo lu	锅炉	394
yi he yuan	颐和园	394
ti ci	题词	394
chan dong	颤动	394
feng yun	风云	394
hai	骸	394
yi juan	一卷	393
yi di	一滴	393
san bai	三百	393
shang bu	上部	393
bu fan	不凡	393
zhong tang	中堂	393
yang tian	仰天	393
jun zhong	军种	393
dong bu dong	动不动	393
dan diao	单调	393
tong sheng	同声	393
xun	嚑	393
guo qing jie	国庆节	393
bing cun	并存	393
shou dian tong	手电筒	393
sao di	扫地	393
wen yuan ge	文渊阁	393
xin wen wang	新闻网	393
li zi	李子	393
mian sha	棉纱	393
xiong zhang	熊掌	393
cong	熜	393
luo cha	落差	393
shen shi	身世	393
nan bao	难保	393
mo	馍	393
xian nen	鲜嫩	393
yi lian chuan	一连串	392
bu gui ze	不规则	392
zhong hang	中行	392
wu gu	五谷	392
ren shen	人参	392
bing jia bi zheng zhi di	兵家必争之地	392
dian zhang	典章	392
nei she	内设	392
jun xin	军心	392
bing liang	冰凉	392
ji tui	击退	392
ban lu	半路	392
chao jia	吵架	392
sheng shi hao da	声势浩大	392
hao rong yi	好容易	392
po zi	婆子	392
zi fu	字符	392
ping min bai xing	平民百姓	392
ren	忎	392
yi yu	意欲	392
huan dao	环岛	392
deng ji ri	登记日	392
du cu	督促	392
jing xiang	竞相	392
di er pao bing	第二炮兵	392
jue fei	绝非	392
lao jiang	老将	392
huo li	获利	392
zheng qi	蒸气	392
ao	袄	392
tiao wei	调味	392
cai shui	财税	392
gui yang	贵阳	392
tiao tou	跳投	392
cuo luo	错落	392
xiong rui	雄蕊	392
ma wei song	马尾松	392
ye nei	业内	391
er shi yi	二十一	391
he chang	何尝	391
ci sha	刺杀	391
fu zhi	副职	391
dong wu yuan	动物园	391
hua xue gong ye	化学工业	391
fa qi ren	发起人	391
gao zhuang	告状	391
ha sa ke zu	哈萨克族	391
xiao	啸	391
lian zheng	廉政	391
qing qu	情趣	391
cheng qun	成群	391
lei	欙	391
liu yan	流言	391
cao	漕	391
jue yuan	绝缘	391
zhi gao	职高	391
xi ban ya ren	西班牙人	391
zhuan yan	转眼	391
yin he	银河	391
yan hong lie	颜洪烈	391
ye zhu	业主	390
liang ke	两颗	390
cheng che	乘车	390
ya ping	亚平	390
ru guan	入关	390
jue duan	决断	390
hua xue fan ying	化学反应	390
fa dian ji	发电机	390
shou re	受热	390
ming tou	名头	390
xi fu	吸附	390
he	垎	390
sheng ming	声名	390
ke fang	客房	390
shan men	山门	390
ping zheng	平整	390
tiao	庣	390
dang yang	当阳	390
lian	怜	390
huang ran da wu	恍然大悟	390
shu li	数理	390
shi shu	时数	390
shi su	时速	390
zhu tou	柱头	390
mian fang	棉纺	390
shui zu	水族	390
lun xian	沦陷	390
hun xiao	混淆	390
xiang yun	湘云	390
xian di	献帝	390
zhi jue	直觉	390
zhi xi	窒息	390
ping ding	评定	390
liang qiang	踉跄	390
chong xian	重现	390
jian duan	间断	390
wan ge	万个	389
er shi yi tiao	二十一条	389
juan	倦	389
dong gua	冬瓜	389
ji kuai	几块	389
gu tian	古田	389
diao jiao lou	吊脚楼	389
jia za	夹杂	389
xue yi	学艺	389
kai zao	开凿	389
zheng nan	正南	389
shan dong	煽动	389
pi zhi	皮质	389
jin jun	禁军	389
xiao yin yin	笑吟吟	389
xi nen	细嫩	389
yuan shi zhong	袁时中	389
huai	褢	389
yuan jin	远近	389
jin huang se	金黄色	389
chang mao	长矛	389
mo tou	魔头	389
zhong liu di zhu	中流砥柱	388
chuan qiu	传球	388
mian yu	免于	388
tu zi	兔子	388
zai jian	再见	388
tang wu	堂屋	388
yi	姨	388
ling nan	岭南	388
ba dong	巴东	388
ba bi lun	巴比伦	388
zhang yi min	张义民	388
wang hui	往回	388
huo duo huo shao	或多或少	388
wu li	无礼	388
guo yuan	果园	388
ran se	染色	388
yang hua wu	氧化物	388
mo	漠	388
jia gu wen	甲骨文	388
xiang yi	相宜	388
di yi tai	第一台	388
bian yi	编译	388
wang luo you xi	网络游戏	388
luo bo	萝卜	388
bao mo	薄膜	388
qun zi	裙子	388
diao yong	调用	388
bei mu	贝母	388
fu zhai	负债	388
jing	迳	388
ge kai	隔开	388
ding zhu	顶住	388
shi jie xing	世界性	387
qian kun	乾坤	387
shao	勺	387
ka la	卡拉	387
han jiao	喊叫	387
zui bian	嘴边	387
xue qi	学期	387
bao wu	宝物	387
hai ren	害人	387
yan yan	岩盐	387
jian hua	建华	387
cheng pin	成品	387
cheng se	成色	387
cuo bai	挫败	387
li tie ying	李铁映	387
can bao	残暴	387
qi	泣	387
lao qian bei	老前辈	387
tian	舔	387
jian xin	艰辛	387
yan she	衍射	387
yao bu ran	要不然	387
zhi gan	质感	387
gui zhong	贵重	387
bian bie	辨别	387
ying qu	迎娶	387
jin fan	进犯	387
lian dai	连带	387
tie ding	铁钉	387
fu zhuo	附着	387
lu yu	陆羽	387
sa	颯	387
luo	骡	387
san bu	三步	385
yi he tuan yun dong	义和团运动	385
ting bu	停步	385
jian tui	减退	385
fu guan	副官	385
shou hui	受贿	385
ke yi	可疑	385
zhou liu	周六	385
guo qi	国企	385
jian xin	坚信	385
shi zhi xing	实质性	385
si	巳	385
wei xing	微型	385
zheng ji	政绩	385
wen chang	文昌	385
an suan	暗算	385
chao ye	朝野	385
zong se	棕色	385
cuo	棤	385
qi nang	气囊	385
zhuo	浊	385
pu	浦	385
shen gu	深谷	385
man shen	满身	385
jiao huang	焦黄	385
mo	眽	385
duan jian	短剑	385
duan xian	短线	385
zhi shen	置身	385
lao fo ye	老佛爷	385
fei	蜰	385
du tong	都统	385
dun	钝	385
yin zhen	银针	385
mian pi	面皮	385
shi dai xiang chuan	世代相传	384
diu diao	丢掉	384
jiu shi	九十	384
he yong	何用	384
dang feng	党风	384
ling kong	凌空	384
tai feng	台风	384
wei xin zhu yi	唯心主义	384
da jian	大件	384
shen zi	婶子	384
xian yi	嫌疑	384
chen ai	尘埃	384
ying sheng	应声	384
xiao yong	效用	384
zhao jun	昭君	384
she zu	涉足	384
zhu	渚	384
xuan yao	炫耀	384
zhi	秩	384
li gong	立功	384
hong	粠	384
jue zhe	觉着	384
gui zhou sheng	贵州省	384
guo shi	过时	384
chuang jin	闯进	384
qing wa	青蛙	384
zhou	骤	384
bu xiu	不朽	383
yan xing	严刑	383
zhu jiang	主将	383
yu chang jiang	于长江	383
zhong suo zhou zhi	众所周知	383
ke ben	刻本	383
mai chu	卖出	383
zhan you shi	占优势	383
ke xing xing	可行性	383
sheng bi de bao	圣彼得堡	383
da mai	大麦	383
xian bing	宪兵	383
shan ling	山岭	383
bu dai	布袋	383
de shou	得手	383
huan you	患有	383
zhan chuan	战船	383
da dong	打动	383
fang zong	放纵	383
qi gan	旗杆	383
lin dai yu	林黛玉	383
shui xing	水性	383
dian xin	点心	383
liu you	留有	383
wen jian	稳健	383
mu nian ci	穆念慈	383
di san zhong	第三种	383
cu zhuang	粗壮	383
bian dao	编导	383
kao guan	考官	383
cun	膥	383
bu xue	补血	383
zhu ban	诸般	383
ji	赍	383
pei kuan	赔款	383
ya	轧	383
bian zheng	辩证	383
diao yu dao	钓鱼岛	383
yu ji	雨季	383
yi yong jun	义勇军	382
yi li	伊犁	382
qing xin	倾心	382
jia ri	假日	382
guan ya	关押	382
jian	劍	382
ting jue	听觉	382
chui deng	吹灯	382
qian	堑	382
da ba shan	大巴山	382
tou lu	头颅	382
hao ban	好办	382
cun wang	存亡	382
yun	愪	382
da ren	打人	382
lun	抡	382
bo da	拨打	382
zhuo zhu	捉住	382
wu yuan	无缘	382
jin dai	晋代	382
xin xi	欣喜	382
qi ya	气压	382
sha e	沙俄	382
hui he se	灰褐色	382
lian you	炼油	382
mu min	牧民	382
wu shi	物事	382
tian fu xian	田福贤	382
dian neng	电能	382
si you zhi	私有制	382
bi shi	笔试	382
zui guo	罪过	382
ying guo yi hui	英国议会	382
cha zhuang	茶庄	382
chen shan	衬衫	382
wan shi	万世	381
liang zu	两组	381
lin zhong	临终	381
wei zheng	为政	381
chang	偿	381
dang zheng jun	党政军	381
jun ji	军纪	381
ban jin	半斤	381
gu shi	古时	381
ge men	各门	381
he ying	合影	381
jun quan	君权	381
zhou ri	周日	381
ju jue	咀嚼	381
da shuai	大帅	381
tai yang xi	太阳系	381
shi xian	失陷	381
an quan xing	安全性	381
jian zhu shi	建筑师	381
sao lei	扫雷	381
ba jian	拔剑	381
wen xue shi	文学史	381
shu	曙	381
ti bu	替补	381
ran fa	染发	381
dong	氭	381
bo si wan	波斯湾	381
bo lang	波浪	381
jia zhuang xian	甲状腺	381
qin	瘽	381
wei kou	胃口	381
he ze	菏泽	381
chi dao	迟到	381
qian cai	钱财	381
lei sheng	雷声	381
yi ru	一如	380
bu kui	不愧	380
yue qu	乐曲	380
ping pang qiu	乒乓球	380
fang zhao	仿照	380
qi nei	其内	380
ning jie	凝结	380
liu xu yun	刘絮云	380
zhi tang	制糖	380
ke yi	刻意	380
fu jiang	副将	380
lao li	劳力	380
qu cai	取材	380
shou sun	受损	380
tong meng hui	同盟会	380
hou men	后门	380
gao jie	告诫	380
ge jie	圪节	380
xing shi	姓氏	380
fan chuan	帆船	380
bi de	彼得	380
qing bu zi jin	情不自禁	380
yi liao zhi wai	意料之外	380
la gen ni	拉根尼	380
san bu	散步	380
wu lai	无赖	380
shu mi yuan	枢密院	380
ying	樱	380
kuan xiang	款项	380
wu da	武大	380
ao men te bie xing zheng qu	澳门特别行政区	380
fen hui	焚毁	380
gui	珪	380
bai nen	白嫩	380
gui gu	硅谷	380
ying cun	英寸	380
jiang xi	讲习	380
fu he	负荷	380
chi zi	赤字	380
tiao wu	跳舞	380
guo liang	过量	380
jin dai shi	近代史	380
lian ri	连日	380
xiao yao	逍遥	380
zun zhao	遵照	380
zhang yang	长阳	380
you yu	鱿鱼	380
zhong da	中大	379
he xin yin	何心隐	379
yu mai	余脉	379
jia ruo	假若	379
jun rong	军容	379
leng shui	冷水	379
ji kui	击溃	379
shi ci	十次	379
duo zhong duo yang	多种多样	379
ru shi	如实	379
zuo tui	左腿	379
ping rang	平壤	379
ying xiang	影像	379
wei miao	微妙	379
zong dong yuan	总动员	379
qi	戚	379
huan ju hua shuo	换句话说	379
zheng gong	政工	379
qiang dan	枪弹	379
liu dan pao	榴弹炮	379
wen xin	温馨	379
re dai yu lin	热带雨林	379
bai huo	百货	379
wang ba	网吧	379
yi shu lei	艺术类	379
gong pin	贡品	379
zou ru	走入	379
ye	邺	379
jin lian	金莲	379
tie zhang	铁掌	379
zu	镞	379
yang xing	阳性	379
xian yao	险要	379
fei nong ye	非农业	379
hei ge er	黑格尔	379
gu dong	鼓动	379
er shi qi ri	二十七日	377
wu zhang	五丈	377
chuan jiao shi	传教士	377
ru ku	入库	377
guan zhao	关照	377
dao qi	到期	377
qian shao	前哨	377
sheng ren	升任	377
lu bu	卢布	377
qu lu	去路	377
chu fang	处方	377
jian zei	奸贼	377
wei ming	威名	377
yan	嬮	377
ren xin	忍心	377
qiao sheng	悄声	377
qiao ran	悄然	377
cheng ming	成名	377
kang bing	抗病	377
huan lai	换来	377
sou xun	搜寻	377
zuan	攥	377
fang kuan	放宽	377
wen hua jiao yu	文化教育	377
qi zi	棋子	377
mei mei	每每	377
shui jun	水军	377
liu su	流速	377
lu huo	炉火	377
yong dao	用到	377
bai yin	白银	377
po jie	破解	377
qin	禽	377
ji	稽	377
tu qi	突起	377
chuang zi	窗子	377
hong lou meng	红楼梦	377
lian jie	联结	377
zhe tang	蔗糖	377
xiang ya	象牙	377
lian ren	连任	377
di	邸	377
guo	鍋	377
shang feng	上风	376
wu jiu	乌桕	376
ren min zheng xie	人民政协	376
yang niu	养牛	376
chong feng	冲锋	376
qu qu	去取	376
ha li	哈里	376
jie	嗟	376
xuan chuan bu	宣传部	376
fu qiang	富强	376
ping fang li mi	平方厘米	376
kai shui	开水	376
ting shen er chu	挺身而出	376
xin ying	新颖	376
fang jie shi	方解石	376
qing wen	晴雯	376
qu zi	曲子	376
shu hou	术后	376
qian xin	潜心	376
huan liu	环流	376
ou	筽	376
ku	绔	376
chou	绸	376
zhui	缀	376
zi you zhu yi	自由主义	376
quan	荃	376
lan tu	蓝图	376
gou	褠	376
zheng quan bao	证券报	376
zou kai	走开	376
cou	辏	376
tie lu qiao	铁路桥	376
jiang yu liang	降雨量	376
yin mi	隐秘	376
yu shi	预示	376
feng li	风力	376
qie man	且慢	375
dong zhou	东州	375
ya huan	丫环	375
wei zao	伪造	375
ti tie	体贴	375
ke luo di ya	克罗地亚	375
qi zi	其子	375
mao chong	冒充	375
juan ru	卷入	375
lv bu	吕布	375
ai qiu	哀求	375
tuo mo	唾沫	375
lou	婁	375
xian zong	宪宗	375
lv ci	屡次	375
ba na ma	巴拿马	375
you ling	幽灵	375
xu xia ke	徐霞客	375
qing diao	情调	375
e	愕	375
kang zhen jiu zai	抗震救灾	375
jie rang	接壤	375
mu he	木盒	375
qiao xia	桥下	375
ge ci	歌词	375
wu jing bu dui	武警部队	375
yin qin	殷勤	375
ting	汀	375
qin	沁	375
huo chai	火柴	375
rong yan	熔岩	375
pei	珮	375
yong cai lin	用材林	375
chang tong	畅通	375
zhi guan	直观	375
xiao yi	笑意	375
min	笢	375
guan shi	管事	375
wang dian	网点	375
ju jiao	聚焦	375
cang	苍	375
tiao shui	跳水	375
tie qing	铁青	375
yi zhe	一着	374
dai wei	代为	374
yi wu	医务	374
wu hou	午后	374
yuan wen	原文	374
you tui	右腿	374
hou tai	后台	374
hu xi dao	呼吸道	374
hui kou	回扣	374
hui luo	回落	374
fu yuan	复原	374
bing cheng	并称	374
chuang bian	床边	374
yin xin	引信	374
tiao xin	挑衅	374
shu li	数里	374
qi kan	期刊	374
zhu hou zhao	朱厚照	374
jin	枃	374
yuan	沅	374
zhu ming	注明	374
shen shui	深水	374
zai min	灾民	374
xi	熻	374
ji chi	疾驰	374
piao	瞟	374
di jiu jie	第九届	374
shai	筛	374
hu	綔	374
yong	蛹	374
feng mi	蜂蜜	374
di si ni	迪斯尼	374
song li	送礼	374
jin yong	金庸	374
shou fa	首发	374
qu gan	驱赶	374
wan tou	万头	373
zhong xi	中西	373
liao jie	了结	373
chan ye zi ben	产业资本	373
bo mu	伯母	373
ti wai	体外	373
dao di	倒地	373
ting bo	停泊	373
liu jie	六届	373
guan wai	关外	373
xia huai	吓坏	373
dai ding	待定	373
ming zhi	明智	373
li si guang	李四光	373
he suan	核算	373
yuan	棩	373
xiong yong	汹涌	373
hu zhong	湖中	373
ling min	灵敏	373
pao tai	炮台	373
yan zheng zheng	眼睁睁	373
di yi zhang	第一章	373
di san zhang	第三章	373
di shi jie	第十届	373
jing ji ji chu	经济基础	373
ji hua jing ji	计划经济	373
yi zhu	遗嘱	373
xiang	鑲	373
fang fu ji	防腐剂	373
ni	霓	373
can yin	餐饮	373
san wang	三王	372
san dao	三道	372
san men	三门	372
bu xu	不须	372
xin yong ka	信用卡	372
chong xi	冲洗	372
chu ju	出具	372
chu qi	出奇	372
liu ti chun	刘体纯	372
qu di	取缔	372
mai cang	埋藏	372
tou jing	头颈	372
wang xiang	妄想	372
xun mi	寻觅	372
zuo jiao	左脚	372
ju xing	巨型	372
bian ping	扁平	372
da zhong	打中	372
kou chu	扣除	372
xin lu	新路	372
ji shang	机上	372
bin	濒	372
yong di	用地	372
deng chang	登场	372
cheng	秤	372
yue hui	约会	372
zi zhi	自制	372
jie shuo	解说	372
e	讹	372
shen jia	身价	372
feng xue	风雪	372
yi ding liang	一定量	371
yi zhuang	一桩	371
shang chuan	上船	371
liang fu	两幅	371
gu ren lei	古人类	371
zhi yong	只用	371
xiao chuan	哮喘	371
ao miao	奥妙	371
hao qi xin	好奇心	371
yue jia	岳家	371
wei mu	帷幕	371
yan wu	延误	371
can bai	惨白	371
wan qing	晚清	371
hui ru	汇入	371
he an	河岸	371
you jia	油价	371
huo tui chang	火腿肠	371
he	皬	371
fu kang an	福康安	371
qin an	秦安	371
qin qiang	秦腔	371
di er zhong	第二种	371
su li	肃立	371
gu fen zhi	股份制	371
mang	蟒	371
xue jiang	血浆	371
guo ying	过硬	371
jin qian bao	金钱豹	371
zhen jiu	针灸	371
gu sheng	鼓声	371
yan zheng	严正	370
shi tu	仕途	370
hui zhi	会址	370
bao yang	保养	370
jun xian	军衔	370
jia hai	加害	370
fa yin	发音	370
ming zhu	名著	370
wu yi	吴仪	370
zhou yi	周一	370
da tou	大头	370
da guan	大官	370
fei hua	废话	370
lu qu lv	录取率	370
jing xin dong po	惊心动魄	370
jie duan	截断	370
shi	拭	370
gong xing	拱形	370
hua	撶	370
gong xia	攻下	370
pang guan	旁观	370
heng xing	横行	370
zhi yu	治愈	370
zi sheng	滋生	370
man bu	漫步	370
lian dan	炼丹	370
ai zi	矮子	370
ai xiao	矮小	370
shi diao	石雕	370
lin fei	磷肥	370
zhu fu	祝福	370
yan	筵	370
xuan li	绚丽	370
bian ma	编码	370
ba xiu	罢休	370
pu	葡	370
rong hua	融化	370
zi cai	资财	370
qian bi	铅笔	370
ding	锭	370
chen jiu	陈旧	370
jing mo	静默	370
lu zhi shen	鲁智深	370
yi ping	一瓶	368
wei zi	位子	368
gong shi	公事	368
nei ce	内侧	368
fen chu	分出	368
qian dao	前导	368
ju qing	剧情	368
bei bing yang	北冰洋	368
kou fu	口服	368
kou yu	口语	368
xiang dao	向导	368
tan ran	坦然	368
wai li	外力	368
da pai	大牌	368
e	岋	368
ping huan	平缓	368
nian you	年幼	368
fu shang	府上	368
yi xing	异性	368
qiang ruo	强弱	368
gui guo	归国	368
huang	恍	368
suo zuo suo wei	所作所为	368
jiu zhi	救治	368
jiu zhi	旧制	368
zheng shi	正视	368
mei miao	每秒	368
chen xiang	沉香	368
jian	涧	368
hun za	混杂	368
you zi	游子	368
te da	特大	368
nan peng you	男朋友	368
mi jue	秘诀	368
jian jie	简洁	368
liang yao	良药	368
po yu	迫于	368
jiu ba	酒吧	368
guan	錧	368
ma an shan	马鞍山	368
yi bang	一帮	367
wu dao	五道	367
jing xi	京西	367
zuo qu	作曲	367
jie yong	借用	367
pi	僻	367
ji dao	几道	367
chu sheng lv	出生率	367
wo xin chang dan	卧薪尝胆	367
fan chang	反常	367
hao jiao	号角	367
tuan yuan	团员	367
du zhu	堵住	367
fu fa	复发	367
fu xian	复线	367
huo	夥	367
shen shi	审视	367
shan shi	山势	367
qiao yu	巧遇	367
cheng bai	成败	367
zhan sheng guo	战胜国	367
pu mie	扑灭	367
zhi jiao	执教	367
qiang duo	抢夺	367
xiao neng	效能	367
si mi	斯密	367
ji ding	既定	367
wei ji	未及	367
jia qiao	架桥	367
qi shou	棋手	367
qian	歉	367
min fa	民法	367
chen jing	沉静	367
he wan	河湾	367
han	涵	367
du he	渡河	367
huo su	火速	367
hu li	狐狸	367
sheng si cun wang	生死存亡	367
jian ming	简明	367
zhong ji	终极	367
bian zu	编组	367
cao mu	草木	367
ying	蝇	367
di	谛	367
bei ke	贝壳	367
bao	鲍	367
shi yu	鲥鱼	367
bu zai hua xia	不在话下	366
zhong gong zhong yang zheng zhi ju	中共中央政治局	366
hui yi	会意	366
yu chu	余处	366
ji fen zhong	几分钟	366
chu hu	出乎	366
wai jia	外加	366
da guan	大观	366
wei tuo ren	委托人	366
wei she	威慑	366
ding zhi	定制	366
chong ai	宠爱	366
wei	尉	366
huang	惶	366
lan de	懒得	366
shou biao	手表	366
da gu	打鼓	366
pin yin	拼音	366
zhi zhu	止住	366
he li	河里	366
lie ren	猎人	366
ci dai	磁带	366
lao ban	老伴	366
hu xu	胡须	366
ma yi	蚂蚁	366
qi jiang	起降	366
yun shu liang	运输量	366
jian	锏	366
jing qiao qiao	静悄悄	366
sao dong	骚动	366
gao ang	高昂	366
hui shen	会审	365
jun wei hui	军委会	365
chu qi zhi sheng	出奇制胜	365
shou ti	受体	365
chi diao	吃掉	365
tang zhen guan	唐贞观	365
bao lei	堡垒	365
zeng liang	增量	365
hao ji	好几	365
kong dao	孔道	365
ke ji	客机	365
zhuang yuan	庄园	365
gui qiao	归侨	365
ying bi	影壁	365
sao	搔	365
he dong li	核动力	365
tuo yuan	椭圆	365
wu zhuang bu dui	武装部队	365
xia chang	狭长	365
ji	矶	365
lao ling	老龄	365
gu shu	股数	365
dan gu chun	胆固醇	365
ying	莺	365
chun	蠢	365
yi zhuo	衣着	365
yao sai	要塞	365
xiang jin	详尽	365
tie jin	贴近	365
bu jiang	部将	365
zhen	鎭	365
ming	铭	365
ji zi	集资	365
song yang	颂扬	365
huang yi biao	黄一彪	365
xia chang	下场	364
luan kan	乱砍	364
yu cheng bang	于城邦	364
xin tuo	信托	364
liang ban	凉拌	364
ke ku	刻苦	364
mu juan	募捐	364
tu lu	吐露	364
si men	四门	364
nian	姩	364
xue jia	学家	364
xian	崄	364
ping qi ping zuo	平起平坐	364
jing zi	径自	364
ken qiu	恳求	364
jing huang	惊惶	364
huang kong	惶恐	364
xin jin	新近	364
ri cheng	日程	364
xian er yi jian	显而易见	364
gang gan	杠杆	364
lao	烙	364
lu	璐	364
que zhen	确诊	364
ji shui	积水	364
zong zi	粽子	364
fei da	肥大	364
zhi ai	致癌	364
cha ji	茶几	364
shan	蟮	364
jin	襟	364
jian jian	见见	364
lan	览	364
yi ding	议定	364
kua guo	跨国	364
jin guang	金光	364
ai	隘	364
shun shi	顺势	364
huang dou	黄豆	364
ding li	鼎立	364
yi qing er chu	一清二楚	363
liang jin	两晋	363
zheng bian	争辩	363
er shi duo nian	二十多年	363
ni lao	你老	363
ting dang	停当	363
jiao han	叫喊	363
han xu	含蓄	363
pin chang	品尝	363
da	嗒	363
nu pu	奴仆	363
ru yi	如意	363
shi xi sheng	实习生	363
mu fu	幕府	363
zheng zhan	征战	363
da fa	打法	363
bao she	报社	363
chan fu	搀扶	363
sa huang	撒谎	363
fu wu yuan	服务员	363
ci fa	此法	363
ci zhong	此种	363
se	涩	363
qing dan	清单	363
yu wang	渔网	363
shi du	湿度	363
re chen	热忱	363
die niang	爹娘	363
pi rou	皮肉	363
qi qiu	祈求	363
piao ju	票据	363
di san ji	第三纪	363
di er ji	第二级	363
fan sheng	繁盛	363
lian mian	脸面	363
zi fu	自负	363
ke dou	蝌蚪	363
zheng jian	证件	363
mi gong	迷宫	363
you	釉	363
gu ji	顾忌	363
pian zi	骗子	363
yi zhou nian	一周年	362
zhuan dian	专电	362
yi xi	依稀	362
quan ji	全集	362
ji bai	几百	362
chu tou	出头	362
chu mo	出没	362
chu ban wu	出版物	362
fen guan	分管	362
shi ji	十几	362
shu fu	叔父	362
ge xing	各型	362
nuo	喏	362
shi sheng	失声	362
xiao gui zi	小桂子	362
qing yu	情欲	362
zhi yi	执意	362
zhe dong	浙东	362
hun he wu	混合物	362
rong zhu	熔铸	362
ge	牱	362
meng gong	猛攻	362
sheng nei wai	省内外	362
shen zhi	神智	362
ji ju	积聚	362
rong	绒	362
lian yi	联谊	362
bo	脖	362
zheng qi ji	蒸汽机	362
xie jia	谢家	362
yi wang	遗忘	362
tong qi	铜器	362
pi li	霹雳	362
yu an	预案	362
feng lang	风浪	362
xia chen	下沉	361
qin xi	侵袭	361
gong an bu	公安部	361
liu jia	刘家	361
hua yan	化验	361
fa she qi	发射器	361
fa pi qi	发脾气	361
xu	吁	361
shang zhou	商周	361
da yuan	大院	361
wei lian	威廉	361
jia chan	家产	361
da tan	打探	361
zheng qi	正气	361
hao sheng	毫升	361
qing	氫	361
jiang liu	江流	361
pai zhao	牌照	361
wang zhang shun	王长顺	361
she zu	畲族	361
juan	眷	361
zhi tiao	纸条	361
jing wen	经文	361
ling	绫	361
huan bu	缓步	361
yan sheng	衍生	361
heng	衡	361
jing bao	警报	361
xu xu duo duo	许许多多	361
xiang shan	象山	361
chao qian	超前	361
yi cun	遗存	361
xi bo zu	锡伯族	361
zhang shan	长山	361
jian xi	间隙	361
yun shi	陨石	361
qing yi	青衣	361
feng jing xian	风景线	361
xian you	鲜有	361
san zhi	三只	359
liang yong	两用	359
xi guan yu	习惯于	359
cong tou	从头	359
zai chuang	再创	359
ping zheng	凭证	359
wu ye	呜咽	359
wai zu mu	外祖母	359
tian xing	天性	359
sun po po	孙婆婆	359
an ding men	安定门	359
shi da	师大	359
lu jiang	庐江	359
jian an	建安	359
yin lai	引来	359
nen	恁	359
suo dao zhi chu	所到之处	359
pi shang	披上	359
ji ran ru ci	既然如此	359
he shi	核实	359
shui jie	水解	359
qi you	汽油	359
he dong	河东	359
liu fang	流放	359
shui	涗	359
qing ming	清明	359
kui yang	溃疡	359
luo si fu	罗斯福	359
lao bo	老伯	359
xue qing	血清	359
zhuang shu	装束	359
zhuang jia shi	装甲师	359
zhao	钊	359
fei jia	飞架	359
ma li	马里	359
ding ru chang	丁汝昌	358
san cha	三叉	358
shang pu	上铺	358
chuan zhu	串珠	358
wu ya	乌鸦	358
jiao jie	交接	358
cong yan	从严	358
cong shu	从属	358
fang xiao	仿效	358
ti xing	体形	358
wu	侮	358
qin hua	侵华	358
pian nan	偏南	358
gong sun zhi	公孙止	358
lao gong	劳工	358
chi he	吃喝	358
guo shi	国事	358
xiao	宵	358
nian hou	年后	358
lian min	怜悯	358
xiang nian	想念	358
zhi zheng dang	执政党	358
pu	撲	358
he cha	核查	358
zhi xue	止血	358
yong he	永和	358
jiang zui zhang	江醉章	358
xiu	溴	358
pi mao	皮毛	358
shi hui shi	石灰石	358
fen	纷	358
fan gun	翻滚	358
bei qi	背鳍	358
fu	苻	358
jian	茧	358
cai yuan pei	蔡元培	358
che zhang	车长	358
tao sheng	逃生	358
zhong dan	重担	358
diao yu	钓鱼	358
chen fu zhong	陈富忠	358
ban jiang	颁奖	358
fei kuai	飞快	358
gao chao	高超	358
long gong	龙宫	358
zhuan chang	专场	357
er qi	二七	357
gu jia	估价	357
dian fan	典范	357
chu qi bu yi	出其不意	357
hua gui	划归	357
gong xun	功勋	357
bao za	包扎	357
bei zhou	北周	357
zhi dang	只当	357
zhou yu	周瑜	357
shi shou	失守	357
gong que	宫阙	357
she shou	射手	357
lv	履	357
dao zhu	岛主	357
ying chou	应酬	357
zhong chen	忠臣	357
pi shi	批示	357
jiao lian ji	教练机	357
wu shu ci	无数次	357
ri guang	日光	357
zhi shang	智商	357
bai	柏	357
gun bang	棍棒	357
wu ning	毋宁	357
qiu jian	求见	357
mu yu	沐浴	357
you wan	游玩	357
qi shu	漆树	357
qian ru	潜入	357
ling gan	灵感	357
dian dian	点点	357
que xin	确信	357
mo zhi	磨制	357
zhu lin	竹林	357
ce dong	策动	357
geng	绠	357
lao po zi	老婆子	357
pang guang	膀胱	357
ding gou	订购	357
shuo dao di	说到底	357
zou shou	走兽	357
chong yan	重演	357
xiao hui	销毁	357
mo sheng ren	陌生人	357
hai ran	骇然	357
shi jie guan	世界观	356
fang zhi	仿制	356
ti ruo	体弱	356
ao man	傲慢	356
nong mu ye	农牧业	356
qian tou	前头	356
juan yan	卷烟	356
fa shi	发誓	356
tun bing	吞并	356
hao he	好喝	356
an qing	安庆	356
gang shao	岗哨	356
fan	幡	356
che	彻	356
can bai	惨败	356
cheng xiang	成像	356
jia gou	架构	356
su	溯	356
mu qu	牧区	356
du lian ti	独联体	356
zhen bao	珍宝	356
yan	砚	356
dan gao	蛋糕	356
xue liu	血流	356
jia sha	袈裟	356
fu	袱	356
xie yan ke	谢烟客	356
qu	趣	356
xing wu	醒悟	356
he	阖	356
ge ming zhan zheng	革命战争	356
jing bu	颈部	356
fei shen	飞身	356
ding chun qiu	丁春秋	355
dong dao	东道	355
jiu qu	九曲	355
wu zhong	五种	355
ren yi	仁义	355
dian ji	典籍	355
nei wu	内务	355
nan ning	南宁	355
da jiang sai	大奖赛	355
tou gu	头骨	355
nian xian	年限	355
zhang hai li	张海丽	355
lian ren	恋人	355
qing cao	情操	355
li han jun	李汉俊	355
liu ru yu	柳如玉	355
lai	棶	355
shui lei	水雷	355
luo sang	洛桑	355
hong kao	烘烤	355
bian fu	蝙蝠	355
yi wu	衣物	355
xie fu zhi	谢富治	355
jin chu	近处	355
pei you	配有	355
cai hua	采花	355
tong pai	铜牌	355
fei dei	非得	355
yi cun	一村	354
shang diao	上调	354
bu gan dang	不敢当	354
jiu yin zhen jing	九阴真经	354
er shi si	二十四	354
ya li shi duo de	亚里士多德	354
ke long	克隆	354
nong fu	农夫	354
gang guo	刚果	354
jia bei	加倍	354
tan qi	叹气	354
hou jin	后金	354
chuan qi	喘气	354
su xing	塑性	354
zou zhang	奏章	354
zi	姿	354
xuan tong	宣统	354
bu lei	布雷	354
dian xiao er	店小二	354
yan jin	延津	354
dan dao	弹道	354
lu xiang	录像	354
huan bing	患病	354
tuo kuan	拓宽	354
ai zhe	挨着	354
tan jiu	探究	354
shu zu	数组	354
shi lang	施琅	354
wu ji	无机	354
mu gun	木棍	354
ji qu	汲取	354
hai dao	海岛	354
shen chu	渗出	354
man hua	漫画	354
chang jue	猖獗	354
hong yan	红眼	354
jian fu	肩负	354
hu jiao	胡椒	354
fen	芬	354
yi	裔	354
chao piao	钞票	354
yin chen	阴沉	354
ling shi	领事	354
ma dao cheng gong	马到成功	354
shang tian	上天	353
yu wan yuan	余万元	353
shi nv	侍女	353
pian pi	偏僻	353
ru men	入门	353
ce feng	册封	353
qian duan	前端	353
xiong	匈	353
si fa bu	司法部	353
wei er	味儿	353
xia wei yi	夏威夷	353
da yang zhou	大洋洲	353
wei tuo shu	委托书	353
shi li	实例	353
da jing	打井	353
zhi kong	指控	353
fang man	放慢	353
si li lan ka	斯里兰卡	353
wan bao	晚报	353
jing ti guan	晶体管	353
an dao	暗道	353
sha lu	杀戮	353
gan zi	杆子	353
wu bei	武备	353
shui ti	水体	353
la	溂	353
huo hua	火花	353
jiang sheng	缰绳	353
gou	苟	353
qu wei	趣味	353
ba	跋	353
dou liu	逗留	353
sao luan	骚乱	353
yu chi	鱼翅	353
qi guo	齐国	353
dong fei	东非	351
jiao hu	交互	351
bao luo	保罗	351
an men	俺们	351
jun xun	军训	351
chong san	冲散	351
feng huang shan	凤凰山	351
liu hua qing	刘华清	351
hou tou	后头	351
wen he	吻合	351
shou jia	售价	351
shang ding	商定	351
ka shi	喀什	351
xuan xiao	喧嚣	351
bei you	备有	351
wai gong	外公	351
da xiu	大修	351
tai zong	太宗	351
yi yang	异样	351
zhang luo	张罗	351
dang tou	当头	351
yang yan	扬言	351
ti lian	提炼	351
fang si	放肆	351
duan yan	断言	351
shi ren	时人	351
nuan liu	暖流	351
li lan qing	李岚清	351
xie xi	歇息	351
beng	泵	351
cong cong	淙淙	351
du kou	渡口	351
lao fang	牢房	351
dian	甸	351
bai e luo si	白俄罗斯	351
xiang bi zhi xia	相比之下	351
zhi ming du	知名度	351
shi ying sha	石英砂	351
jiu	纠	351
bian yin	编印	351
rou si	肉丝	351
zhi zhu	蜘蛛	351
xing zheng bu men	行政部门	351
xing yuan	行辕	351
tan bu shang	谈不上	351
lun tai	轮胎	351
qi jin wei zhi	迄今为止	351
chun hou	醇厚	351
tong kuang	铜矿	351
chu	锄	351
men jiang	门将	351
bu zhi suo cuo	不知所措	350
shi jin sai	世锦赛	350
liang ba	两把	350
jiao xiang yue tuan	交响乐团	350
guang zhao	光照	350
nan shan	南山	350
gu wen hua	古文化	350
hou bei	后背	350
zi xing	字型	350
lu	庐	350
xu xu	徐徐	350
you yu	忧郁	350
cheng ban	承办	350
shu zhao	数招	350
jing qi	旌旗	350
pu tong hua	普通话	350
ben qi	本期	350
que	榷	350
yi yi	熠熠	350
shuang kou	爽口	350
peng jian	碰见	350
kong jiang bing	空降兵	350
lan zi	篮子	350
hong hai	红海	350
jiang	缰	350
qun shan	群山	350
dan qie	胆怯	350
ji wei	计委	350
nuo ji ya	诺基亚	350
gu liu xian	谷六仙	350
mi mi hu hu	迷迷糊糊	350
yan	阎	350
mian dui mian	面对面	350
yu tou	鱼头	350
san ju	三局	349
xia hui fen jie	下回分解	349
bu wei	不畏	349
ren gong hu	人工湖	349
ba zhong	八中	349
guan nei	关内	349
feng gong gong	冯公公	349
cou qiao	凑巧	349
zhi qu	制取	349
kuang	匡	349
qian bai nian	千百年	349
chang fang	厂房	349
li fa	历法	349
yuan zhi	原址	349
han yi	含意	349
qi	呮	349
gu shou	固守	349
hao ting	好听	349
sun yu ting	孙玉亭	349
ding xing	定性	349
xiao tan	小摊	349
wei bu	尾部	349
bu la ge	布拉格	349
xin xue guan	心血管	349
ke	恪	349
liao	撂	349
dun	撴	349
jing ying	晶莹	349
you bie	有别	349
biao shi	标识	349
min zhu ren shi	民主人士	349
xian dai ren	现代人	349
ping zi	瓶子	349
di er jie	第二节	349
hong huo	红火	349
lao dao	老道	349
du pi	肚皮	349
se qing	色情	349
mang	茫	349
xue ji	血迹	349
qing mie	轻蔑	349
da xi	达西	349
yun dao	运到	349
xuan pai	选派	349
lang jun	郎君	349
shun cong	顺从	349
gao ya	高雅	349
shang chuang	上床	348
bu yi wei ran	不以为然	348
ge xing hua	个性化	348
zhong guo da xue	中国大学	348
qiao juan	侨眷	348
si kong	司空	348
hou shi	后市	348
heng heng	哼哼	348
tu zu	土族	348
tan cheng	坦诚	348
she dian	射电	348
yue fu ren	岳夫人	348
qing he	庆贺	348
ji dan	忌惮	348
kou	抠	348
la che	拉扯	348
ai da	挨打	348
qiao men	敲门	348
wen tan	文坛	348
jia shang	架上	348
si qiu	死囚	348
man you	漫游	348
yan jiu shi	研究室	348
wen gu	稳固	348
gan yan	肝炎	348
lie wen	裂纹	348
chuai	踹	348
guo bu qu	过不去	348
li ling	醴陵	348
hong	鍧	348
gang ban	钢板	348
zuan ru	钻入	348
wen ming zhong wai	闻名中外	348
mian tuan	面团	348
ge ming dang	革命党	348
bu	餢	348
wan duo gong li	万多公里	347
yan ku	严酷	347
xiang tu qi xi	乡土气息	347
yu er long	于二龙	347
chuan jiao	传教	347
zuo guan	做官	347
jue yi an	决议案	347
fan shi	凡事	347
chu deng jiao yu	初等教育	347
hua sha	华沙	347
qu xiang	去向	347
hou tou	喉头	347
he cai	喝彩	347
tu cheng	土城	347
fu za xing	复杂性	347
qi zhen	奇珍	347
nv shen	女神	347
yao	尧	347
gong mao	工贸	347
dang wu zhi ji	当务之急	347
wei fen	微分	347
wei mi	微米	347
bei	悖	347
pi jia	披甲	347
zheng che	整车	347
zan xing	暂行	347
nuan huo	暖和	347
zhi min zhu yi	殖民主义	347
tang ruo wang	汤若望	347
huo fo	活佛	347
shen yuan	深渊	347
man mian	满面	347
piao fu	漂浮	347
ju	琚	347
chu	础	347
lu	碌	347
er	贰	347
yun shu xian	运输线	347
zao fan pai	造反派	347
sha shi jian	霎时间	347
san dian	三点	346
jiang ying	僵硬	346
quan qiu xing	全球性	346
dong zhi	冬至	346
fen mian	分娩	346
liu lao lao	刘姥姥	346
shi dao	十道	346
chang li	厂里	346
ge jia ge hu	各家各户	346
si shi nian	四十年	346
da ni	大鲵	346
tou hao	头号	346
sun fu ren	孙夫人	346
kai ming	开明	346
qiang zhe	强者	346
gong xi	恭喜	346
jing tan	惊叹	346
fang zai yan li	放在眼里	346
fang liao	放疗	346
ri ben zi wei dui	日本自卫队	346
min jian	民建	346
shui dong	水洞	346
qian ceng	浅层	346
ai guo zhe	爱国者	346
bing	秉	346
fan kai	翻开	346
lao tai ye	老太爷	346
zi ran zai hai	自然灾害	346
hang tian qi	航天器	346
zheng long	蒸笼	346
yuan shao	袁绍	346
shuo cuo	说错	346
qi xian	起先	346
tong zhou	通州	346
jun xian zhi	郡县制	346
bo	铂	346
lu lu	陆路	346
ling qu	陵区	346
gao po	高坡	346
zhong neng	中能	345
ban bian	半边	345
nan bian	南边	345
si jiao	四角	345
wai ji	外籍	345
zhou si	宙斯	345
xian zhang	宪章	345
jun	峻	345
han	憨	345
da tong	打通	345
yi yu	抑郁	345
zhen bi	振臂	345
wen hua bu	文化部	345
xia	暇	345
ji xiao	极小	345
lin ping zhi	林平之	345
pu yi	溥仪	345
ling huo xing	灵活性	345
pao hong	炮轰	345
se	瑟	345
tong xin	痛心	345
bei ting	碑亭	345
hu feng	胡风	345
ru dong	蠕动	345
ji yi	计议	345
pin dao	贫道	345
die luo	跌落	345
deng you mi	邓有米	345
si	驷	345
san xia	三下	344
ge er	个儿	344
zhong yang	中阳	344
lin jie	临界	344
cheng zhe	乘着	344
shi qian	事前	344
wu feng	五峰	344
yi shan bang shui	依山傍水	344
chong dian	充电	344
fen mi wu	分泌物	344
xu shi	叙事	344
chi jiu	吃酒	344
qi ju	器具	344
guo yu	国语	344
nv tong	女童	344
zi ye	子叶	344
shu shi	属实	344
chang qing	常青	344
di mian	底面	344
kuai chuan	快船	344
jue	撅	344
xing qi tian	星期天	344
geng shen	更深	344
hao bu you yu	毫不犹豫	344
chen ji wu	沉积物	344
he pan	河畔	344
man xin	满心	344
yi	熼	344
pa xing	爬行	344
liu shen	留神	344
bai qi	白旗	344
que	皵	344
deng jia	等价	344
lao hua	老化	344
sheng zhang	胜仗	344
wa zi	袜子	344
che lun	车轮	344
zhuan wan	转弯	344
qian ju	迁居	344
sa	钑	344
yin jiang	银奖	344
fu jian	附件	344
chen tan qiu	陈潭秋	344
xian qi	限期	344
yi cun	一寸	342
yi zhan	一站	342
wan shi	万事	342
wu men	五门	342
jing du	京都	342
sha gua	傻瓜	342
ba bao	八宝	342
chu hai	出海	342
nan chang qi yi	南昌起义	342
yuan zi neng	原子能	342
qu jue yu	取决于	342
tong men	同门	342
guo jia lv you ju	国家旅游局	342
tu kuai	土块	342
fu ming	复明	342
da hao	大好	342
ru lin	如林	342
jin	妗	342
zi tou	字头	342
dui an	对岸	342
lian zi	帘子	342
zhen	帧	342
zhang jia kou	张家口	342
si lv	思虑	342
wei kong	惟恐	342
zhu	拄	342
tan zi	摊子	342
wu yan	无言	342
zao xie	早些	342
zui hou tong die	最后通牒	342
song kai	松开	342
ji fu	极富	342
xun	殉	342
shen ru	渗入	342
wang zhao guo	王兆国	342
dian zu	电阻	342
li pin	礼品	342
lei ji	累积	342
yue dan	约旦	342
zong xiang	纵向	342
jie wei	结为	342
bian cheng	编程	342
dan xiao	胆小	342
pu tao ya ren	葡萄牙人	342
you dao	诱导	342
po bu ji dai	迫不及待	342
keng	铿	342
nan ren	难忍	342
nan dian	难点	342
ling lve	领略	342
feng du	风度	342
fei su	飞速	342
ren min wu zhuang	人民武装	341
chong sha	冲杀	341
chu jia	出家	341
fen qi	分期	341
sheng yu chan pin	剩余产品	341
bei jing di qu	北京地区	341
tai qian	台前	341
he shui	喝水	341
zai hu	在乎	341
chui lian ting zheng	垂帘听政	341
sheng wang	声望	341
tai zhong	太重	341
nai	嬭	341
fu hao	富豪	341
xiao zhang	小张	341
zhan fa	战法	341
jing wu	景物	341
ju	榘	341
yin zheng mao	殷正茂	341
qi li	气力	341
sha bao	沙包	341
chun	淳	341
man tou	满头	341
niu ma	牛马	341
te shu jiao yu	特殊教育	341
wang zhao jun	王昭君	341
sheng chan liang	生产量	341
ke jiao	科教	341
di er zhang	第二章	341
chou ji	筹集	341
xiang fan shi	襄樊市	341
ling dui	领队	341
wan dun ji	万吨级	340
san yuan	三院	340
shang gang	上岗	340
zhong shu shen jing	中枢神经	340
zhu dui	主队	340
qian	俔	340
xiu xi	修习	340
ru zhu	入主	340
quan dui	全队	340
gong sun	公孙	340
nei meng gu zi zhi qu	内蒙古自治区	340
chu lan	出栏	340
gu luo ma	古罗马	340
ke yan	可言	340
di kong dao dan	地空导弹	340
shi zu	士卒	340
da niang	大娘	340
tai bao	太保	340
tai shi	太史	340
bao bao	宝宝	340
dui zhen	对阵	340
kai wei	开胃	340
yin de	引得	340
mo	懡	340
da lie	打猎	340
ba ya	拔牙	340
zhao zhi	招致	340
jie ke si luo fa ke	捷克斯洛伐克	340
she shi du	摄氏度	340
mo mo	摸摸	340
wu chang	无常	340
shi mao	时髦	340
you qian you shi	有钱有势	340
ji che	机车	340
li chuang wang	李闯王	340
you qi	油气	340
you xi ji	游戏机	340
du li xing	独立性	340
xuan	玹	340
yong you	用油	340
dian dong ji	电动机	340
dian zi you jian	电子邮件	340
jing luan	痉挛	340
zhen jing	真经	340
shen ling	神灵	340
zhi	窒	340
zi wen dao	紫文道	340
fang sha	纺纱	340
su lu ke	苏鲁克	340
yuan zong di	袁宗第	340
jing jue	警觉	340
zhuan zeng	转增	340
bian ji	边际	340
dian fu	颠覆	340
li ba nen	黎巴嫩	340
bu ji qi shu	不计其数	339
bu wen	不问	339
yi xi	乙烯	339
he shi	合十	339
hui xiang	回乡	339
da tong dao	大通道	339
tian wen tai	天文台	339
she chi pin	奢侈品	339
wan hun	完婚	339
shan qiang	山墙	339
ze	帻	339
qing xing	庆幸	339
miao yu	庙宇	339
suo wei	所为	339
cheng xi	承袭	339
tou kao	投靠	339
jing yang	敬仰	339
wu yi	无益	339
jie zuo	杰作	339
yin li ting	殷梨亭	339
bian	汴	339
ji dang	激荡	339
chao mian	炒面	339
niu jin	牛筋	339
kuang ben	狂奔	339
lang	琅	339
zhi qing	知情	339
suan pan	算盘	339
su	粟	339
hong tang	红糖	339
wei xin	维新	339
biao mei	表妹	339
biao yang	表扬	339
shuai bian	衰变	339
lie bian	裂变	339
ding dan	订单	339
you ren	诱人	339
diao qian	调遣	339
da mo	达摩	339
jin xian dai	近现代	339
wu	邬	339
gang chang	钢厂	339
can zhuo	餐桌	339
bu guan zen yang	不管怎样	338
qi	俟	338
dao ta	倒塌	338
xing shan	兴山	338
chu xin	出新	338
qu qu	区区	338
nan wei	南纬	338
yu	喻	338
qiu	囚	338
xi yang	夕阳	338
shu	孰	338
an quan ju	安全局	338
zhi	峙	338
leng	崚	338
ping di	平底	338
ping su	平素	338
bing fa zheng	并发症	338
ying xuan	应选	338
kai shi	开时	338
kong long	恐龙	338
da cheng	打成	338
ming tai zu	明太祖	338
xian wei jing	显微镜	338
jing zhi	景致	338
kuang	框	338
fan	樊	338
kuan dai	款待	338
ti	洟	338
jin pao	浸泡	338
you dang	游荡	338
yan shi	演示	338
qian fu	潜伏	338
yan huo	烟火	338
liao	疗	338
bai guo	白果	338
sheng ming	盛名	338
po lan	破烂	338
chuan tou	穿透	338
di yi jia	第一家	338
fu	粰	338
mei miao	美妙	338
mei guan	美观	338
chou dou fu	臭豆腐	338
bu jiu	补救	338
zhuang xie	装卸	338
jia chang shi	钾长石	338
chang tiao xing	长条形	338
ban	闆	338
sui tong	随同	338
xu qiu liang	需求量	338
huang yuan	黄原	338
bao	龅	338
yi zhang	一丈	337
sang shi	丧事	337
yi nian	亿年	337
san bing	伞兵	337
chuan dao	传导	337
yong gong	佣工	337
jue jiang	倔强	337
ruo da	偌大	337
dang zhi bu	党支部	337
ji chu	几处	337
xiong hen	凶狠	337
chu qian	出钱	337
qin wu	勤务	337
nan shui bei diao	南水北调	337
ba	叭	337
zhou jia	周家	337
hui zhuan	回转	337
hui gu	回鹘	337
bao zang	宝藏	337
ji yang	寄养	337
qie yi	惬意	337
ju cheng	据称	337
fang yi zhi	方以智	337
pei	斾	337
si li tao sheng	死里逃生	337
chao xi	潮汐	337
pian ke jian	片刻间	337
te she	特赦	337
sheng hui	盛会	337
qin liu gan	禽流感	337
jing ling	竟陵	337
di si ji	第四纪	337
deng jia wu	等价物	337
lao niang	老娘	337
lao li	老李	337
shu chang	舒畅	337
su ning	苏宁	337
sai qian	赛前	337
bi	鄙	337
mu	钼	337
yin he xi	银河系	337
zhang di	长堤	337
shan shen	闪身	337
biao	飚	337
yi ye jian	一夜间	336
yi tian dao wan	一天到晚	336
jiu zhang	九章	336
wu tian	五天	336
yi duo yuan	亿多元	336
fu gei	付给	336
kai xuan	凯旋	336
chu shi	初始	336
dao tou lai	到头来	336
xian yu	县域	336
ting hou	听候	336
da	哒	336
qi ji	契机	336
ding xia	定下	336
shi quan	实权	336
yu yi	寓意	336
bang	幇	336
yi liao	意料	336
kong su	控诉	336
sa la zu	撒拉族	336
jiao shu	教书	336
xing ye	星夜	336
you ji wu	有机物	336
ci yao	次要	336
jiang cheng	江城	336
jiang duan	江段	336
fu dong	浮动	336
tong chu	痛楚	336
deng lu jian	登陆舰	336
hao	皓	336
po tu dong gong	破土动工	336
ke pu	科普	336
ji sui	脊髓	336
ying mei	英美	336
man	螨	336
yao zhi	要旨	336
lu cheng	路程	336
dun xia	蹲下	336
fang fu	防腐	336
xian hai	陷害	336
ge jue	隔绝	336
nian yu	鲇鱼	336
fo luo lun sa	佛罗伦萨	334
bao he dian	保和殿	334
qing fu	倾覆	334
jian rong	兼容	334
ban gong lou	办公楼	334
fa chou	发愁	334
fa zi	发自	334
ke wang	可望	334
ge si qi zhi	各司其职	334
xiang zhong fa	向忠发	334
di ji	地基	334
mo yu	墨鱼	334
ao si man di guo	奥斯曼帝国	334
lv lv	屡屡	334
nian lao	年老	334
niu tou	扭头	334
hu fa	护法	334
bu huo	捕获	334
leng xing	棱形	334
fan yi weng	樊一翁	334
zheng fu	正副	334
jian ji ji	歼击机	334
qing jing	清静	334
zao tai	灶台	334
dian gong	电工	334
shui meng	睡梦	334
jian shi	简史	334
qian fu	纤夫	334
yue mo	约莫	334
chun bai	纯白	334
shen shi	绅士	334
nong	脓	334
zi you hua	自由化	334
su men ling	苏门羚	334
xi zhuang	西装	334
ti zi	蹄子	334
zhuan da	转达	334
guo guan	过关	334
zhu chu	逐出	334
guo zhong yao	郭中姚	334
zhen	鎮	334
qing cao	青草	334
yun lv	韵律	334
gao jia	高家	334
yi yong er shang	一拥而上	333
yi kuan	一款	333
wan jin	万斤	333
san jian	三件	333
shang wan yuan	上万元	333
shi shi	事事	333
ren min gong he guo	人民共和国	333
xian li	先例	333
ke lin dun	克林顿	333
jun zhuang	军装	333
chu que	出缺	333
qian cheng	前程	333
wei mian	卫冕	333
juan zong	卷宗	333
ke qu	可取	333
shi da fu	士大夫	333
tai lang	太郎	333
an ge la	安哥拉	333
zhan wang	展望	333
xin di	心地	333
cheng tian	成天	333
da shang	打伤	333
ju	拘	333
cha shou	插手	333
fang xing	放行	333
san huo	散货	333
jing wei	敬畏	333
wen shi	文史	333
geng ti	更替	333
ji dian	极点	333
ci	栨	333
chu wen hua	楚文化	333
gai mao	概貌	333
ci qi bi fu	此起彼伏	333
he gou	河沟	333
zha hui	炸毁	333
zhen qie	真切	333
fou	紑	333
jin suo	紧缩	333
fan zhi li	繁殖力	333
fei cui	翡翠	333
chi	耻	333
ba lei	芭蕾	333
wen	蚊	333
xun lian tuan	训练团	333
tui wei	退位	333
yin yuan	银元	333
ti	锑	333
ma chang	马场	333
ma bi	麻痹	333
qi jie	七届	332
san shi liu	三十六	332
san bu qu	三部曲	332
bu xiang	不祥	332
liang chang	两场	332
zhong xi bu	中西部	332
shu dian	书店	332
wu zuo	五座	332
jing zu	京族	332
bian dang	便当	332
yuan qi	元气	332
ba shi nian dai	八十年代	332
jian mian	减免	332
liu fang liang	刘芳亮	332
jia le bi hai	加勒比海	332
qian mu	千亩	332
ban feng bi	半封闭	332
xian ling	县令	332
bian se	变色	332
gu dong	古董	332
ji pu che	吉普车	332
fen zhan	奋战	332
zi fang	子房	332
shi hui	实惠	332
kuai jie	快捷	332
xing bie bi	性别比	332
shou mang jiao luan	手忙脚乱	332
bao biao	报表	332
pin bo	拼搏	332
zheng feng yun dong	整风运动	332
zong huang se	棕黄色	332
yong gu	永固	332
xian shen	献身	332
shu song	疏松	332
di er juan	第二卷	332
mi fei	米芾	332
bei bao	背包	332
zi ju	自居	332
bao	苞	332
fan wen cheng	范文程	332
bu xuan	补选	332
zhuang zai	装载	332
guan cha yuan	观察员	332
yi ben	译本	332
shi ju	诗句	332
duo kai	躲开	332
yuan gu	远古	332
wei ji	违纪	332
hao	郝	332
tong qian	铜钱	332
luo gu	锣鼓	332
yin yue ting	音乐厅	332
yu wei	鱼尾	332
wan hu	万户	331
liang san ge	两三个	331
zhong guo gong nong hong jun	中国工农红军	331
zhong mei zhou	中美洲	331
mai zhe	买者	331
jing shan	京山	331
gu suan	估算	331
guang cai duo mu	光彩夺目	331
bing quan	兵权	331
li ci	历次	331
fa sheng di	发生地	331
qu xiang	取向	331
he zang mu	合葬墓	331
guo zei	国贼	331
di tan	地坛	331
wai yi	外衣	331
zhai zi	宅子	331
wo xin	我心	331
dai er	戴尔	331
zhao pai	招牌	331
yong ru	拥入	331
wa chu	挖出	331
li wei min	李为民	331
tong bai shan	桐柏山	331
zheng wu	正午	331
mao guan lu	毛冠鹿	331
shen ceng	深层	331
shu zhi	熟知	331
shuang kuai	爽快	331
shan hu jiao	珊瑚礁	331
chuang	疮	331
ji si	祭司	331
huang	簧	331
bian ru	编入	331
wang zhi	网址	331
ying mu	英亩	331
wen zi	蚊子	331
ping pan	评判	331
mou fan	谋反	331
yuan ju li	远距离	331
pei dian	配殿	331
jin lu sheng	金鲁生	331
liu	镏	331
chen yun	陈云	331
xiu	馐	331
liang yang	两样	330
mai lai	买来	330
qiu	俅	330
fen fu	分付	330
yi	勩	330
sheng zhi	升至	330
fan pan	反叛	330
pin ge	品格	330
yin te wang	因特网	330
ta ji ke zu	塔吉克族	330
duo gong li	多公里	330
da xiong mao	大熊猫	330
ding shi	定时	330
bao ma	宝马	330
shen ji shu	审计署	330
shao bu liao	少不了	330
tie zi	帖子	330
yao yi	徭役	330
ji chu	挤出	330
cha tu	插图	330
xiao zhong	效忠	330
jiao fa	教法	330
you shi yi lai	有史以来	330
li yong bo	李永波	330
qiang sha	枪杀	330
dong	栋	330
he dan tou	核弹头	330
qiu qing	求情	330
yan yi	演绎	330
xi	熄	330
yong gong	用功	330
bai zhi	白纸	330
jian shi	监事	330
kuang wu zhi	矿物质	330
chuo hao	绰号	330
mei shu guan	美术馆	330
er jin	而今	330
tai	肽	330
sha shi bi ya	莎士比亚	330
mi zao	蜜枣	330
xing xing	行刑	330
shuai wang	衰亡	330
dou bi	陡壁	330
gao li dai	高利贷	330
zhong jian	中建	329
jiu gong shan	九宫山	329
er shi er nian	二十二年	329
hu bu	互补	329
ge lao zu	仡佬族	329
di lian	低廉	329
er xi	儿媳	329
nong min qi yi	农民起义	329
chu pin	出品	329
jia xi	加息	329
dong neng	动能	329
qian ka	千卡	329
jue	厥	329
dong	咚	329
tu di gai ge	土地改革	329
hao duan duan	好端端	329
gu su	姑苏	329
hun hou	婚后	329
sun chuan ting	孙传庭	329
zong ren fu	宗人府	329
ding ming	定名	329
gong nei	宫内	329
jia miao	家庙	329
jia li ren	家里人	329
feng jian zhu yi	封建主义	329
lv dai	履带	329
de xing	德行	329
lian xi	怜惜	329
kang ri min zu tong yi zhan xian	抗日民族统一战线	329
bao quan	抱拳	329
ji ya	挤压	329
you	攸	329
wen hua ceng	文化层	329
shi zheng	施政	329
you se	有色	329
song san	松散	329
ji shou	棘手	329
wu chang yu	武昌鱼	329
ce hui	测绘	329
huo dui	火堆	329
lie wu	猎物	329
zhen hua	真话	329
mo sun	磨损	329
li fu	礼服	329
zhong qun	种群	329
zi wai xian	紫外线	329
kao qian	考前	329
hao zi	耗资	329
chang dao	肠道	329
chuan cang	船舱	329
cao ping	草坪	329
pu tao tang	葡萄糖	329
xing ci	行刺	329
zhuan zhe dian	转折点	329
jin shan	金山	329
fu zhong	附中	329
lv zi	驴子	329
er long	二龙	328
hu he	呼喝	328
lou	喽	328
sheng yuan	声援	328
wai jing mao	外经贸	328
duo bian	多边	328
da zeng	大增	328
tou pi	头皮	328
shen pan quan	审判权	328
dao ti	导体	328
zong cheng	总成	328
bao jing	报警	328
mu	拇	328
zhi lu	指路	328
pai guan	排灌	328
zhi xing	支行	328
fang cheng	方城	328
jian tao	检讨	328
peng li	棚里	328
gang wan	港湾	328
li tou	犁头	328
si zi	私自	328
kong jie	空姐	328
di yi fen	第一分	328
lv song shi	绿松石	328
rou zhi	肉质	328
gang men	肛门	328
ang zang	肮脏	328
yi dao su	胰岛素	328
hu shan	虎山	328
xue se	血色	328
qian xu	谦虚	328
pa	趴	328
ji	輯	328
zhuan ji	转机	328
yin chuan	银川	328
ci xiong	雌雄	328
san wan	三万	327
liang dui	两对	327
chan xiao lv	产销率	327
qin qing	亲情	327
qin zheng	亲政	327
guang lin	光临	327
quan tian	全天	327
shua shua	刷刷	327
fan qing xiao	反倾销	327
ke wu	可恶	327
ge tiao	各条	327
ou	呕	327
tang tai zong	唐太宗	327
yao	垚	327
qi cai	奇才	327
yu hang yuan	宇航员	327
kuan chang	宽敞	327
qi fei	岂非	327
bo	帛	327
qiang di	强敌	327
yue	悦	327
jing yi	惊疑	327
zhe shan	折扇	327
jiao yuan	教员	327
xin chun	新春	327
za cao cong sheng	杂草丛生	327
quan fen li	权分立	327
chui	槌	327
jiang zhe	江浙	327
xuan ran	渲染	327
jin	煡	327
ding zhu	盯住	327
jing	睛	327
hu zi gao	胡自皋	327
zi zhuan	自转	327
ying xiong hao han	英雄好汉	327
cang shu	藏书	327
ni zhuan	逆转	327
yao gan	遥感	327
jiao wai	郊外	327
zheng cheng gong	郑成功	327
bi	陛	327
yu hui zhe	与会者	325
shu zhuo	书桌	325
ru xian	乳腺	325
er huan	二环	325
gong dian	供电	325
dang zhang	党章	325
liu lu	六路	325
fan xing	反省	325
diao cang	吊舱	325
xian dan	咸蛋	325
qian	嗛	325
hui wei wu qiong	回味无穷	325
shi chuan	失传	325
shan ying	山影	325
xian	岘	325
gong xin chu	工信处	325
shu qian nian	数千年	325
zui gao dian	最高点	325
ben xiao	本校	325
min meng	民盟	325
qing liang	清凉	325
huo dian zhan	火电站	325
yan jie	眼界	325
lie	睙	325
jie he bu	结合部	325
hua er	花儿	325
hua shan	花山	325
cai tang	菜汤	325
xiao tiao	萧条	325
zhuang ban	装扮	325
ci yu	词语	325
cheng shi	诚实	325
yi	轶	325
fu she liang	辐射量	325
zheng jia	郑家	325
mo	鏌	325
a chang zu	阿昌族	325
pei shen yuan	陪审员	325
xian luo	陷落	325
feng xiang	风向	325
bu zhi qu xiang	不知去向	324
zhong shan lu	中山路	324
di gu	低估	324
he ku	何苦	324
xing	侀	324
quan jun fu mo	全军覆没	324
feng shan	凤山	324
hou wei	后魏	324
xi ru	吸入	324
chang ming	唱名	324
si san	四散	324
pu	圃	324
tan shuai	坦率	324
xian	宪	324
xiao shan	小山	324
gong cheng ju	工程局	324
xu jia	徐家	324
ji jiu	急救	324
kang kai ji ang	慷慨激昂	324
an shuo	按说	324
xin qiao	新桥	324
ming lang	明朗	324
ji di	极地	324
qiao	樵	324
qi nao	气恼	324
qiu jiu	求救	324
sha wan	沙湾	324
huo sheng sheng	活生生	324
yi	溢	324
qian she	牵涉	324
jia wu zhan zheng	甲午战争	324
xiang he	祥和	324
jian bian	简便	324
rao cheng	绕城	324
bian xiu	编修	324
yao wu xue	药物学	324
he qiang shi dan	荷枪实弹	324
fu mie	覆灭	324
fang hua	访华	324
zhuan zhan	转战	324
jin yuan bao	金元宝	324
jin gang shi	金刚石	324
tie jia	铁甲	324
yin piao	银票	324
yue li	阅历	324
sui	髓	324
long chuan	龙船	324
bu xiang	不详	323
ren yi qiu	任意球	323
dao zhuan	倒转	323
ru xue	儒学	323
gong jiao	公交	323
xing gao cai lie	兴高采烈	323
hua zhuang	化妆	323
dan xiang	单向	323
hou zhu	后主	323
hou sheng	后生	323
gao zhong	告终	323
xiao zhang qi yan	嚣张气焰	323
fu yin jian	复印件	323
da han	大喊	323
tian yu	天宇	323
nv bing	女兵	323
ji yuan	妓院	323
wa wa yu	娃娃鱼	323
zi yan	字眼	323
xun hang	巡航	323
xun shi yuan	巡视员	323
she shi	摄氏	323
shu shi wan	数十万	323
zheng feng	整风	323
wen zhi	文职	323
ji mu	极目	323
cha yue	查阅	323
xin ran	欣然	323
wu ying dian	武英殿	323
hui bian	汇编	323
you cai	油菜	323
xiong mao	熊猫	323
du ju yi ge	独具一格	323
yong dian liang	用电量	323
si li	私利	323
lao wo	老挝	323
ye lv da shi	耶律大石	323
su da	苏打	323
qi chun	蕲春	323
xi ning	西宁	323
jie wei	解围	323
tan guan	贪官	323
tong xiao	通宵	323
wan gu pai	顽固派	323
fei dao	飞刀	323
wan tai	万台	322
xia chui	下垂	322
si chou zhi lu	丝绸之路	322
ren dai hui	人代会	322
zhu suo	住所	322
fo jing	佛经	322
shi yong zhe	使用者	322
jue fei	决非	322
ji shi jin	几十斤	322
lao zuo	劳作	322
fan dui pai	反对派	322
jiao hao	叫好	322
tai zhan	台站	322
shang chuan	商船	322
guo mei	国美	322
zai cheng zhen	在城镇	322
wai xiao	外校	322
jian chen	奸臣	322
wu nei	屋内	322
xing bing	性病	322
yuan hen	怨恨	322
e du	恶毒	322
pai cheng	排成	322
ban zhu	斑竹	322
xin bing	新兵	322
fang yuan	方圆	322
wu li	无理	322
ming wen	明文	322
ben fen	本分	322
sha du	杀毒	322
bi ming	毙命	322
chen ji	沉寂	322
cang zhou	沧州	322
she wai	涉外	322
dian huo	点火	322
mei qi	煤气	322
wang mang	王莽	322
sheng lai	生来	322
dian zi zhan	电子战	322
gui	癸	322
zao	皂	322
xiang yi	相异	322
zhen jia	真假	322
hong wei bing	红卫兵	322
que shi	缺失	322
luo de	落得	322
yin	螾	322
xi bei di qu	西北地区	322
ren shu	认输	322
yi zheng	议政	322
song zou	送走	322
xie e	邪恶	322
zhong sheng	钟声	322
jian	鞯	322
yin xiang	音响	322
mai jia	麦加	322
dong zhi	东至	321
shi guan qu	使馆区	321
guang yuan	光源	321
chu ren yi liao	出人意料	321
fa nu	发怒	321
qu nuan	取暖	321
gu mu qun	古墓群	321
wu ying xiong	吴应熊	321
shao bing	哨兵	321
bao	堢	321
dun tai	墩台	321
da cheng	大乘	321
hao huai	好坏	321
shi de	实德	321
zhang jia wan	张家湾	321
qiang ying	强硬	321
gan zhi	感知	321
bian yuan xing	扁圆形	321
cao chang	操场	321
jiao yang	教养	321
xin chen dai xie	新陈代谢	321
mei	旀	321
ban deng	板凳	321
mo te	模特	321
ou ya	欧亚	321
shui chan ye	水产业	321
xiang bei	湘北	321
huo jian pao	火箭炮	321
te ji	特技	321
du cha	督查	321
xiao suan	硝酸	321
zhong zhi ye	种植业	321
ji ren	继任	321
hu ren	胡人	321
dan chen	诞辰	321
yu yan xue	语言学	321
ba zhu	霸主	321
qing cong	青葱	321
ding ji	顶级	321
ling dao ren yuan	领导人员	321
bu zi jin	不自禁	320
qiao zhi	乔治	320
jiao xiang qu	交响曲	320
jing jiu tie lu	京九铁路	320
yi qian wa shi	亿千瓦时	320
bing huo	兵火	320
chu shan	出山	320
gu shi	古诗	320
ge se	各色	320
wu song kou	吴淞口	320
cao za	嘈杂	320
zhu	嘱	320
da nei	大内	320
da shu	大叔	320
yang	央	320
shi shou	失手	320
shi xian	市县	320
you you	幽幽	320
xu hai dong	徐海东	320
jing cha	惊诧	320
duo	惰	320
zhan lve xing	战略性	320
ban ban	斑斑	320
lv tu	旅途	320
jiu wen	旧闻	320
yuan	杬	320
song zi	松滋	320
shen guo fang	沈国放	320
ce ping	测评	320
shi mian	石棉	320
she jiao	社交	320
qin ji wei	秦基伟	320
di yi xian	第一线	320
guan jiao	管教	320
lao bing	老兵	320
rou ji	肉鸡	320
bi bo	鄙薄	320
tian	鍩	320
chang shou	长寿	320
qing hai sheng	青海省	320
ge	鞈	320
yu jian	预见	320
ma ti sheng	马蹄声	320
gao gao de	高高的	320
ge zi	鸽子	320
lu	麓	320
chi lun	齿轮	320
yi chi	一尺	319
yi ba shou	一把手	319
bu ke yi shi	不可一世	319
dong an men	东安门	319
wei sha	为啥	319
jiu chi	九尺	319
er men	二门	319
ya ke	亚科	319
ren lei xue	人类学	319
jia zhi liang	价值量	319
chuan ran	传染	319
ban lv	伴侣	319
hou fang yu	侯方域	319
seng lv	僧侣	319
yang ji chang	养鸡场	319
fen zi shi	分子式	319
dan bo	单薄	319
fa nan	发难	319
ke xin	可信	319
chi kui	吃亏	319
tang shang	堂上	319
duo chu	多出	319
da yang shu	大杨树	319
han qi	寒气	319
feng kou	封口	319
xiao pin	小品	319
shao you	少有	319
si xu	思绪	319
tuo fu	托福	319
la gu	拉古	319
ye	掖	319
fu yan	敷衍	319
lai jing	来京	319
ye zi	椰子	319
nan zhu	楠竹	319
qian que	欠缺	319
ci xiang	此项	319
bo ji	波及	319
hun dan	混蛋	319
wen re	温热	319
ai guo ren shi	爱国人士	319
dian zhan	电站	319
xiang jian	相间	319
nian zi	碾子	319
shu li	竖立	319
chou cuo	筹措	319
ji wei	纪委	319
su bei	苏北	319
xue tong	血统	319
gui cheng	规程	319
chu jiao	触角	319
shi she	试射	319
gai xiang	该项	319
zai ren	载人	319
tui hou	退后	319
qiu	邱	319
qian tang jiang	钱塘江	319
niao er	鸟儿	319
san sheng	三声	318
xia ba	下巴	318
dong gong	东宫	318
liang guang	两广	318
feng man	丰满	318
zhu ren wei yuan	主任委员	318
ren sheng	人声	318
xiu ke	休克	318
chong jun	充军	318
ji zhang	几张	318
bei cheng	北城	318
hui you	回游	318
ji ben gong zi	基本工资	318
wai dian	外电	318
meng hao ran	孟浩然	318
an wen	安稳	318
feng feng	峰峰	318
bu er	布尔	318
can zao	惨遭	318
suo bu	所部	318
jie ru	接入	318
che hui	撤回	318
wen gong tuan	文工团	318
ji zhi	机智	318
song hua	松花	318
zao yang	枣阳	318
ke	柯	318
chu zhuang wang	楚庄王	318
qi ling	欺凌	318
qiu he	求和	318
shi re	湿热	318
mu shi	牧师	318
wang zhe	王者	318
bai dai	白带	318
po zhan	破绽	318
shen jing yuan	神经元	318
gan	竿	318
ji nian	纪年	318
xi zuo	细作	318
tong zhi	统制	318
mian yang	绵羊	318
fen	翂	318
zi you zi zai	自由自在	318
cha shu	茶树	318
en kun	蒽醌	318
gui zhang zhi du	规章制度	318
cai tuan	财团	318
liao he	辽河	318
yuan tiao	远眺	318
tou chu	透出	318
quan	醛	318
bi mu	闭幕	318
lu jun da xue	陆军大学	318
tao zui	陶醉	318
qing mu	青木	318
ling dao	领到	318
ma dao	马道	318
qi	麒	318
yi dong	一动	316
shang xun	上旬	316
zhuan cheng	专程	316
dong xi fang	东西方	316
zhong hua shu ju	中华书局	316
ju shi wen ming	举世闻名	316
jiao jing	交警	316
yi bei	以备	316
bing shan	冰山	316
fen qu	分区	316
yin du ren	印度人	316
wai ceng	外层	316
dao yin	导引	316
chang chang	尝尝	316
ju xian xing	局限性	316
you shi	幼时	316
shou lu	收录	316
fang mu	放牧	316
wen xue jia	文学家	316
chao xian zhan zheng	朝鲜战争	316
hui mie xing	毁灭性	316
zi bu pin	滋补品	316
qi qi	漆器	316
re lei ying kuang	热泪盈眶	316
xiao	猇	316
miao zhong	秒钟	316
tong	粡	316
xi men zi	西门子	316
xi ling	西陵	316
ren cuo	认错	316
gu di	谷底	316
dou lei	豆类	316
tong cheng	通城	316
zhang man	长满	316
long long	隆隆	316
wei xiang zhu	韦香主	316
yi zhang	一章	315
san min zhu yi	三民主义	315
zhong yi yao da xue	中医药大学	315
fu kuan	付款	315
shi cong	侍从	315
pian yao	偏要	315
chu cang liang	储藏量	315
xian di	先帝	315
gong yong	共用	315
jun li	军力	315
fen zhi	分枝	315
qian ren	前任	315
bei fa zhan zheng	北伐战争	315
qi cheng	启程	315
jia qing	嘉庆	315
da shi guan	大使馆	315
jia jia	家家	315
xiao shi	小史	315
yao	峣	315
yan qing	延庆	315
kai zhan	开战	315
bei guan	悲观	315
cheng qin	成亲	315
wo shi	我市	315
zhi zhi	指指	315
dao luan	捣乱	315
wen jiao wei sheng	文教卫生	315
xin hun yan er	新婚燕尔	315
wu ying wu zong	无影无踪	315
jiu cheng	旧城	315
zhu guang ya	朱光亚	315
guo shu	果蔬	315
gen ben xing	根本性	315
liang zi hu	梁子湖	315
min ban jiao shi	民办教师	315
pan zhong	盘中	315
zhu yuan	竹园	315
zhu shan	竹山	315
fen bian	粪便	315
bian pai	编排	315
geng zuo ye	耕作业	315
zhi bing	致病	315
yao shan	药膳	315
gai ke	该科	315
gai yuan	该院	315
shuo bu de	说不得	315
hao qiang	豪强	315
gou zhi	购置	315
xuan liao	选料	315
zun cong	遵从	315
chuang ru	闯入	315
chen zheng wei	陈政委	315
sui xing	随行	315
ding sheng	鼎盛	315
zhu xuan lv	主旋律	314
ti neng	体能	314
he lu li	何鲁丽	314
guang he zuo yong	光合作用	314
quan pan	全盘	314
qi ran	凄然	314
xiong e	凶恶	314
li wu pu	利物浦	314
mai diao	卖掉	314
can zhan	参展	314
duo da	多达	314
shi heng	失衡	314
mao	峁	314
qiao he	巧合	314
bao fu	抱负	314
san kai	散开	314
wen hui	文汇	314
shi yong liang	施用量	314
qu jiu	曲酒	314
zui zhong	最重	314
peng	朋	314
chao xian ren	朝鲜人	314
guan mu	棺木	314
xiang shu	橡树	314
du qi	毒气	314
yun	氳	314
yong xin	永新	314
yong fu	永福	314
han ying	汉英	314
re hu hu	热呼呼	314
niu tou shan	牛头山	314
wan yi er	玩意儿	314
jia mi	甲醚	314
quan yu	痊愈	314
kuang chan di	矿产地	314
tong zhuang	童装	314
di si zhang	第四章	314
cu xi	粗细	314
xi wei	细微	314
shen shang xian	肾上腺	314
ji	芰	314
he lan ren	荷兰人	314
xi kou	西口	314
zhen guan	贞观	314
di jian	递减	314
pei zhi	配制	314
pei se	配色	314
tie zheng	铁证	314
chen shi mei	陈世美	314
dou qiao	陡峭	314
yin yu	饮誉	314
gao yi	高一	314
mo wang	魔王	314
gui yu	鳜鱼	314
gu zhang	鼓掌	314
ding mao	丁卯	313
bu jun	不均	313
luan qi ba zao	乱七八糟	313
er li tou	二里头	313
yu shu yan	余叔岩	313
yi	佚	313
shu di	倏地	313
nong jia le	农家乐	313
chuang xia	创下	313
jia su qi	加速器	313
dong ci	动词	313
shi wu dao	十五道	313
hua rong	华容	313
ming yue	名曰	313
wu xiang xiang	吴香香	313
mu xue	墓穴	313
shi de dui	实德队	313
ke huo lun	客货轮	313
xiao shi qiao	小石桥	313
de ti	得体	313
wei bu zu dao	微不足道	313
xuan nian	悬念	313
jie zhu	截住	313
shan xing	扇形	313
tou zhi	投掷	313
kang mei yuan chao	抗美援朝	313
chou chu	抽搐	313
zhao shi	招式	313
bu huo liang	捕获量	313
chang	敞	313
shu bai nian	数百年	313
si luo fa ke	斯洛伐克	313
chen bao	晨报	313
chao xian ban dao	朝鲜半岛	313
li ru song	李如松	313
zhi ye	枝叶	313
shen	椹	313
ou la	欧拉	313
can fei	残废	313
jiang di	江底	313
yan jing da xue	燕京大学	313
te pai yuan	特派员	313
lve wei	略微	313
sha yan	砂岩	313
zhu yuan	祝愿	313
fu xing	福星	313
di yi zuo	第一座	313
pian fu	篇幅	313
chu	绌	313
hu yang lin	胡杨林	313
xi fei	西非	313
yu zhong	语种	313
jian ren	贱人	313
song ru	送入	313
dun	遁	313
dao gu	道姑	313
a la	阿拉	313
fu he	附和	313
yi yue fen	一月份	312
zhong tu	中土	312
shu cheng	书城	312
er lv	二氯	312
wu xian	五县	312
chan ye yuan	产业园	312
xian nv	仙女	312
zuo dui	作对	312
yin ji	印记	312
yuan chan	原产	312
yuan lai ru ci	原来如此	312
qu xiao	取笑	312
pan bian	叛变	312
gu zhen	古镇	312
fou jue	否决	312
hu ying	呼应	312
suo	唆	312
tang song	唐宋	312
qiu jin	囚禁	312
hui lang	回廊	312
wei cheng	围城	312
tu tai zi	土台子	312
di qiu hua xue	地球化学	312
su xiang	塑像	312
da chu	大厨	312
da tui	大腿	312
tai gong	太公	312
tai ji	太极	312
bi yao tiao jian	必要条件	312
huang hu	恍惚	312
gong hou	恭候	312
tuo ren	托人	312
gua pai	挂牌	312
fang pi	放屁	312
wen chang shi	文昌市	312
wu ming	无名	312
xing ji	星际	312
shang	晌	312
qi man	期满	312
zhu bang zao	朱邦造	312
sha chu	杀出	312
song hua jiang	松花江	312
liu da hua	柳大华	312
yang ben	样本	312
ti du	梯度	312
ou	櫙	312
ci xu	次序	312
bi shi	比试	312
fu xian	浮现	312
xiao wang	消亡	312
lei	涙	312
wen jia bao	温家宝	312
fu nv	父女	312
die	牒	312
jie ding	界定	312
huang tai zi	皇太子	312
yan suan	盐酸	312
gui hui shi	硅灰石	312
tang guo	糖果	312
miao	緢	312
jie wei	结尾	312
yu zhong	育种	312
yu ju	语句	312
tao li	逃离	312
bi han	避寒	312
ling sheng	铃声	312
a yi	阿姨	312
sui	隨	312
diao lan	雕栏	312
gui shen	鬼神	312
ba	鲌	312
bao chun lai	鲍春来	312
mo qi	默契	312
bi ti	鼻涕	312
ci	齹	312
shang zhen	上阵	311
dong guan	东莞	311
zhong tong	中统	311
ju li	举例	311
dao bi	倒闭	311
ji ling	即令	311
xia hu	吓唬	311
wu chu	吴楚	311
luo	啰	311
wai shi wei yuan hui	外事委员会	311
duo gong neng	多功能	311
duo bian	多变	311
duo qi	多期	311
tian shen	天神	311
tai wei	太尉	311
nv you	女友	311
xue fen	学分	311
hong da	宏达	311
jian duan	尖端	311
yin ji fu	尹吉甫	311
yin you	引诱	311
bi sheng	必胜	311
qing yi	情意	311
ban qian	搬迁	311
you xian	攸县	311
jiao shi	教士	311
jiao hui	教诲	311
hun an	昏暗	311
yue jun	月均	311
wei liao	未了	311
ou gong ti	欧共体	311
wang yang	汪洋	311
wen chuan	汶川	311
ni hui yan	泥灰岩	311
wen bao	温饱	311
xiang jun	湘军	311
zhao xiang ji	照相机	311
wang shu sheng	王树声	311
sheng huo zi liao	生活资料	311
lin	疄	311
pi ri xiu	皮日休	311
sheng ji	省籍	311
jing dao	粳稻	311
shang	绱	311
lao er	老二	311
fei zao	肥皂	311
neng nai	能耐	311
zhi dian	质点	311
chao e	超额	311
jiu xi	酒席	311
tie qi	铁器	311
xian zhe	闲着	311
yan liao	颜料	311
liang men	两门	310
yan jia	严加	310
dan mai dui	丹麦队	310
zhong	仲	310
ting chan	停产	310
jiang ju	僵局	310
chong tian	冲天	310
shi er wu	十二五	310
sha	厦	310
ming wen xia er	名闻遐迩	310
hou hu	后湖	310
quan tao	圈套	310
ji ben jian she	基本建设	310
du jie	堵截	310
rang	壤	310
da hong shan	大洪山	310
an zang	安葬	310
jia ding	家丁	310
dui nei	对内	310
an tang	庵堂	310
shi yang	式样	310
yin zhe	引着	310
de yu	德语	310
yi yue	怡悦	310
cheng zhi	惩治	310
yang qi	扬起	310
chou diao	抽调	310
an na bu zhu	按捺不住	310
fang zhu	放逐	310
xin zi	新字	310
ming qi	明器	310
zhu	櫧	310
ci xing	此行	310
shui cao	水草	310
fa lv wei yuan hui	法律委员会	310
hui	洄	310
hong ling bo	洪凌波	310
lv	滤	310
ju	炬	310
yan	焰	310
dian fan bao	电饭煲	310
bai yi yuan	百亿元	310
di yi mian	第一面	310
fei	绯	310
xiang	翔	310
lian ben	联苯	310
jie neng	节能	310
yao chong	要冲	310
di jiao	递交	310
zhen ye lin	针叶林	310
huang hua	黄骅	310
yi lv	一缕	308
bu wu	不无	308
qi pan	企盼	308
he fang	何方	308
xian yu	先于	308
quan jia fu	全家福	308
gong ren	公人	308
ji bai jin	几百斤	308
fen shu	分属	308
fen dan	分担	308
bao jin	包金	308
bao yin	包银	308
yi bao	医保	308
nan gang	南港	308
hui	喙	308
guo bin	国宾	308
yuan	垣	308
duo nao he	多瑙河	308
da xing an ling	大兴安岭	308
tian an	天安	308
tai hang shan	太行山	308
fu ren dao	夫人道	308
qi guan	奇观	308
yin chu	引出	308
qing huai	情怀	308
zhe kou	折扣	308
jie shang	接上	308
jiu hu	救护	308
you xing	有幸	308
you suo zuo wei	有所作为	308
yang da ge	杨大哥	308
yang jian hua	杨建华	308
cha li	查理	308
lou ge	楼阁	308
mu ti	母体	308
shui zhong	水肿	308
kao yu	烤鱼	308
ya kou	牙口	308
wang ren zhong	王任重	308
jia	珈	308
tian cai	甜菜	308
jiao	矫	308
shi long	石龙	308
ji	稷	308
di yi jie	第一节	308
hong an	红安	308
jing ji dai	经济带	308
yi shu jie	艺术节	308
dong jia	董家	308
gui hua shi	规划师	308
ping ji	评级	308
chuo xue lv	辍学率	308
tui bing	退兵	308
fang huo	防火	308
ban xing	颁行	308
feng sha	风沙	308
qi da nei	齐达内	308
san xia da ba	三峡大坝	307
shang yi yuan	上议院	307
bu shi wei	不失为	307
dan jiang kou shi	丹江口市	307
ju chu	举出	307
mai mai ti	买买提	307
ren jie di ling	人杰地灵	307
lun bi	伦比	307
bao jian	保荐	307
yan ran	俨然	307
dao hao	倒好	307
leng luo	冷落	307
chu shi	出世	307
li ren	利刃	307
jia zhuang	加装	307
mai guo qiu rong	卖国求荣	307
yin zheng	印证	307
li	厉	307
shou fang zhe	受访者	307
ming shi	名士	307
ming wang	名望	307
qi de	启德	307
wai po	外婆	307
kui	尯	307
shan zhuang	山庄	307
chang yu chun	常遇春	307
you shen	幽深	307
cai yin	彩印	307
pai lian	排练	307
jie gui	接轨	307
liang	晾	307
wo	楃	307
huai	槐	307
heng gou	横沟	307
wu han dui	武汉队	307
shui yuan di	水源地	307
dong ku	洞窟	307
jia	浃	307
hu bei sheng wei	湖北省委	307
kao ji	烤鸡	307
shen bao xu	申包胥	307
chang da	畅达	307
fu qi	福气	307
jue zhao	绝招	307
wei he	维和	307
qun luo	群落	307
long	聋	307
zhi dian	致电	307
hang tian fei ji	航天飞机	307
hua mu lan	花木兰	307
chun cai	莼菜	307
xin zi	薪资	307
mi shi	觅食	307
ren shi lun	认识论	307
kua guo	跨过	307
han dan	邯郸	307
jin jun wu	金俊武	307
lu guan ying	陆冠英	307
yi tang	饴糖	307
gu jia	骨架	307
po	魄	307
sha dan	傻蛋	306
mao yan	冒烟	306
chu jia ren	出家人	306
qian tian	前天	306
qu wei	区委	306
shi ba ri	十八日	306
hua zhong di qu	华中地区	306
bo de	博得	306
fa piao	发票	306
shou hai zhe	受害者	306
sou	嗽	306
ying	嘤	306
da xiang	大象	306
fu ke	妇科	306
an dun	安顿	306
yi huang	宜黄	306
fu shui	富水	306
gong nong bing	工农兵	306
shi shi	师师	306
xi juan	席卷	306
dian ji	惦记	306
kang fu she	抗辐射	306
jiu wang yun dong	救亡运动	306
wan can	晚餐	306
biao qian	标签	306
shu cong	树丛	306
tang	棠	306
nan	楠	306
han chao	汉朝	306
sha zi	沙子	306
meng qin	猛禽	306
liu qing	留情	306
zhi guan	直管	306
jian duan	简短	306
nuo mi fen	糯米粉	306
chun jing	纯净	306
zi xuan	自旋	306
zao lei	藻类	306
shi yan	誓言	306
xu jia lu	许嘉璐	306
diao xu	调蓄	306
chao yin su	超音速	306
zhuan zai	转载	306
bian jie	辩解	306
tui rang	退让	306
ying zhou	郢州	306
cai fa liang	采伐量	306
yong	饔	306
yi zhan	驿站	306
jiao	鲛	306
yi zhuo	一桌	305
hu wei	互为	305
wu zhong	五中	305
ren zhong	人种	305
ta sha	他杀	305
ren ping	任凭	305
gong ying shang	供应商	305
gong an	公案	305
jun gong	军工	305
bing qi	冰期	305
lie wei	列位	305
bie niu	别扭	305
ge duan	割断	305
bei hu	北湖	305
lu sen bao	卢森堡	305
shuang qiao	双桥	305
wa wa	哇哇	305
xiu jue	嗅觉	305
sheng bo	声波	305
fu huo	复活	305
wai guo yu	外国语	305
da hong men	大红门	305
tou qiu	头球	305
an nei	安内	305
gui zhou	归州	305
si liang	思量	305
cheng wen	成文	305
cheng fang	成方	305
bao qian	抱歉	305
tan wang	探望	305
tui xuan	推选	305
bai	掰	305
fang liu	放流	305
fang jin	放进	305
zheng ri	整日	305
xin zhou	新洲	305
you yi shi	有意识	305
chao chen	朝臣	305
pu	朴	305
biao di	标的	305
bi sheng	毕升	305
jiang hai	江海	305
sha te a la bo	沙特阿拉伯	305
lai	涞	305
wen shi	温室	305
huo jian dan	火箭弹	305
zhen zhi bing	甄志丙	305
bai yu lan	白玉兰	305
huang gang	皇岗	305
die	眰	305
shi liu shi	石榴石	305
yan tao ban	研讨班	305
zu jin	租金	305
fen zheng	纷争	305
zhi zhang	纸张	305
lao ma	老马	305
er ji	耳机	305
ke	苛	305
zang li	葬礼	305
rong qia	融洽	305
yan	衍	305
xi fang ren	西方人	305
lun zhu	论著	305
shi yong qi	试用期	305
hong ran	轰然	305
song hui	送回	305
yun xian	郧县	305
tong jing	铜镜	305
zhang yang tu jia zu zi zhi xian	长阳土家族自治县	305
gao xin qu	高新区	305
chi wen	鸱吻	305
shang shen	上身	304
bu xie	不懈	304
zhu liao	主料	304
li jiang	丽江	304
fa li	乏力	304
wu xiang	五项	304
jing jiu xian	京九线	304
ren mian quan	任免权	304
yi li	伊利	304
bian mi	便秘	304
xin xi chan ye bu	信息产业部	304
ru wu	入伍	304
gong tong ti	共同体	304
fen feng	分封	304
fen bu	分部	304
liu zhi jun	刘志军	304
nan zhang	南漳	304
wei xiao	卫校	304
gu qin tai	古琴台	304
shi fang	史方	304
keng	吭	304
zhou wu	周五	304
he cai	喝采	304
yu ming	域名	304
ao si ka	奥斯卡	304
ping fang	平方	304
si ke	思科	304
shou zhi tou	手指头	304
da xiang	打响	304
lan he ba	拦河坝	304
ri ben guo hui	日本国会	304
chun feng	春风	304
hui	晦	304
yang wei	杨维	304
dai jin	殆尽	304
tang hua long	汤化龙	304
liu dong xing	流动性	304
she xian	涉嫌	304
jian jin	渐近	304
you li	游历	304
hua xue	滑雪	304
chao guo	炒锅	304
sheng tai xue	生态学	304
bai yang	白洋	304
yan du	盐度	304
shun	瞬	304
zi gui xian	秭归县	304
kong tou	空投	304
li tao wan	立陶宛	304
di yi feng	第一峰	304
di yi tiao	第一条	304
jing hun	精魂	304
que xi	缺席	304
pin yong	聘用	304
qu	觑	304
song	讼	304
du wu	读物	304
fu yi	赋役	304
huan gei	还给	304
yue juan	阅卷	304
zhen qian	阵前	304
zhang	障	304
nan guan	难关	304
ji san	集散	304
yong	雍	304
yin xiang	音像	304
ma kou	马口	304
gao neng	高能	304
qu	龋	304
yi jiu liu er nian	一九六二年	303
qi ri	七日	303
san deng	三等	303
shang pin	上品	303
ren liu	人流	303
chong ji	冲积	303
hua yi	划一	303
ci shang	刺伤	303
bian fei wei bao	变废为宝	303
ke bu	可怖	303
si ma yi	司马义	303
yo	唷	303
yin guo	因果	303
da zhai	大寨	303
da wan	大湾	303
tai yang nian	太阳年	303
fen fa jin qu	奋发进取	303
ru yuan	如愿	303
pie	嫳	303
gan zhong	干重	303
zhang yang	张扬	303
peng zhen	彭真	303
wei ruan gong si	微软公司	303
kang ni xing	抗逆性	303
bao zhi	报知	303
zhang shang	掌上	303
yao shou	摇手	303
jiao zhong	教众	303
xin qi	新奇	303
wu jin	无尽	303
wu neng wei li	无能为力	303
ri luo	日落	303
ming yu zhen	明玉珍	303
qu mian	曲面	303
hui huai	毁坏	303
tai zhou	泰州	303
han jie	焊接	303
yu nv	玉女	303
di san tian	第三天	303
jian ti zi	简体字	303
yu	繘	303
fu tong	腹痛	303
ying shan	英山	303
mo guo yu	莫过于	303
xue xing	血型	303
ren gou	认购	303
ping yi	评议	303
tan tu	贪图	303
lu yong xiang	路甬祥	303
yao kong	遥控	303
pu zhu	铺筑	303
cuo jue	错觉	303
ge lou	阁楼	303
chen xi lian	陈锡联	303
ya hu	雅虎	303
fei	霏	303
ba wang	霸王	303
ling tou	领头	303
qu shi	驱使	303
gao su gong lu wang	高速公路网	303
nian yu	鲶鱼	303
huang yong sheng	黄永胜	303
san gu mao lu	三顾茅庐	302
liang ge fan shi	两个凡是	302
zhu jiao	主教	302
jing guang	京广	302
fu ming xia	伏明霞	302
ba zi	八字	302
qie kuai	切块	302
wu can	午餐	302
ban tou	半头	302
ban bu	半部	302
nan jiao	南郊	302
fei	吠	302
xi xun	喜讯	302
qi cai chang	器材厂	302
cheng dong	城东	302
jiang en zhu	姜恩柱	302
pou	婄	302
mei	媚	302
xiao lin	小林	302
ba xi dui	巴西队	302
cheng ban	惩办	302
san shui	散水	302
xin yan	新颜	302
ti zi	梯子	302
qi zha	欺诈	302
jiao zhu	浇注	302
pu dong	浦东	302
yun	涢	302
yu chuan	渔船	302
hang	珩	302
yin	瘾	302
shi gao kuang	石膏矿	302
kong dong	空洞	302
pian zhang	篇章	302
hong lian	红莲	302
ji shu	级数	302
zhi bu	织布	302
jing luo	经络	302
luo jia	罗家	302
zi ji zi zu	自给自足	302
cao ni ma	草泥马	302
xia zi	虾子	302
xue	谑	302
miu wu	谬误	302
yu xi nan	豫西南	302
ci yu	赐予	302
lian huan	连环	302
wen	闅	302
yu xun	鱼汛	302
huan	鲩	302
long le hao	龙乐豪	302
xia fang	下放	301
xiang zheng fu	乡政府	301
ru tou	乳头	301
er lang miao	二郎庙	301
yu zheng sheng	俞正声	301
xiu zheng zhu yi	修正主义	301
hou bu	候补	301
chu you gou zao	储油构造	301
gong an bu dui	公安部队	301
ning ju li	凝聚力	301
bie you feng wei	别有风味	301
dong zhi wu yuan	动植物园	301
xia zi	匣子	301
qian dun ji	千吨级	301
gu shan	古山	301
he xing	合兴	301
shang yong	商用	301
gu cheng	固城	301
di	嫡	301
ji feng xing	季风性	301
xue hai	学海	301
shou bei	守备	301
xuan shi	宣誓	301
kuan song	宽松	301
ze you	择优	301
cao chi	操持	301
shou xia	收下	301
fang mian jun	方面军	301
xing zuo	星座	301
zhi jiang	枝江	301
qi qiu	气球	301
tang yong tong	汤用彤	301
he yu	河鱼	301
yan	淹	301
wan shua	玩耍	301
tian bing yi	田秉毅	301
dian wang	电网	301
bai hua yuan	百花园	301
zhi ji	知己	301
chuan xing	穿行	301
li an	立案	301
qi	簯	301
ji nian ri	纪念日	301
lao he kou shi	老河口市	301
nie hai sheng	聂海胜	301
yao	舀	301
jing sha shi	荆沙市	301
lai bi xi	莱比锡	301
xu wei	虚伪	301
jian wen	见闻	301
tiao pi	调皮	301
zi zhi	资质	301
zhou wa	轴瓦	301
yun wang	运往	301
yun zai huo jian	运载火箭	301
jin jiao	近郊	301
tong shan xian	通山县	301
tai li hua	邰丽华	301
e wan	鄂皖	301
ci xing	雌性	301
ying	颍	301
jia che	驾车	301
he feng	鹤峰	301
huang tu gao yuan	黄土高原	301
san zi	三子	299
san xian	三鲜	299
xia gong fu	下功夫	299
zhong guo zheng jian hui	中国证监会	299
zhong zhi	中止	299
dan jiang kou shui ku	丹江口水库	299
ren xin min	任新民	299
yu ping fang mi	余平方米	299
xing shan xian	兴山县	299
zhun xu	准许	299
pan xing	判刑	299
bei dou	北斗	299
yuan yi	原意	299
tong ju	同居	299
hui guo	回锅	299
fu cha	复查	299
wai sheng	外甥	299
duo wan ping fang mi	多万平方米	299
duo tai	多胎	299
da ye shi	大冶市	299
ben fu	奔赴	299
mei wai	媚外	299
cha	岔	299
guang du	广度	299
zhi	庤	299
yin jian	引见	299
dang guan	当官	299
xi ni	悉尼	299
shou xia ren	手下人	299
ao	拗	299
gua nian	挂念	299
zhuo na	捉拿	299
tan ting	探听	299
gong jian	攻坚	299
jing yi	敬意	299
wu tiao jian	无条件	299
chun you	春游	299
ceng xian zi	曾宪梓	299
ben se	本色	299
lai shi	来势	299
mei yu qi	梅雨期	299
yang ba	氧吧	299
jiang nan xi	江南西	299
jun	浚	299
you ji zhan	游击战	299
chao zhi	炒制	299
cai yi	猜疑	299
wan jia	玩家	299
bai tou	百头	299
gai ci	盖茨	299
dao zei	盗贼	299
ke wei te	科威特	299
tu po kou	突破口	299
hong an xian	红安县	299
chan rao	缠绕	299
lao tong zhi	老同志	299
ying shan xian	英山县	299
rong wei yi ti	融为一体	299
yuan hong dao	袁宏道	299
chu fan	触犯	299
lun yu	论语	299
zhui bing	追兵	299
li cheng bei	里程碑	299
yu jing ji	预警机	299
xiang la	香辣	299
gao han	高喊	299
dong meng	东盟	298
liang kou zi	两口子	298
he chun lin	何椿霖	298
fo shan	佛山	298
bao kang xian	保康县	298
jiang hua	僵化	298
gong ban	公办	298
chong ci	冲刺	298
ji gen	几根	298
dao gong	刀工	298
bei jing shi zheng xie	北京市政协	298
yin du he	印度河	298
li wu wei	厉无畏	298
fan mian	反面	298
pan jun	叛军	298
zhou yi qun	周逸群	298
shang gu	商贾	298
hui lao jia	回老家	298
yan kou	堰口	298
duo ji cai rang	多吉才让	298
lei zu	嫘祖	298
zong zhu hou	宗朱厚	298
guan wei	官位	298
xiao bai cai	小白菜	298
qi qu	崎岖	298
ba dong xian	巴东县	298
bu lu sai er	布鲁塞尔	298
nian dao	念道	298
hu	戯	298
qiao gun	撬棍	298
zheng jie	整洁	298
ri yu	日语	298
qu yi	曲艺	298
wu xue shi	武穴市	298
qi jie	气节	298
shui li gong cheng	水利工程	298
jiang dao	江道	298
he shi	河势	298
qing bai	清白	298
mei tian	煤田	298
zhao liang	照亮	298
ran you	燃油	298
wang ya nan	王亚南	298
wa gong	瓦工	298
gai zi	盖子	298
duan zuo	端坐	298
di san jie	第三届	298
yu mao shan	羽毛扇	298
dan	耽	298
lian bang yuan	联邦院	298
hu chun hua	胡春华	298
nao jin	脑筋	298
zi lv	自律	298
xiang yu tie lu	襄渝铁路	298
tan si tong	谭嗣同	298
gu cheng xian	谷城县	298
che piao	车票	298
la jiao jiang	辣椒酱	298
jin luo	金锣	298
jian ding hui	鉴定会	298
ji shi	集市	298
qing se	青色	298
ma zui	麻醉	298
wan min	万民	297
wan bang	万镑	297
xia he	下颌	297
dong feng qi che gong si	东风汽车公司	297
er shi wu	二十五	297
qin kou	亲口	297
yu mu	余亩	297
yong	俑	297
liu qi	六期	297
gong tong gang ling	共同纲领	297
fen wai	分外	297
fu jiao shou	副教授	297
jia zhu	加筑	297
hua shen	化身	297
zhuo zhu	卓著	297
ti	啼	297
si shi wu li	四十五里	297
ji zhun	基准	297
ru qi	如其	297
wei wan	委婉	297
mi mi ma ma	密密麻麻	297
xun fang	寻访	297
xiao nv hai	小女孩	297
wei	峞	297
gan bei	干贝	297
you er	幼儿	297
guang bu zheng	广布政	297
miao jie	庙街	297
qiang zhuang	强壮	297
dang yang shi	当阳市	297
zhao lai	招来	297
dao hui	捣毁	297
ti bao	提包	297
cha kou	插口	297
gai dong	改动	297
wu xia	无暇	297
xing luo qi bu	星罗棋布	297
yue kan	月刊	297
yue hu	月湖	297
du shen yan	杜审言	297
zao yang shi	枣阳市	297
jian cha yuan	检察员	297
yong jiu xing	永久性	297
you sha	油砂	297
yang yi	洋溢	297
ao zhou	澳洲	297
jue shi	爵士	297
wang cheng en	王承恩	297
wang ying fan	王英凡	297
ma nao	玛瑙	297
sheng zhang liang	生长量	297
zhi zhi	直指	297
zhen wei	真味	297
peng	硼	297
tu ru qi lai	突如其来	297
zhu shan xian	竹山县	297
fang zhi chang	纺织厂	297
jie he	结核	297
song li	耸立	297
zi yi	自已	297
zheng liu	蒸馏	297
bei ping	被评	297
zu zhou	诅咒	297
yue wang gou	越王勾	297
zhe jiu shi shuo	这就是说	297
tou ming du	透明度	297
lin bang	邻邦	297
e yu shan	鄂豫陕	297
zhong zi qi	钟子期	297
bi mu	闭目	297
fei qu	飞去	297
gu rou	骨肉	297
gao fa	高法	297
xian pin	鲜品	297
ma tang	麻糖	297
huang ming sheng	黄明生	297
yi shan	一扇	296
ding shi sun	丁石孙	296
shang xiao	上校	296
xia qi	下棋	296
wu yu	乌鱼	296
jiu xian	九线	296
yun meng xian	云梦县	296
wu feng tu jia zu zi zhi xian	五峰土家族自治县	296
ren xing	任性	296
bao kang	保康	296
fu zhi huan	傅志寰	296
chu zhong	初衷	296
li ya	利亚	296
li qi	利器	296
gua shui qi	刮水器	296
dong hua	动画	296
mu kuan	募款	296
dan bing	单兵	296
fa feng	发疯	296
gu long zhong	古隆中	296
zhi ci yi jia	只此一家	296
ji pei ding	吉佩定	296
zhou ji hong	周继红	296
he feng	和丰	296
he ping gong chu	和平共处	296
si ya	嘶哑	296
yuan lin shi	园林式	296
tu er qi ren	土耳其人	296
ken	垦	296
bei kao	备考	296
dian ji ren	奠基人	296
ao mi	奥秘	296
ta jia	她家	296
hao lai wu	好莱坞	296
zong miao	宗庙	296
shi xiao	实效	296
gan mian	干面	296
kai ken	开垦	296
long tang	弄堂	296
hu wai	户外	296
zhi fa quan	执法权	296
jie dai ri	接待日	296
wen feng	文峰	296
chi ze	斥责	296
xin sha	新沙	296
chao	晁	296
cao hua chun	曹化淳	296
yang shou jing	杨守敬	296
an hua	氨化	296
tun	氽	296
sha kou	沙口	296
sha yu	沙鱼	296
he tou	河头	296
yang wu	洋务	296
xi lian	洗脸	296
shen zao	深造	296
dun	炖	296
lao ji	牢记	296
lie tou	猎头	296
xian shen	现身	296
yong ju	用具	296
zhuan wa	砖瓦	296
she hui bao zhang	社会保障	296
qing	箐	296
zui ren	罪人	296
yan zhi	胭脂	296
zi dong bu qiang	自动步枪	296
zi zun	自尊	296
wu hu	芜湖	296
hua deng	花灯	296
hua fen	花粉	296
hua gu	花菇	296
lian rou	莲肉	296
bo	蔔	296
qi chun xian	蕲春县	296
xiang yu xian	襄渝线	296
xi tian	西天	296
gong cha	贡茶	296
lai yi	赖以	296
yuan an xian	远安县	296
chi huan	迟缓	296
zao xiang	造像	296
ding duo	顶多	296
bu zen me	不怎么	295
qiao hong	乔红	295
jiao huo zhi	交货值	295
fu huo	俘获	295
liu zhong	六中	295
ji bei	几杯	295
liu he zhen	刘和珍	295
liu da xiang	刘大响	295
liu xing long	刘醒龙	295
chuang ye yuan	创业园	295
nan xiang	南襄	295
shuang hu	双湖	295
ji xin peng	吉新鹏	295
ming te you	名特优	295
wu guo lun	吴国伦	295
wu ding fu	吴定富	295
zhou quan	周全	295
guo wu yuan ling	国务院令	295
xing pu	型谱	295
sai er wei ya	塞尔维亚	295
xia dou yin	夏斗寅	295
da ben ying	大本营	295
kua jiang	夸奖	295
fu ru	妇孺	295
shi jiao	市郊	295
you zhou	幽州	295
ying cheng shi	应城市	295
kai fa xing	开发型	295
tuo	拓	295
bai fang	摆放	295
wan jian	晚间	295
zhu li lan	朱丽兰	295
li jian ming	李建明	295
xie	榭	295
bu zi	步子	295
can cun	残存	295
yang	氱	295
shui chan ju	水产局	295
han kou zhan	汉口站	295
jiang han qu	江汉区	295
hai jun gong cheng da xue	海军工程大学	295
xiong zhao zheng	熊召政	295
cheng zhi	程志	295
jie	竭	295
su cai	素材	295
wang ju	网具	295
ju he wu	聚合物	295
zhou qu	舟曲	295
yao ku	药库	295
ge zhou ba shui dian zhan	葛洲坝水电站	295
die	蝶	295
che cheng	车城	295
guo zhao	过招	295
song xing	送行	295
he	郃	295
zheng gong cheng	郑功成	295
chang shan	长衫	295
yang xin xian	阳新县	295
chen zai dao	陈再道	295
mi	靡	295
kui wu	魁梧	295
huang tu gang	黄土岗	295
huang pi qu	黄陂区	295
dong po rou	东坡肉	294
zhong guo zheng xie	中国政协	294
yue wu	乐舞	294
er shi wan	二十万	294
chuan ren	传人	294
qin quan	侵权	294
xin chun ying	信春鹰	294
ting fang	停放	294
guang zi	光子	294
quan cun	全村	294
ba cheng	八成	294
nong lin mu yu ye	农林牧渔业	294
dao mei lan	刀美兰	294
bei he kou	北河口	294
jiao rang	叫嚷	294
hou he	后河	294
zhou dai	周代	294
zhou zheng qing	周正庆	294
zhou li	周礼	294
pei	培	294
da wu xian	大悟县	294
fu ren cheng	夫人城	294
tou deng	头等	294
yao mo	妖魔	294
xiao nv	小女	294
jian shi xian	建始县	294
gui fu	归附	294
xu tian chuan	徐天川	294
cheng si wei	成思危	294
gai zhuang che	改装车	294
fang yan	放眼	294
wen dong wu	文东武	294
shi bu shi	时不时	294
man lian	曼联	294
mu ye	木业	294
quan wei xing	权威性	294
song zi shi	松滋市	294
zhuo yi	桌椅	294
zheng se	正色	294
ci hua	此话	294
si shou	死守	294
bi da	比达	294
you shi	油饰	294
jie jing	洁净	294
liu tang	流淌	294
yong ru	涌入	294
man kou	满口	294
dian huo qi	点火器	294
yan qi	焉耆	294
xiong shi li	熊十力	294
mu liu biao	牧刘表	294
hou tou gu	猴头菇	294
wang cong er	王聪儿	294
bai ye	白夜	294
ke ji yuan qu	科技园区	294
zhu xiang	竹乡	294
zhu xi xian	竹溪县	294
jin gu	筋骨	294
fei ai	肺癌	294
zhi fang suan	脂肪酸	294
mai bo	脉搏	294
jiao gen	脚跟	294
ku lian	苦练	294
yao fang	药房	294
yuan xing pei	袁行霈	294
tan jia	谭家	294
ruan jian yuan	软件园	294
dao jiao xie hui	道教协会	294
zhen ci	针刺	294
chen zhang liang	陈章良	294
tao si ju	陶驷驹	294
yu liang	雨量	294
gu xiu lian	顾秀莲	294
gao jian	高检	294
bian yu	鳊鱼	294
dai	黛	294
yi bu bu	一步步	293
yi pen	一盆	293
wan xian	万线	293
san zi ai guo	三自爱国	293
dong xi hu qu	东西湖区	293
zhong cheng	中程	293
mai fang	买房	293
ling hu da ge	令狐大哥	293
ren xian qi	任贤齐	293
ti xu	体虚	293
yu mi	余米	293
fo jiao xie hui	佛教协会	293
xia yi	侠义	293
chang	倡	293
dui xian	兑现	293
quan shen guan zhu	全神贯注	293
feng zhi jun	冯之浚	293
chong zhuang	冲撞	293
tu chu	凸出	293
liu ji bin	刘积斌	293
li chuan shi	利川市	293
sheng qian	升迁	293
lu rui hua	卢瑞华	293
fa bu quan	发布权	293
shi ji	史籍	293
ye jun jian	叶君健	293
di tan chang	地毯厂	293
di yuan	堤垸	293
ao lin pi ke	奥林匹克	293
sun jin long	孙金龙	293
an xi	安息	293
zai sheng ting	宰牲亭	293
kuan dai	宽带	293
dao chu	导出	293
shan yang rou	山羊肉	293
ji	嶯	293
dian zhu	店主	293
pang de gong	庞德公	293
hong zhi	弘治	293
e gui	恶鬼	293
cheng jiao liang	成交量	293
zha yi er	扎伊尔	293
sao chu	扫除	293
ba chi	把持	293
kang ri jiu wang yun dong	抗日救亡运动	293
zhen dong qi	振动器	293
cuo shou bu ji	措手不及	293
ban chu	搬出	293
jiu guo tuan	救国团	293
wen xuan	文选	293
chun yi	春义	293
quan gui	权贵	293
li xiao shuang	李小双	293
li zhi gao	李志高	293
li shu wen	李树文	293
du tie huan	杜铁环	293
yang guo qing	杨国庆	293
yang jing yu	杨景宇	293
yang xian zhen	杨献珍	293
lin wen yi	林文漪	293
zi shu	梓树	293
qi xuan	气旋	293
jiang zhu	江猪	293
chen chuan	沉船	293
hong hu shi	洪湖市	293
nong zhong	浓重	293
xiao fang	消防	293
shen zhong	深重	293
qing zao	清早	293
hu bei sheng wu jia ju	湖北省物价局	293
hu bei mei shu xue yuan	湖北美术学院	293
hui tao	灰陶	293
re neng	热能	293
jiao zhi xian	焦枝线	293
yu mi bang	玉米棒	293
wang bi cheng	王必成	293
wang li ping	王立平	293
wang mao lin	王茂林	293
tan	瘫	293
dao qie	盗窃	293
shi xiang sheng	石象生	293
lin fei chang	磷肥厂	293
shen nong xi	神农溪	293
cheng yi ju	程贻举	293
kang	糠	293
zhong ri	终日	293
mei shu zi	美术字	293
kao jiu	考究	293
teng long dong	腾龙洞	293
jing sha	荆沙	293
li zhi	荔枝	293
ling hu	菱湖	293
jiang zheng hua	蒋正华	293
xu zhi hong	许智宏	293
tie xian	贴现	293
jia yi bin	贾亦斌	293
jin li	金利	293
long	陇	293
chen yi yu	陈宜瑜	293
ge he yan	隔河岩	293
han xian chu	韩先楚	293
xiang lu	香炉	293
yu song	鱼松	293
yu hua	鱼花	293
huang pu jun xiao wu han fen xiao	黄埔军校武汉分校	293
qi ba ge	七八个	291
shang lan	上篮	291
bu lie dian	不列颠	291
bu ji	不计	291
dong bao qu	东宝区	291
dong hu kai fa qu	东湖开发区	291
dong lian wu	东连吴	291
liang wan	两万	291
ting che	停车	291
ru dang	入党	291
nei wu si fa wei yuan hui	内务司法委员会	291
jun xu	军需	291
nong chang zhu	农场主	291
chu shi	出事	291
bie guo	别国	291
ban hao	办好	291
shi si suo	十四所	291
shi zi jun	十字军	291
qian qiu	千秋	291
sheng teng	升腾	291
nan kou zhen	南口镇	291
nan zhen zhong	南振中	291
nan zhang xian	南漳县	291
gu yue	古月	291
he chang tuan	合唱团	291
dun liang tian	吨粮田	291
zhe li	哲理	291
jia mu yang	嘉木样	291
mai tou	埋头	291
cheng jiao xing	城郊型	291
ji du jiao xie hui	基督教协会	291
yan qiao	堰桥	291
bei jiang	备降	291
tai hui guan	太晖观	291
hao ri zi	好日子	291
xiao gan ren	孝感人	291
xiao chang xian	孝昌县	291
ji liang	季梁	291
wan cheng lv	完成率	291
xuan en xian	宣恩县	291
jia men kou	家门口	291
chong jing	崇敬	291
cui	嶉	291
guang shui shi	广水市	291
yin shui	引水	291
zhang guo guang	张国光	291
cai hong	彩虹	291
peng ke yu	彭克玉	291
peng huan wu	彭桓武	291
zhi jun	志军	291
wan xi	惋惜	291
huang zhang	慌张	291
chou qian	抽签	291
xie yan	斜眼	291
yi xian zhong	易贤忠	291
ben ti	本体	291
li shan	李珊	291
du yi jin	杜宜瑾	291
gui yu	桂鱼	291
zhi wu ti	植物体	291
ge shou	歌手	291
yin hai guang	殷海光	291
mao fa	毛发	291
han yang jun	汉阳军	291
sha ju	沙咀	291
sha shi shi	沙市市	291
huo xing ran liao	活性染料	291
liu chan	流产	291
tu zhang wang	涂长望	291
hu bei sheng cai zheng ting	湖北省财政厅	291
ji guang qi	激光器	291
yu quan lu	玉泉路	291
wang zuo shu	王佐书	291
wang huai yuan	王怀远	291
wang meng kui	王梦奎	291
shi guang sheng	石广生	291
ke lin si	科林斯	291
suan zuo	算作	291
hong guang	红光	291
tong zhi quan	统治权	291
lian wang	联网	291
hu guang bao	胡光宝	291
hu de ping	胡德平	291
zi li geng sheng	自力更生	291
shu hui guo	舒惠国	291
liang zhi	良知	291
su shi	苏轼	291
yuan zong dao	袁宗道	291
xi sai shan	西塞山	291
xi de	西德	291
rang gei	让给	291
xie huang en	谢皇恩	291
gong shi	贡士	291
qian ru	迁入	291
guo cuo	过错	291
su sheng feng chan lin	速生丰产林	291
dao jia	道家	291
xing shi zhong	邢世忠	291
yun xi xian	郧西县	291
qian yun lu	钱运录	291
yin hai	银海	291
chen yuan yuan	陈圆圆	291
chen chang zhi	陈昌智	291
tao bo jun	陶伯钧	291
gao tai	高台	291
ma cheng shi	麻城市	291
huang mei xian	黄梅县	291
shang pa	上爬	290
xia lu qu	下陆区	290
yan yi xun	严义埙	290
zhu zhi	主治	290
jiu yuan	久远	290
jiu zhou	九州	290
er qi lu	二七路	290
er deng jiang	二等奖	290
yu han chu	于汉初	290
ren xing	人形	290
yi zhu	亿株	290
ren ke li	任克礼	290
you meng	优孟	290
hou yi bin	侯义斌	290
fu zhen bang	傅振邦	290
guan guang fu	关广富	290
hua chu	划出	290
liu ming zu	刘明祖	290
liu jing song	刘精松	290
hua xue yuan su	化学元素	290
shi duo qi	十多起	290
dan guo	单果	290
nan yue shan	南岳山	290
lu bang zheng	卢邦正	290
yuan ji	原籍	290
ke bi jia	可比价	290
ji ni ma	吉尼玛	290
wu ji chuan	吴基传	290
zhou kun ren	周坤仁	290
zhou chun quan	周纯全	290
xian feng xian	咸丰县	290
jia yu xian	嘉鱼县	290
ren zi nian	壬子年	290
xia zan zhong	夏赞忠	290
da shou	大寿	290
tian zhu jiao ai guo hui	天主教爱国会	290
tian xin zhou	天心洲	290
yi ling qu	夷陵区	290
ru lai	如来	290
yao qi zhi	姚期智	290
an bang zhi guo	安邦治国	290
song jiao ren	宋教仁	290
guan shen	官绅	290
ding dian	定点	290
ding lun	定论	290
yi cheng shi	宜城市	290
shan zi xi	山自西	290
chai qian	差遣	290
gan jiao han	干椒含	290
gan liang	干粮	290
zhuang gong hui	庄公惠	290
zhang zhi jian	张志坚	290
zhang xin bao	张新宝	290
zhang ming kai	张明楷	290
zhang yu mao	张毓茂	290
zhang ji yu	张继禹	290
xu fu guan	徐复观	290
xu zhi chun	徐志纯	290
xuan tiao	悬挑	290
yu	愉	290
gan xing	感性	290
cheng jie	承接	290
zhen dang	振荡	290
juan xian	捐献	290
jing pei	敬佩	290
xin zhou qu	新洲区	290
shi hui	时会	290
shi zhuang	时装	290
qu mu	曲目	290
cao yan zhen	曹燕珍	290
zhu xiang yuan	朱相远	290
ji zhu	机主	290
li yuan zheng	李元正	290
li xin liang	李新良	290
li zhong an	李重庵	290
lai feng xian	来凤县	290
yang ye gong	杨业功	290
yang ke shi	杨可世	290
yang guo ping	杨国屏	290
yang mo xi	杨摩西	290
yang xiao bo	杨晓波	290
zhi jiang shi	枝江市	290
sang guo wei	桑国卫	290
mei xin yu	梅新育	290
huan kuai	欢快	290
ou yang	欧阳	290
wu han zhi ye ji shu xue yuan	武汉职业技术学院	290
wu lian yuan	武连元	290
han chuan shi	汉川市	290
han jiang quan	汉江全	290
shen si	沈思	290
he zi	河子	290
ji nan shi	济南市	290
xiong you lun	熊有伦	290
wang li fen	王利芬	290
wang xue ping	王学萍	290
wang ning sheng	王宁生	290
wang jia yao	王家耀	290
wang shang rong	王尚荣	290
wang jian an	王建安	290
wang xin ting	王新亭	290
wang yong yan	王永炎	290
wang yu zhen	王玉珍	290
wang wei cheng	王维城	290
huan jing bao hu bu	环境保护部	290
bai zhou	白昼	290
gui yi	皈依	290
ju zhen	矩阵	290
shi pai ling	石牌岭	290
li jie	礼节	290
zhu ming shan	祝铭山	290
jin bu	禁捕	290
ke jiao xing shi	科教兴市	290
qin guo	秦国	290
li yu	立于	290
li fa zhe	立法者	290
di yi guan	第一罐	290
di shi qi qi	第十七期	290
deng e xuan ju	等额选举	290
mi gong ci	米公祠	290
fen zheng	粉蒸	290
tang se	糖色	290
wei xi	维系	290
xiu kui	羞愧	290
lao mu	老母	290
lao lai zi	老莱子	290
nie feng zhi	聂凤智	290
yi ye sheng	肄业生	290
bei fu	背负	290
hu xian sheng	胡贤生	290
jia zhi	茄汁	290
zhuang xie liang	装卸量	290
xi chao dong	西朝东	290
jie fang gong yuan	解放公园	290
chen jia ji	谌家矶	290
xie fu zhan	谢伏瞻	290
xie you qing	谢佑卿	290
tan yuan chun	谭元春	290
tan jia yuan	谭家渊	290
gu jian fen	谷建芬	290
zhi piao	质朴	290
chi bi shi	赤壁市	290
zhao ke ming	赵可铭	290
qi shi	起始	290
chao sheng	超声	290
zhuan su	转速	290
gu sheng zu	辜胜阻	290
yu hui	迂回	290
lian xu xing	连续性	290
tong cheng xian	通城县	290
guo feng lian	郭凤莲	290
guo zhen qian	郭振乾	290
guo chao ren	郭超人	290
guo xi zhang	郭锡章	290
jiu bao	酒保	290
jin bing hua	金炳华	290
tie shan qu	铁山区	290
tie ji	铁戟	290
yan dang	阉党	290
kui fu lin	隗福临	290
wei jia neng	韦家能	290
ma chun hua	马春花	290
gao jia ling	高家岭	290
he feng xian	鹤峰县	290
huang wa zhu	黄瓦朱	290
huang shi gang qu	黄石港区	290
ding da wang	丁大旺	289
qi xing yu	七星鱼	289
wan xue wen	万学文	289
wan xue yuan	万学远	289
wan shou geng	万寿羹	289
san qian li	三千粒	289
shang guan zhou	上官洲	289
dong sheng zhen	东升镇	289
dong hu xin ji shu kai fa qu	东湖新技术开发区	289
yan xiao pin	严晓频	289
yan zhi ze	严智泽	289
jiu mei	久美	289
wu yun qi mu ge	乌云其木格	289
wu la gui	乌拉圭	289
wu ri tu	乌日图	289
jiu yang	九阳	289
jiu long	九龙	289
xi jia chi	习家池	289
er zhu	二柱	289
er lou	二楼	289
wu heng	五横	289
chan ye lian	产业链	289
ren mao dong	任茂东	289
yi si lan jiao xie hui	伊斯兰教协会	289
wu zeng rong	伍增荣	289
wu jia gang qu	伍家岗区	289
he ye hui	何晔晖	289
he cheng ming	何晟铭	289
yu shao qun	余少群	289
hou zhang xin	侯张信	289
hou chang an	侯长安	289
bao zhen tang	保贞堂	289
yu xiao fan	俞小凡	289
xiu cheng tian	修承天	289
ni jia ta	倪家塔	289
ni yue feng	倪岳峰	289
fu zi ying	傅自应	289
chong chi	充斥	289
ba wan jin	八万斤	289
gong zhong wang	公众网	289
gong tu	公凸	289
lan shi li	兰世立	289
lan hu	兰湖	289
guan lu qi	关路圻	289
jun ling	军令	289
nong ye yu nong cun wei yuan hui	农业与农村委员会	289
feng yun qiao	冯云乔	289
liang shuang	凉爽	289
fen tuan	分团	289
liu yi fei	刘亦菲	289
liu dong dong	刘冬冬	289
liu wei dong	刘卫东	289
liu he bing	刘合炳	289
liu guo zheng	刘国正	289
liu zi hou	刘子厚	289
liu ying ming	刘应明	289
liu zhen wei	刘振伟	289
liu zhan en	刘湛恩	289
liu shi quan	刘石泉	289
liu dao yu	刘道玉	289
liu yan fei	刘雁飞	289
liu xue rong	刘雪荣	289
liu li min	刘黎敏	289
bie bi xiong	别必雄	289
zhi dong fa	制动阀	289
pou	剖	289
hua jun	化军	289
qu si yuan	区四园	289
qu zheng	区政	289
shi yi wu shou nian	十一五首年	289
shi ba sui	十八岁	289
hua rong qu	华容区	289
hua chen chun	华辰春	289
dan guo xian	单果鲜	289
nan yue jian	南岳尖	289
nan he tou	南河头	289
nan he zhou	南河洲	289
nan zhou zi	南洲子	289
bo xue liang	卜学亮	289
wei tie	卫铁	289
wei pin	危品	289
gu san guo	古三国	289
gu hua rong	古华容	289
gu zhang di	古长堤	289
jiao huan	叫唤	289
ye ru tang	叶如棠	289
ye hai feng	叶海峰	289
ji xiang	吉象	289
ji xiang pai	吉象牌	289
lv zhong mei	吕忠梅	289
wu shao xun	吴少勋	289
wu de xin	吴德馨	289
wu yan sheng	吴燕生	289
zhou chuan xiong	周传雄	289
zhou pei gong	周培公	289
zhou jia hu	周家湖	289
zhou shao bo	周少波	289
zhou sen feng	周森锋	289
zhou yu qing	周玉清	289
ming zhong lv	命中率	289
xian an qu	咸安区	289
tang yi fei	唐一菲	289
tang liang zhi	唐良智	289
yu jia bei	喻家碑	289
yu lin xiang	喻林祥	289
tuan feng xian	团风县	289
tu dan	图丹	289
tu dao duo ji	图道多吉	289
di ban chang	地板厂	289
duo	垛	289
sheng yue	声乐	289
xia zuo quan	夏佐全	289
jia gong	夹攻	289
feng heng gao	奉恒高	289
yao lai quan	姚来泉	289
yao xiang cheng	姚湘成	289
jiang sheng yang	姜声扬	289
zi tong ge	子童阁	289
kong xiang fu	孔祥复	289
sun jia guai	孙家拐	289
sun bi gan	孙必干	289
sun xiao qun	孙晓群	289
xiao nan qu	孝南区	289
meng chang hu	孟尝湖	289
meng qing nan	孟庆南	289
ji jia zui	季家嘴	289
xue yuan	学苑	289
nie	孽	289
an qi zhou	安七州	289
an lu shi	安陆市	289
song zhao su	宋照肃	289
guan tian hu	官田湖	289
yi du shi	宜都市	289
bao ye	宝业	289
bao hai	宝海	289
shen wen	审问	289
rong shui liang	容水量	289
wei mu xin	尉沐昕	289
xiao he kou zhen	小河口镇	289
yin han ning	尹汉宁	289
yin ji zhen	尹集镇	289
ju wen pei	居文沛	289
shan si zhen	山寺镇	289
shan su lin	山粟林	289
zuo zhuan	左传	289
guang dong he dian ji tuan	广东核电集团	289
shu min	庶民	289
tuo zong hua	庹宗华	289
tuo zong kang	庹宗康	289
zhang ye sui	张业遂	289
zhang you cai	张佑才	289
zhang pei gang	张培刚	289
zhang xue dong	张学东	289
zhang zhen shi	张振仕	289
zhang chang er	张昌尔	289
zhang chang ping	张昌平	289
zhang zhi hua	张智华	289
zhang gui hua	张桂华	289
zhang run bin	张润斌	289
zhang wei guo	张维国	289
zhang mei lan	张美兰	289
zhang shu yuan	张舒媛	289
zhang rong rong	张蓉蓉	289
zhang long jun	张龙俊	289
peng qing hua	彭清华	289
peng hong yan	彭红艳	289
xu ke jun	徐克俊	289
xu jia gang	徐家岗	289
xu xiao feng	徐小凤	289
xu yong qing	徐永清	289
xu li hua	徐立华	289
xu gao dong	徐高栋	289
e hen hen	恶狠狠	289
cheng qing bo	成清波	289
dai zheng liang	戴证良	289
duo dao qu	掇刀区	289
yuan yin	援引	289
gai you	改由	289
gai guan	改观	289
zheng xie chang wei hui	政协常委会	289
xin kai pu	新开铺	289
xin jiang	新江	289
fang xiao dun	方小顿	289
fang li bang	方李邦	289
ming tai zi tai	明太子太	289
ming wen jin	明文禁	289
ming wu ying	明武英	289
ming li bu	明礼部	289
pu sheng si	普圣寺	289
ceng wei chu	曾为楚	289
ceng ling liang	曾令良	289
ceng zi mo	曾子墨	289
ceng dou qu	曾都区	289
zhu jia du	朱家渡	289
zhu bang fu	朱邦复	289
zhu yang hu	朱阳湖	289
zhu ya qiong	朱雅琼	289
li san chun	李三春	289
li cong jun	李从军	289
li zuo rong	李作荣	289
li ru xiong	李儒雄	289
li da shuang	李大双	289
li zong han	李宗翰	289
li jia dun	李家墩	289
li jian qun	李建群	289
li shen ming	李慎明	289
li xin jue	李新觉	289
li ming yu	李明豫	289
li chun ting	李春亭	289
li xu e	李绪鄂	289
li yi jun	李翊君	289
li xing liang	李行亮	289
li lian ning	李连宁	289
li jin zao	李金早	289
yang xing fu	杨兴富	289
yang ye hu	杨叶湖	289
yang tong zui	杨同嘴	289
yang guo liang	杨国梁	289
yang jia tai	杨家台	289
yang jia tan	杨家潭	289
yang de qing	杨德清	289
yang chen hui	杨晨晖	289
yang bai ling	杨柏龄	289
yang bo tan	杨波坦	289
yang chen gang	杨臣刚	289
yang miao zhou	杨苗洲	289
yang tie xin	杨铁心	289
yang zhang huai	杨长槐	289
yang wen sun	杨闻孙	289
song lin shan	松林山	289
song shui qiao	松水桥	289
song jiang	松江	289
lin zhao shu	林兆枢	289
ke yue se	柯约瑟	289
zhu dong	柱洞	289
liu hu ba	柳湖坝	289
biao zhun ji	标准计	289
li lin zui	栗林嘴	289
gui zhi ting	桂质廷	289
liang zi hu qu	梁子湖区	289
liang xiao xuan	梁孝宣	289
meng ge	梦鸽	289
chu yuan pai	楚源牌	289
chu ji nan	楚纪南	289
lou shi mu	楼式木	289
lou yang sheng	楼阳生	289
fan qi peng	樊启鹏	289
fan cheng qu	樊城区	289
lu	橹	289
ou yang xiang	欧阳祥	289
wu dun ru	武敦儒	289
wu chang zhan	武昌站	289
wu han zhan	武汉站	289
wu ma	武麻	289
duan si si	段思思	289
bi hua	比划	289
bi jia tang	毕家塘	289
bi jia dang	毕家荡	289
mao ru bai	毛如柏	289
min yuan lu	民院路	289
shui guo hu	水果湖	289
han dan xian	汉丹线	289
han shi lu	汉施路	289
jiang xia zhi	江夏治	289
jiang jia cha	江家岔	289
jiang bo du	江波渡	289
chi yu feng	池宇峰	289
chi yue di	池月堤	289
chi ji shang	池际尚	289
tang hong gao	汤洪高	289
wang xi gen	汪习根	289
wang chao yong	汪潮涌	289
wang ai qun	汪爱群	289
shen chun yao	沈春耀	289
shen xin sun	沈辛荪	289
sha yang xian	沙洋县	289
you zha	油榨	289
jin nan	津南	289
xi shui xian	浠水县	289
tu li man	涂黎曼	289
pan yue ming	潘粤明	289
chan	潹	289
dian jun qu	点军区	289
dian xue	点穴	289
jiao liu xian	焦柳线	289
zhao ying	照应	289
niu pi	牛皮	289
yu tian si	玉田寺	289
yu huang jian	玉皇剑	289
wang yun long	王云龙	289
wang yi ming	王以铭	289
wang yi feng	王伊锋	289
wang zuo rong	王作荣	289
wang dong sheng	王冬生	289
wang li ming	王利明	289
wang tai lan	王太岚	289
wang song da	王宋大	289
wang jia dun	王家墩	289
wang jia gang	王家岗	289
wang mei xiang	王梅祥	289
wang zu xun	王祖训	289
wang xiang xi	王祥喜	289
wang ruo han	王若涵	289
wang mao run	王茂润	289
wang cheng han	王诚汉	289
luo jia	珞珈	289
sheng wu quan	生物圈	289
tian cheng zhong	田承忠	289
tian yu ke	田玉科	289
tian zhang chao	田长焯	289
tian zhang lin	田长霖	289
you ou chi	由藕池	289
dian li	电离	289
bai yun cun	白云村	289
xiang feng	相逢	289
qu jia hu	瞿家湖	289
shi hua yan	石华堰	289
shi an	石安	289
shi shou yong	石寿永	289
shi jing yi	石静宜	289
qiao kou qu	硚口区	289
pan	磐	289
shen huang zhou	神皇洲	289
fu yin	福银	289
qiu shen	秋审	289
ke long	科隆	289
qin ke hu	秦克湖	289
qin jia zhou	秦家洲	289
qin shu nan	秦属南	289
qin zhi nan	秦置南	289
qin zhong ying	秦钟英	289
tong qing xi	童庆禧	289
di san shi yi ci	第三十一次	289
mi ye	米业	289
su tian hu	粟田湖	289
zhi	織	289
na sun fu ren	纳孙夫人	289
jing jiang bo	经江波	289
zong	综	289
luo ya meng	罗亚蒙	289
luo jia dun	罗家墩	289
luo han	罗汉	289
ba guan	罢官	289
yang zi miao	羊子庙	289
lao zhang	老张	289
lao zhou ling	老洲岭	289
pin wei	聘为	289
xiao jia ling	肖家岭	289
xiao hai liang	肖海亮	289
hu jia	胡佳	289
hu hou kun	胡厚昆	289
hu kang sheng	胡康生	289
hu ya xin	胡雅歆	289
hu li ming	胡黎明	289
zi ying quan	自营权	289
ai chun rong	艾春荣	289
hua tan	花坛	289
su hui lun	苏慧伦	289
fan heng shan	范恒山	289
fan li miao	范蠡庙	289
mao lin kou	茅林口	289
mao jian qu	茅箭区	289
mao cao jie	茅草街	289
jing nan fu	荆南府	289
jing yi cai	荆宜菜	289
jing fu	荆府	289
mo yan lin	莫艳琳	289
jiang fang zhou	蒋方舟	289
jiang shu sheng	蒋树声	289
jiang shuo jie	蒋硕杰	289
jiang hong xing	蒋红星	289
jiang yuan hua	蒋远华	289
kuai xiang tong	蒯祥同	289
kuai lu ban	蒯鲁班	289
cai hong zhu	蔡宏柱	289
cai jia tan	蔡家潭	289
cai wen jing	蔡文静	289
cai dian qu	蔡甸区	289
yuan shan shan	袁姗姗	289
yuan si yi	袁思怡	289
yuan han min	袁汉民	289
cai jun	裁军	289
pei gao cai	裴高才	289
xi sai shan qu	西塞山区	289
xi ling qu	西陵区	289
ji hua sheng yu lv	计划生育率	289
xu zhi qin	许志琴	289
tiao wei pin chang	调味品厂	289
xie dan yang	谢丹阳	289
tan zi guai	谭子拐	289
tan jia zhou	谭家洲	289
fei sheng chao	费胜潮	289
he yi cheng	贺一诚	289
he bing yan	贺炳炎	289
he long lai	贺龙来	289
zhao jia tiao	赵家条	289
zhao jia wan	赵家湾	289
zhao zhong quan	赵钟泉	289
qi qiao	蹊跷	289
bian gu shi	边孤石	289
lian xin qiao	连心桥	289
dao te	道特	289
deng jia ling	邓家岭	289
you ke yuan	邮科院	289
qiu si hao	邱四豪	289
zou yuan dong	邹远东	289
zou gao yang	邹高阳	289
zheng li hui	郑李辉	289
zheng xiao zhuang	郑肖庄	289
guo tian min	郭天民	289
guo you ming	郭有明	289
guo ke yu	郭柯宇	289
guo yong hong	郭永宏	289
guo sheng lian	郭生练	289
e san zhou	鄂三州	289
e cheng qu	鄂城区	289
e cai yu	鄂菜鱼	289
li hai	里海	289
zhong peng rong	钟朋荣	289
zhong yang yang	钟阳阳	289
zhang ling gang	长岭岗	289
xi	闟	289
wen shi zhen	闻世震	289
ruan cheng fa	阮成发	289
fang hong	防洪	289
yang san zheng	阳三蒸	289
yang fu	阳府	289
chen dong sheng	陈东升	289
chen jia gui	陈佳贵	289
chen xing yu	陈兴瑜	289
chen da min	陈大民	289
chen jia hu	陈家湖	289
chen jia pu	陈家铺	289
chen bi qiao	陈币桥	289
chen jian sheng	陈建生	289
chen mu sen	陈木森	289
chen xiu rong	陈秀榕	289
chen yi ge	陈艺戈	289
chen nan xian	陈难先	289
yan hu	雁湖	289
lei jia gou	雷家沟	289
qing mu he	青木河	289
han ning fu	韩宁夫	289
han gao hu	韩高湖	289
yan bang ping	颜邦屏	289
fei wang	飞往	289
ma jia peng	马家棚	289
ma lin gong	马林工	289
ma hu cun	马湖村	289
luo	骆	289
gao ling feng	高凌风	289
gao ling zhen	高陵镇	289
wei xing jun	魏兴郡	289
wei fu sheng	魏复盛	289
yu yuan	鱼原	289
yu tun yuan	鱼氽元	289
lu gui cheng	鲁桂成	289
lu mo lu	鲁磨路	289
ge zi hua	鸽子花	289
ma la jiang	麻辣酱	289
huang er zhou	黄二州	289
huang gu hao	黄古蒿	289
huang jia hu	黄家湖	289
huang jia tan	黄家潭	289
huang zhou qu	黄州区	289
huang zhou cai	黄州菜	289
huang kang sheng	黄康生	289
huang yue ying	黄月英	289
huang ge xuan	黄格选	289
huang cheng zi	黄橙子	289
huang zhi zhen	黄知真	289
huang lian hu	黄莲湖	289
huang jin wan	黄金湾	289
long he xi	龙合玺	289
gong ze yi	龚泽艺	289
zhuan yuan	专员	288
dong hua men	东华门	288
liang bei	两倍	288
ren bi shi	任弼时	288
lun li xue	伦理学	288
gong shui	供水	288
quan dao	全岛	288
jia na	加纳	288
si ma yi	司马懿	288
tun shi	吞噬	288
bei	呗	288
lou luo	喽罗	288
chao feng	嘲讽	288
qi min	器皿	288
keng dong	坑洞	288
jian ding bu yi	坚定不移	288
xiong	夐	288
da de	大德	288
da bu	大步	288
tai yi	太医	288
biao	婊	288
xue feng	学风	288
ding yu	定于	288
feng jian zhu	封建主	288
xiao he	小河	288
di wei	帝位	288
xin dong	心动	288
reng xia	扔下	288
yi huo	抑或	288
bai xie	拜谢	288
shou mai	收买	288
cun li ren	村里人	288
shu li	梳理	288
shan	樿	288
lin ba	淋巴	288
gang yuan	港元	288
tu ji dui	突击队	288
shu ming	署名	288
hu qing niu	胡青牛	288
yan li	艳丽	288
cha yuan	茶园	288
yan sheng wu	衍生物	288
shi zi	识字	288
qi	迄	288
tou jing	透镜	288
po ju	颇具	288
wan qian mi	万千米	287
wei suo yu wei	为所欲为	287
zhu gan	主干	287
zuo hao	作好	287
e guo ren	俄国人	287
xin yu	信誉	287
quan guo cheng	全过程	287
gong li	公立	287
guan ai	关爱	287
bing ding	兵丁	287
shi wu ri	十五日	287
ge ju te se	各具特色	287
xi	呬	287
dong dong	咚咚	287
yu	堣	287
hang	夯	287
kuai dian	快点	287
e dou	恶斗	287
rong zhuang	戎装	287
qiang zhan	抢占	287
zhe	摺	287
zheng zhi jing ji	政治经济	287
dun	敦	287
qi pan	期盼	287
hao	滈	287
kuang wang	狂妄	287
wang hou	王侯	287
wang chong yang	王重阳	287
dian jie zhi	电解质	287
zhuan shi	砖石	287
zhong shu	种属	287
jing lve	经略	287
chuan ti	船体	287
ke ke	苛刻	287
huang	蝗	287
zhuang ji rong liang	装机容量	287
fu shang	负伤	287
tao nan	逃难	287
chen xin jia	陈新甲	287
wan pi	顽皮	287
bu ke bu	不可不	286
xiang li	乡里	286
gong kai sai	公开赛	286
chu wai	出外	286
chu shi	出示	286
jia gu	加固	286
ge xian	各县	286
ge shi ge yang	各式各样	286
di gu	嘀咕	286
guo shi	国势	286
guo min shou ru	国民收入	286
guo ji xing	国际性	286
da bing	大病	286
kuan shu	宽恕	286
fu nong	富农	286
xiao shou	小手	286
jiu zhi	就职	286
wu	巫	286
kai ping	开平	286
she	弽	286
cheng chu	惩处	286
tuo qian	拖欠	286
zhuang jian	撞见	286
gai xie	改写	286
shi li	施礼	286
lou ding	楼顶	286
zheng ban	正版	286
mo	沫	286
hai pen	海盆	286
hun dun	混沌	286
man	満	286
zhi hou	滞后	286
zhao jiu	照旧	286
ai xi	爱惜	286
yu dai	玉带	286
meng you	盟友	286
kan yang zi	看样子	286
duan ming	短命	286
cheng dao	称道	286
di yi dao	第一道	286
xiu ru	羞辱	286
lao lao shi shi	老老实实	286
zhong xin	衷心	286
cai jian	裁减	286
ma jiang	麻将	286
bu li	不力	285
shu shang	书上	285
shu fa jia	书法家	285
qin bi	亲笔	285
you yue xing	优越性	285
xin dao	信道	285
bei ban qiu	北半球	285
ha fu da xue	哈佛大学	285
sang men	嗓门	285
qiu fan	囚犯	285
guo zheng	国政	285
duo ri	多日	285
feng zhi	奉旨	285
bei	孛	285
ju zhong	居中	285
shu zui	恕罪	285
leng zhu	愣住	285
tou piao quan	投票权	285
pai ma pi	拍马屁	285
jie ban ren	接班人	285
yuan jun	援军	285
zheng xiang	正向	285
wu	洿	285
zhi	炙	285
zu mu	祖母	285
di qi zhang	第七章	285
di er ming	第二名	285
yue han xun	约翰逊	285
shan	缮	285
lei gu	肋骨	285
zhi zheng	至正	285
gan	苷	285
qing ke	请客	285
xie xing fang	谢杏芳	285
zu jian	足见	285
yong yue	踊跃	285
guo jie	过节	285
tui lu	退路	285
han	酣	285
gang dao	钢刀	285
yin jing	阴茎	285
fei guo	飞过	285
gao jia	高价	285
gao guan	高官	285
ya lu jiang	鸭绿江	285
xia yi shi	下意识	284
mai ban	买办	284
quan jing	全景	284
jue wu	决无	284
chu zu	出租	284
qian jin	千金	284
ke fou	可否	284
dai dai di	呆呆地	284
shang qiu	商丘	284
cheng shi hua	城市化	284
hao xiao xi	好消息	284
ceng chu bu qiong	层出不穷	284
ping yong	平庸	284
zhuang jia ren	庄稼人	284
pai da	拍打	284
shi ge	时隔	284
xian jian	显见	284
kai shu	楷书	284
ci zi	次子	284
ou ji li de	欧几里得	284
chen chen	沉沉	284
liu lang	流浪	284
zhang jia	涨价	284
mo bei	漠北	284
meng hu	猛虎	284
wang xiao lan	王小兰	284
wang dao	王道	284
qiong si	琼斯	284
cai	睬	284
she yuan	社员	284
hui	秽	284
kong kuang	空旷	284
di er tiao	第二条	284
wei chang	胃肠	284
huang yuan	荒原	284
yao fang	药方	284
cang shen	藏身	284
ding huo	订货	284
ren qing	认清	284
da biao	达标	284
zhui xun	追寻	284
tui qu	退去	284
zun	鐏	284
zhang xiang	长相	284
men bian	门边	284
jiu da	九大	282
wu chi	五尺	282
ti yu guan	体育馆	282
gong chai	公差	282
chuang zao li	创造力	282
bo luo	剥落	282
lao dong zi liao	劳动资料	282
yuan shi she hui	原始社会	282
fa liang	发亮	282
he huo	合伙	282
tong ri	同日	282
tu lu fan	吐鲁番	282
gu	咕	282
xiang dong	响动	282
suo shi	唆使	282
pen qi	喷气	282
ao ba ma	奥巴马	282
ke liu	客流	282
pang li na	庞丽娜	282
hu you	忽悠	282
jing hai	惊骇	282
suo de shui	所得税	282
zheng ke	政客	282
wu quan	无权	282
zuo er	昨儿	282
hua pai	画派	282
chan zhang	禅杖	282
mei de	美德	282
shen gong neng	肾功能	282
hu shi	胡适	282
ping lun jia	评论家	282
cheng ran	诚然	282
zhang	賬	282
yue dong	越冬	282
bian yuan	边远	282
chi dun	迟钝	282
xuan gou	选购	282
luan	鸾	282
huang zhi	黄纸	282
wan fang	万方	281
xia guan	下官	281
lin tou	临头	281
er shi wu nian	二十五年	281
cong zheng	从政	281
bian shi	便士	281
gong zhong gu	公众股	281
yuan ye	原野	281
fa shao	发烧	281
di zhu jie ji	地主阶级	281
jian ren	坚韧	281
ye mu	夜幕	281
shi ye lv	失业率	281
ba bu de	巴不得	281
dai kuan	带宽	281
zhang wang	张望	281
cai piao	彩票	281
wei li	微粒	281
en ren	恩人	281
qia qia xiang fan	恰恰相反	281
xiang jian	想见	281
yu yue	愉悦	281
xie	愶	281
cheng hang	成行	281
e	扼	281
dan jia	担架	281
she xiang ji	摄像机	281
zha	栅	281
he neng	核能	281
huan qing	欢庆	281
wu ze tian	武则天	281
liu luo	流落	281
hun ru	混入	281
ji jin	激进	281
shao xiang	烧香	281
wan yi	玩意	281
yu	瘀	281
sheng li	省里	281
cheng de shang	称得上	281
duan xiang	端详	281
hu si luan xiang	胡思乱想	281
zhi si	致死	281
cang you	藏有	281
hang dang	行当	281
wu dao xing	误导性	281
qian xun	谦逊	281
bei hai shi	贝海石	281
guo he	过河	281
dao xie	道谢	281
men pai	门派	281
lei ting	雷霆	281
ta	鳎	281
er shi yi nian	二十一年	280
yang mu	仰慕	280
ling	伶	280
zhi nv	侄女	280
guang su	光速	280
liu wei	六位	280
ji bi	击毙	280
liu zheng feng	刘正风	280
gong ming	功名	280
shi er ge	十二个	280
shi yu zhang	十余丈	280
xiang liang	向量	280
si wu	四五	280
da qi ceng	大气层	280
ni ri er	尼日尔	280
kai jin	开进	280
gui ru	归入	280
zheng zhao	征兆	280
zong er yan zhi	总而言之	280
jing xia	惊吓	280
ao hui	懊悔	280
ju liu	拘留	280
diao tou	掉头	280
tui yi	推移	280
bo chu	播出	280
gong lve	攻略	280
wen chen	文臣	280
xin sheng er	新生儿	280
yi jing	易经	280
zhu qi	朱漆	280
sha ru	杀入	280
li zhong tang	李中堂	280
liu shu	柳树	280
can po	残破	280
bi fang	比方	280
qiu xue	求学	280
he nei	河内	280
qing cha	清查	280
niu shi	牛市	280
qian dong	牵动	280
shuai kai	甩开	280
bai xi bao	白细胞	280
bai xue bing	白血病	280
bai jiu	白酒	280
fei yan	肺炎	280
luo	萝	280
xi shuang ban na	西双版纳	280
liang jie	谅解	280
zi li	资历	280
po yang hu	鄱阳湖	280
suan ma	酸麻	280
jia yu	驾驭	280
huang he liu yu	黄河流域	280
xia qiu nao	下丘脑	279
dan qing	丹青	279
quan tian hou	全天候	279
nong min gong	农民工	279
ju zhao	剧照	279
bei jiao	北郊	279
wu pei fu	吴佩孚	279
sun wu kong	孙悟空	279
guan zhi	官制	279
xiao che	小车	279
xin man yi zu	心满意足	279
zong gong hui	总工会	279
zha ying	扎营	279
zhi zhen	指针	279
qi pao	旗袍	279
jiu shi qi shi dai	旧石器时代	279
jian suo	检索	279
liu dan	榴弹	279
tang mu si bei	汤姆斯杯	279
you deng	油灯	279
nong lie	浓烈	279
yang	炴	279
suo	琐	279
zan	瓒	279
gan yuan	甘愿	279
wen yi	瘟疫	279
po kou da ma	破口大骂	279
po men	破门	279
she hui xue jia	社会学家	279
ji xiao	绩效	279
zi si	自私	279
ku yu	苦于	279
gai dang	该党	279
zhui sha	追杀	279
xing fu ren	邢夫人	279
li ang	里昂	279
shan guang	闪光	279
yin yi	音译	279
ding feng	顶峰	279
shun ying	顺应	279
feng su	风速	279
shang pi	上皮	278
zhong ke yuan	中科院	278
wei yi	位移	278
ru yu	入狱	278
can zheng	参政	278
shou xing	受刑	278
chi ku	吃苦	278
he chang	合唱	278
xia ren	吓人	278
shang hui	商会	278
shan e	善恶	278
guo ji dui	国际队	278
ji du	基督	278
jing kuang	境况	278
chu yi	处以	278
fu shi	复试	278
wei	娓	278
xiao mei	小妹	278
di zuo	底座	278
hui xing	彗星	278
wo bei	我辈	278
ba shou	把守	278
pai zhao	拍照	278
jiu she hui	旧社会	278
gou tu	构图	278
shi	柿	278
ji huo	激活	278
huo long	火龙	278
zhao kan	照看	278
te ci	特此	278
hen du	狠毒	278
sheng de	省得	278
wen tuo	稳妥	278
tu xi	突袭	278
xu	絮	278
zu zhuang	组装	278
lao ba	老爸	278
kao gu xue jia	考古学家	278
lian bang de guo	联邦德国	278
xi bai po	西柏坡	278
xu nuo	许诺	278
man	谩	278
chi shou kong quan	赤手空拳	278
qian	钳	278
shan gan ning bian qu	陕甘宁边区	278
fei zheng shi	非正式	278
ya	鸦	278
san jia	三甲	277
zhong guo hua	中国画	277
ren zhi	人质	277
ti ye	体液	277
mian qu	免去	277
gong si fa	公司法	277
zhun ga er	准噶尔	277
ji xiang	几项	277
dao qiang	刀枪	277
qian lie xian	前列腺	277
pou xi	剖析	277
shi sui	十岁	277
bian huan	变幻	277
gu shi	古尸	277
qi zou	启奏	277
chen	嚫	277
di di	地底	277
da bian	大便	277
shi xiao	失效	277
zi hao	字号	277
cun chu qi	存储器	277
xiao dui	小队	277
chang zhou	常州	277
bu	庯	277
de cheng	得逞	277
nian shu	念书	277
nu bu ke e	怒不可遏	277
xiang fang she fa	想方设法	277
shou tou	手头	277
duo	敓	277
xuan wo	旋涡	277
yun dao	晕倒	277
fan	梵	277
mian ao	棉袄	277
zhen	榛	277
fa bao	法宝	277
qing ren	清人	277
du	渎	277
juan shu	眷属	277
chou	稠	277
jue jing	绝境	277
tong kao	统考	277
huan cun	缓存	277
que yang	缺氧	277
hu yao bang	胡耀邦	277
jiao ta	脚踏	277
lian pang	脸庞	277
yi shi hui	议事会	277
zou dong	走动	277
jun xian	郡县	277
li li wai wai	里里外外	277
gao jia suo	高加索	277
wan zhen shan	万震山	276
xia fang	下方	276
liang lie	两列	276
feng sheng	丰盛	276
er shi sui	二十岁	276
zhai quan ren	债权人	276
ji shi wan	几十万	276
fen ge	分隔	276
xing chang	刑场	276
chuang she	创设	276
qian xiong	前胸	276
shi ri	十日	276
dan xiang	单项	276
yuan zi liang	原子量	276
shou zhong	受众	276
hou sheng	吼声	276
shan xing	善行	276
hui ji	回击	276
jia yu hu xiao	家喻户晓	276
qi ke	岂可	276
nian chan liang	年产量	276
huai you	怀有	276
zong neng	总能	276
heng he	恒河	276
zhuo	拙	276
pai xie	排泄	276
ming ming bai bai	明明白白	276
ben ke duan	本科段	276
za cao	杂草	276
li rui huan	李瑞环	276
tiao zi	条子	276
yang shang kun	杨尚昆	276
qiang kou	枪口	276
qian shen	欠身	276
mao niu	牦牛	276
te yi	特异	276
liu zhu	留住	276
she lun	社论	276
di san shi jie	第三世界	276
zhi yan	纸烟	276
jing de qi	经得起	276
jue mie	绝灭	276
meng fa	萌发	276
yan ci	言辞	276
xun chi	训斥	276
xiang jian	详见	276
xing mu	醒目	276
chong wei	重围	276
liang zi li xue	量子力学	276
yin an	阴暗	276
jiang yu	降雨	276
chu diao	除掉	276
gu yuan	雇员	276
bin	鬓	276
shang shang xia xia	上上下下	275
er zhong quan hui	二中全会	275
jiao qing	交情	275
wu ting fang	伍廷芳	275
ce er	侧耳	275
zuo ke	做客	275
gong sun sheng	公孙胜	275
liu zhong quan hui	六中全会	275
nei shi	内侍	275
nei mo	内膜	275
ji yan	几眼	275
fen li	分立	275
jing feng	劲风	275
xie zou qu	协奏曲	275
zhuo you cheng xiao	卓有成效	275
fan zei	反贼	275
xiang che	响彻	275
yuan	囦	275
sheng shang	圣上	275
duo zhong	多重	275
meng jia la guo	孟加拉国	275
huan	宦	275
kai fu	开赴	275
huang ran	恍然	275
jing ju	惊惧	275
zhi jiao	指教	275
cha zui	插嘴	275
zhi shu	支书	275
gong qu	攻取	275
wu di	无敌	275
tiao wen	条文	275
meng jing	梦境	275
li qing	沥青	275
you	湵	275
shao sha	烧杀	275
te zhi	特制	275
meng pu	猛扑	275
xian jie duan	现阶段	275
dian xun	电讯	275
huang ma	皇马	275
wen zhu	稳住	275
kong dang dang	空荡荡	275
li xian	立宪	275
di er lun	第二轮	275
jin yao guan tou	紧要关头	275
hong chou	红绸	275
ti	缇	275
lao ge	老哥	275
zi zhu quan	自主权	275
jiao	蕉	275
xue chuan xin	薛传薪	275
jiang yan	讲演	275
xu chang	许昌	275
lun zhan	论战	275
hua fei	话费	275
bei le	贝勒	275
zhuan yan jian	转眼间	275
jin yuan	金元	275
zu se	阻塞	275
a bo luo	阿波罗	275
fan hou	饭后	275
huang rong xiao	黄蓉笑	275
yi bai ge	一百个	273
shang ceng jian zhu	上层建筑	273
liang qian	两千	273
ge shu	个数	273
er shi san nian	二十三年	273
ren li zi yuan bu	人力资源部	273
dong tu	冻土	273
ji bian	几遍	273
lei ma	勒马	273
nan lu	南麓	273
fa bing	发兵	273
jun shi tan ding bao	君士坦丁堡	273
huan xing	唤醒	273
duo mu	夺目	273
zi dian	字典	273
zong fa	宗法	273
shi ze	实则	273
yue mu	岳母	273
xing yu	性欲	273
shou xin	手心	273
hu zhao	护照	273
chai qian	拆迁	273
ban jia	搬家	273
shou yin ji	收音机	273
mu se	暮色	273
bao tu	暴徒	273
ran fa ji	染发剂	273
zheng pai	正派	273
hai he	海河	273
yan ye	烟叶	273
wang fei	王妃	273
dian ci chang	电磁场	273
bai chi	白痴	273
ying zhe tou pi	硬着头皮	273
jing jue	精绝	273
jiu ge	纠葛	273
mei guo guo wu yuan	美国国务院	273
nao men	脑门	273
shan shi	膳食	273
xing shu	行署	273
guan mo	观摩	273
jin zai zhi chi	近在咫尺	273
tong ji	通缉	273
tie qi	铁骑	273
chang shi	长诗	273
men fa	门阀	273
yang tai	阳台	273
dian bo	颠簸	273
fan guan	饭馆	273
xiang jing	香精	273
wei wei	魏巍	273
long jing	龙井	273
wu hei	乌黑	272
ren cong	人丛	272
yi wan	伊万	272
feng lu	俸禄	272
seng dao	僧道	272
nei can	内参	272
liu yu chi	刘玉尺	272
shuang ceng	双层	272
ting ba	听罢	272
chao nao	吵闹	272
hu he hao te	呼和浩特	272
gu gu	咕咕	272
xu	嘘	272
hao	嚎	272
tian ming	天命	272
wan	宛	272
shan ye	山野	272
di pan	底盘	272
jian she xing	建设性	272
ruo shi	弱势	272
yi	忆	272
e zei	恶贼	272
zhe die	折叠	272
huan zhuang	换装	272
yao yao huang huang	摇摇晃晃	272
bao zao	暴躁	272
you lai yu	有赖于	272
pian	楄	272
ye tai	液态	272
di ding	滴定	272
dian zhong	点中	272
yong bu	用布	272
yan quan	眼圈	272
chuan suo	穿梭	272
zhu zi	竹子	272
di yi ke	第一颗	272
di er bu	第二步	272
cu bao	粗暴	272
jing shen bing	精神病	272
zhi zao	织造	272
jing xiao shang	经销商	272
lao shi	老式	272
pi wei	脾胃	272
zi wen	自刎	272
qu	衢	272
gai xing	该行	272
wu	诬	272
che fu	车夫	272
bi zhen	逼真	272
bi nan	避难	272
geng	郠	272
qing ke zhi jian	顷刻之间	272
xu zhi	须知	272
yi kai	一开	271
bu wei guo	不为过	271
zhuan quan	专权	271
er dao	二道	271
cong rong bu po	从容不迫	271
shang tong	伤痛	271
jia shuo	假说	271
guan dao	关岛	271
leng ku	冷酷	271
ning zhong	凝重	271
sheng hua	升华	271
sheng kong	升空	271
dan fang mian	单方面	271
yin ou yu	印欧语	271
bian ya qi	变压器	271
gu wan	古玩	271
shi qian	史前	271
hou tang	后唐	271
ai	啀	271
cui	啐	271
e meng	噩梦	271
ji yan	基岩	271
tang gu	塘沽	271
fu dan	复旦	271
duo nian sheng	多年生	271
tian gong	天宫	271
lao lao	姥姥	271
mi lin	密林	271
dao xian	导线	271
zhang	彰	271
xing gan	性感	271
bai nian	拜年	271
ju dian	据点	271
bai bai	摆摆	271
zhi qi guan	支气管	271
zhi xian	支线	271
di yi	敌意	271
hui qi	晦气	271
he xi zou lang	河西走廊	271
lei zhu	泪珠	271
hun jiao lin	混交林	271
wang hou	王后	271
ji ku	疾苦	271
mu bu zhuan jing	目不转睛	271
qiao men	窍门	271
li guo	立国	271
she ren	舍人	271
hua bai	花白	271
hua niao	花鸟	271
ya yi	衙役	271
cai ding	裁定	271
mi hu	迷糊	271
zao fu	造福	271
zhe yan	遮掩	271
zhong chuang	重创	271
rui qi	锐气	271
jiao	骄	271
bu gu yi qie	不顾一切	270
liang pi	两匹	270
zhong sheng dai	中生代	270
wu zhong quan hui	五中全会	270
ren you	任由	270
jie ji	借机	270
chong yu	充裕	270
gong jia	公家	270
jun shi jia	军事家	270
nong ju	农具	270
zhun bei jin	准备金	270
ji lv	几率	270
chu ru jing	出入境	270
chu xi	出息	270
you ren	友人	270
pin wei	品味	270
zuo zhen	坐镇	270
zhuang shi	壮士	270
wei ren	委任	270
yu yan	寓言	270
xiao ke	小可	270
ju shi	居士	270
zhi	帜	270
ping yao	平遥	270
huan jue	幻觉	270
zhang zong qi	张宗琪	270
tan huang	弹簧	270
hui zhou	徽州	270
guai ren	怪人	270
jie lv	戒律	270
gua gou	挂钩	270
gai yuan	改元	270
an sha	暗杀	270
heng fu	横幅	270
bu bing shi	步兵师	270
shui shi	水师	270
chan	浐	270
hai wan zhan zheng	海湾战争	270
jian ao	煎熬	270
wu ye	物业	270
zhu zi	珠子	270
bing chuang	病床	270
ai pang	矮胖	270
di si jie	第四节	270
yun	纭	270
zong he guo li	综合国力	270
kao ti	考题	270
geng yun	耕耘	270
tuo shui	脱水	270
cang lao	苍老	270
dang ran wu cun	荡然无存	270
ping	萍	270
jian ta	践踏	270
lian jie	连结	270
yu shi	遇事	270
xian zhi	闲置	270
yin yin yue yue	隐隐约约	270
ti xie	题写	270
ma de li	马德里	270
qi ba	七八	269
qi li gou	七里沟	269
mai fang	买方	269
wu zhi	五指	269
he ru	何如	269
gong yong	公用	269
chu ti	出题	269
bao tian jian	包天剑	269
qu diao	去掉	269
tan sang ni ya	坦桑尼亚	269
tan	壇	269
wai liu	外流	269
tian ying	天鹰	269
wan zhuan	婉转	269
zi hua	字画	269
rong ji	容积	269
xiao chang	小肠	269
kai lang	开朗	269
dang zhi wu kui	当之无愧	269
qing jie	情结	269
tou she	投射	269
shou qi	收起	269
xin bian	新编	269
jiu jin shan	旧金山	269
jin ji	晋级	269
an dan	暗淡	269
xi jie	洗劫	269
xi shou	洗手	269
liu tong ling yu	流通领域	269
yuan zi	源自	269
ban ji	班级	269
duan dao	短刀	269
zhu	笁	269
di er jie	第二届	269
jing liang	精良	269
ji nian bei	纪念碑	269
jin	缙	269
chan zhu	缠住	269
lao tai po	老太婆	269
hao zi	耗子	269
xie po	胁迫	269
ku men	苦闷	269
zhu lu	著录	269
xi nan di qu	西南地区	269
shi jing	诗经	269
qi ju	起居	269
mi mang	迷茫	269
tong gao	通告	269
ye cai	野菜	269
yin yue jia	音乐家	269
gao yi gong	高一功	269
yi zhi	一纸	268
shang gu	上古	268
zhuan ren	专人	268
wu xing	五星	268
xiu yang	休养	268
dong	侗	268
bian yi	便衣	268
xiu zheng an	修正案	268
ru tu	入土	268
nei li	内里	268
nong fu chan pin	农副产品	268
qian qin	前秦	268
ju zhong	剧中	268
yin di an	印第安	268
wei wang	危亡	268
hui yi lu	回忆录	268
wei guan	围观	268
tu mu	土木	268
wai ke	外壳	268
da jiu dian	大酒店	268
hao gan	好感	268
gui	妫	268
meng jia la	孟加拉	268
cha cuo	差错	268
chuang tou	床头	268
du liang	度量	268
zuo cang	座舱	268
yi tong	异同	268
nao huo	恼火	268
shou ti	手提	268
gong ji ji	攻击机	268
gu ren	故人	268
wen di	文帝	268
lv you sheng di	旅游胜地	268
wu wei	无畏	268
shu jia	暑假	268
an cang	暗藏	268
rao	橈	268
dang	欓	268
qi chuan xu xu	气喘吁吁	268
nan shi	男士	268
pi qiu	皮球	268
gao wan	睾丸	268
chan shi	禅师	268
kong kong dao dan	空空导弹	268
chuang qian	窗前	268
di liu zhang	第六章	268
zhan xing	粘性	268
jing jian	精简	268
shan	苫	268
ying ming	英明	268
huang di	荒地	268
luo xuan jiang	螺旋桨	268
pei wei	配位	268
tie jiang	铁匠	268
wei yi xiao	韦一笑	268
san wei	三维	267
shang fang	上房	267
bu yao lian	不要脸	267
bu jian de	不见得	267
shi jie da zhan	世界大战	267
zhong guo lian tong	中国联通	267
zhu dong quan	主动权	267
er bai	二百	267
chong ren	充任	267
guang shi	光是	267
ji zhao	几招	267
ya gen er	压根儿	267
yan fan	厌烦	267
shou ku	受苦	267
jun zhu zhi	君主制	267
ai yo	哎哟	267
he zui	喝醉	267
xuan	喧	267
tu gai	土改	267
da zhuan yuan xiao	大专院校	267
tian jing	天井	267
nv pai	女排	267
zi fu	姊夫	267
sao sao	嫂嫂	267
yi ren	宜人	267
zhan lan hui	展览会	267
han	悍	267
bei lun	悖论	267
qing yi	情谊	267
tan	憳	267
tiao ti	挑剔	267
shuai jiao	摔跤	267
che zou	撤走	267
dun cu	敦促	267
fang fa lun	方法论	267
biao ming	标明	267
liang zi weng	梁子翁	267
bu bu	步步	267
dian tang	殿堂	267
tu mo	涂抹	267
xi shui	溪水	267
wang rui fen	王瑞芬	267
jia quan	甲醛	267
dian deng	电灯	267
shen	砷	267
dao mi	稻米	267
fen shen sui gu	粉身碎骨	267
nuo	糯	267
jin que	紧缺	267
ji	缉	267
lao yi bei	老一辈	267
bei ji	背脊	267
zi xiao	自小	267
zhi ji	至极	267
huo de zhe	获得者	267
bo luo	菠萝	267
tan he rong yi	谈何容易	267
zhao yun	赵云	267
guo shi	过失	267
fu	鍢	267
jian	鐧	267
jing jing	静静	267
bian pao	鞭炮	267
jun ma	骏马	267
ran	髯	267
yi du zi	一肚子	265
shang jie	上街	265
xia jue xin	下决心	265
bu ji	不济	265
feng tian nan	凤天南	265
fen lie	分列	265
dao shou	到手	265
shi ji sui	十几岁	265
cen ci	参差	265
kou jue	口诀	265
ke gui	可贵	265
chi yao	吃药	265
ha mi	哈密	265
zhuang lie	壮烈	265
duo yi xie	多一些	265
ye kong	夜空	265
da zhen	大振	265
da jie	大捷	265
ju	婅	265
dui de qi	对得起	265
chang gui sai	常规赛	265
da ying	打赢	265
da zai	搭载	265
zhuo	擢	265
chan	斺	265
ben qian	本钱	265
li	栗	265
hui dui	汇兑	265
hua lang	画廊	265
zhuo	窡	265
lv	缕	265
lian pi	脸皮	265
duo shan	躲闪	265
bian zheng	辨证	265
song da	送达	265
guan	鑵	265
chai	钗	265
fu you	附有	265
ya ke	雅克	265
ding dian	顶点	265
hei dou	黑豆	265
yi zheng tao	一整套	264
bu jing yi	不经意	264
dong bei jun	东北军	264
ye men	也门	264
wu wan	五万	264
ya ma	亚麻	264
jiao tong gong ju	交通工具	264
he zhe	何者	264
leng men	冷门	264
fen pi	分批	264
ci ji xing	刺激性	264
jia you ji	加油机	264
zhu zhang	助长	264
sheng wen	升温	264
da zhong	大中	264
ji	嫉	264
mi mou	密谋	264
zhai zhu	寨主	264
niao dao	尿道	264
ji fang	己方	264
shi ye	师爷	264
xin de	心得	264
can jiao	惨叫	264
zhan li pin	战利品	264
hui fa	挥发	264
bai bu	摆布	264
di guo	敌国	264
qi zi	旗子	264
yue ji	月季	264
za ji	杂技	264
lin zhen nan	林震南	264
qiao shen	桥身	264
mian yi	棉衣	264
chun	椿	264
zhi bu zhu	止不住	264
kui bai	溃败	264
man wen	满文	264
si	瀃	264
zhen	瑧	264
dian dong	电动	264
xiang chen	相称	264
ju xing	矩形	264
kuang jing	矿井	264
kuang gong	矿工	264
po sun	破损	264
mian huai	缅怀	264
chan mian	缠绵	264
pin fa	贫乏	264
zi yuan guan li	资源管理	264
lu tu	路途	264
xuan ju fa	选举法	264
tong huo	通货	264
dun zu	顿足	264
ma san jun	马三俊	264
lin pian	鳞片	264
yi mu	一目	263
bu fa	不法	263
liang fen	两份	263
hu tong	互通	263
di chao	低潮	263
qing su	倾诉	263
jiang chi	僵持	263
liu ji	六级	263
chu jing you	出境游	263
chu guo	出过	263
shou yong	受用	263
shang pin sheng chan	商品生产	263
xi	墍	263
wei shi	委实	263
qiang xian	抢险	263
she qu	摄取	263
gai xing	改型	263
shu bu	数步	263
you qi tu xing	有期徒刑	263
sha di	杀敌	263
ci an	此案	263
bi er	比尔	263
qi guan	气管	263
fei	沸	263
bo	渤	263
xuan wu yan	玄武岩	263
huan gu	环顾	263
yong dao	甬道	263
tian gui nong	田归农	263
zhong	盅	263
duan xiao	短小	263
li zhi	离职	263
hong yun	红晕	263
niu dai	纽带	263
luo si	罗斯	263
liao liao	聊聊	263
nai	艿	263
ku zhan	苦战	263
ci	蛓	263
xu	裇	263
xi sha	西沙	263
yao ling	要领	263
yu zhi	谕旨	263
zhao yi di	赵一荻	263
wei zhe	违者	263
hao da tong	郝大通	263
jin ping mei	金瓶梅	263
tie si	铁丝	263
yin hang jia	银行家	263
chan shi	阐释	263
xian jun	险峻	263
mao	髦	263
gu	鹄	263
yi shun	一瞬	262
jiao yi hui	交易会	262
ting zi	亭子	262
shang han	伤寒	262
he tai chong	何太冲	262
shi huan	使唤	262
quan qiu tong	全球通	262
xing long	兴隆	262
jun bu	军部	262
gua	剐	262
quan gao	劝告	262
jia li fu ni ya	加利福尼亚	262
jia peng	加蓬	262
xi hao	喜好	262
dun	噸	262
feng cheng	奉承	262
nu jia	奴家	262
shou yu	守御	262
hai xiu	害羞	262
ji zhu	寄主	262
wei	巍	262
ba la gui	巴拉圭	262
de hua	德化	262
zong bian ji	总编辑	262
cheng	惩	262
zhan dou bu	战斗部	262
shou xu fei	手续费	262
da gou bang fa	打狗棒法	262
tou lan	投篮	262
bao xiao	报销	262
pi gua	披挂	262
wu zhu	捂住	262
mo er	摩尔	262
xin fang	新房	262
pi	旇	262
you xiao xing	有效性	262
chao fu	朝服	262
hui ju	汇聚	262
liu ti li xue	流体力学	262
hao jie	浩劫	262
tao tao	滔滔	262
qian gua	牵挂	262
pi ceng	皮层	262
jiao huo	缴获	262
fu se	肤色	262
she ming	舍命	262
hua cao	花草	262
ying bang	英镑	262
shan	讪	262
jiang ke	讲课	262
zhi wen	质问	262
chao qun	超群	262
qing ying	轻盈	262
jin shi	进食	262
xuan zhong	选中	262
jin zhen	金针	262
gang guan	钢管	262
fang xun	防汛	262
lei feng	雷锋	262
ling xian	领衔	262
fan zhuo	饭桌	262
yi xin yi yi	一心一意	261
san chong	三重	261
bu xiang gan	不相干	261
zhong yang zheng zhi ju chang wei	中央政治局常委	261
ren ji	人际	261
hui mian	会面	261
chu yu	出狱	261
lie zhuan	列传	261
jing di	劲敌	261
qian wa	千瓦	261
wu ye	午夜	261
zhou ma	咒骂	261
xun	坃	261
tian chong	填充	261
xia shang zhou	夏商周	261
tian qian	天堑	261
jian yin	奸淫	261
gu qie	姑且	261
shan hou	山后	261
shi fan xue xiao	师范学校	261
xu yi xian	徐以显	261
de li	德里	261
wang que	忘却	261
qing zhuang	情状	261
zhan zhan jing jing	战战兢兢	261
shou tao	手套	261
shou gao	手稿	261
shuo	搠	261
zheng chang ren	正常人	261
xiao hua dao	消化道	261
piao liu	漂流	261
zhen cang	珍藏	261
bai lu yuan	白鹿原	261
shi shi	石室	261
sui xie	碎屑	261
duan zhuang	端庄	261
chun shu	纯熟	261
na mi	纳米	261
mei fen	美分	261
chen zi	臣子	261
ha ma	蛤蟆	261
zhe yi lai	这一来	261
yao wang	遥望	261
fen	酚	261
jin she	金蛇	261
nou	鐞	261
sun	隼	261
qing chun qi	青春期	261
qing shi	青石	261
ma bian	马鞭	261
huang dao	黄道	261
xia di	下地	260
zhong ren	中人	260
zhong guo ren min yin hang	中国人民银行	260
cheng ma	乘马	260
zuo zheng	作证	260
tong	佟	260
quan fu wu zhuang	全副武装	260
quan jian	全歼	260
guan yu	关羽	260
chong ru	冲入	260
can yu	参预	260
pan ni	叛逆	260
shang wu bu	商务部	260
ga	噶	260
si zhong quan hui	四中全会	260
shi zu	士族	260
da fa	大发	260
nv peng you	女朋友	260
fu lian	妇联	260
xue zhi	学制	260
xiao peng you	小朋友	260
wu wai	屋外	260
tu	屠	260
ping dan	平淡	260
hu er	忽而	260
da luan	打乱	260
shou ke	授课	260
fang ying	放映	260
wu yu lun bi	无与伦比	260
qing tian	晴天	260
you jia	有加	260
mu zhi	木制	260
song lin	松林	260
shan tou	汕头	260
hai er	海尔	260
jin	濅	260
huo qiang	火枪	260
te yi xing	特异性	260
xian chu	献出	260
xi	玺	260
li san	离散	260
mei de	美的	260
geng tian	耕田	260
mo bu	莫不	260
xu gou	虚构	260
li	蟸	260
shuai ruo	衰弱	260
zhuang tian	装填	260
xi xi li	西西里	260
chu fa	触发	260
qi	讫	260
cai zhu	财主	260
gui jin shu	贵金属	260
mi shi	迷失	260
tou shi	透视	260
dao yi	道义	260
na ma	那马	260
deng	鐙	260
yan	阉	260
qu chu	驱除	260
shu biao	鼠标	260
long zhou	龙舟	260
bu yi hui er	不一会儿	259
sang sheng	丧生	259
zhu ying ye wu	主营业务	259
jiu er jiu zhi	久而久之	259
yun zhong he	云中鹤	259
ni	倪	259
zuo gong	做工	259
er xi fu	儿媳妇	259
fen shen	分身	259
ci xiu	刺绣	259
lao de nuo	劳德诺	259
qian jia wan hu	千家万户	259
si tu	司徒	259
ming lu	名录	259
ping	呯	259
pao xiao	咆哮	259
pin xing	品行	259
yu	堬	259
song qing shu	宋青书	259
jia qin	家禽	259
fu rao	富饶	259
jiu jin	就近	259
dao nei	岛内	259
kai xue	开学	259
qiang ren	强忍	259
fa	彂	259
xin li xue jia	心理学家	259
shou ce	手册	259
kang hong	抗洪	259
pai xu	排序	259
mu xing	木星	259
hai bao	海报	259
hai lang	海浪	259
jin tou	浸透	259
yu lan	玉兰	259
nan hai zi	男孩子	259
shou zi	瘦子	259
bai ban	百般	259
ying hua	硬化	259
huo hai	祸害	259
suo ma li	索马里	259
quan	绻	259
lao tai	老太	259
she yan	设宴	259
qing jia	请假	259
yan yu	谚语	259
pin seng	贫僧	259
qie	鐑	259
ding zi	钉子	259
long dong	隆冬	259
qi tian	七天	258
shang xian	上限	258
shu ji chu	书记处	258
wu bai nian	五百年	258
fo fa	佛法	258
ba ming	八名	258
gong jian	共建	258
fen xi jia	分析家	258
quan shang	券商	258
sha	刹	258
ju zhong	剧种	258
kui fa	匮乏	258
wei chun hua	卫春华	258
yan juan	厌倦	258
ming xiao	名校	258
hou fei	后妃	258
xi du	吸毒	258
huai si	坏死	258
duo kui	多亏	258
di	娣	258
pi mei	媲美	258
an xie	安歇	258
wan dan	完蛋	258
si li	寺里	258
xun bu	巡捕	258
gong dang	工党	258
gui	庋	258
nu hou	怒吼	258
cheng hun	成婚	258
zhao an	招安	258
lan zu	拦阻	258
wu si	无私	258
xu	旭	258
lang song	朗诵	258
shu shou wu ce	束手无策	258
qiang xiang	枪响	258
he shi	核试	258
wu	毋	258
han wang	汉王	258
chen mo	沉没	258
yan si	淹死	258
lian	濓	258
ting	烃	258
xia ai	狭隘	258
hou er	猴儿	258
wang guo guang	王国光	258
nan you	男友	258
zu shang	祖上	258
di er dao	第二道	258
fan fu	繁复	258
suo hui	缩回	258
ju zhong	聚众	258
zhi jing	致敬	258
ying guo zheng fu	英国政府	258
meng	虻	258
xi zang zi zhi qu	西藏自治区	258
zheng ren	证人	258
xun	询	258
zhu shi	诸事	258
duo jiao	跺脚	258
lun shi	轮式	258
fu dao ban	辅导班	258
zhe huo	这伙	258
ye zhu	野猪	258
suo	鎻	258
qian zhi jiang	钱之江	258
men ban	门板	258
a la bo yu	阿拉伯语	258
a la si jia	阿拉斯加	258
gao li	高丽	258
gui gui sui sui	鬼鬼祟祟	258
gui hun	鬼魂	258
yi zhong quan hui	一中全会	256
bu zheng	不正	256
ya	丫	256
ju zi	举子	256
yi mi	乙醚	256
jiu qing	九卿	256
hu li	互利	256
xiu jia	休假	256
quan zhen	全真	256
xie gei	写给	256
jun shou	军售	256
mi	冪	256
bing kuai	冰块	256
ban feng jian	半封建	256
yin zhang	印章	256
ge er lia	哥儿俩	256
suo	嗦	256
guo ji huo bi ji jin zu zhi	国际货币基金组织	256
da shun jun	大顺军	256
yi ma	姨妈	256
song qing ling	宋庆龄	256
chan hui	忏悔	256
ji zao	急躁	256
e xing zhong liu	恶性肿瘤	256
xiang xiang li	想象力	256
kou ya	扣押	256
jie zhong er lai	接踵而来	256
lan	斓	256
wu wei	无为	256
wei ding	未定	256
meng huan	梦幻	256
la	楋	256
zhang	樟	256
bo tao	波涛	256
xi jing	洗净	256
shen sui	深邃	256
qing shi	清史	256
ling ji yi dong	灵机一动	256
te kun	特困	256
huan xing	环形	256
shu tong	疏通	256
she hui min zhu dang	社会民主党	256
kan	竷	256
xiao mi mi	笑眯眯	256
ling yang	羚羊	256
lian dan	脸蛋	256
shu zhan	舒展	256
zhe	褶	256
shi yi	诗意	256
gu cheng	谷城	256
ze ling	责令	256
chao biao	超标	256
guo chang	过长	256
jin shan	进山	256
jiu hu	酒壶	256
ju chi	锯齿	256
zhang cheng	长成	256
dui li	队里	256
gao pao	高炮	256
yi li	一例	255
san sui	三岁	255
yan ming	严明	255
zhong shi	中式	255
zhong ou	中欧	255
zhu zhi	主旨	255
shu ying	书影	255
liao de	了得	255
wu sa yun dong	五卅运动	255
ren ji	人迹	255
gong zheng	公证	255
liu chao	六朝	255
gong cun	共存	255
zhun shi	准时	255
xia dao	吓倒	255
gao shi	告示	255
si tiao	四条	255
da le	大乐	255
da di	大帝	255
da jing shi se	大惊失色	255
tou xu	头绪	255
sun cheng zong	孙承宗	255
ji jie xing	季节性	255
shen shi duo shi	审时度势	255
ba jie	巴结	255
qiao qiao de	悄悄的	255
ci xi tai hou	慈禧太后	255
bao guo	报国	255
la long	拉拢	255
ze ye	择业	255
zou	揍	255
jiao yu ju	教育局	255
xin jiang wei wu er zi zhi qu	新疆维吾尔自治区	255
fang shi	方始	255
wu yi yu	无异于	255
cao pi	曹丕	255
you wu	有误	255
gou qi	枸杞	255
ci sheng	次生	255
zhi min zhu yi zhe	殖民主义者	255
ce suan	测算	255
re xue fei teng	热血沸腾	255
yu shan	玉山	255
liu	琉	255
shen hua dui	申花队	255
xiang rong	相容	255
zhen shi xing	真实性	255
bi lv	碧绿	255
zhong nan shan	终南山	255
rou yan	肉眼	255
gui lv xing	规律性	255
jiao zhi	角质	255
shuo le suan	说了算	255
zao feng	遭逢	255
du	鍍	255
men sheng	门生	255
jiang wen	降温	255
ren xing	韧性	255
san ge dai biao	三个代表	254
shang diao	上吊	254
chou e	丑恶	254
jiu pin	九品	254
fu bing	伏兵	254
you dai	优待	254
chuan cheng	传承	254
xia ke	侠客	254
ting kao	停靠	254
guang gu	光顾	254
quan xiao	全校	254
bian xiang	变相	254
hou tang	后堂	254
shang pin fang	商品房	254
ti ku	啼哭	254
hui shou	回首	254
an yang	安阳	254
gong jing	宫颈	254
mi shi	密室	254
dui da	对答	254
gong jian	工件	254
xin gan qing yuan	心甘情愿	254
bi yao xing	必要性	254
pai hang bang	排行榜	254
jie zhong	接种	254
yao lan	摇篮	254
li	曞	254
cao yun qi	曹云奇	254
he dan	核弹	254
mei kuai	每块	254
he jian	河间	254
zhao ze di	沼泽地	254
hai di	海地	254
shen si	深思	254
shu	潻	254
lang qun	狼群	254
wang xi lie	王希烈	254
jiao	皎	254
kan de chu	看得出	254
tiao wang	眺望	254
qin shou	禽兽	254
xi han	稀罕	254
suo qu	索取	254
ke	缂	254
mei lian she	美联社	254
qun zhong yun dong	群众运动	254
lao qu	老区	254
zi ge er	自个儿	254
lai yin he	莱茵河	254
ying ye bu	营业部	254
ying sheng	营生	254
xi shuai	蟋蟀	254
mao	贸	254
ying he	迎合	254
na hui er	那会儿	254
mao	锚	254
jin qi	锦旗	254
fan pu	饭铺	254
xiang huo	香火	254
luo ma	骡马	254
yi ben zheng jing	一本正经	253
zhuan lan	专栏	253
zhong guo qu	中国区	253
qing jia	亲家	253
cang huang	仓皇	253
ling zun	令尊	253
ji	伎	253
xin xi xi tong	信息系统	253
bi	俾	253
guang bo	光波	253
guang xu di	光绪帝	253
mao xian zhu yi	冒险主义	253
ge lie	割裂	253
shi si da	十四大	253
tu qiu	土丘	253
kun ning gong	坤宁宫	253
chui wei	垂危	253
mu bei	墓碑	253
tian xiang	天象	253
miao ji	妙计	253
shi wai	室外	253
jin xin	尽心	253
tu long dao	屠龙刀	253
dai zhuang	带状	253
yan huan	延缓	253
yu mei	愚昧	253
cheng zai	承载	253
dian	掂	253
yao dong	摇动	253
pu pu tong tong	普普通通	253
qi xian	杞县	253
heng gen	横亘	253
yi li	毅力	253
mao pi	毛皮	253
shui	涚	253
su	珟	253
you zhong	由衷	253
xiang gan	相干	253
zhang qi yue	章启月	253
guan xian	管线	253
xi tong gong cheng	系统工程	253
zhou	纣	253
tuo xian	脱险	253
hua ting	花厅	253
zhuang yao	装药	253
jin qian	近前	253
wei kang	违抗	253
deng ken	邓肯	253
jin hua	金华	253
chang chu	长处	253
qing ke	顷刻	253
mo ren	默认	253
wan gong li	万公里	252
bu shun	不顺	252
liang jia	两架	252
liang pian	两片	252
wei guan	为官	252
er qian	二千	252
ya mei ni ya	亚美尼亚	252
xian tian xing	先天性	252
ping zhe	凭着	252
shuang xing	双星	252
fan dui dang	反对党	252
fa hao shi ling	发号施令	252
fa shen wei	发审委	252
wei	叞	252
ming yan	名言	252
he wen	喝问	252
pin	嚬	252
guan bing men	官兵们	252
xuan fu si	宣抚司	252
cha ha er	察哈尔	252
dao dian	导电	252
hen zao	很早	252
hen nan shuo	很难说	252
xing ji	性急	252
di kang li	抵抗力	252
xin jun	新军	252
wu zhi	武职	252
hui cheng	汇成	252
xiao qian	消遣	252
lin ba jie	淋巴结	252
wang jiu si	王九思	252
wang quan	王权	252
shu yuan	疏远	252
kao dian	考点	252
lian jie	联接	252
cong ming ren	聪明人	252
zang qi	脏器	252
tun bu	臀部	252
hua tie gan	花铁干	252
ying yun	营运	252
yun han	蕴含	252
hang jia	行家	252
zhen zhi	诊治	252
tiao ban	跳板	252
huan ji	还击	252
sui xing	遂行	252
jin sha jiang	金沙江	252
xi	铣	252
zu ge	阻隔	252
qing zhou	青州	252
kao shan	靠山	252
feng shang	风尚	252
chi	饬	252
hai ren ting wen	骇人听闻	252
ku lou	骷髅	252
kan	龛	252
bu su	不俗	251
dong jia	东家	251
zheng qi	争气	251
jiao huan	交还	251
guang	侊	251
xian shi	先师	251
gong guo	公国	251
lin ran	凛然	251
gong de	功德	251
jia zhou	加州	251
ban bu	半步	251
qu chu	去除	251
xi na	吸纳	251
weng	嗡	251
yuan zhong	园中	251
zeng bu	增补	251
da bo	大伯	251
da di	大抵	251
an nan	安南	251
wei yi	尾翼	251
shan gou	山沟	251
you xiao	幼小	251
jian qiao	建桥	251
zhang yong hong	张永红	251
qiang bao	强暴	251
peng lian hu	彭连虎	251
ci ning gong	慈宁宫	251
kao	拷	251
jing shan	景山	251
lin bo qu	林伯渠	251
lian	楝	251
wu dang	武当	251
zhu mu	注目	251
yuan yuan bu duan	源源不断	251
xiang ban	相伴	251
shen fu	神父	251
xi shi	稀释	251
zhi	稚	251
kong shou	空手	251
li ba	篱笆	251
zao ta	糟蹋	251
suo jian	缩减	251
fu	肤	251
nve dai	虐待	251
xie	蝎	251
xue hong dan bai	血红蛋白	251
xu duo nian	许多年	251
gou fang	购房	251
qu	躯	251
zhuan zheng	转正	251
shu xue	输血	251
ying feng	迎风	251
xing tai	邢台	251
guo mo ruo	郭沫若	251
xuan	鏇	251
ge	镉	251
ji san di	集散地	251
lei zhen yu	雷阵雨	251
ling hai	领海	251
gu zhi	骨质	251
hei dong	黑洞	251
liang zhou	两周	250
liang du	亮度	250
dan fan	但凡	250
jie zhu yu	借助于	250
chu shi	出师	250
chu san	初三	250
dan dan	单单	250
yuan jian	原件	250
shuang qin	双亲	250
zhao huan	召唤	250
you jiao	右脚	250
ji mi	吉米	250
ha ha ha	哈哈哈	250
he	嗬	250
zao yin	噪音	250
si ye	四爷	250
di qu xing	地区性	250
fu chu	复出	250
tian long	天龙	250
ke zhan	客栈	250
mu hou	幕后	250
dang ye	当夜	250
kong bu zhu yi	恐怖主义	250
you xian	悠闲	250
jing tian dong di	惊天动地	250
cui	慛	250
ti xie	提携	250
jiao guan	教官	250
mu zhu	木柱	250
he zhun	核准	250
xie xie	歇歇	250
wu lin zhong	武林中	250
han tang	汉唐	250
sha zhou	沙洲	250
sha te	沙特	250
tong	炵	250
ran qi	燃气	250
mou	牟	250
du dao	独到	250
bai cai	白菜	250
bai ke quan shu	百科全书	250
zhuo yan yu	着眼于	250
shen yi	神医	250
si shi	私事	250
jing guang	精光	250
miao ruo lan	苗若兰	250
ming	茗	250
xi feng	西风	250
du chang	赌场	250
lun huan	轮换	250
qing zhuang	轻装	250
yi qi	遗弃	250
bi yun	避孕	250
bao man	饱满	250
san zhang	三丈	248
shang jiao	上交	248
shang lou	上楼	248
wu ci	五次	248
dai biao ren	代表人	248
chuan bian	传遍	248
ti yu yun dong	体育运动	248
shi yong quan	使用权	248
zhen	侦	248
ru sheng	儒生	248
ji ceng	几层	248
li zhu	力主	248
chan yu	单于	248
yuan nei	园内	248
huan	圜	248
zeng jian	增减	248
da ge zi	大个子	248
da fa	大法	248
xiao shun	孝顺	248
xuan fu shi	宣抚使	248
jiang ling	将令	248
shang ke	尚可	248
guang wei	广为	248
zhuang shang	庄上	248
kang de	康德	248
tu bu	徒步	248
zhan qian	战前	248
shou gong ye zhe	手工业者	248
tuo guan	托管	248
pai ma	拍马	248
chi dao	持刀	248
jue qu	攫取	248
shou pan	收盘	248
si wen	斯文	248
wu zheng fu zhu yi	无政府主义	248
guo pin	果品	248
feng	枫	248
mao xi xue guan	毛细血管	248
shui sheng	水声	248
ran qi	燃起	248
wan er	玩儿	248
kan zhun	看准	248
ci hua	磁化	248
zhong shi dao	种师道	248
kong que	空缺	248
duan ni	端倪	248
di san wei	第三位	248
di shi yi	第十一	248
lu lin	绿林	248
mei guo guo fang bu	美国国防部	248
kao shi yuan	考试院	248
mo ming	莫名	248
bi	蔽	248
xue tang	血糖	248
xing zong	行踪	248
xing che	行车	248
shi zuo	诗作	248
chao e li run	超额利润	248
gen jin	跟进	248
shan gan	陕甘	248
wu qi	雾气	248
qing cang	青藏	248
xiang shui	香水	248
yi xi	一席	247
yi bai nian	一百年	247
yi shun jian	一瞬间	247
zhong ceng	中曾	247
zhu shi	主食	247
mai xia	买下	247
er yuan	二元	247
er lao	二老	247
yu bu	余部	247
fo zu	佛祖	247
guang du	光度	247
dang ren	党人	247
dang ji	党籍	247
gong sun gu zhu	公孙谷主	247
gong ming	共鸣	247
ji sui	几岁	247
fen hong	分红	247
ban qiu	半球	247
ting dong	听懂	247
hu jiu	呼救	247
pen she	喷射	247
si chi	四尺	247
sheng huo	圣火	247
jia	岬	247
zuo an	左岸	247
kai fang shi	开放式	247
zhang jun bao	张君宝	247
xu shi chang	徐世昌	247
xin ji	心肌	247
pa ren	怕人	247
cheng	悜	247
fen hen	愤恨	247
shu fa	抒发	247
rang	攘	247
wen ting shi	文廷式	247
lv xing jia	旅行家	247
zuo	昨	247
ben zi	本子	247
guan cong	灌丛	247
pi ruan	疲软	247
zhi liu	直流	247
song	竦	247
zu zhi zhe	组织者	247
dan liang	胆量	247
cang tian	苍天	247
xing gong	行宫	247
bei gao ren	被告人	247
gu zhu	谷主	247
ze guai	责怪	247
du qi	赌气	247
lu	辂	247
li	锂	247
wen ji	问及	247
yan wang	阎王	247
fei jin shu	非金属	247
ma da jia si jia	马达加斯加	247
bi liang	鼻梁	247
yi wu suo zhi	一无所知	246
bu gong	不公	246
shen chang	伸长	246
di diao	低调	246
guan dong jun	关东军	246
qian chao	前朝	246
you qing	友情	246
shou zu	受阻	246
dao	叨	246
ge shi	各式	246
hou shan	后山	246
tang jia xuan	唐家璇	246
si bi	四壁	246
guo ming	国名	246
tu teng	图腾	246
tan bai	坦白	246
wai qi	外戚	246
sun nv	孙女	246
han xuan	寒暄	246
qin shi	寝室	246
shi gu	尸骨	246
kai chang bai	开场白	246
dai ren	待人	246
wei liang	微量	246
xin kuang shen yi	心旷神怡	246
wang diao	忘掉	246
zhi zhuo	执着	246
fu zhi	扶植	246
tan qin	探亲	246
che zhi	撤职	246
xing qi liu	星期六	246
zhu bi	朱笔	246
ji yuan	机缘	246
jiang bian	江边	246
fa guo dui	法国队	246
dan hua	淡化	246
wan nong	玩弄	246
li xiang guo	理想国	246
zu fen	祖坟	246
bi fa	笔法	246
di wu zhang	第五章	246
nian ye	粘液	246
lian wu	练武	246
ba shi	罢市	246
cong	聪	246
jie xiang	街巷	246
shuo huang	说谎	246
mou hua	谋划	246
ze nan	责难	246
he lu xiao fu	赫鲁晓夫	246
qi yong	起用	246
qing bo	轻薄	246
chang bai shan	长白山	246
bi se	闭塞	246
sui jun	随军	246
huang pai	黄牌	246
huang niu	黄牛	246
bu dan	不单	245
yan yan shi shi	严严实实	245
dai yan ren	代言人	245
yang wang	仰望	245
pei dai	佩戴	245
xian ren	先人	245
gong ji	公鸡	245
jun xiang	军饷	245
cou he	凑合	245
ning wang	凝望	245
chu han	出汗	245
jiao mie	剿灭	245
nan kai da xue	南开大学	245
ka te	卡特	245
shuang dao	双刀	245
ming tang	名堂	245
ga	呷	245
xi chu wang wai	喜出望外	245
guo da dang	国大党	245
da jing xiao guai	大惊小怪	245
an shi zhi luan	安史之乱	245
han guang	寒光	245
cen chun xuan	岑春煊	245
ruo zhe	弱者	245
bo kai	拨开	245
tui dao	推倒	245
ti gong shang	提供商	245
san luo	散落	245
xie po	斜坡	245
xin sheng dai	新生代	245
qi jian	旗舰	245
sha tou	杀头	245
song shou	松手	245
hai bao	海豹	245
song	淞	245
qing xiang	清香	245
qian neng	潜能	245
pian ming	片名	245
wu li liang	物理量	245
hen xin	狠心	245
li lun jia	理论家	245
gan shu	甘薯	245
sheng huo fei	生活费	245
mei mu	眉目	245
tong kong	瞳孔	245
yan xi	研习	245
chuang lian	窗帘	245
luo xiao mei	罗小梅	245
mei shu shi	美术史	245
ji bei	脊背	245
zi min dang	自民党	245
ying lian bang	英联邦	245
xing hui	行贿	245
bei ru	被褥	245
yue ye	越野	245
jin tui	进退	245
bi shi	鄙视	245
suan ruan	酸软	245
chang chang	长长	245
chen ming xia	陈名夏	245
nan tao	难逃	245
kao long	靠拢	245
mian ban	面板	245
xu yu	须臾	245
nai	鼐	245
shang ban zu	上班族	244
ge ren chong bai	个人崇拜	244
wu guan	五官	244
ren shi	人氏	244
bao zhong	保重	244
ke li	克里	244
mian yi li	免疫力	244
zhan bu	占卜	244
diao	叼	244
shang bao zhen	商宝震	244
shang tao	商讨	244
ka mai long	喀麦隆	244
ru qi	如期	244
mei er	妹儿	244
shi zu	始祖	244
hai	孩	244
de dang	得当	244
zen me zhe	怎么着	244
cheng du shi	成都市	244
reng diao	扔掉	244
ji shu xing	技术性	244
kun bang	捆绑	244
wu zui	无罪	244
ming huang huang	明晃晃	244
zhu xian zhen	朱仙镇	244
zhu qi yu	朱祁钰	244
sha qi	杀气	244
lin ken	林肯	244
mao wen long	毛文龙	244
chen jiang	沉降	244
he tan	河滩	244
fa du	法度	244
wu	洖	244
hong liang	洪亮	244
nong yan	浓烟	244
hai ning	海宁	244
you jie	游街	244
hu zhou	湖州	244
ji	濈	244
bing	炳	244
jiao er	焦耳	244
jia ji	甲基	244
nan er	男儿	244
xue wei	穴位	244
jian lve	简略	244
suan ming	算命	244
suo xie	缩写	244
wang dui	网队	244
mei guo dui	美国队	244
zhen	臻	244
hu kou	虎口	244
zai you	载有	244
gu hong ming	辜鸿铭	244
ying chun	迎春	244
yin hang ka	银行卡	244
men lu	门路	244
xiong zi	雄姿	244
ji qun	集群	244
gu jin biao	顾金标	244
ma an	马鞍	244
yi sheng bu keng	一声不吭	243
shang chao	上朝	243
bu er	不二	243
liang jian	两间	243
yi fen tian ying	义愤填膺	243
er pin	二品	243
di luo	低落	243
jia hua	假话	243
ao	傲	243
li yong lv	利用率	243
dong zhe	动辄	243
hui sheng	回声	243
cheng li ren	城里人	243
duo yi dian	多一点	243
da xing tu mu	大兴土木	243
da yi	大意	243
she hua	奢华	243
nv fang	女方	243
mian	宀	243
song yuan qiao	宋远桥	243
shan jiao xia	山脚下	243
jian shu	建树	243
yin xiang	引向	243
de yu	德育	243
xi	忚	243
ke shou	恪守	243
zhe	悊	243
xuan fu	悬浮	243
can lie	惨烈	243
zhan fan	战犯	243
sao zhou	扫帚	243
pai hang	排行	243
she zheng	摄政	243
lei tai	擂台	243
fang da qi	放大器	243
gu shi pian	故事片	243
ri kou	日寇	243
sheng	昇	243
ji ling	机灵	243
qiang zhi	枪支	243
bai shu	柏树	243
ke da	柯达	243
fa men	法门	243
luo ke xi de	洛克希德	243
jin ba bu wei	津巴布韦	243
liu li	流利	243
qian hai	浅海	243
xi liu	溪流	243
mie huo	灭火	243
shao cheng	烧成	243
re zhong	热衷	243
hou wang	猴王	243
shu san	疏散	243
ang	盎	243
qin gui	秦桧	243
tou	緰	243
jing chang xing	经常性	243
xiong huai	胸怀	243
tuo ying er chu	脱颖而出	243
zi ge	自个	243
she qi	舍弃	243
cang nei	舱内	243
diao lai	调来	243
xie ruo ping	谢若萍	243
huan	豢	243
bai zhang	败仗	243
shan	赡	243
jiao zhi	较之	243
shu shuo	述说	243
yu nan	遇难	243
xian tan	闲谈	243
fei dian	非典	243
ling dao ceng	领导层	243
ji	髻	243
huang pu jun xiao	黄埔军校	243
qiu ci	龟兹	243
liang wan	两碗	242
wu wei	五位	242
qin lv	亲率	242
cong wei you guo	从未有过	242
jia wei	价位	242
ru ge	入阁	242
bing shu	兵书	242
chuang wei	创维	242
dong wu	动武	242
fei yi suo si	匪夷所思	242
yuan chuang	原创	242
ming mai	命脉	242
guo jing	国境	242
bei wang lu	备忘录	242
wai zhuan	外传	242
da zhong cheng shi	大中城市	242
tian bao	天宝	242
ding du	定都	242
xiao gang pao	小钢炮	242
gong qian	工钱	242
nian zhang	年长	242
dang jia	当家	242
zheng fa	征伐	242
zheng tao	征讨	242
mu rong gong zi	慕容公子	242
shou cang jia	收藏家	242
wen lian	文联	242
quan heng	权衡	242
xun guo	殉国	242
wo	渥	242
guo	猓	242
dian li ceng	电离层	242
lve dai	略带	242
bai li na	白丽娜	242
jie mao	睫毛	242
hao jin	耗尽	242
zhao	肇	242
zi wo pi ping	自我批评	242
bo re	般若	242
meng gu guo	蒙古国	242
biao zheng	表征	242
chu nu	触怒	242
mou lve	谋略	242
fei shi	费时	242
yue ru	跃入	242
bi ren	逼人	242
wei qing hui	魏清慧	242
shang ying	上映	241
bu pei	不配	241
yu fei	与非	241
zhuan mai	专卖	241
cong sheng	丛生	241
liang mi	两米	241
mai ru	买入	241
jie gei	借给	241
guang fu	光复	241
gong guan	公馆	241
xing zhi bo bo	兴致勃勃	241
jian qiao	剑桥	241
shuang shui cun	双水村	241
fa bu ting	发布厅	241
qu shi	取食	241
ke hao	可好	241
tai da	台大	241
di xia shi	地下室	241
ji zuo	基座	241
da hui tang	大会堂	241
da ba	大坝	241
tou zi	头子	241
chang e	嫦娥	241
zi fu chuan	字符串	241
gu dan	孤单	241
xiao fan	小贩	241
xiao yu	小鱼	241
gui su	归宿	241
nian nian bu wang	念念不忘	241
da lao	打捞	241
la ding wen	拉丁文	241
pai qiu	排球	241
bai she	摆设	241
zhan duan	斩断	241
wu wang	无望	241
geng ju	更具	241
he fan ying	核反应	241
min quan	民权	241
sha tu	沙土	241
you dong	游动	241
te shi	特使	241
fan zui fen zi	犯罪分子	241
xuan wu	玄武	241
yong yu	用语	241
dian chang	电厂	241
huang chao	皇朝	241
duan cu	短促	241
li yue	礼乐	241
di shi	第十	241
sai	簺	241
zu zhi bu	组织部	241
xi xi de	细细的	241
lao gao	老高	241
jiao ti	胶体	241
neng ji	能级	241
zi zhu	自助	241
ku xin	苦心	241
mo sang bi ke	莫桑比克	241
xue po	血泊	241
chen yi	衬衣	241
cai feng	裁缝	241
chen	谶	241
ying li	赢利	241
hui ying	辉映	241
na gen	那根	241
chang zu	长足	241
zha men	闸门	241
lei ji	雷击	241
yan mian	颜面	241
feng yun	风韵	241
yi cha na	一刹那	239
shang fang	上访	239
liang he	两河	239
jiu tian	九天	239
luan shi	乱石	239
jin er ge	今儿个	239
fang zhen	仿真	239
di wei	低微	239
xian lie	先烈	239
guang shu	光束	239
jia su du	加速度	239
dong liang	动量	239
hua mei	华美	239
nan jiang	南疆	239
qin	噙	239
xia ri	夏日	239
tian xian	天仙	239
xiao dian	小店	239
jian dao	尖刀	239
shan qiu	山丘	239
kai chang	开场	239
cheng gong lv	成功率	239
quan ji	拳击	239
zhang yin	掌印	239
yan mai	掩埋	239
jie xiao	揭晓	239
san luan	散乱	239
shi zhi jin ri	时至今日	239
wan	晩	239
song shan	松山	239
zui	栬	239
heng chong zhi zhuang	横冲直撞	239
ge gong song de	歌功颂德	239
fa ming	法名	239
dong kai	洞开	239
wu li hua xue	物理化学	239
li zhi qi zhuang	理直气壮	239
zu da shou	祖大寿	239
shen ming	神明	239
kuai	筷	239
fei li	肥力	239
zhi mi	致密	239
mie shi	蔑视	239
man	蔓	239
yao fan	要犯	239
hao mai	豪迈	239
zei ren	贼人	239
che dui	车队	239
liao xi	辽西	239
jin guan	金冠	239
rui li	锐利	239
min	闵	239
min xi	闽西	239
chen yong fu	陈永福	239
yu bei dui	预备队	239
yin yan	饮宴	239
xia ban ye	下半叶	238
bu yan er yu	不言而喻	238
zhong yang shu ji chu	中央书记处	238
zhu gong	主攻	238
yun ti	云梯	238
jian pu	俭朴	238
dao xiang	倒像	238
dao teng	倒腾	238
bing zhi	兵制	238
leng qi	冷气	238
xie yue guo	协约国	238
shi	叓	238
qu she	取舍	238
shou fa	受罚	238
ke ni	可逆	238
zhou san	周三	238
za jia	咱家	238
tang xuan zong	唐玄宗	238
tou jin	头巾	238
zi er	字儿	238
ji	寂	238
feng cun	封存	238
xiao qu	小觑	238
jiu zhen	就诊	238
ba sai luo na	巴塞罗那	238
wei	帷	238
zhuang ke	庄客	238
lian jie	廉洁	238
qiang jian	强奸	238
xu	恤	238
she	慑	238
fang she	房舍	238
shou shu	手书	238
zhi shi	执事	238
zhe hui	折回	238
fu wei	抚慰	238
bao ye	报业	238
bao ying	报应	238
tai shou	抬手	238
jing jiu	敬酒	238
ban dian	斑点	238
xin jiu	新旧	238
wu ji yu shi	无济于事	238
gen xi	根系	238
ge yao	歌谣	238
shen lv ai	沈绿爱	238
luo yang cheng	洛阳城	238
yu ren	渔人	238
re zhong yu	热衷于	238
tan	燂	238
qiu men	球门	238
liu lian	留恋	238
bai li	百里	238
sheng shi	盛世	238
zhen zhi	真挚	238
jin du	禁毒	238
sui	绥	238
miao shi	藐视	238
gu	蛊	238
xue rou zhi qu	血肉之躯	238
jie shi	街市	238
huo	豁	238
ta jin	踏进	238
zao	躁	238
duo guo	躲过	238
tong zhi shu	通知书	238
ba dao	霸道	238
lu mang	鲁莽	238
san bei	三杯	237
zhong xiao xue sheng	中小学生	237
shu jia	书架	237
wu shi	五世	237
fen pai	分派	237
qian tai	前台	237
bei po	北坡	237
wei xian xing	危险性	237
fan dao	反导	237
ye er niang	叶二娘	237
chi	叺	237
tong ming	同名	237
ming li	名利	237
han lei	含泪	237
sou	嗖	237
xuan wu	宣武	237
you	宥	237
wu yan	屋檐	237
heng ding	恒定	237
chong jing	憧憬	237
wei hun	未婚	237
ben zhou	本周	237
rou qing	柔情	237
ge dou	格斗	237
jian yi	检疫	237
jiang yin	江阴	237
qing re	清热	237
qing xiu	清秀	237
wu	潕	237
huan	焕	237
zhao wa	爪哇	237
mu cao	牧草	237
kuang huan	狂欢	237
du cai zhe	独裁者	237
lv zhong	率众	237
xian shi	现时	237
bo li wei ya	玻利维亚	237
liu chu	留出	237
shui lv	税率	237
zhan dian	站点	237
kuang	筐	237
guan zi	管子	237
jue wu jin you	绝无仅有	237
wei wu er	维吾尔	237
xiang	缃	237
jian pao	舰炮	237
ku se	苦涩	237
ying ge lan yin hang	英格兰银行	237
dang yang	荡漾	237
he ma	荷马	237
xing zhi you xiao	行之有效	237
xing zheng yuan	行政院	237
xi xue	西学	237
xi an shi bian	西安事变	237
dan	诞	237
huang yan	谎言	237
gui bai	跪拜	237
tiao san	跳伞	237
qing fang	轻纺	237
zao chuan chang	造船厂	237
bi feng	避风	237
zhong bing	重病	237
ji	鐖	237
qin ding	钦定	237
chang fa	长发	237
chang sheng	长生	237
lu cheng wei	陆承伟	237
sui xin suo yu	随心所欲	237
ci ji su	雌激素	237
yi ru ji wang	一如既往	236
yi zun	一尊	236
yi chuang	一幢	236
zhong yong	中用	236
dan yang	丹阳	236
ju zu qing zhong	举足轻重	236
er hao	二号	236
yu jin	于今	236
jia li lve	伽利略	236
e gong	俄共	236
ting pai	停牌	236
quan neng	全能	236
guan xin bing	冠心病	236
sheng zhi	升职	236
e gua duo er	厄瓜多尔	236
chu shi	厨师	236
tong xin	同心	236
chang xi	唱戏	236
ye	噎	236
guo jun	国军	236
di dai xing	地带性	236
ji tuan	基团	236
man	姏	236
xue shi	学识	236
shi wu	实务	236
xiao shuo jia	小说家	236
dao guo	岛国	236
bang bang	帮帮	236
fei shui	废水	236
dan ke	弹壳	236
de hei lan	德黑兰	236
qing you	情由	236
cheng xing	成形	236
pin si	拼死	236
jie tong	接通	236
cuo	措	236
can	掺	236
zhuan wen	撰文	236
shou liu	收留	236
jiao tou	教头	236
pu bian xing	普遍性	236
you shang	有伤	236
ben gai	本该	236
hui diao	毁掉	236
qi kong	气孔	236
qiu	浗	236
wo	涡	236
shen xin	深信	236
shen xian	深陷	236
peng	烹	236
jue wei	爵位	236
tian wei ji	甜味剂	236
jia wan	甲烷	236
jia ji	甲级	236
shi liao	石料	236
zhan wen	站稳	236
hong zhong	红肿	236
ji shi	纪事	236
cha wan	茶碗	236
cai lan zi	菜篮子	236
feng	葑	236
cheng xin	诚心	236
bei lei	贝类	236
zhang mu	账目	236
xuan ran da bo	轩然大波	236
qing du	轻度	236
da lai	达赖	236
xuan ze xing	选择性	236
fu dai	附带	236
zhen chan	震颤	236
sun	飧	236
yi mi	一米	235
yi tong	一统	235
shang wan	上万	235
shang hai jiao tong da xue	上海交通大学	235
liang ban	两半	235
er shi ba nian	二十八年	235
cong jin	从今	235
tang huo	倘或	235
pian jiang	偏将	235
zuo wei	做为	235
yan	偣	235
nong mu	农牧	235
feng xi fan	冯锡范	235
feng yang	凤阳	235
ji chen	击沉	235
dao	刂	235
fen shen	分神	235
shi xue jia	史学家	235
tong liao	同僚	235
hou chang	后场	235
rang rang	嚷嚷	235
guo jie	国界	235
bei yong	备用	235
jia ye	家业	235
jia jiao	家教	235
feng dong	封冻	235
chang ren	常任	235
you chou	忧愁	235
yu yan yu lie	愈演愈烈	235
gan shou qi	感受器	235
shou zu wu cuo	手足无措	235
chuai mo	揣摩	235
ri ri	日日	235
ri er man	日耳曼	235
xun	旬	235
ben qu	本区	235
mei di	没底	235
he yuan	河源	235
xiao shou	消瘦	235
bi	濞	235
qian tou	牵头	235
du li guo jia	独立国家	235
mao	瑁	235
bing shi	病逝	235
bai gu	白骨	235
xing wu	省悟	235
shi jie	石阶	235
si xin	私心	235
yi	笖	235
jie	羯	235
fan teng	翻腾	235
zhong zhang	肿胀	235
xiong jin	胸襟	235
la yue	腊月	235
zi zun xin	自尊心	235
jie jia ri	节假日	235
he ren long	贺人龙	235
jin xie nian	近些年	235
lian lei	连累	235
pei fang	配方	235
jiu quan	酒泉	235
chen bao zhu	陈宝柱	235
huo di	霍地	235
ma sai	马赛	235
gao pin	高频	235
shang ge yue	上个月	234
shang yue	上月	234
zhu zheng	主政	234
ru zhi	乳汁	234
jun gang	军港	234
gang ti	刚体	234
shan	删	234
jian qiao da xue	剑桥大学	234
gong guo	功过	234
die jia	叠加	234
tong gui yu jin	同归于尽	234
shan yi	善意	234
di gong	地宫	234
jiang xiang	奖项	234
xiao cun	小村	234
ying de	应得	234
bian	弁	234
yin lu	引路	234
tan she	弹射	234
xin yan	心眼	234
you xin chong chong	忧心忡忡	234
jing dai	惊呆	234
xi ju xing	戏剧性	234
tou ying	投影	234
da jian	搭建	234
zhai jie	斋戒	234
fu yao	服药	234
ji hui zhu yi	机会主义	234
ci wu	此物	234
du la	毒辣	234
qi po	气魄	234
lei hua	泪花	234
hai dian qu	海淀区	234
shao si	烧死	234
du yi wu er	独一无二	234
yu nv xin jing	玉女心经	234
she	畲	234
zu shi ye	祖师爷	234
fa	筏	234
zuan	纂	234
rong mao	绒毛	234
xiu se	羞涩	234
cha lou	茶楼	234
xi hai an	西海岸	234
yi wen	译文	234
shi zhi	试制	234
gai chu	该处	234
lun zi	轮子	234
guo mu	过目	234
jin hua lun	进化论	234
xuan ze ti	选择题	234
zheng xiao jing	郑晓京	234
bi he	闭合	234
lu xi rong	陆希荣	234
fei sheng	飞升	234
guan zhang	馆长	234
shou ge	首个	234
long gu	龙骨	234
qi shi er	七十二	233
zhang liang	丈量	233
xiang xia ren	乡下人	233
shu bao	书包	233
er san shi	二三十	233
jiao ji	交际	233
gong zhi	供职	233
fu chong	俯冲	233
meng	儚	233
ke shi mi er	克什米尔	233
jue ce zhe	决策者	233
shi mi si	史密斯	233
wu xian	吴县	233
shi	噬	233
tan yan	坦言	233
da jia ting	大家庭	233
da chao	大潮	233
wu mei	妩媚	233
shou heng	守恒	233
guan liao zhu yi	官僚主义	233
xuan jiang hui	宣讲会	233
fu li tang huang	富丽堂皇	233
jian kang	建康	233
qiang jia	强加	233
wei chen	微臣	233
xin li hua	心里话	233
huan nan	患难	233
chao jia	抄家	233
chou cha	抽查	233
sa ha la	撒哈拉	233
lei	擂	233
zu zhang	族长	233
nuan nuan de	暖暖的	233
chao yang qu	朝阳区	233
yang yang	样样	233
mian bu	棉布	233
zha you	榨油	233
ci shi ci ke	此时此刻	233
qing qi	氢气	233
shui yin	水银	233
chen wen	沉稳	233
dan dan di	淡淡地	233
zhang zhou	漳州	233
pao	炰	233
ba	疤	233
bai se kong bu	白色恐怖	233
lin suan yan	磷酸盐	233
dao tian	稻田	233
pi	纰	233
di zao	缔造	233
qian	缱	233
lao po po	老婆婆	233
ye	腋	233
fu mian	腹面	233
wu dong	舞动	233
ying chi	英尺	233
huang wu	荒芜	233
lai yin	莱茵	233
zhi	蛭	233
lie kai	裂开	233
jing shi	警示	233
nuo yan	诺言	233
tiao jin	跳进	233
fu zheng	辅政	233
guo wen	过问	233
yi	迤	233
jiang you	酱油	233
cai zhai	采摘	233
huang	鍠	233
zhu cheng	铸成	233
chang nian	长年	233
shan liang	闪亮	233
yin du	阴毒	233
long shan	龙山	233
qi ling ba luo	七零八落	231
xia shu	下述	231
yi wu ren	义务人	231
fu er jia he	伏尔加河	231
nei ke	内科	231
nong geng	农耕	231
liang zhou	凉州	231
hua lai shi	华莱士	231
tuo	咃	231
tang shi	唐诗	231
sheng xian	圣贤	231
mao	堥	231
niu	妞	231
dang	宕	231
ju liu	居留	231
guang xi zhuang zu zi zhi qu	广西壮族自治区	231
di xian	底线	231
cai yun	彩云	231
ying she	影射	231
wei liang yuan su	微量元素	231
zhang gui de	掌柜的	231
lei gu	擂鼓	231
xing tuan	星团	231
ying zhao	映照	231
gui zi	柜子	231
shui rong ye	水溶液	231
te shu xing	特殊性	231
chang	畼	231
ji huan	疾患	231
xuan yun	眩晕	231
qiu shui	秋水	231
di si juan	第四卷	231
guan li yuan	管理员	231
suo yin	索引	231
ji lu pian	纪录片	231
lao wai	老外	231
zi qiang	自强	231
wu ju	舞剧	231
ying zhai	营寨	231
xin jin	薪金	231
xu ming	虚名	231
luo ti	裸体	231
jing bei	警备	231
jiang yi	讲义	231
nuo bei er	诺贝尔	231
diao pei	调配	231
mou shi	谋士	231
shang xin	赏心	231
gan wang	赶往	231
jun wang	郡王	231
zhong tou	钟头	231
zhu bi	铸币	231
yi ju cheng ming	一举成名	230
yi die	一叠	230
jiao shou	交手	230
hui guan	会馆	230
fo men	佛门	230
chu hu yi liao	出乎意料	230
chu dong	初冬	230
hua cheng	化成	230
yuan wei	原委	230
zhou si	周四	230
si jia	四家	230
tu biao	图表	230
kan ke	坎坷	230
da bing	大兵	230
wan yan ping	完颜萍	230
shi shu	实数	230
fu weng	富翁	230
feng bi shi	封闭式	230
chai yi	差役	230
wei guang	微光	230
xin xu	心绪	230
you shang	忧伤	230
nian zhu	念珠	230
ji cong cong	急匆匆	230
chai jie	拆解	230
pai wai	排外	230
sou suo yin qing	搜索引擎	230
zhi jia	支架	230
wu you	无忧	230
ceng guo fan	曾国藩	230
qiang pao	枪炮	230
cha zhao	查找	230
zhuo qian	桌前	230
mei jia	每家	230
fan	氾	230
wei	渭	230
dang	灙	230
yi qing	疫情	230
gai de	盖德	230
sheng jing	盛京	230
zu ji	祖籍	230
hong li	红利	230
tai pan	胎盘	230
mang	莽	230
luo hu	落户	230
yi guan	衣冠	230
fu zhong	负重	230
qu gan	躯干	230
jing tai	静态	230
fei ma	飞马	230
gao ling	高龄	230
bu zuo sheng	不做声	229
bu yue	不悦	229
bu xiao	不消	229
dong zheng jiao	东正教	229
yue tuan	乐团	229
er qi	二期	229
ren ci	仁慈	229
jie yi	介意	229
yi teng bo wen	伊藤博文	229
zuo bi	作弊	229
ji dai	几代	229
qian chang	前场	229
gong ye	功业	229
kan ce	勘测	229
you ai	友爱	229
fa xing liang	发行量	229
kou kou sheng sheng	口口声声	229
si zhi	四只	229
yuan yuan de	圆圆的	229
da zhou	大洲	229
sun da sheng	孙大圣	229
chong wu	宠物	229
su zhu	宿主	229
feng jue	封爵	229
xiao bian	小便	229
shao er	少儿	229
kong dong	崆峒	229
shi men	师门	229
gan shi	干尸	229
yin bao	引爆	229
xing xing se se	形形色色	229
de sheng men	德胜门	229
yao	愮	229
ji man	挤满	229
wen mang	文盲	229
zhuo	晫	229
yue se	月色	229
zhao xia	朝霞	229
xi	檄	229
cang sang	沧桑	229
xi yi ji	洗衣机	229
qian se	浅色	229
hu pan	湖畔	229
long	湰	229
yan xi	演戏	229
man tian	漫天	229
xun tao	熏陶	229
te lu xi ai	特鲁西埃	229
ling	皊	229
xia shuo	瞎说	229
li tui xiu	离退休	229
cheng wang	称王	229
li zhi	立志	229
zheng	筝	229
chou duan	绸缎	229
gu zi	股子	229
dan da	胆大	229
fei li	腓力	229
su mu	苏木	229
ji	蓟	229
xue lei	血泪	229
xing yi	行医	229
hua tong	话筒	229
ti sheng	蹄声	229
shen chang	身长	229
na ban	那般	229
ling zhu	领主	229
shi yan	饰演	229
xun	驯	229
hei ya ya	黑压压	229
xia wen	下文	228
bu huang bu mang	不慌不忙	228
liang san nian	两三年	228
zhong xin	中信	228
di ya	低压	228
di wa	低洼	228
jie qian	借钱	228
yang fen	养分	228
ran ran	冉冉	228
xie	冩	228
bing dao	冰岛	228
jian qu	减去	228
cou jin	凑近	228
ya qiang	压强	228
diao qiao	吊桥	228
ming mu	名目	228
ji fu	基辅	228
duo wei	多位	228
da dao	大岛	228
da hu zi	大胡子	228
tian bian	天边	228
shi shu	实属	228
jia zhu	家主	228
jiu ye lv	就业率	228
nian shou ru	年收入	228
ying kao	应考	228
xiao	庨	228
gan wu	感悟	228
xi tai	戏台	228
da fen	打分	228
lu lve	掳掠	228
sa shou	撒手	228
jiao wei	教委	228
ge diao	格调	228
ge lu ji ya	格鲁吉亚	228
yu	榆	228
qi si	气死	228
shui hu	水壶	228
fa shi	法师	228
xi yi	洗衣	228
pai xi	派系	228
ye hua	液化	228
qing jing	清净	228
tuan	湍	228
man fu	满腹	228
huo shan kou	火山口	228
bai fen bi	百分比	228
pi xia	皮下	228
kui jia	盔甲	228
sui	睢	228
po huai xing	破坏性	228
wen zhong	稳重	228
di si jie	第四届	228
bian zao	编造	228
han	翰	228
pei zhu	胚珠	228
cha hu	茶壶	228
yao wan	药丸	228
meng gu yu	蒙古语	228
xue xing	血性	228
pao zi	袍子	228
xi ban ya yu	西班牙语	228
xun lian chang	训练场	228
yu diao	语调	228
guo ye	过夜	228
tui huan	退还	228
rui jian	锐减	228
cuo zong fu za	错综复杂	228
chang le	长乐	228
tuo luo	陀螺	228
han xin	韩信	228
ju feng	飓风	228
bing gan	饼干	228
san duan	三端	227
xia ding jue xin	下定决心	227
zhuan guan	专管	227
jiao huan jia zhi	交换价值	227
qin shi	亲事	227
cong jun	从军	227
ni si wo huo	你死我活	227
yuan bao	元宝	227
gong an bu men	公安部门	227
gong niu	公牛	227
xing xiu	兴修	227
jian yong	兼用	227
qie he	切合	227
shua xin	刷新	227
bo shi	剥蚀	227
shi san jie	十三届	227
ge lun bu	哥伦布	227
da ban ge	大半个	227
xi	奚	227
jian xi	奸细	227
xue tu	学徒	227
bao ta	宝塔	227
ke ti	客体	227
wei jian xing	尉健行	227
xiao kan	小看	227
tu dao	屠刀	227
zhuang zhou	庄周	227
jian hang	建行	227
kai mu ci	开幕词	227
xin sheng	心声	227
wen hua ju	文化局	227
mei	槑	227
mei wan mei liao	没完没了	227
he tao	河套	227
hai gou	海沟	227
miao mang	渺茫	227
teng yi lei	滕一雷	227
yan cong	烟囱	227
qiu xing	球星	227
dian jie	电解	227
deng ji zai ce	登记在册	227
shi jiang	石匠	227
she hui guan xi	社会关系	227
si jia	私家	227
zhu gan	竹竿	227
su bu xiang shi	素不相识	227
mei jing	美景	227
lao die	老爹	227
ping shuo	评说	227
zha pian	诈骗	227
guo shang	过上	227
bi yi	鄙夷	227
zhong wan chou	钟万仇	227
yin pai	银牌	227
bao shou	饱受	227
huang gua	黄瓜	227
yi mo	一抹	226
bu wei ren zhi	不为人知	226
liang duan	两段	226
sang ming	丧命	226
ju qi	举起	226
yue fu	乐府	226
ren ming	人命	226
yi lian	依恋	226
gong he dang	共和党	226
yang sheng	养生	226
qu yu xing	区域性	226
yi liao bao xian	医疗保险	226
gu piao	古朴	226
ke jian guang	可见光	226
he tian	和田	226
chi	哧	226
si ku	四库	226
pei zhi	培植	226
sheng dong ji xi	声东击西	226
tai ji quan	太极拳	226
ru ruo	如若	226
sun xing zhe	孙行者	226
zi	孜	226
fu ji	富集	226
she su	射速	226
er hou	尔后	226
wei sheng	尾声	226
kai wang	开往	226
dan xia	弹匣	226
xu hai	徐海	226
tu shou	徒手	226
ce yin zhi xin	恻隐之心	226
zhi zhan yuan	指战员	226
jie jing	捷径	226
tui lun	推论	226
gong shou	攻守	226
qiang fa	枪法	226
shu rong	殊荣	226
min zhu pai	民主派	226
yong dian	用电	226
ci ju	磁矩	226
lin suan	磷酸	226
li bie	离别	226
cheng song	称颂	226
suan ji	算计	226
fen hong	粉红	226
zong rong	纵容	226
xiu hua	绣花	226
fan lai fu qu	翻来覆去	226
hang xiang	航向	226
jue	蕨	226
xi dan	西单	226
zan yu	赞誉	226
jin kuang	近况	226
pei zi	配子	226
song	鎹	226
yin diao	音调	226
ma dao	马刀	226
gu hui	骨灰	226
mo bu zuo sheng	默不作声	226
wan wu yi shi	万无一失	225
shi jie shi chang	世界市场	225
wu pin	五品	225
qin ri pai	亲日派	225
qin yan mu du	亲眼目睹	225
shu	倏	225
jia shan	假山	225
guang da	光大	225
ban gong zhuo	办公桌	225
he	劾	225
bao tou	包头	225
hua ming	化名	225
bei ai	北爱	225
fa she jia	发射架	225
fa lai	发来	225
hou jiao	吼叫	225
gu nong	咕哝	225
shang pin liu tong	商品流通	225
yun	囩	225
wei	圩	225
duo luo	多罗	225
duo bu	多部	225
da sheng ji hu	大声疾呼	225
niang er	娘儿	225
sun yu hou	孙玉厚	225
shi you	实有	225
jiang xin jiang yi	将信将疑	225
xiao lou	小楼	225
chai shi	差使	225
bi an	彼岸	225
shi	忕	225
cheng fen	成份	225
da dian	打点	225
bai kai	摆开	225
zui mei	最美	225
you qing	有情	225
mu er	木耳	225
si zhan	死战	225
shui tian	水田	225
he di	河堤	225
pai sheng	派生	225
sheng ren	生人	225
du ban	督办	225
bi xia	笔下	225
tuo kou er chu	脱口而出	225
jian xian	艰险	225
guan zhan	观战	225
jiao mo	角膜	225
he long	贺龙	225
guo zhong	过重	225
jin cheng	近程	225
jin bi	进逼	225
you ju	邮局	225
men dao	门道	225
dui xing	队形	225
luo	雒	225
lu zhang ke	鹿杖客	225
bu xi	不息	224
bu fu	不符	224
liang du	两度	224
jiu yang	久仰	224
qing dao	倾倒	224
hua shi dai	划时代	224
bie ti	别提	224
dao tou	到头	224
jin tou	劲头	224
yun chen	匀称	224
za	匝	224
xian shang	县上	224
shuang ren	双人	224
fan dui piao	反对票	224
fa qiu	发球	224
bian zhong	变种	224
he wei	合为	224
hou yi	后移	224
zhou xiang	周详	224
tang chu	唐初	224
wei yang	喂养	224
geng	埂	224
zeng zhang dian	增长点	224
zhuang kuo	壮阔	224
xia zhi	夏至	224
duo	夛	224
da lian shi de	大连实德	224
xue nian	学年	224
ping fang	平房	224
fei zhi	废止	224
qiang zhi xing	强制性	224
xin suan	心酸	224
ti zao	提早	224
cui	摧	224
zhi chi zhe	支持者	224
mu wu	木屋	224
wai qu	歪曲	224
mei zhong	每种	224
min jian wen xue	民间文学	224
shui bing	水兵	224
tang bei	汤杯	224
jing	泾	224
xiao san	消散	224
hu shang	湖上	224
ling min du	灵敏度	224
chui	炊	224
re nao fei fan	热闹非凡	224
huan	環	224
hua zhan	画展	224
shou xue	瘦削	224
pan wen	盘问	224
xiang jia	相加	224
mo nan	磨难	224
kong yu	空域	224
zhang jie	章节	224
di yi ren	第一任	224
guan li xi tong	管理系统	224
guan yong	管用	224
jiu ji	纠集	224
bao bao de	薄薄的	224
yao wu	要务	224
gui zheng	规整	224
gui bi	规避	224
jiang tai	讲台	224
shi po	识破	224
guo yi bu qu	过意不去	224
you	酉	224
tie chui	铁锤	224
mian sha	面纱	224
xiang zhu	香主	224
gao zong	高宗	224
gao han	高寒	224
han sheng	鼾声	224
yi yue er qi	一跃而起	222
san kou	三口	222
qiu ji er	丘吉尔	222
zhong guo yin hang	中国银行	222
wei fu	为辅	222
liang guang	亮光	222
cang cu	仓促	222
tong da lei	佟大雷	222
xing chong chong	兴冲冲	222
nan gua	南瓜	222
he li xing	合理性	222
lv diao yang	吕调阳	222
tun mo	吞没	222
chui niu	吹牛	222
xi ma la ya shan	喜马拉雅山	222
si shi	四世	222
da shen	大神	222
da bi	大笔	222
jie er	姐儿	222
wei meng	威猛	222
xuan xie	宣泄	222
kuan yu	宽裕	222
jiu xue	就学	222
jiu xu	就绪	222
huan ying	幻影	222
yan chi	延迟	222
bi ran xing	必然性	222
bi jing	必经	222
kuai gan	快感	222
song	怂	222
zong can	总参	222
qia dao hao chu	恰到好处	222
yi da li ren	意大利人	222
cheng yun	承运	222
wan liu	挽留	222
wan lian	挽联	222
jie li	接力	222
qiao da	敲打	222
nuan ge	暖阁	222
mu liao	木料	222
ran shang	染上	222
liu ruo chen	柳若晨	222
huan sheng lei dong	欢声雷动	222
tai lei	泰勒	222
hong xiu quan	洪秀全	222
man cheng	满城	222
ya mai jia	牙买加	222
te xu	特许	222
zheng ning	狰狞	222
yong fa	用法	222
yong liang	用量	222
tian fu	田赋	222
gan	皯	222
du zhan	督战	222
shi guan	石棺	222
cheng shi	程式	222
deng tong	等同	222
yuan	緣	222
di	翟	222
gao yao	膏药	222
jie qing	节庆	222
hua guan	花冠	222
hua pu	花圃	222
su fei ya	苏菲亚	222
ying xiong hao jie	英雄豪杰	222
xi zhan	西站	222
jian zhuang	见状	222
quan shi	诠释	222
gai di	该地	222
huo che	货车	222
tang	蹚	222
jin yu	近于	222
tou che	透彻	222
zhong shang	重赏	222
cheng	鐣	222
chang shi	长石	222
gui	闺	222
yue bing	阅兵	222
jie duan xing	阶段性	222
chu xing	雏形	222
gao ge	高歌	222
yi zhao	一朝	221
xia yu	下狱	221
zhu xian	主线	221
ya gang	亚纲	221
xiu zheng	休整	221
bao ji	保级	221
quan li yi fu	全力以赴	221
jing zi chan	净资产	221
jian zi	剪子	221
hua zuo	化作	221
dan ceng	单层	221
fan ying dui	反应堆	221
gu shu	古书	221
xiang ri kui	向日葵	221
jia ding	嘉定	221
nang zhong	囊中	221
gou	垢	221
wa er	娃儿	221
feng shi gu	封师古	221
xiao xiang	小巷	221
xiao niao	小鸟	221
shi zhi	市值	221
dai ru	带入	221
gan he	干涸	221
xin fa	心法	221
xin tong	心痛	221
xin xiong	心胸	221
qing lv	情侣	221
shu	掓	221
mo tuo luo la	摩托罗拉	221
lian	斂	221
lai zhe	来者	221
lin di	林地	221
si di	死地	221
mei wei	每位	221
jiang zhou	江州	221
chen tong	沉痛	221
ju	沮	221
hai ping mian	海平面	221
yong dong	涌动	221
zhu tai	烛台	221
jiao wan er	焦宛儿	221
bai xi	百戏	221
cheng ba	称霸	221
di zi	笛子	221
di san zhe	第三者	221
jian tou	箭头	221
xian xi	纤细	221
jie jie ba ba	结结巴巴	221
liao rao	缭绕	221
lao yuan	老远	221
cong ming cai zhi	聪明才智	221
xiong qi	胸鳍	221
hua zheng fang	花正芳	221
cao yao	草药	221
lie xi	裂隙	221
ji shu	计数	221
ji yi li	记忆力	221
ne	讷	221
he	诃	221
diao ren	调任	221
bo	跛	221
qing er yi ju	轻而易举	221
xin chou	辛丑	221
wei yue	违约	221
bian ti lin shang	遍体鳞伤	221
zu ji	阻击	221
chen da hai	陈达海	221
feng han	风寒	221
tao	饕	221
shang tou	上头	220
bu fu cun zai	不复存在	220
zhong guo nan lan	中国男篮	220
wu ri	五日	220
hai	亥	220
dai	傣	220
guang huan	光环	220
ru zhu	入住	220
ba ge	八哥	220
bing bian	兵变	220
bie you yong xin	别有用心	220
zhi sheng	制胜	220
ci er	刺耳	220
xiao	効	220
mao	卯	220
shi shi	史事	220
ming men	名门	220
shen	哂	220
sun zi bing fa	孙子兵法	220
kuan wei	宽慰	220
wu mian	屋面	220
shan xi	山系	220
bing ju	并举	220
zhuang zhu	庄主	220
pao	庖	220
qia qiao	恰巧	220
qing li	情理	220
di xiao	抵消	220
nuo yong	挪用	220
ti gang	提纲	220
shou bing	收兵	220
san ju	散居	220
shi en	施恩	220
zao xian	早先	220
qiang xie	枪械	220
zhuo bian	桌边	220
ci yu	次于	220
shu bu zhi	殊不知	220
lin li	淋漓	220
ying	渶	220
hua po	滑坡	220
pian duan	片断	220
te pai	特派	220
xuan xue	玄学	220
mu shi	目视	220
kan tai	看台	220
jin yun	禁运	220
chuan kong	穿孔	220
deng tong yu	等同于	220
tao	绦	220
bo	膊	220
zhi shang	至上	220
liang min	良民	220
man zi	蛮子	220
xue xiao ban	血小板	220
lie gu	裂谷	220
huo ran	豁然	220
zan bi ya	赞比亚	220
di shi ni	迪士尼	220
yin qian	银钱	220
shan kai	闪开	220
a la bo ban dao	阿拉伯半岛	220
lei yu	雷雨	220
jia beng	驾崩	220
gao ying xiang	高迎祥	220
yi da ban	一大半	219
yi ba zhua	一把抓	219
yi zhen feng	一阵风	219
san guo yan yi	三国演义	219
san fang	三方	219
shang cheng	上城	219
bu zhi yu	不致于	219
liang han	两汉	219
zhong xiao xing	中小型	219
yi dai	以待	219
yi qi	以期	219
gu liang	估量	219
quan jia ren	全家人	219
nei jiu	内疚	219
fen zi liang	分子量	219
zhi zao chang	制造厂	219
lao dong liang	劳动量	219
kan cha	勘察	219
hua xue xing zhi	化学性质	219
qu jian	区间	219
shi ji fen zhong	十几分钟	219
hua yi	华裔	219
ting	厛	219
shou jing	受精	219
ming bu xu chuan	名不虚传	219
yuan wai	员外	219
duo duo bi ren	咄咄逼人	219
qiang tou	墙头	219
da lu xing qi hou	大陆性气候	219
da nan	大难	219
tian yi	天一	219
shi dang	失当	219
ao ni er	奥尼尔	219
du	妒	219
ning hai	宁海	219
gong ye pin	工业品	219
ying yun er sheng	应运而生	219
yin shen	引申	219
nuo	懦	219
wo fang	我方	219
jie bei sen yan	戒备森严	219
lu	撸	219
gong fang	攻防	219
fang jia	放假	219
gu zuo	故作	219
qiao xiang	敲响	219
wen hua chan ye	文化产业	219
wu wei	无谓	219
zao qi	早起	219
xing qi wu	星期五	219
xing kong	星空	219
mu fa	木筏	219
li shi min	李世民	219
li gong zi	李公子	219
tiao ling	条令	219
lin ou chu	林藕初	219
mou bu	某部	219
fan wen	梵文	219
xun zang	殉葬	219
yin xu	殷墟	219
han zhu	汗珠	219
tuan liu	湍流	219
ling tang	灵堂	219
wang zhi zhi	王治郅	219
wang pai	王牌	219
xian shi	现世	219
zuo	琢	219
hua ce	画册	219
qu	瞿	219
ji qi	祭器	219
huan chong	缓冲	219
nao ke	脑壳	219
jiao yin	脚印	219
ruo gan nian	若干年	219
xue zhan	血战	219
che er ku	车尔库	219
qing di	轻敌	219
shu song che	输送车	219
xin xin ku ku	辛辛苦苦	219
jun	鍕	219
zhen feng xiang dui	针锋相对	219
jin yi	锦衣	219
men qiang	门墙	219
qing mei su	青霉素	219
feng mi	风靡	219
piao dang	飘荡	219
shang gong	上攻	218
zhuan ye ke	专业课	218
zhuan fang	专访	218
zhong dan	中弹	218
feng mei	丰美	218
chuan lian	串联	218
er deng	二等	218
yun tou	云头	218
yi cong	依从	218
jia xiang	假象	218
pian yuan	偏远	218
quan tao	全套	218
nong ji	农机	218
jian su	减速	218
nan cheng	南城	218
tai wan hai xia	台湾海峡	218
he yue	合约	218
tong chou di kai	同仇敌忾	218
pin xing	品性	218
chang qiang	唱腔	218
chang qi	唱起	218
qi zhong	器重	218
si he yuan	四合院	218
chang nei	场内	218
dui man	堆满	218
tai ping jun	太平军	218
shi ming	失明	218
jian ren	奸人	218
hao xin	好心	218
wang wei	妄为	218
wan	婉	218
kuan xin	宽心	218
dui tou	对头	218
feng di	封地	218
xiao guo	小国	218
kai zhang	开张	218
zhang jia jie	张家界	218
nian jing	念经	218
gan chu	感触	218
jie ran	截然	218
lu	戮	218
cai zi	才子	218
la ding	拉丁	218
la mu	拉姆	218
zhan ding jie tie	斩钉截铁	218
zhu dan chen	朱丹臣	218
zhu zhang ling	朱长龄	218
za zhi she	杂志社	218
ku zao	枯燥	218
can hai	残害	218
duan luo	段落	218
chen shui	沉睡	218
hai xin	海信	218
wei he	渭河	218
zhi liu	滞留	218
man man	满满	218
ling qi	灵气	218
xiong xiong	熊熊	218
ban hua	版画	218
mou chun guang	牟春光	218
si li	私立	218
dao cao	稻草	218
tu wu	突兀	218
jiong	窘	218
cu lu	粗鲁	218
su yu	粟裕	218
hong run	红润	218
hong deng	红灯	218
wei duo li ya	维多利亚	218
lao san	老三	218
chen qie	臣妾	218
se pu	色谱	218
ying guo hai jun	英国海军	218
qiang	蔷	218
xun	薰	218
xie zi	蝎子	218
ji feng	讥讽	218
gai tuan	该团	218
wu dao	误导	218
ze ren ren	责任人	218
zhen	赈	218
qi hong	起哄	218
ba she	跋涉	218
qiao	跷	218
lian mian	连绵	218
xing	铏	218
zhang zhe	长者	218
a er tai shan	阿尔泰山	218
zhi	雉	218
mei jun	霉菌	218
han xiao ying	韩小莹	218
sao	骚	218
yi lie	一列	217
bu ling	不灵	217
zhong shan da xue	中山大学	217
ju jian	举荐	217
luan jiao	乱叫	217
jiao you	交由	217
ren min zhan zheng	人民战争	217
zhu hu	住户	217
ti li	体例	217
zhi zi	侄子	217
zuo zhu	做主	217
jun guo zhu yi	军国主义	217
jie lve	劫掠	217
dan xing	单性	217
nan xun	南巡	217
nan yue	南越	217
li zhi	吏治	217
ge ge	咯咯	217
shan zhan	善战	217
xi se	喜色	217
zuo zuo	坐坐	217
mo suo li ni	墨索里尼	217
wai jian	外间	217
da zong tong	大总统	217
ru chang	如常	217
rong yan	容颜	217
yu	峪	217
ba er gan	巴尔干	217
dai tou ren	带头人	217
ji shi	急事	217
xing ai	性爱	217
meng	懵	217
ai ci	挨次	217
wei cheng nian ren	未成年人	217
tiao wen	条纹	217
ge ju yuan	歌剧院	217
wu xue	武学	217
mei wan	每晚	217
qiu rao	求饶	217
xiao tui	消退	217
huai an	淮安	217
hui	濊	217
hao	濠	217
wu zhi wen ming	物质文明	217
hen zhua	狠抓	217
wan wan	玩玩	217
pu	璞	217
bai ri	白日	217
xing	皨	217
liao wang	瞭望	217
shi liu	石榴	217
qin shu tian	秦书田	217
chuan cha	穿插	217
qian fa	签发	217
chuo	繛	217
jie gou xing	结构性	217
zui zhuang	罪状	217
lian dong	联动	217
ken ni di	肯尼迪	217
zhong da	肿大	217
mao sheng	茂盛	217
pin	貧	217
chen zao	趁早	217
shen xia	身下	217
mi wu	迷雾	217
tao cuan	逃窜	217
yi yan	遗言	217
jiu cai	酒菜	217
jin rong shi chang	金融市场	217
yin hang ye	银行业	217
lian	镰	217
men feng	门缝	217
shan yao	闪耀	217
fa	阀	217
juan	隽	217
qing shan	青山	217
gao tai wei	高太尉	217
wei xue ceng	魏学曾	217
hei ma	黑马	217
gu yue sheng	鼓乐声	217
yi yang hua tan	一氧化碳	216
wan an	万安	216
bu xiao	不孝	216
bu yi	不意	216
zhuan chang	专长	216
yi shi	义士	216
luan shi	乱世	216
yun zhong	云中	216
dai li shang	代理商	216
yang	佯	216
fu zong long	傅宗龙	216
gong ji	公祭	216
qi san	其三	216
yang yu	养育	216
yuan jia	冤家	216
chong xiang	冲向	216
chu zhan	出战	216
li jian	利剑	216
quan xiang	劝降	216
nan xiang	南向	216
fa sheng	发声	216
qu er dai zhi	取而代之	216
ke bian	可变	216
chui xiang	吹响	216
zhou yi	周易	216
shi se	失色	216
she	奢	216
fei pin	妃嫔	216
wei xie lun	威胁论	216
cun huo	存活	216
ping bi	屏蔽	216
ba er gan ban dao	巴尔干半岛	216
dai dui	带队	216
bing pai	并排	216
yi wu	异物	216
yi duan	异端	216
jing xiang	径向	216
bao gao shu	报告书	216
jiu bing	救兵	216
fang ji	方剂	216
fang zhuan	方砖	216
lv shun	旅顺	216
shi zhong	时钟	216
wang ji	旺季	216
xing deng	星等	216
you bu zhou	有步骤	216
mo liao	末了	216
li jia tu	李嘉图	216
jiao zheng	校正	216
ju	椈	216
huan xin	欢心	216
qi ji bai huai	气急败坏	216
hun zhuo	浑浊	216
qing you	清幽	216
tuan ji	湍急	216
rong dong	溶洞	216
chi	炽	216
re huo	热火	216
pan chan	盘缠	216
xiang sheng	相声	216
shi liang	矢量	216
qi lian shan	祁连山	216
ben zhong	笨重	216
suan bu de	算不得	216
jin tie	紧贴	216
bian ji bu	编辑部	216
zi shi	自恃	216
he bao	荷包	216
dong zhuo	董卓	216
qiang wei	蔷薇	216
cang yu	藏语	216
fan zhen	藩镇	216
qiu ran	虬髯	216
xue shu	血书	216
bu que	补缺	216
biao ge	表格	216
yu sheng	语声	216
zhuan jiao	转交	216
jin guo	金国	216
jin lun fa	金轮法	216
jin ji	金鸡	216
zha	铡	216
men wei	门卫	216
zhen jiao	阵脚	216
ling dai	领带	216
ji huang	饥荒	216
gao xing neng	高性能	216
po li	魄力	216
ge	鸽	216
yi ju yi dong	一举一动	215
yi er jiu	一二九	215
san chu	三处	215
shi jie ji lu	世界纪录	215
ju bei	举杯	215
xiu xiang	休想	215
hui zhan	会展	215
bing ying	兵营	215
nei xiang	内向	215
jian feng	剑锋	215
dong qing	动情	215
nan chao xian	南朝鲜	215
yin fa	印发	215
ye ting	叶挺	215
he hu	呵护	215
pen quan	喷泉	215
si ju	四句	215
guo jun	国君	215
hao wan	好玩	215
xiang zhan	巷战	215
ping jia	平价	215
gou	彀	215
xing er shang xue	形而上学	215
zhong xin geng geng	忠心耿耿	215
pu bi	扑鼻	215
zhao hui	找回	215
hui huo	挥霍	215
dan	掸	215
zheng jie	政界	215
zhuo	斫	215
ang ran	昂然	215
you wei	有违	215
ji cang	机舱	215
yang er	样儿	215
chen men	沉闷	215
xiao fei zi liao	消费资料	215
hua bing	滑冰	215
zao	澡	215
huan zhuang	环状	215
bai sui	百岁	215
zhi di	直抵	215
miao zhun jing	瞄准镜	215
gui suan yan	硅酸盐	215
tan shui hua he wu	碳水化合物	215
zu fu mu	祖父母	215
cheng xian sheng	程先生	215
ji	笈	215
di si ge	第四个	215
suo e tu	索额图	215
jie xia	结下	215
chuo	绰	215
jian mo	缄默	215
suo shui	缩水	215
lao wang	老王	215
lao zu zong	老祖宗	215
zi bei	自卑	215
su xing	苏醒	215
xiao zhong hui	萧中慧	215
xi wei	西魏	215
jian xiao	见效	215
jie	诫	215
ze wu pang dai	责无旁贷	215
da er wen	达尔文	215
xuan ren	选人	215
zui xin	醉心	215
hong	闳	215
fu cheng men	阜成门	215
ge ming pai	革命派	215
gu zi li	骨子里	215
huang pu	黄埔	215
yi liu	一溜	213
wan kuai	万块	213
san wu cheng qun	三五成群	213
bu shen	不慎	213
zhuan ji	专机	213
zhu cai pan	主裁判	213
dian hu	佃户	213
li zheng	例证	213
su yu	俗语	213
jia yi	假意	213
tou kan	偷看	213
dang xiao	党校	213
gong fen	公愤	213
nei han	内含	213
ji da	击打	213
fen zang	分赃	213
qian yi	前移	213
li bu cong xin	力不从心	213
qu shi	取士	213
ming yang	名扬	213
tun tun tu tu	吞吞吐吐	213
gao fa	告发	213
sai wai	塞外	213
xia dai	夏代	213
duo gua	多寡	213
da shen	大婶	213
da ji	大计	213
shou fa	守法	213
ding jing	定睛	213
dui jie	对接	213
dui sheng	对生	213
xiao de zi	小德子	213
ba tian shi	巴天石	213
ping jiang	平江	213
zhang shi cheng	张士诚	213
xiang de dao	想得到	213
jie ting	接听	213
di shi	敌视	213
jiao zhi gong	教职工	213
shu lun	数论	213
zheng zuo	整座	213
xin gu	新股	213
wu jun	无菌	213
jin cha ji jun qu	晋察冀军区	213
ji tou	机头	213
sha qi teng teng	杀气腾腾	213
li shi shi	李师师	213
song xie	松懈	213
pan	槃	213
tang jia	汤加	213
fa xin she	法新社	213
mie jun	灭菌	213
lu huo chun qing	炉火纯青	213
shan	煽	213
shang	熵	213
te zhi	特质	213
du zi	独资	213
shen	珅	213
ban shang	班上	213
pi dai	皮带	213
zhi liu dian	直流电	213
hong mei	红梅	213
ji yu	给与	213
zhui	缒	213
mei hua	美化	213
hua cong	花丛	213
huo shi	获释	213
xie fa	解法	213
chu mu jing xin	触目惊心	213
gai si	该死	213
shuo bu shang	说不上	213
huo chu	豁出	213
xiang zheng xing	象征性	213
qing wu qi	轻武器	213
bi yun yao	避孕药	213
li jian	里间	213
pian	鍂	213
ding	鐤	213
ji ti jing ji	集体经济	213
huo po zi	霍婆子	213
ge zhi	革职	213
ding peng	顶棚	213
gao chang	高唱	213
mei	魅	213
yi ren	一任	212
shi jie yin hang	世界银行	212
dong duan	东段	212
diu ren	丢人	212
qi shi ye	企事业	212
he wei	何为	212
qiao min	侨民	212
xian dao	先导	212
xie zi lou	写字楼	212
fen song	分送	212
bie zhi	别致	212
ci tong	刺痛	212
sheng xue	升学	212
bian xing	变性	212
chui xu	吹嘘	212
shi hao	嗜好	212
fu fang	复方	212
duo zhi	多只	212
bao ji	宝鸡	212
jiang xiao	将校	212
ju li	居里	212
chang tai	常态	212
kai feng fu	开封府	212
song yong	怂恿	212
nu tao	怒涛	212
en gong	恩公	212
en de	恩德	212
cheng gui	成规	212
ba men	把门	212
chou shen	抽身	212
tui jie	推介	212
gai ren	改任	212
jiao tiao zhu yi	教条主义	212
zheng gai	整改	212
zheng bian	整编	212
wu hua ke shuo	无话可说	212
ang shou	昂首	212
pu tian zhi xia	普天之下	212
chao jian	朝见	212
guo zhi	果汁	212
zhi tiao	枝条	212
qiang guan	枪管	212
cha wen	查问	212
wu wei	武威	212
du chong	毒虫	212
shui chi	水池	212
qiu sheng	求生	212
bo shi dun	波士顿	212
rong jie du	溶解度	212
tao tao bu jue	滔滔不绝	212
shao shang	烧伤	212
you lai	由来	212
tong da	痛打	212
yu	盂	212
zhi shuo	直说	212
ju	矩	212
zhong zhi yuan	种植园	212
tu po xing	突破性	212
su miao	素描	212
su ri	素日	212
xie	绁	212
ji bu	缉捕	212
gang	罡	212
ku zhong	苦衷	212
jing ji	荆棘	212
meng ge	蒙哥	212
jia	袷	212
xi yi	西医	212
xi hong shi	西红柿	212
xin la	辛辣	212
liao yang	辽阳	212
po bu de yi	迫不得已	212
po zai mei jie	迫在眉睫	212
du wei	都尉	212
zhai	鉙	212
jian shang	鉴赏	212
zhang jiao	长脚	212
men shuan	门闩	212
xian ren	闲人	212
chang	阊	212
ling jun	领军	212
gao xia	高下	212
hei sha	黑纱	212
san bao	三宝	211
shang su	上诉	211
dong lin	东林	211
dong yang	东洋	211
shu ming	书名	211
hu lian	互联	211
gong hui	公会	211
jun bing zhong	军兵种	211
liu yu	刘裕	211
shi zi	十字	211
fan wen	反问	211
chui zou	吹奏	211
fu he cai liao	复合材料	211
tai bai	太白	211
ao si man	奥斯曼	211
wei er xun	威尔逊	211
xu	婿	211
fu shu	富庶	211
han liu	寒流	211
jin zhong	尽忠	211
xun hui	巡回	211
wu shi	巫师	211
xin qie	心切	211
huo	惑	211
cheng qi wei	成其为	211
zhao kao	招考	211
ting zhi	挺直	211
huan xia	换下	211
yuan bing	援兵	211
da jiu	搭救	211
lu	擄	211
pan deng	攀登	211
jing xian	敬献	211
zheng xing	整形	211
wen tian xiang	文天祥	211
shi zheng	时政	211
po dao	朴刀	211
shu mi shi	枢密使	211
ku jie	枯竭	211
zheng ru	正如	211
si zui	死罪	211
qi dong	气动	211
mo luo	没落	211
hai xiao	海啸	211
zhu huo	烛火	211
zhou mei tou	皱眉头	211
pan ju	盘踞	211
zhen wei	真伪	211
yan jiu zhe	研究者	211
xiao	硝	211
ji tan	祭坛	211
tu ran xi ji	突然袭击	211
zhu tong	竹筒	211
di er lei	第二类	211
ying su	罂粟	211
luo cheng	罗城	211
zhi ye bing	职业病	211
mian tian	腼腆	211
zi fei	自费	211
chuan wu	船坞	211
su nan	苏南	211
pu tao yuan	葡萄园	211
chong zi	虫子	211
jue qiao	诀窍	211
qing rou	轻柔	211
xun se	逊色	211
tu jing	途经	211
suan tong	酸痛	211
zhen tong	镇痛	211
jing zuo	静坐	211
xiang lian	项链	211
gao si	高斯	211
li man	黎曼	211
san cha ji	三叉戟	210
san zhi	三支	210
san bu	三部	210
zhong guo tai wan	中国台湾	210
zhu chan	主产	210
er ge	二个	210
wei ren	伟人	210
he zhi	何止	210
guang yao	光耀	210
dian gu	典故	210
qian lu	前路	210
shi	匙	210
fan dang	反党	210
fa she guan	发射管	210
zhui luo	坠落	210
yuan	塬	210
da yi	大义	210
da lu xing	大陆性	210
jiang bei	奖杯	210
dui bai	对白	210
zun xing	尊姓	210
chang dao	尝到	210
shi fa	师法	210
wang	徃	210
xu xiang qian	徐向前	210
wei feng	微风	210
bi jing zhi lu	必经之路	210
da zhe	打折	210
tan zhao deng	探照灯	210
ti xin diao dan	提心吊胆	210
shou cheng	收成	210
wu sheng wu xi	无声无息	210
geng jin yi bu	更进一步	210
xu	歔	210
du si	毒死	210
shui jing	水井	210
zhi shui	治水	210
hong sheng hai	洪胜海	210
fu you	浮游	210
fu zao	浮躁	210
you tan zhi	游坦之	210
lou dou	漏斗	210
pian zi	片子	210
gua guo	瓜果	210
zhi she	直射	210
ai shi	碍事	210
di yi ju	第一句	210
chou bei hui	筹备会	210
fen zhuang	粉状	210
jing sui	精髓	210
yue he	约合	210
di yue guo	缔约国	210
xian	羡	210
pin li	聘礼	210
fei bu	肺部	210
zi zhong	自重	210
jian zhi	舰只	210
chuan chang	船厂	210
liang zhong	良种	210
xin	衅	210
gun	衮	210
xi xian	西线	210
qi yi	起疑	210
zhou cheng	轴承	210
shu ye	输液	210
guo qi	过期	210
mi wang	迷惘	210
zhi	郅	210
niang	酿	210
zuan	鑽	210
shou ren	首任	210
ma he	马赫	210
bu ya yu	不亚于	209
bu yu	不育	209
chu	亍	209
wu nian ji hua	五年计划	209
ren shi bu	人事部	209
fu ji	伏击	209
zhai wu ren	债务人	209
pian ai	偏爱	209
liu xiang	六项	209
zai zhe	再者	209
fen jie xian	分界线	209
qie xiao	切削	209
zhi ge	制革	209
can yan	参演	209
si ma qian	司马迁	209
ge ge ji po	各个击破	209
ting xin	听信	209
shang zhou	商州	209
hui cheng	回城	209
tuan yuan	团圆	209
tuan ju	团聚	209
gu tai	固态	209
tan ta	坍塌	209
zuo biao xi	坐标系	209
bu	埠	209
duo quan	夺权	209
ru chu	如初	209
an shang	安上	209
dui shi	对视	209
zun jia	尊驾	209
kai sai	开赛	209
dan wan	弹丸	209
cai tu	彩图	209
huai	徊	209
yu zhi	御制	209
zhi qi	志气	209
tong	恸	209
che chu	撤除	209
jiao hua	教化	209
xin wen gao	新闻稿	209
wu shi	无视	209
ming bai zhe	明摆着	209
fu qi	服气	209
qi ya	欺压	209
ce ju	测距	209
qian wang jing	潜望镜	209
ling dong	灵动	209
lian gang	炼钢	209
ai dai	爱戴	209
niu jin da xue	牛津大学	209
du zhan	独占	209
ma li ya	玛利亚	209
huan bao	环抱	209
liu dai	留待	209
bai yu	百余	209
kan shang	看上	209
ying bi	硬币	209
li pao	礼炮	209
di yi liu	第一流	209
di ba zhang	第八章	209
xi ze	细则	209
xi mi	细密	209
ba shou	罢手	209
chang wei	肠胃	209
ye xia	腋下	209
chuan shen	船身	209
jia	茄	209
xun zi	荀子	209
pu ti	菩提	209
ying fang	营房	209
pang xie	螃蟹	209
tao jia huan jia	讨价还价	209
mou qu	谋取	209
zhen ji	赈济	209
qi luo	起落	209
dun	趸	209
lu duan	路段	209
shen fu	身负	209
zi zhong	辎重	209
xun	迅	209
yin se	银色	209
bi guan	闭关	209
e du	额度	209
feng fan	风范	209
fei yan	飞檐	209
yi tan	一摊	208
san fen qiu	三分球	208
san ju	三句	208
bu kan she xiang	不堪设想	208
dong wei	东魏	208
diu lian	丢脸	208
wei shu bu duo	为数不多	208
wu shi nian	五十年	208
jiao cha dian	交叉点	208
shang bing	伤病	208
ti tai	体态	208
shi yan se	使眼色	208
xian min	先民	208
yang zi	养子	208
qian pu hou ji	前仆后继	208
quan jie	劝解	208
le suo	勒索	208
luan xing	卵形	208
fa ya	发芽	208
liao	叾	208
chi shui	吃水	208
chui feng hui	吹风会	208
jiu	咎	208
ka fei guan	咖啡馆	208
shang wu yin shu guan	商务印书馆	208
wei zhui	围追	208
di re	地热	208
gu ling ling	孤零零	208
hai tong	孩童	208
zuo shou	左首	208
chang liang	常量	208
ping ju	平局	208
ping xi wang	平西王	208
nian shi yi gao	年事已高	208
nian hao	年号	208
ying dui	应对	208
yi di	异地	208
qing jing	情境	208
hu hang	护航	208
kun qu	昆曲	208
sha shang li	杀伤力	208
li qiu shui	李秋水	208
cun gan bu	村干部	208
ji hua	极化	208
ji zuo	极左	208
wei gan	桅杆	208
qi gong	气功	208
qi du	气度	208
sha chang	沙场	208
guan shu	灌输	208
du zun	独尊	208
qin sheng	琴声	208
dian bo	电波	208
pi fa	疲乏	208
shen zhi	神志	208
qiu feng	秋风	208
zhong cai	种菜	208
cheng zuo	称做	208
na jian	纳谏	208
xi bao he	细胞核	208
tong shuai bu	统帅部	208
huan xing	缓刑	208
lao tian	老天	208
lian he ti	联合体	208
zi you dang	自由党	208
ying yang su	营养素	208
xu dian chi	蓄电池	208
jie pou xue	解剖学	208
jing wei dui	警卫队	208
shuo bu qing chu	说不清楚	208
pei lv	赔率	208
qing miao dan xie	轻描淡写	208
qing piao piao	轻飘飘	208
bian ming	辨明	208
bian zheng wei wu zhu yi	辩证唯物主义	208
jin gong	进贡	208
tou xi	透析	208
tang	镗	208
jian ju	间距	208
chen zheng de	陈正德	208
ya zhi	雅致	208
ge ming xing	革命性	208
gu zao	鼓噪	208
yi ming wu hu	一命呜呼	207
yi tian tian	一天天	207
yi se	一色	207
xia tai	下台	207
zhong yang hong jun	中央红军	207
wu se	五色	207
zhang yi	仗义	207
ci	伺	207
shi bu de	使不得	207
shi tuan	使团	207
shi li	侍立	207
yang xin dian	养心殿	207
leng dong	冷冻	207
leng kong qi	冷空气	207
liu jian chao	刘建超	207
zhi pian chang	制片厂	207
qian ting	前厅	207
quan wei	劝慰	207
ban cheng	办成	207
bao xiang	包厢	207
he bian	合编	207
he jin gang	合金钢	207
shou piao	售票	207
shi ren	士人	207
she wang	奢望	207
shou hou	守候	207
xiao tou	小偷	207
xiao fen dui	小分队	207
zhou jun	州郡	207
xi qi	希奇	207
xing mao	形貌	207
yuan qi	怨气	207
e xing	恶行	207
jing xian	惊险	207
cuo ci	措辞	207
gen zhi	根治	207
ou mei	欧美	207
shui bian	水边	207
qiu yuan	求援	207
zhu jie	注解	207
xi di	洗涤	207
pai zhu	派驻	207
ji zhou	济州	207
shen ceng ci	深层次	207
jian ci	渐次	207
wen shui	温水	207
ni	溺	207
huo qi	火气	207
zhao chang	照常	207
wang fu jing	王府井	207
piao	瓢	207
sheng tie	生铁	207
di yi lun	第一轮	207
jian yao	简要	207
peng	篷	207
jin cou	紧凑	207
jin gen	紧跟	207
xi fen	细分	207
jue ji	绝迹	207
lv ye	绿叶	207
zhi zhi bu li	置之不理	207
lian he guo an li hui	联合国安理会	207
she fang	设防	207
gui	诡	207
kuang	诳	207
shuo fu li	说服力	207
ni liu	逆流	207
na wan	那晚	207
cuan	鑹	207
tie zha lan	铁栅栏	207
yang zi	阳子	207
ya si	雅思	207
ding jian	顶尖	207
yi nian yi du	一年一度	205
xia ren	下人	205
xia zhi	下肢	205
chou wen	丑闻	205
zhong yang yan jiu yuan	中央研究院	205
dan dong	丹东	205
qiao shi	乔石	205
er shi ge	二十个	205
er shi li	二十里	205
kui de	亏得	205
ji	亟	205
jiao tong bu	交通部	205
dai shu xue	代数学	205
di mi	低迷	205
zuo da	作答	205
ru chang	入场	205
gong tong	共通	205
chu qiao	出鞘	205
ji po	击破	205
fen bu qu	分布区	205
ban dao	办到	205
wei sheng yuan	卫生院	205
gu sheng dai	古生代	205
zhou chao	周朝	205
pin lei	品类	205
zhe xue shi	哲学史	205
pen qi shi	喷气式	205
cong	囪	205
quan ding	圈定	205
ji ben mian	基本面	205
da dong	大洞	205
ding yuan	定远	205
xiao hai er	小孩儿	205
xiao xi	小溪	205
chong guang	崇光	205
song	嵩	205
ju lun	巨轮	205
man	幔	205
yi hua	异化	205
dang zhi	当值	205
wei ji fen	微积分	205
hui	恚	205
jing huang shi cuo	惊慌失措	205
wei du	惟独	205
gan en	感恩	205
zhi piao	支票	205
fu tou	斧头	205
xin xue	新学	205
jin ji lu yu	晋冀鲁豫	205
you sun	有损	205
jiu	柩	205
xiao she	校舍	205
heng shu	横竖	205
si nan	死难	205
mei chang	每场	205
bo yin gong si	波音公司	205
ni ning	泥泞	205
fu chu	浮出	205
xiang gan	湘赣	205
hui bai	灰白	205
shen zhi yu	甚至于	205
bai he	百合	205
sui lie	碎裂	205
shen wei	神威	205
zhong di	种地	205
xi bo	稀薄	205
ce ying	策应	205
pai	簲	205
hong niang	红娘	205
jing bu qi	经不起	205
bang jia	绑架	205
qi li	绮丽	205
wei ai	胃癌	205
shi er bu jian	视而不见	205
du xie	读写	205
xiang qi	象棋	205
bei ning	贝宁	205
bai tui	败退	205
fan zi	贩子	205
sai qu	赛区	205
zao jia	造假	205
jiu rou	酒肉	205
jin bing	金兵	205
kao	铐	205
duan	锻	205
gao qiang	高强	205
e yu	鳄鱼	205
yi sheng bu xiang	一声不响	204
yi bei	一辈	204
xia du shou	下毒手	204
shi mian	世面	204
zhong yuan di qu	中原地区	204
zhu jian	主见	204
er pao	二炮	204
fu hai feng	付海峰	204
xian qi	仙器	204
zuo yi	作揖	204
bao jian pin	保健品	204
liu pin	六品	204
nei xian	内线	204
xie shi	写实	204
leng qing	冷清	204
tu xian	凸显	204
gou yin	勾引	204
bei an	北安	204
yi ke	医科	204
shi yu wan	十余万	204
yuan sheng	原生	204
ke chi	可耻	204
you an	右岸	204
wu yue	吴越	204
yuan e	员额	204
ka si te	喀斯特	204
si qi	四起	204
fu yin	复印	204
da bu liao	大不了	204
da fan	大凡	204
da chong	大虫	204
yan	妍	204
an quan gan	安全感	204
ji cun	寄存	204
xiao tui	小腿	204
wu jiao	屋角	204
feng ding	峰顶	204
guai shi	怪事	204
zong xian	总线	204
zhan	惉	204
hui pu	惠普	204
chou yang	抽样	204
pie xia	撇下	204
wen dang	文档	204
si tu jia te	斯图加特	204
za luan	杂乱	204
li guo xiang	李国香	204
han gao zu	汉高祖	204
liu lian wang fan	流连忘返	204
fu qiao	浮桥	204
shen cang	深藏	204
xuan wo	漩涡	204
ling qiao	灵巧	204
xiong ci lv	熊赐履	204
yu di	玉帝	204
nan fang	男方	204
wei qie	畏怯	204
bai xiao wen	白孝文	204
pan xi	盘膝	204
kan zuo	看做	204
li jia	离家	204
di yi nian	第一年	204
xian quan	线圈	204
qiao shou	翘首	204
fan zhuan	翻转	204
lao si	老四	204
lao chen	老臣	204
yi	胰	204
jie lv	节律	204
chan chu	蟾蜍	204
xue rou	血肉	204
dai zi	袋子	204
shi zuo	视作	204
tan lian ai	谈恋爱	204
pin nong	贫农	204
gan nan	赣南	204
lu tou	路透	204
ta ru	踏入	204
tui zou	退走	204
shao	邵	204
yu	郁	204
xian	酰	204
ku xing	酷刑	204
jian xie	间歇	204
xiong feng	雄风	204
ge ming zhe	革命者	204
ye yan	页岩	204
shi guan	食管	204
shi jin	驶进	204
gui guai	鬼怪	204
san qi	三期	203
liang tao	两套	203
liang gu	两股	203
yan zhong zhe	严重者	203
ya dang	亚当	203
fu zhi yi ju	付之一炬	203
yang tou	仰头	203
shi feng	侍奉	203
ling chi	凌迟	203
jian huan	减缓	203
fen zhi	分值	203
ge rang	割让	203
lao mo	劳模	203
bei chao	北朝	203
fa luo	发落	203
shou pian	受骗	203
diao yan	吊唁	203
tong xiang	同乡	203
shang ji	商机	203
guo zi jian	国子监	203
ji ben fa	基本法	203
da zi bao	大字报	203
shen an	审案	203
bin zhu	宾主	203
liao liao	寥寥	203
dui liu	对流	203
qian ru	嵌入	203
nian qing li zhuang	年轻力壮	203
gui shun	归顺	203
wei ji	微机	203
yuan yan	怨言	203
jing jue	惊觉	203
zhua huo	抓获	203
bai fo	拜佛	203
cha hua	插话	203
cha ye	插页	203
jiao zhi yuan	教职员	203
wu xu	无序	203
zhou	昼	203
qing lang	晴朗	203
you zhao yi ri	有朝一日	203
jian cha guan	检察官	203
gan lan	橄榄	203
qian yi	歉意	203
hui shang	毁伤	203
fa lang	法郎	203
yang qiang	洋枪	203
hong fu ren	洪夫人	203
piao yi	漂移	203
fu xi	父系	203
wu hua	物化	203
hu po	琥珀	203
chang you	畅游	203
xiao	皢	203
kan ba	看吧	203
jin	矜	203
bi ming	笔名	203
di si dai	第四代	203
ce ma	策马	203
zong guan	纵观	203
liu	绺	203
ye lv hong ji	耶律洪基	203
dan nang	胆囊	203
neng bi	能比	203
neng jian du	能见度	203
ying zhang	营帐	203
shuai bai	衰败	203
xi jiao	西郊	203
ji mou	计谋	203
lun bian	论辩	203
zheng jian hui	证监会	203
yi	谊	203
kua shi ji	跨世纪	203
che dao	车道	203
jin jian	进谏	203
tao huang	逃荒	203
tong xiao	通晓	203
tong ji ling	通缉令	203
tie kuang shi	铁矿石	203
nao shi qu	闹市区	203
dui lie	队列	203
yin han	隐含	203
xiong hun	雄浑	203
shun li cheng zhang	顺理成章	203
shou yan	首演	203
wan neng	万能	202
san ya	三亚	202
liang cheng	两城	202
zhong guo dian xin	中国电信	202
zhong yong	中庸	202
liao bu de	了不得	202
wu sui	五岁	202
wu tiao	五条	202
shang zhe	伤者	202
di ai	低矮	202
yi zhang	依仗	202
liao	僚	202
guang tou	光头	202
ru gu	入股	202
gong zhu dao	公主道	202
jun qi	军器	202
ji qiu	击球	202
lie dui	列队	202
wu xu	务须	202
mai fang	卖方	202
li shi xue	历史学	202
fa ma	发麻	202
tong zhong	同种	202
xu	呴	202
ge lun bi ya da xue	哥伦比亚大学	202
si tian	四天	202
ji jian	基建	202
shang	墒	202
he	壑	202
chu jue	处决	202
hao yi	好意	202
yu hang	宇航	202
chi zi	尺子	202
qi gan	岂敢	202
zuo leng chan	左冷禅	202
bang hui	帮会	202
ying da	应答	202
yin zhi	引致	202
huan shang	患上	202
ci xiang	慈祥	202
cheng ren	成仁	202
pao zhi	抛掷	202
qiang zou	抢走	202
hu you	护佑	202
hu li ye	护理液	202
she zhi	摄制	202
qing	擎	202
di qing	敌情	202
qi mo	期末	202
an juan	案卷	202
chu	櫉	202
zhao	沼	202
fan zhi	泛指	202
you ting	游艇	202
deng ta	灯塔	202
re qie	热切	202
bei	焙	202
fu lao	父老	202
zhu mu lang ma feng	珠穆朗玛峰	202
teng	痋	202
bai yu	白玉	202
bai shi	百十	202
kan de jian	看得见	202
shi xiang	石像	202
kong kong	空空	202
li	笠	202
zu jian	组件	202
beng dai	绷带	202
lao da nan	老大难	202
lao zu	老祖	202
tun qi	臀鳍	202
se diao	色调	202
yao ji	药剂	202
pu tuan	蒲团	202
biao shuai	表率	202
ping jiang	评奖	202
du qian	赌钱	202
da er ba	达尔巴	202
zun yi	遵义	202
zhuo	酌	202
jiu shi	酒食	202
chen bo da	陈伯达	202
piao piao	飘飘	202
yu	驭	202
shu	黍	202
long shan wen hua	龙山文化	202
san wan duo	三万多	201
liang san tian	两三天	201
zhong yang yin hang	中央银行	201
wu la er	乌拉尔	201
er shi jiu nian	二十九年	201
jiao dao	交到	201
ren sheng guan	人生观	201
ling li	伶俐	201
xin han	信函	201
xiu dao	修道	201
zhi de yi ti de shi	值得一提的是	201
ke li te dao	克里特岛	201
bing zhong	兵种	201
nei he	内核	201
nei ran ji	内燃机	201
ao xian	凹陷	201
fen fa	分发	201
fen ceng	分层	201
qian yuan	前缘	201
nan zheng	南征	201
yuan you	原由	201
kou cai	口才	201
ge hang ge ye	各行各业	201
shang tan	商谈	201
hui liu	回流	201
guo tai min an	国泰民安	201
guo chi	国耻	201
di zhi xue jia	地质学家	201
duo qian mi	多千米	201
da xing	大兴	201
tai xue	太学	201
nv lan	女篮	201
hao hai zi	好孩子	201
xian yi ren	嫌疑人	201
zi si	子嗣	201
yi yu	宜于	201
xiao ting	小艇	201
tu zai	屠宰	201
shan cun	山村	201
nie	帇	201
xin ji	心悸	201
xing xian	性腺	201
cheng cai	成才	201
kang yang hua ji	抗氧化剂	201
na	捺	201
si hui	撕毁	201
shu shi ming	数十名	201
zheng dang	整党	201
pang men	旁门	201
wu dong yu zhong	无动于衷	201
wu suo wei ju	无所畏惧	201
shi xia	时下	201
shang wu	晌午	201
you jia zheng quan	有价证券	201
you ji zhi	有机质	201
ben zhou	本州	201
tong	桐	201
kan	槛	201
ying hua	樱花	201
zhi tong	止痛	201
hao mao	毫毛	201
fa zheng	法政	201
si	泗	201
liu min	流民	201
liu sha	流沙	201
hai lu	海陆	201
ai sha ni ya	爱沙尼亚	201
suan	狻	201
wang xi jue	王锡爵	201
shou rou jing	瘦肉精	201
bai ge	百个	201
xiang ti bing lun	相提并论	201
zhen di	真谛	201
hui	睳	201
shun shi	瞬时	201
zu dian	租佃	201
long zi	笼子	201
su su	簌簌	201
mi lan	糜烂	201
hong xia	红霞	201
ju luo	聚落	201
neng shou	能手	201
cao ni	草拟	201
cao cao	草草	201
he lan dui	荷兰队	201
bo cai	菠菜	201
kui	葵	201
shi wang mo	视网膜	201
rang wei	让位	201
qing shen	轻身	201
shu ying	输赢	201
wei zhang	违章	201
lian fa	连发	201
ni zei	逆贼	201
tong jian	通奸	201
zhong zhe	重者	201
jin qiu	金秋	201
chang an cheng	长安城	201
yue bing shi	阅兵式	201
he	颌	201
xiang lan	香兰	201
gao lou	高楼	201
xian huo	鲜活	201
yi bai tu di	一败涂地	200
zhong guo nv dui	中国女队	200
zhong guo ri bao	中国日报	200
cheng chuan	乘船	200
gu zhi	估值	200
qin rao	侵扰	200
bao you	保有	200
yu da you	俞大猷	200
qing zhu	倾注	200
guang ming lei luo	光明磊落	200
gong zhen	共振	200
lin	冧	200
liang shui	凉水	200
dong ting	动听	200
bao lan	包揽	200
qian yu	千余	200
gu bao	古堡	200
ming yi	名医	200
wu xin gang	吴新刚	200
guo lv	国旅	200
wai yong	外用	200
duo ceng ci	多层次	200
da hua	大华	200
kong miao	孔庙	200
shen pan guan	审判官	200
ke dui	客队	200
jia chang	家常	200
she zhong	射中	200
xiao min	小民	200
shu di	属地	200
bu er shi wei ke	布尔什维克	200
shi cheng	师承	200
nian hua	年画	200
gui gen jie di	归根结底	200
bi yao lao dong	必要劳动	200
cheng quan	成全	200
zhi zheng zhe	执政者	200
zhi nan zhen	指南针	200
bing qi	摒弃	200
jiao lian yuan	教练员	200
lv jiao hui	旅交会	200
wu fang	无妨	200
bao feng yu	暴风雨	200
li tie	李铁	200
kai mo	楷模	200
kuan shi	款式	200
qi pao	气泡	200
qing yuan zi	氢原子	200
han mu	汉墓	200
shen shi zhu	沈士柱	200
da	沓	200
fa ren gu	法人股	200
bo en	波恩	200
shen shui	渗水	200
gang qu	港区	200
wan	烷	200
fen xiang	焚香	200
meng shou	猛兽	200
chang kuai	畅快	200
bing jun	病菌	200
deng men	登门	200
dun pai	盾牌	200
du jun	督军	200
chan zong	禅宗	200
si shu	私塾	200
na shui ren	纳税人	200
huan huan de	缓缓的	200
zhi huan	置换	200
lao gong gong	老公公	200
hu yan luan yu	胡言乱语	200
jiao lou	角楼	200
yan tan	言谈	200
tiao shi	调试	200
zhao shi yan	赵世炎	200
ruan ruan	软软	200
chuo	辍	200
zao xue	造血	200
du jiang yan	都江堰	200
li wai	里外	200
biao shi	镖师	200
a er ka te	阿尔卡特	200
nan shuo	难说	200
yu shen	预审	200
lu	颅	200
gao er ji	高尔基	200
ying wu	鹦鹉	200
long yan	龙眼	200
yi qian duo nian	一千多年	199
yi zi pai kai	一字排开	199
zhuan an zu	专案组	199
dong hai an	东海岸	199
zhu guan zhu yi	主观主义	199
ya zhong	亚种	199
di su	低速	199
yan	偃	199
tong	僮	199
yuan yin	元音	199
chong xue	充血	199
jing tu	净土	199
chuang chu	创出	199
li luo	利落	199
jia li fu ni ya zhou	加利福尼亚州	199
wo long	卧龙	199
yuan xing ji	原型机	199
qu nian di	去年底	199
si la xu	司拉绪	199
he zhu	合著	199
tong hua	同化	199
shua	唰	199
guo bie	国别	199
gui ya na	圭亚那	199
jian chi bu xie	坚持不懈	199
mo xi ge cheng	墨西哥城	199
shi shen	士绅	199
ren	壬	199
duo gen	多根	199
da guan	大关	199
tian de	天德	199
fen bu gu shen	奋不顾身	199
hao ji nian	好几年	199
hun pei	婚配	199
an xiang	安详	199
song yuan	宋元	199
xiao wa	小娃	199
shao xu	少许	199
ni ya	尼亚	199
shan shui hua	山水画	199
cha yi dian	差一点	199
xin xing	心性	199
zong jia zhi	总价值	199
en yuan	恩怨	199
da xiao	打消	199
ba xi	把戏	199
zhao xiang	招降	199
cuo zhi	措置	199
xin yi	新意	199
qi	旂	199
xian shi ping	显示屏	199
wan sheng	晚生	199
mu lan	木兰	199
ben ji	本纪	199
zhu xian sheng	朱先生	199
zhu que	朱雀	199
zheng zhong jian	正中间	199
qi xiang xue	气象学	199
tai shan dui	泰山队	199
hai yang xing qi hou	海洋性气候	199
jin run	浸润	199
shi lu lu	湿漉漉	199
zai huo	灾祸	199
ju ji	狙击	199
xuan zang	玄奘	199
yong xue	用血	199
bai e ji	白垩纪	199
shi shi zi	石狮子	199
ji wen	祭文	199
mi shu chu	秘书处	199
chou ma	筹码	199
jin sui	紧随	199
hong wai xian	红外线	199
mei meng	美梦	199
hu luo bo su	胡萝卜素	199
zi chi	自持	199
yue qian	跃迁	199
pei	辔	199
guo hu	过户	199
deng bai chuan	邓百川	199
bi su	鄙俗	199
ji zhong ying	集中营	199
gao er fu	高尔夫	199
gong	龚	199
san deng jiang	三等奖	198
bu jing qi	不景气	198
dong an	东安	198
liang sui	两岁	198
shi fa	事发	198
chuan dan	传单	198
jia zuo	佳作	198
xiang yang	像样	198
mian zhi	免职	198
jun liang	军粮	198
ji yang	几样	198
wan	剜	198
jia gong ye	加工业	198
yi hu	医护	198
can yu zhe	参与者	198
can yi yuan	参议员	198
shuang qu gong qiao	双曲拱桥	198
ji pu	吉普	198
duo	咄	198
ji chu jiao yu	基础教育	198
jing yu	境遇	198
fu wei	复位	198
wai qiao	外侨	198
wai qiang	外墙	198
wai sheng	外省	198
da lao ye	大老爷	198
yao dao	妖道	198
gong shi	宫室	198
xiao xiong di	小兄弟	198
chong wen men	崇文门	198
pei	嶏	198
gong ye ge ming	工业革命	198
shi jing	市井	198
di zi	底子	198
tu ran	徒然	198
shu	戍	198
hu shen	护身	198
shou yang	收养	198
jing li	敬礼	198
shu chi	数尺	198
zheng zheng qi qi	整整齐齐	198
dou peng	斗篷	198
xin niang zi	新娘子	198
wu hai	无害	198
jiu shi	旧时	198
xu ri	旭日	198
ming si ke	明斯克	198
ming ying zong	明英宗	198
you zhong	有种	198
you yuan	有缘	198
zhu gao xu	朱高煦	198
lin xiao fang	林小芳	198
ping	枰	198
wu yi shan	武夷山	198
mao gu song ran	毛骨悚然	198
zhang	漳	198
lao sao	牢骚	198
du sheng zi nv	独生子女	198
yu jia	瑜伽	198
bing zheng	病症	198
jiao zheng	矫正	198
ke shi	科室	198
zu yong	租用	198
chen zhi	称职	198
zi shi zhi zhong	自始至终	198
zi da	自打	198
zhou shan	舟山	198
su e	苏俄	198
mo bu shi	莫不是	198
ji zhou	蓟州	198
xi ping	西平	198
chu shou	触手	198
ping wei	评委	198
shi wen	试问	198
fan du	贩毒	198
yu yue	逾越	198
dou xing	都行	198
xian an	酰胺	198
cai mei	采煤	198
zhong pao	重炮	198
pu zi	铺子	198
ba quan zhu yi	霸权主义	198
ge ming jun	革命军	198
ju gong	鞠躬	198
jing chui	颈椎	198
e niang	额娘	198
gao shen	高深	198
gao zu	高祖	198
dong jiang	东江	196
sang quan ru guo	丧权辱国	196
wu huan	乌桓	196
jiu chong	九重	196
chuan yi	传译	196
shang ba	伤疤	196
xiu shi	修饰	196
xian zhi	先知	196
ran	冉	196
liang qi	凉气	196
li hao	利好	196
quan jian	劝谏	196
jia lei bi	加勒比	196
wu nong	务农	196
qian qian wan wan	千千万万	196
fan bi	反比	196
shou zai	受灾	196
tong ji da xue	同济大学	196
hou zhou	后周	196
wu guo	吴国	196
peng	嘭	196
hui yin	回音	196
da ming ding ding	大名鼎鼎	196
tian ya	天涯	196
tai cang	太仓	196
xue wu	学武	196
xue jiu	学究	196
kuan hou	宽厚	196
xiao dao	小刀	196
ju shi	居室	196
gan jing	干警	196
kuo	廓	196
xin lv	心律	196
xing gong neng	性功能	196
zong lu xian	总路线	196
xi nong	戏弄	196
shou wu cun tie	手无寸铁	196
kou liu	扣留	196
tui xiang	推想	196
ye	曳	196
hang de cha	杭得茶	196
he dui	核对	196
zhi wu yuan	植物园	196
shui hu zhuan	水浒传	196
wo	沃	196
zhou ji	洲际	196
hai ling	海岭	196
hai xian	海鲜	196
lu	渌	196
wen du ji	温度计	196
you yi	游艺	196
teng	滕	196
yan chen	烟尘	196
re he	热河	196
bing zhong	病重	196
pi kai rou zhan	皮开肉绽	196
mu song	目送	196
yan li	眼力	196
shi cun shan	石存山	196
shen tong guang da	神通广大	196
mi ji	秘笈	196
duan kou	端口	196
lv di	绿地	196
zhong kuai	肿块	196
xiong qiang	胸腔	196
shu xue	腧穴	196
zi bao	自保	196
zi jue xing	自觉性	196
yun	蕴	196
su ku	诉苦	196
shuo chang	说唱	196
yu xi	豫西	196
fu zai	负载	196
zou ren	走人	196
zhao kuang yin	赵匡胤	196
zhuan gao	转告	196
zhuan jie	转接	196
yuan jian	远见	196
zun yi hui yi	遵义会议	196
fu lu	附录	196
sui dai	隋代	196
yu hou	预后	196
xiang gu	香菇	196
e	鹗	196
shang jie	上届	195
zhuan shu	专属	195
qie bu shuo	且不说	195
shi jie wei sheng zu zhi	世界卫生组织	195
shi dao	世道	195
wu yan zhang qi	乌烟瘴气	195
xiang jian	乡间	195
jiao hui	交会	195
yi ren wei ben	以人为本	195
dao shu	倒数	195
jia jie	假借	195
guan ming	冠名	195
bing bao	冰雹	195
li niao	利尿	195
ci zhong	刺中	195
gong yong	功用	195
shi liu sui	十六岁	195
hua bei ping yuan	华北平原	195
lu su	卤素	195
fan ying wu	反应物	195
ku xiao bu de	哭笑不得	195
guo lian	国联	195
da shi	大势	195
da di	大敌	195
zhi	娡	195
song wen fu	宋文富	195
jiang guan	将官	195
xiao nong	小农	195
ju zhu di	居住地	195
ju yong guan	居庸关	195
ju gao lin xia	居高临下	195
chang sheng jun	常胜军	195
you ti	幼体	195
ying zong	影踪	195
de cun jin chi	得寸进尺	195
can tong	惨痛	195
zhi dao	执导	195
fu shun	抚顺	195
chou qu	抽取	195
zhen zuo	振作	195
ti cheng	提成	195
shu ge	数个	195
qiao ji	敲击	195
wen shuo	文说	195
xin de li	新德里	195
wu wu	无误	195
mo ri	末日	195
chai cao	柴草	195
wei	桅	195
hui zong	汇总	195
cang	沧	195
ni shi liu	泥石流	195
hai mian	海绵	195
qing he	清河	195
gang ren	港人	195
kan shou suo	看守所	195
mo lian	磨练	195
shen li	神力	195
zhang da lang	章大郎	195
bi hua	笔画	195
xian	線	195
que shui	缺水	195
fan lian	翻脸	195
lao ma	老妈	195
liang ce	良策	195
tai xian	苔藓	195
mi yue	蜜月	195
guan li	观礼	195
hui xie	诙谐	195
hua er	话儿	195
tan ji	谈及	195
zou tou wu lu	走投无路	195
gan fu	赶赴	195
jiao	跤	195
che li	车里	195
lian cheng	连成	195
ku si	酷似	195
gu	锢	195
jin xiu	锦绣	195
shan xian	闪现	195
lu zhan	陆战	195
yin cha	饮茶	195
zhu jing	驻京	195
gao ke ji	高科技	195
fu	黼	195
qi bei	齐备	195
qi xing	七星	194
san shi sui	三十岁	194
shang ban ye	上半叶	194
shang cheng	上成	194
bu zheng	不争	194
shi jie fan fa xi si zhan zheng	世界反法西斯战争	194
zhong xuan bu	中宣部	194
yi ri yuan	亿日元	194
san gai	伞盖	194
e luo si lian bang	俄罗斯联邦	194
jie li	借力	194
tai	冭	194
fen she	分社	194
qian wei	前卫	194
bei ji xing	北极星	194
gui	匦	194
qian jun wan ma	千军万马	194
gu lan jing	古兰经	194
chi li	吃力	194
he er wei yi	合二为一	194
bu	哺	194
lao dao	唠叨	194
tuo ye	唾液	194
guo ying qi ye	国营企业	194
da qian	大钱	194
tian hua ban	天花板	194
tai ping yang zhan zheng	太平洋战争	194
yan yan yi xi	奄奄一息	194
qi ren	奇人	194
hao qi	好气	194
jia ren	嫁人	194
an dong ni	安东尼	194
xiao sheng	小生	194
er ba	尔巴	194
lv dai shi	履带式	194
yu	屿	194
nian bao	年报	194
fu ge sen	弗格森	194
zhang wen tian	张闻天	194
gui xiang	归降	194
gan guan	感官	194
shou dong	手动	194
zhao re	招惹	194
ni ding	拟订	194
ju	挶	194
shan yu	擅于	194
lv zhang	旅长	194
ri jun	日均	194
ming kuai	明快	194
you xian	有线	194
shu ling	树龄	194
mian bei	棉被	194
lei hen	泪痕	194
xian	涎	194
zhu ba jie	猪八戒	194
gan di	甘地	194
nve ji	疟疾	194
zhi qu	直取	194
xiang shi	相视	194
po chu	破除	194
mang	硥	194
qin dai	秦代	194
yi song	移送	194
cu lve	粗略	194
tang lei	糖类	194
xu	绪	194
qun ying	群英	194
jiao nang	胶囊	194
ge	虼	194
mao yi e	贸易额	194
die dang	跌宕	194
che ma	车马	194
chuo xue	辍学	194
mai xiang	迈向	194
luo ji xue	逻辑学	194
jin rong ye	金融业	194
chu tou	锄头	194
xiu	锈	194
jiang ji	降级	194
xian liang	限量	194
han bao ju	韩宝驹	194
gu yan wu	顾炎武	194
qi che	骑车	194
yi da	一打	193
shang juan	上卷	193
wei xian	为先	193
wu long ju	乌龙驹	193
ren min dang	人民党	193
dai ke	代课	193
ba shi nian	八十年	193
jian ying	兼营	193
dong mian	冬眠	193
ji ke	几颗	193
chu zhong	出众	193
lu bi	卢比	193
fa yan quan	发言权	193
han sha liang	含沙量	193
e	呃	193
yuan yi	园艺	193
fu shu	复数	193
song gong ming	宋公明	193
yan hui ting	宴会厅	193
xun si	寻死	193
xiao zhou	小舟	193
bing xi	屏息	193
ju xing	巨星	193
gong	巩	193
xing zai le huo	幸灾乐祸	193
kai xiao	开销	193
ruo xiao	弱小	193
xin gan	心肝	193
you guo you min	忧国忧民	193
fen nu	忿怒	193
pa si	怕死	193
zong shou ru	总收入	193
gong wei	恭维	193
xuan diao	悬吊	193
chao ben	抄本	193
kang ai	抗癌	193
guai wan	拐弯	193
zhao fu	招抚	193
zhi pai	指派	193
zhen fu	振幅	193
ting shen	挺身	193
gu er	故而	193
chang ping	昌平	193
pu jing	普京	193
zui di dian	最低点	193
ji jing	机警	193
cai zhi	材质	193
lai ri	来日	193
shu xi	梳洗	193
zheng xiang	正像	193
min xuan	民选	193
lun sang	沦丧	193
se	洓	193
yan jin	演进	193
hui jin	灰烬	193
zai huang	灾荒	193
shao huo	烧火	193
zhao ban	照搬	193
wu liao	物料	193
du gu	独孤	193
wang yuan zhang	王元章	193
bo er	玻尔	193
xiang hu zhi jian	相互之间	193
jin gu	禁锢	193
shao jia	稍加	193
suan bu shang	算不上	193
hong bao	红包	193
bian hou yu	编后语	193
bian zhe	编者	193
que han	缺憾	193
fu zhang	腹胀	193
jiu	臼	193
jie jian	节俭	193
shuo guo	蒴果	193
ma	蟆	193
cai pan yuan	裁判员	193
xie tian xie di	谢天谢地	193
yun	赟	193
ju	踞	193
chong feng	重逢	193
zhong biao	钟表	193
lian tiao	链条	193
lian dao	镰刀	193
xue zi	靴子	193
xie jiang	鞋匠	193
yin lv	音律	193
xiang ling	香菱	193
ma xie er	马歇尔	193
ma hu	马虎	193
san shi li	三十里	192
zhong yang da xue	中央大学	192
zhu er	主儿	192
jing xia	井下	192
fu shi	伏侍	192
xian zhu	先主	192
bing yi	兵役	192
jun ling zhuang	军令状	192
ping kong	凭空	192
yi shu	医术	192
shi zi lu kou	十字路口	192
zhuo jue	卓绝	192
ka pian	卡片	192
you shan	友善	192
ding dang	叮当	192
tong xing lian	同性恋	192
he mu	和睦	192
ku jiao	哭叫	192
chang dao	唱道	192
pi	啤	192
qi yue	器乐	192
kua tai	垮台	192
duo lu	多路	192
da wei	大卫	192
da shui	大水	192
da nao pi ceng	大脑皮层	192
tian shi	天师	192
tai yang xue	太阳穴	192
fei zi	妃子	192
wei shi	威势	192
song ti	宋体	192
gong ren dang	工人党	192
yi hun	已婚	192
jian jun	建军	192
zhang guo qing	张国庆	192
na shou	拿手	192
ting ba	挺拔	192
jie di	接地	192
yao ye	摇曳	192
si lie	撕裂	192
jiao	撹	192
zhen jiu	斟酒	192
duan song	断送	192
si te la	斯特拉	192
qi ren	旗人	192
kuang kai tian	旷开田	192
xing qi ri	星期日	192
jin guo	晋国	192
qing dan	氢弹	192
yun	氲	192
chen ru	沉入	192
fan qi	泛起	192
ni tan	泥炭	192
liu zhuan	流转	192
yu xue	浴血	192
hai liu	海流	192
hai lun	海轮	192
kong	涳	192
lin ba xi bao	淋巴细胞	192
han	焊	192
yu lin	玉林	192
sheng chan dui	生产队	192
nan lan	男篮	192
lve lve	略略	192
bing tai	病态	192
bai yan	白眼	192
shi wu	石屋	192
ge	硌	192
liu huang	硫磺	192
zu chong zhi	祖冲之	192
cheng xu yuan	程序员	192
sheng ge	笙歌	192
di sheng	笛声	192
dai	簤	192
ji shi	纪实	192
zhi ji	织机	192
bian zhuan	编撰	192
luo pan	罗盘	192
bo geng	脖颈	192
yao bu	腰部	192
xian ti	腺体	192
zi zu	自足	192
xian	舷	192
li lin	莅临	192
cui qu	萃取	192
meng mian	蒙面	192
rui	蕊	192
jie	蚧	192
xue zheng	血症	192
biao bai	表白	192
fei jie	费解	192
zou shi	走时	192
yuan jing	远景	192
tong li	通例	192
jiu hou	酒后	192
zhong di	重地	192
lei	鑸	192
bi men	闭门	192
zu duan	阻断	192
xiang gang te qu	香港特区	192
ma chao	马超	192
chi cheng	驰骋	192
mo shu	魔术	192
yi liang tian	一两天	191
yi an	一案	191
shi zong	世宗	191
wu si	乌斯	191
jiu men	九门	191
chan ye gong ren	产业工人	191
qin wen	亲吻	191
dian nong	佃农	191
he fang	何妨	191
jia jie	佳节	191
qiao bao	侨胞	191
yuan xiao	元宵	191
xian he	先河	191
ji zhou	冀州	191
gang	冮	191
chong shua	冲刷	191
leng feng	冷风	191
fen xi fa	分析法	191
fen duan	分段	191
xing shi su song fa	刑事诉讼法	191
dong xin	动心	191
jiao xing	叫醒	191
hou bei	后辈	191
wu liu qi	吴六奇	191
zhou yan ru	周延儒	191
jiu	啾	191
si chuan pen di	四川盆地	191
wei lan	围栏	191
yuan pan	圆盘	191
di pu	地铺	191
xia qiu	夏秋	191
jia juan	家眷	191
xiao xing xing	小行星	191
shao bu de	少不得	191
shan ao	山坳	191
shan ya	山崖	191
e mei shan	峨眉山	191
chang li	常理	191
chang jian yu	常见于	191
fu ji ni ya	弗吉尼亚	191
tan qin	弹琴	191
gui dang	归档	191
dai jian	待见	191
e zhan	恶战	191
xie	懈	191
an lao fen pei	按劳分配	191
zhang kong	掌控	191
qi	掑	191
han	撼	191
xi	曦	191
ji xing	极性	191
rou jia	柔嘉	191
cha er si	查尔斯	191
zhan	栈	191
shu tou	梳头	191
lou pan	楼盘	191
liu	榴	191
ge wu tuan	歌舞团	191
qing dan	清淡	191
fan fa	犯法	191
hu yi	狐疑	191
bing cheng	病程	191
tong ma	痛骂	191
deng yue	登月	191
ji li	祭礼	191
ke xue xing	科学性	191
chou wei hui	筹委会	191
guan xia quan	管辖权	191
hong yi	红衣	191
rou shi	肉食	191
chen fu	臣服	191
jie hou	节后	191
ruo wu qi shi	若无其事	191
qiao mai	荞麦	191
cai dan	菜单	191
jiao qiu	角球	191
ji xing	记性	191
cheng zhi	诚挚	191
zhu sha	诛杀	191
miu	谬	191
zhuan ma	转马	191
ruan ti dong wu	软体动物	191
qing ju wang dong	轻举妄动	191
yuan men	辕门	191
zhui cha	追查	191
cai shi	采石	191
li te	里特	191
jin wen	金文	191
nan yi zhi xin	难以置信	191
an shan	鞍山	191
chi	魑	191
ji rou	鸡肉	191
yi yuan	一元	190
liang zhao	两招	190
zhong yi yao	中医药	190
zhong feng	中锋	190
yu nie	余孽	190
quan ri zhi	全日制	190
bo xue jie ji	剥削阶级	190
yi yong	医用	190
shi san da	十三大	190
gong	厷	190
qu shi	去势	190
bian zhao	变招	190
kou ke	口渴	190
he wei	合围	190
tong meng guo	同盟国	190
ai dao	哀悼	190
xi jiu	喜酒	190
yuan ming yuan	圆明园	190
di man	地幔	190
ai li ke sen	埃里克森	190
sai nei jia er	塞内加尔	190
chu shi	处事	190
wai xiao	外销	190
da xiao	大校	190
tian ren	天人	190
zi shi	姿式	190
shi zheng	实证	190
xiao xi	小西	190
shan hua	山花	190
huan	嵈	190
gong ke	工科	190
gong yi mei shu	工艺美术	190
bu yi	布衣	190
kang ning	康宁	190
jian wen di	建文帝	190
xin dao	心道	190
mu rong shi	慕容氏	190
nuo ruo	懦弱	190
zhan zhen	战阵	190
shou kao	手铐	190
dan gang	担纲	190
yan ying	掩映	190
ban wen	斑纹	190
wu duan	无端	190
ying she	映射	190
you xing	有形	190
mu gou	木构	190
mu tan	木炭	190
ben ming	本名	190
ji min	机敏	190
du lu men	杜鲁门	190
song dong	松动	190
lin chang	林场	190
zheng fang	正方	190
zheng gui jun	正规军	190
si shen	死神	190
bi zhi	比值	190
han xue	汉学	190
liu guang yi cai	流光溢彩	190
du	涜	190
huan	涣	190
yu lie	渔猎	190
hua xing	滑行	190
lu	潞	190
qiu zhuang	球状	190
wan	畹	190
que	瘸	190
yi zhou	益州	190
shen jian	神剑	190
xi que	稀缺	190
gao jian	稿件	190
zhang fa	章法	190
cu guang	粗犷	190
luo yi bu jue	络绎不绝	190
neng gong qiao jiang	能工巧匠	190
lian pu	脸谱	190
chou wei	臭味	190
jie jie bai tui	节节败退	190
cang mang	苍茫	190
heng yang	衡阳	190
zhuang ru	装入	190
xi jie	西街	190
jie fang qian	解放前	190
jian	謇	190
ji xia	记下	190
huo cang	货舱	190
gui ke	贵客	190
guo tou	过头	190
dao pang	道旁	190
jiu yan	酒宴	190
feng	鎽	190
tie dao	铁道	190
jing pian	镜片	190
zhang ai wu	障碍物	190
yu liu	预留	190
zhu fang	驻防	190
lu you jiao	鲁有脚	190
ya que wu sheng	鸦雀无声	190
jiu	鹫	190
bu yi	不依	188
zhuan ye xing	专业性	188
liang shan	两扇	188
luan shuo	乱说	188
chuan ran xing	传染性	188
shen xiang	伸向	188
xin yang	信阳	188
xian jin xing	先进性	188
dang nei wai	党内外	188
bing jia	兵家	188
nei xu	内需	188
chong sheng	冲绳	188
fen ji	分级	188
hua dong ye zhan jun	华东野战军	188
can liang	参量	188
he ti	合体	188
yin di zhi yi	因地制宜	188
tu te chan pin	土特产品	188
mo xi ge wan	墨西哥湾	188
kua ke	夸克	188
ke yuan	客源	188
an xian	岸线	188
chong wen	崇文	188
ping shou	平手	188
ping yang	平阳	188
bing fa	并发	188
xing de	幸得	188
dang hong	当红	188
zong si ling bu	总司令部	188
you yang	悠扬	188
jie mian	截面	188
tuo fu	托付	188
kao da	拷打	188
nie zao	捏造	188
huan ren	换人	188
tui xie	推卸	188
yao yao	摇摇	188
qing tian	擎天	188
shou rong	收容	188
ao	敖	188
shu bei	数倍	188
xuan ji	旋即	188
jiu ri	旧日	188
jing qi	景气	188
an xi	暗喜	188
fu se	服色	188
song xia	松下	188
liu jing ting	柳敬亭	188
ge lv	格律	188
ou luo ba ren zhong	欧罗巴人种	188
wu qing bo	武清伯	188
yang lou	洋楼	188
huan	洹	188
huo ming	活命	188
qia tan	洽谈	188
hai tang	海棠	188
shen qian	深浅	188
lie ying	猎鹰	188
lian	琏	188
yong can	用餐	188
yan hua liao luan	眼花缭乱	188
sui shi	碎石	188
shao hou	稍后	188
da bian	答辩	188
suan shu	算数	188
jin yao	紧要	188
tong ji xue	统计学	188
piao miao	缥缈	188
gan bing	肝病	188
zi jiu	自救	188
pu	莆	188
bu ke	补课	188
jian zheng ren	见证人	188
ze fa	责罚	188
fei cheng	费城	188
she mian	赦免	188
zhao qian sun	赵钱孙	188
che chuang	车窗	188
qing kuai	轻快	188
qing shuai	轻率	188
zhui peng	追捧	188
tong ti	通体	188
chang gong	长工	188
men lian	门帘	188
wen da	问答	188
nao teng	闹腾	188
zhen feng	阵风	188
ke	颏	188
piao yi	飘逸	188
gao feng qi	高峰期	188
san zhi	三枝	187
xia shen	下身	187
zhong shang you	中上游	187
zhong jiang	中奖	187
zhong zheng	中正	187
zhong qing nian	中青年	187
er yang hua liu	二氧化硫	187
xin yong she	信用社	187
nei bi	内壁	187
chu yuan	出院	187
ji chu	击出	187
hua ru	划入	187
shi er da	十二大	187
juan zi	卷子	187
kou she	口舌	187
kun ku	困苦	187
guo min jun	国民军	187
yuan zhu xing	圆柱形	187
sheng dan jie	圣诞节	187
kuai zhuang	块状	187
da suan	大蒜	187
tian dao	天道	187
yao	夭	187
nv jia	女家	187
an hao	安好	187
song jia zhai	宋家寨	187
zun shi	尊师	187
xiao dao	小道	187
xiao yuan	小院	187
zhan hui	展会	187
gong xiao	工效	187
xing mian	幸免	187
kai dian	开店	187
gan guang	感光	187
cai gan	才干	187
cai zhi	才智	187
zha zha shi shi	扎扎实实	187
rao dong	扰动	187
zhao xian	招贤	187
zhi zhai	指摘	187
ti shen	提审	187
fang jian	放箭	187
jiu hu che	救护车	187
shi gong dui	施工队	187
shi she	施舍	187
lv xing zhe	旅行者	187
shi jian biao	时间表	187
shi ye	是夜	187
jin jian	晋见	187
zui yuan	最远	187
li guang zhao	李光昭	187
lai bin	来宾	187
liang bing yu	梁冰玉	187
bing lang	槟榔	187
can hai	残骸	187
shui zai	水灾	187
qi	汽	187
huo hua	活化	187
lao	涝	187
huai bei	淮北	187
xiang jiang	湘江	187
sui	濉	187
hui bai se	灰白色	187
xuan	炫	187
huan fa	焕发	187
xi li	犀利	187
dian hua ji	电话机	187
li	痢	187
zhi yi	直译	187
xiang lian	相联	187
xi	硒	187
wan kuai	碗筷	187
kong xin	空心	187
chuan yi	穿衣	187
di liu jie	第六届	187
zhi	筫	187
luo xiu zhu	罗秀竹	187
ou he	耦合	187
xian	藓	187
xie lin lin	血淋淋	187
xue rou heng fei	血肉横飞	187
xue mai	血脉	187
ji yu	觊觎	187
qian	谴	187
tie qie	贴切	187
chao ren	超人	187
zhuan shi	转世	187
qing bian	轻便	187
zhong jin	重金	187
gang liang	钢梁	187
you kuang	铀矿	187
wen juan	问卷	187
yin xing	阴性	187
ya lu zang bu jiang	雅鲁藏布江	187
yu lai	雨来	187
ren	韧	187
fei li pu	飞利浦	187
xian	馅	187
ma ni la	马尼拉	187
gao tong	高通	187
yi mu liao ran	一目了然	186
yi dao dao	一道道	186
bu jiang	不降	186
zhong jian	中坚	186
lin fen	临汾	186
zheng ba	争霸	186
yun yun	云云	186
fen er	份儿	186
yong ren	佣人	186
liu qi wan	六七万	186
nei shang	内伤	186
jue suan	决算	186
chu shui	出水	186
qie wu	切勿	186
bei da xi yang	北大西洋	186
bo ai	博爱	186
yin zhi	印制	186
ling lei	另类	186
wu zhi rong	吴之荣	186
he shan	和善	186
zhou yu	咒语	186
suo na	唢呐	186
tuo	唾	186
xi ma la ya	喜马拉雅	186
xiao zhang	嚣张	186
sheng dan	圣诞	186
ru yuan yi chang	如愿以偿	186
xuan he	宣和	186
ni si	尼斯	186
zhan pin	展品	186
shan bi	山壁	186
xun jing	巡警	186
xiang zi	巷子	186
ping jun zhi	平均值	186
ping zhi	平直	186
bing zhong	并重	186
zhang ye	张掖	186
chi	彨	186
dai hui er	待会儿	186
si cun	思忖	186
jiao	憿	186
kang qing	抗清	186
pao kai	抛开	186
tiao shui	挑水	186
tui qiao	推敲	186
shou yi lv	收益率	186
shi fou shi	是否是	186
ben wei	本位	186
li fei huang	李飞黄	186
yang shi qi	杨士奇	186
xi chu	析出	186
chai huo	柴火	186
er	栭	186
yu lin	榆林	186
fan cheng	樊城	186
zheng lan qi	正蓝旗	186
shui di	水滴	186
mei zhun	没准	186
he mian	河面	186
lu zhou	泸州	186
you shui	游说	186
qian yi shi	潜意识	186
wen	炆	186
lian you chang	炼油厂	186
ban mian	版面	186
you tai jiao	犹太教	186
wang ji yuan	王吉元	186
wang zu	王族	186
shu jun	疏浚	186
bing dao	病倒	186
bing gu	病故	186
zhi	痣	186
bai yang	白羊	186
huang	磺	186
ji dian	祭奠	186
bing ming	禀明	186
ben zhuo	笨拙	186
di yi jia	第一架	186
di yi sou	第一艘	186
cuan	篡	186
fen shua	粉刷	186
shu	纾	186
lao jia huo	老家伙	186
gan ai	肝癌	186
tuo pin	脱贫	186
bi bang	臂膀	186
chuan yuan	船员	186
yao chang	药厂	186
ying ye zhi zhao	营业执照	186
luo ma	落马	186
tui	蜕	186
xue hong	血红	186
xi an shi	西安市	186
gong	觥	186
xu pei	许配	186
lun ji	论及	186
gai bing	该病	186
zhu hou guo	诸侯国	186
tiao kan	调侃	186
che xing	车型	186
mai bu	迈步	186
zhe me zhe	这么着	186
yuan zu	远祖	186
zhui shu	追述	186
song xin	送信	186
tong ze	通则	186
qiu	酋	186
suan jian	酸碱	186
tie ban	铁板	186
chang xiao	长啸	186
bo chi	驳斥	186
qi she	骑射	186
gao yin	高音	186
wei guo	魏国	186
jiao	鹪	186
ma sheng	麻绳	186
yi liang nian	一两年	185
san si ge	三四个	185
bu ke huo que	不可或缺	185
bu zhe bu kou	不折不扣	185
si xian	丝线	185
zhong guo she hui ke xue yuan	中国社会科学院	185
zhong chang qi	中长期	185
chuan bo zhe	传播者	185
ti liang	体谅	185
jia ren	佳人	185
dao ji shi	倒计时	185
zhun que xing	准确性	185
dao lai zhi ji	到来之际	185
bao ban	包办	185
nan feng	南风	185
he fa xing	合法性	185
bi lei	壁垒	185
tian ping	天平	185
tian shi	天时	185
feng yang	奉养	185
nv zu	女足	185
nai zi	奶子	185
gu ye	姑爷	185
dui shu	对数	185
feng ding	封顶	185
kang qin wang	康亲王	185
kai shan	开山	185
dang zheng	当政	185
xin bu zai yan	心不在焉	185
wang bu liao	忘不了	185
ken qie	恳切	185
fang zu	房租	185
fang xue	放学	185
wen yi gong zuo zhe	文艺工作者	185
bao zhang	暴涨	185
ti shen	替身	185
li shuang xi	李双喜	185
cha huo	查获	185
shu gen	树根	185
ni	棿	185
zheng gui hua	正规化	185
si si	死死	185
yin tian zheng	殷天正	185
mao li lv	毛利率	185
shui mo	水墨	185
shui tong	水桶	185
shu nv	淑女	185
yuan bo	渊博	185
man man	漫漫	185
can	灿	185
shuang lang	爽朗	185
xian xie	献血	185
zhang	獐	185
sheng qin	生擒	185
tian mu	田亩	185
liao shang	疗伤	185
ying yu	盈余	185
jian hu ren	监护人	185
gai zhang	盖章	185
kan guan	看管	185
pie jian	瞥见	185
tu tou	秃头	185
kong xiang	空想	185
jie jin quan li	竭尽全力	185
gou huo	篝火	185
lei qun	类群	185
jing wei	精微	185
lei lei	累累	185
jie shi	结石	185
jian zhang	舰长	185
zhi	芷	185
bei zi zhi wu	被子植物	185
jiao	譥	185
ping shu	评述	185
zhen suo	诊所	185
yi yuan	译员	185
yu lu	语录	185
tiao ting	调停	185
hao shuang	豪爽	185
gou mai li	购买力	185
sai di wang	赛迪网	185
pao bu	跑步	185
yi zhao	遗诏	185
zhen xian	针线	185
qian	钤	185
yin mu	银幕	185
bi suo	闭锁	185
pei shen	陪审	185
qing cai	青菜	185
qing long	青龙	185
yin se	音色	185
feng tou	风头	185
piao yang	飘扬	185
shang liu	上流	184
bu huai hao yi	不怀好意	184
shi shi dai dai	世世代代	184
dong nuan ge	东暖阁	184
zhong qiu	中秋	184
mai jia	买家	184
wu liang ye	五粮液	184
xie xu	些许	184
xie du	亵渎	184
ren zao wei xing	人造卫星	184
you zhong	优种	184
di chui	低垂	184
bao shou dang	保守党	184
tou ting	偷听	184
dang yu	党羽	184
gong qing tuan	共青团	184
nong lin	农林	184
lao dong mo fan	劳动模范	184
bei jing zheng fu	北京政府	184
shi yu li	十余里	184
xie he	协和	184
lu suo	卢梭	184
ju ju	句句	184
ye li qin	叶利钦	184
shun	吮	184
si gen	四根	184
guo ce	国策	184
ta ji ke si tan	塔吉克斯坦	184
ben liu	奔流	184
ru yun	如云	184
piao	嫖	184
zhai li	寨里	184
feng hao	封号	184
hong	弘	184
zhang song xi	张松溪	184
kong he	恐吓	184
wu	戊	184
bian dan	扁担	184
la ding yu	拉丁语	184
na zou	拿走	184
ai	捱	184
qin huo	擒获	184
shi shi	时事	184
ai mei	暧昧	184
sha shang xing	杀伤性	184
liang yi qing	梁亦清	184
lai	梾	184
yu	欤	184
si ming	死命	184
si qi	死期	184
min ju	民居	184
yuan liu	源流	184
man man de	满满的	184
shu hu da yi	疏忽大意	184
ba hen	疤痕	184
teng ai	疼爱	184
deng ji zhi	等级制	184
jing gan	精干	184
jing ling	精灵	184
fen fan	纷繁	184
ji yang	给养	184
luo bo te	罗伯特	184
luo bu po	罗布泊	184
hua xu	花序	184
su yi shi yun he	苏伊士运河	184
yao jia	药价	184
meng	萌	184
mo ran	蓦然	184
wei	蔚	184
quan	诠	184
zhui	赘	184
gan zhi	赶制	184
duo cang	躲藏	184
yao yao	遥遥	184
zhe bi	遮蔽	184
chong chong di	重重地	184
duo	铎	184
pu tian gai di	铺天盖地	184
fang shen	防渗	184
xiang long shi ba zhang	降龙十八掌	184
tao fei ke	陶菲克	184
ge he	隔阂	184
huo dou	霍都	184
gao cha	高差	184
gao jiao	高教	184
hei zi	黑子	184
hei xiong	黑熊	184
qi fen	七分	183
liang tai	两台	183
zhu yao mao dun	主要矛盾	183
zheng qi dou yan	争奇斗艳	183
ren er	人儿	183
ling hu chong xiao	令狐冲笑	183
jia zhi gui lv	价值规律	183
bo luo ben ni sa	伯罗奔尼撒	183
si ji	伺机	183
he lai	何来	183
gong xu	供需	183
xin xi zhong xin	信息中心	183
er shi	儿时	183
guan xiang yun	关相云	183
bao zi	包子	183
shi wu sui	十五岁	183
nan ji zhou	南极洲	183
fan cha	反差	183
kou hao sheng	口号声	183
si ling guan	司令官	183
ji xiong	吉凶	183
shang fan	商贩	183
tu yang	图样	183
da chang	大肠	183
shi kong	失控	183
nv dan	女单	183
yan ran yi xiao	嫣然一笑	183
shao shu ji ge	少数几个	183
qiao jiang	巧匠	183
chang wen	常温	183
ku ke	库克	183
zhang guo rong	张国荣	183
dang ji li duan	当机立断	183
lu zhi	录制	183
lv li	律例	183
de yi	得益	183
zong de lai shuo	总的来说	183
zong ling shi	总领事	183
qia si	恰似	183
ci xi tai	慈禧太	183
shou juan	手绢	183
zhe she lv	折射率	183
la ding zi mu	拉丁字母	183
zhuo nong	捉弄	183
gao ding	搞定	183
jiu huo	救火	183
jiu sheng	救生	183
wen yi jie	文艺界	183
zao bao	早报	183
you bian	有变	183
fen	枌	183
qiang shou	枪手	183
he suan	核酸	183
ge zi	格子	183
ou yang xiu	欧阳修	183
mu ji	母鸡	183
du hai	毒害	183
fa wen	法文	183
qian tan	浅滩	183
fu shi	浮式	183
hai tun	海豚	183
shen zhen dui	深圳队	183
qing shuang	清爽	183
lan cang jiang	澜沧江	183
dian ming	点名	183
xi ning	熙宁	183
niu jin	牛津	183
te deng	特等	183
te chang sheng	特长生	183
gou ri	狗日	183
xian ming	现名	183
ling	玲	183
ci ping	瓷瓶	183
ji feng	疾风	183
yang yang	痒痒	183
yan hu	盐湖	183
xi tu	稀土	183
dou mei yi	窦美仪	183
lei ren	类人	183
qi	耆	183
nai han	耐寒	183
zhi ye dao de	职业道德	183
rou zhi pin	肉制品	183
fu hua	腐化	183
ku chu	苦楚	183
li	莉	183
xu xin	虚心	183
huo bi liang	货币量	183
zi zhi tong jian	资治通鉴	183
xin suan	辛酸	183
lian xian	连线	183
jin jiang	锦江	183
mo	陌	183
yin tui	隐退	183
nan yi xiang xiang	难以想象	183
nan ao	难熬	183
yin shui	饮水	183
chi yuan	驰援	183
hei she hui	黑社会	183
qi fang	齐放	183
ding min jun	丁敏君	182
xia xing	下行	182
bu jian	不减	182
yun ceng	云层	182
huo shi	伙食	182
hui yuan guo	会员国	182
zhu chi	住持	182
yi cun	依存	182
xin xi an quan	信息安全	182
ji	偈	182
chong ji	充饥	182
jun lv	军旅	182
nong nu zhi	农奴制	182
leng bing bing	冷冰冰	182
qi can	凄惨	182
liu zi zheng	刘子政	182
qian e	前额	182
jian qiao	剑鞘	182
jia cheng	加成	182
kan cha	勘查	182
ka er	卡尔	182
fa xing	发型	182
ji da	吉达	182
wu jin gui	吴金贵	182
zi	咨	182
xuan nao	喧闹	182
nie ru	嗫嚅	182
yuan li	园里	182
di li xue jia	地理学家	182
duo ze	多则	182
tai shi yi	太师椅	182
shi xiu	失修	182
han wu ji	寒武纪	182
gua ren	寡人	182
xiao jie	小节	182
ju lang	巨浪	182
mu	幙	182
yi gou ti	异构体	182
wei bo	微薄	182
nu chao	怒潮	182
guai zui	怪罪	182
qing ji zhi xia	情急之下	182
jing e	惊愕	182
zeng	憎	182
ju jin	拘谨	182
shou ge	收割	182
fei ji	斐济	182
jing	旌	182
qi nei	期内	182
yang che	样车	182
mu xi	母系	182
xiong yong peng pai	汹涌澎湃	182
nong mi	浓密	182
you yong chi	游泳池	182
gun tang	滚烫	182
man tian	满天	182
xi	烯	182
ao ye	熬夜	182
xuan ji	玄机	182
wang xiao bo	王小波	182
dian zi xue	电子学	182
kuang ti	矿体	182
zu miao	祖庙	182
zu jie di	租借地	182
bian	箯	182
hong si fang mian jun	红四方面军	182
hong mu	红木	182
jie ban	结伴	182
fa qiu	罚球	182
fan kan	翻看	182
ling ting	聆听	182
zhi fen	脂粉	182
ying ye e	营业额	182
hao cao	蒿草	182
chen tuo	衬托	182
ji ru	计入	182
ji shi	计时	182
gui mi	诡秘	182
gai bu	该部	182
chao ji da guo	超级大国	182
kua ru	跨入	182
zhuan ye	转业	182
e	轭	182
ruan hua	软化	182
ruan gu	软骨	182
ru ma	辱骂	182
tui shou	退守	182
tong zheng	通政	182
kai jia	铠甲	182
zhang xin dian	长辛店	182
zu zhi	阻滞	182
xian qing	险情	182
xu yong	需用	182
mian liao	面料	182
mian tan	面谈	182
xu yao	须要	182
fei dan	飞弹	182
fei chi	飞驰	182
shi wu zhong du	食物中毒	182
xin	馨	182
san chang	三场	181
san lun che	三轮车	181
bu pa si	不怕死	181
dong jie	东街	181
zhong pian xiao shuo	中篇小说	181
jing hu	京沪	181
xian zi	仙子	181
li	俪	181
mian shou	免受	181
dang zheng ji guan	党政机关	181
shou lei	兽类	181
jun shi ji di	军事基地	181
jue lie	决裂	181
fen hao	分毫	181
hua po	划破	181
bie dong	别动	181
pou mian	剖面	181
dong wu qun	动物群	181
gou le	勾勒	181
wei sheng ju	卫生局	181
ji xing	即兴	181
fa bai	发白	181
shi jia	史家	181
xi qi	吸气	181
ge si da li jia	哥斯达黎加	181
si shi sui	四十岁	181
hui xin	回信	181
guo ge	国歌	181
quan di	圈地	181
ai fu er	埃伏尔	181
wai tao	外套	181
beng ta	崩塌	181
yin qing	引擎	181
xu you zhen	徐有贞	181
bi xu pin	必需品	181
chou chang	惆怅	181
qi xi	憩息	181
ao nao	懊恼	181
zha gen	扎根	181
tou bao	投保	181
tan shi	探视	181
cuan dong	攒动	181
fang cheng shi	方程式	181
shi duan	时段	181
you zhi yu	有志于	181
ge ge	格格	181
tao gen	桃根	181
liang zhu	梁柱	181
wu ding	武丁	181
sha long	沙龙	181
you zha	油炸	181
you cai zi	油菜籽	181
fa jia	法家	181
huo gai	活该	181
jin ran	浸染	181
dian qiu	点球	181
jiong	煚	181
ai qin hai	爱琴海	181
di ou ni	狄欧尼	181
gan cao	甘草	181
xiang si	相思	181
yan zhu zi	眼珠子	181
shen jing bing	神经病	181
piao zi	票子	181
mu ren qing	穆人清	181
di yi pian	第一篇	181
jian piao	简朴	181
zong shi	纵使	181
wen si bu dong	纹丝不动	181
hua xu	花絮	181
su gong	苏共	181
miao tiao	苗条	181
yuan guan nan	袁冠南	181
xi shi	西施	181
ji xiao	讥笑	181
chao sheng bo	超声波	181
kua jin	跨进	181
lian tong	连通	181
po jin	迫近	181
tong ming	通明	181
xie qi	邪气	181
qu	鑺	181
shuan	闩	181
wen ming	问明	181
yang ji	阳极	181
chen xiao pao	陈小炮	181
yin ni	隐匿	181
fei tian	飞天	181
shou wei	首尾	181
pian	騗	181
ju	驹	181
gao guan hou lu	高官厚禄	181
hei chen chen	黑沉沉	181
hei hong	黑红	181
hei you you	黑黝黝	181
an dan	黯淡	181
san si qian	三四千	179
shang su	上溯	179
xia du	下毒	179
dong dan	东单	179
dong zhan	东站	179
yi men	义门	179
yue zhang	乐章	179
er cheng	二成	179
kui le	亏了	179
cong tou dao wei	从头到尾	179
fu fei	付费	179
zhong kou yi ci	众口一词	179
gong huo	供货	179
jia xiang	假想	179
ba ji	八级	179
chu jie	出界	179
bie guan	别管	179
qian shu	前述	179
bao xi ruo	包惜弱	179
mai chang	卖场	179
xia men dui	厦门队	179
tong ren	同仁	179
si dao	四道	179
guo qi ban	国旗班	179
da xia	大夏	179
tao lu	套路	179
dian ji	奠基	179
wa zi	娃子	179
gu shen	孤身	179
guan fu	官服	179
xiao bao	小包	179
ju zhu qu	居住区	179
gou	岣	179
bi bing	弊病	179
zhang zi lie	张自烈	179
dang xin	当心	179
zhi xiang	志向	179
you huan	忧患	179
lian qing	恋情	179
can si	惨死	179
fang dai	房贷	179
zhao shang men	找上门	179
tan xian jia	探险家	179
ai	敱	179
hu	斛	179
li qiang	李强	179
gang	杠	179
qi ju	棋局	179
ou	殴	179
qi	沏	179
qian bo	浅薄	179
liu lan qi	浏览器	179
yan suan	演算	179
wu se	物色	179
xi niu	犀牛	179
yu zu	狱卒	179
xian shang	献上	179
li	瓑	179
wa luo jia	瓦罗加	179
sheng chan shang	生产商	179
sheng chan guo	生产国	179
kan tou	看透	179
zhuo zhuang	着装	179
deng shi	瞪视	179
tan suan yan	碳酸盐	179
shi zhong	示众	179
gan	秆	179
jian lou	箭楼	179
liang xiang	粮饷	179
gei qian	给钱	179
wang yi	网易	179
fan fan	翻翻	179
lao weng	老翁	179
huang ye	荒野	179
luo hua liu shui	落花流水	179
yi guan chu chu	衣冠楚楚	179
wa	袜	179
hong ming	轰鸣	179
tong hun	通婚	179
jiu jing deng	酒精灯	179
tong ling	铜陵	179
xiao shou liang	销售量	179
run	闰	179
jian huo	间或	179
xiong xin	雄心	179
shun cha	顺差	179
yu sai	预赛	179
gao bo nian	高伯年	179
yi wu suo you	一无所有	178
yan zhong xing	严重性	178
zhong guo kong jun	中国空军	178
zhong fei	中非	178
lin xing	临行	178
wu gan da	乌干达	178
jiu ding	九鼎	178
yun ban	云板	178
xiang yu	享誉	178
xian cao	仙草	178
fo si	佛寺	178
yi xi ke jian	依稀可见	178
bao biao	保镖	178
xian fa zhi ren	先发制人	178
guang yin	光阴	178
mian zao	免遭	178
ba lu	八路	178
ji bei	几倍	178
ji chuan	击穿	178
dao ren	刀刃	178
gong li	功利	178
fan jian	反剪	178
tai zhou	台州	178
yao	吆	178
ming lie bang shou	名列榜首	178
tu xie	吐血	178
ca	嚓	178
hui min	回民	178
di ping xian	地平线	178
que	埆	178
ji di	基底	178
chu suo	处所	178
wai shang	外伤	178
da zha lan	大栅栏	178
tian chao	天朝	178
shi kuang	实况	178
ke tang	客堂	178
ke guan	客官	178
feng jiang	封疆	178
xiao ce zi	小册子	178
ni ao	尼奥	178
xiu	岫	178
ba	峇	178
zuo yan	左眼	178
ba lin	巴林	178
zhi	帙	178
ying zhan	应战	178
yi guo	异国	178
gui gong	归功	178
zheng fu zhe	征服者	178
de yi yang yang	得意洋洋	178
xin zhi	心智	178
e mo	恶魔	178
cheng wen ti	成问题	178
shu qing shi	抒情诗	178
guai zi	拐子	178
sou gua	搜刮	178
bai hao	摆好	178
mo tuo hua	摩托化	178
mo bu zhao tou nao	摸不着头脑	178
rang wai bi xian an nei	攘外必先安内	178
shou bian	收编	178
gong ji xing	攻击型	178
shu shi zhang	数十丈	178
shao	旓	178
chen	曟	178
qi wang zhi	期望值	178
tiao shi	条石	178
song shu	松鼠	178
rou ruo	柔弱	178
shuan	栓	178
ci deng	此等	178
min zhu hua	民主化	178
lei liu man mian	泪流满面	178
hao da	浩大	178
xiao shi	消逝	178
man han	满汉	178
ji zeng	激增	178
zhu	炷	178
pian zhuang	片状	178
hua feng	画风	178
liu yan	留言	178
bai hua hua	白花花	178
yan ke	眼科	178
qu qiu bai	瞿秋白	178
diao bao	碉堡	178
shi ruo	示弱	178
si xia li	私下里	178
si chan	私产	178
kui tan	窥探	178
ba	笆	178
di yi lei	第一类	178
fen luan	纷乱	178
bian zhe an	编者按	178
dan zhi	胆汁	178
lian bu	脸部	178
jian	艰	178
yao pin jian du guan li ju	药品监督管理局	178
lan ya	蓝牙	178
shi	虱	178
zhu zi	诸子	178
diao zi	调子	178
gou xiao	购销	178
zhao zi yang	赵紫阳	178
shen ju	身居	178
yuan zheng jun	远征军	178
yu xian	遇险	178
bu ji	部级	178
han guo dui	韩国队	178
fei jian	飞溅	178
gao ao	高傲	178
yi ju	一局	177
yi he	一盒	177
bu ke fen ge	不可分割	177
bu kao	不靠	177
zhuan si	专司	177
xiang tu	乡土	177
er wei	二维	177
qin ni	亲昵	177
hui tong	会通	177
yu ming	余名	177
ba shi	八十	177
xing bing	兴兵	177
fen bian	分辩	177
ji xing	剂型	177
qian di	前敌	177
lao ku	劳苦	177
shi jie	十届	177
hou shi	厚实	177
kou ling	口令	177
jiao ku	叫苦	177
wu li shen	吴立身	177
tong	嗵	177
tuan huo	团伙	177
jian zhen bu qu	坚贞不屈	177
da er zi	大儿子	177
an dao er	安道尔	177
yi bin	宜宾	177
mi yun	密云	177
zun chong	尊崇	177
xiao er zi	小儿子	177
shao nai nai	少奶奶	177
dian	巅	177
zuo lu	左路	177
yi xing	异姓	177
xin zhong you shu	心中有数	177
kuai ting	快艇	177
huang ji	惶急	177
yi wei shen chang	意味深长	177
gan ran li	感染力	177
zhan lie jian	战列舰	177
bu sha	捕杀	177
zhang zhong	掌中	177
yao bai	摇摆	177
si kai	撕开	177
shou shou	收受	177
ke	敤	177
wu tou	无头	177
an di li	暗地里	177
you xiao qi	有效期	177
mu nai yi	木乃伊	177
mu ou	木偶	177
mu zhuo lun	木卓伦	177
ben bing	本病	177
li jin yu	李金羽	177
cun fang	村坊	177
cun zhen	村镇	177
lin le feng	林乐丰	177
xiao wei	校尉	177
ge de	歌德	177
dai du	歹毒	177
mi niao	泌尿	177
zhe jiang da xue	浙江大学	177
hai yang sheng wu	海洋生物	177
hai chao	海潮	177
qing sao	清扫	177
man tou da han	满头大汗	177
pao xiang	炮响	177
dian mao	点卯	177
lao yin	烙印	177
sheng zhi qi	生殖器	177
yong bi	用笔	177
xu chan pin	畜产品	177
shou ruo	瘦弱	177
zhi jie liao dang	直截了当	177
xiang wei	相位	177
zhen yan	真言	177
shi zhong yu	石中玉	177
po li	破例	177
sun	笋	177
di ba jie	第八届	177
xi bao bi	细胞壁	177
qing	罄	177
sheng li zhe	胜利者	177
yao dao	腰刀	177
luo shui	落水	177
huang chong	蝗虫	177
xing bu tong	行不通	177
biao jie	表姐	177
shuai jian	衰减	177
bei hai	被害	177
bei diao cha zhe	被调查者	177
jie mi	解密	177
teng xie	誊写	177
xun gu	训诂	177
gen bu shang	跟不上	177
zhuan zi	转子	177
zhui bu	追捕	177
xun ni pai	逊尼派	177
zhong zhen	重振	177
ye ma	野马	177
zhong lou	钟楼	177
wen	閿	177
hui	闠	177
ding ti	顶替	177
jia dao	驾到	177
jun	骏	177
yu xia	鱼虾	177
ming qiang	鸣枪	177
hong cai	鸿才	177
you hei	黝黑	177
yuan	鼋	177
yi cheng	一程	176
zhuan mai dian	专卖店	176
feng tian	丰田	176
liao shi	了事	176
hu huan	互换	176
chuan zhong	传中	176
di duan	低端	176
bei zeng	倍增	176
shu hu	倏忽	176
guang shan shan	光闪闪	176
yan zhou	兖州	176
zhun kao zheng	准考证	176
chu cuo	出错	176
jing lv	劲旅	176
can bai	参拜	176
he ge lv	合格率	176
ka cha	咔嚓	176
guo jia jiao wei	国家教委	176
ge	圪	176
da zu	大族	176
kui	奎	176
jiang shang	奖赏	176
jiao nen	娇嫩	176
zhuan	孨	176
an xi	安西	176
qiao	峭	176
dian feng	巅峰	176
nian sui	年岁	176
nian biao	年表	176
chuang yan	床沿	176
zheng tu	征途	176
ji ji mang mang	急急忙忙	176
yue er	悦耳	176
ban zuo	扮作	176
la tuo wei ya	拉脱维亚	176
bai dao	拜倒	176
kong zhi qi	控制器	176
san re	散热	176
fang fang mian mian	方方面面	176
fang zhen	方阵	176
shi fang	施放	176
bao nve	暴虐	176
wei mian	未眠	176
lai yi	来意	176
hang zhou shi	杭州市	176
shu shao	树梢	176
gen shen di gu	根深蒂固	176
qiao tou	桥头	176
ou pei ke	欧佩克	176
dai tu	歹徒	176
shui li shu niu	水利枢纽	176
fei fei yang yang	沸沸扬扬	176
ce chu	测出	176
hu an	湖岸	176
kui san	溃散	176
hui	煇	176
wang bao bao	王保保	176
dian deng pao	电灯泡	176
jiang tu	疆土	176
dou	痘	176
xiang yue	相约	176
yan wo	眼窝	176
duan wen	短文	176
li xiu	离休	176
ke te di wa	科特迪瓦	176
li yi	立意	176
di er jian	第二件	176
mi	糜	176
hua bian	花边	176
su li shi	苏黎世	176
mao dun	茅盾	176
sa da mu	萨达姆	176
meng gu ren zhong	蒙古人种	176
qu	蛆	176
xiang shu	详述	176
pin xia zhong nong	贫下中农	176
zan xu	赞许	176
lu yi	路易	176
zhe gen	这根	176
dao pao	道袍	176
guo da xia	郭大侠	176
jiu hui	酒会	176
cai kuang ye	采矿业	176
qin chai da chen	钦差大臣	176
zhe	锗	176
fang chong	防虫	176
ji mao shi chang	集贸市场	176
feng chui ri shai	风吹日晒	176
yi ci ci	一次次	175
yi li	一里	175
wan guo	万国	175
shang jiao	上缴	175
xia ta	下榻	175
xia liu	下流	175
zhong chan	中产	175
zhong xin she	中新社	175
ju zhong	举重	175
jiu cheng	九成	175
xiang le	享乐	175
jing hang yun he	京杭运河	175
qi qiu	企求	175
shang can	伤残	175
ti wei	体委	175
xin xiang	信箱	175
dang xiang	党项	175
yang bing	养病	175
qi	凄	175
ji zuo	几座	175
dao ju	刀具	175
dao feng	刀锋	175
yi	刈	175
chu ju gui mo	初具规模	175
li lu	利禄	175
nu er	努尔	175
bei dai he	北戴河	175
nan kai	南开	175
li shi wei wu zhu yi	历史唯物主义	175
she	厍	175
kou chi	口齿	175
tun shi	吞食	175
wu yong	吴用	175
zui lian	嘴脸	175
chui lei	垂泪	175
sai pu lu si	塞浦路斯	175
wai yan	外延	175
duo lun duo	多伦多	175
duo pu lei	多普勒	175
wu	寤	175
dui zheng	对症	175
zun cheng	尊称	175
xiao gou	小狗	175
zhan lan guan	展览馆	175
shan yao	山腰	175
sui shu	岁数	175
huang zi	幌子	175
fei chu	废黜	175
xin kou	心口	175
zhi zai	志在	175
yi jia	意甲	175
zhi zheng guan	执政官	175
la la	拉拉	175
ju shu	拘束	175
lan yao	拦腰	175
pin zhuang	拼装	175
xiao fa	效法	175
jiao yu jia	教育家	175
si de ge er mo	斯德哥尔摩	175
ri long	日隆	175
hun hun chen chen	昏昏沉沉	175
jin cha ji	晋察冀	175
cao wei	曹魏	175
quan zheng	权证	175
bei jiu	杯酒	175
qiang tuo	枪托	175
zhan dao	栈道	175
gai lv lun	概率论	175
dao	槝	175
bi jiang	比降	175
lv hua	氯化	175
jiang an	江岸	175
chen ji yan	沉积岩	175
you xiang	油箱	175
yan lu	沿路	175
liu shi	流逝	175
jiang guo	浆果	175
su	涑	175
hun xue zhong ren	混血种人	175
yu cun	渔村	175
shen tou ya	渗透压	175
xi	潟	175
kao yan	烤烟	175
fu xiong	父兄	175
du zou	独奏	175
lie tou gong si	猎头公司	175
dian jia	电价	175
dian wei	电位	175
chou	畴	175
bai ju yi	白居易	175
bai mian	白面	175
du	睹	175
li shu	礼数	175
qi	祈	175
shen dian	神殿	175
zu jie	租借	175
jing zi	竟自	175
jue lun	绝伦	175
mei suo bu da mi ya	美索不达米亚	175
xiu chi	羞耻	175
su ran	肃然	175
jiao pian	胶片	175
mai luo	脉络	175
yi shu tuan	艺术团	175
shao yao	芍药	175
cao tang	草堂	175
qian	虔	175
xi bei jiao	西北角	175
xi fu	西服	175
she ji tu	设计图	175
ping fen	评分	175
song jing	诵经	175
gou jin	购进	175
fei xin	费心	175
zhuan you	转悠	175
bian xi	辨析	175
jin shui	进水	175
yuan hang	远航	175
mi lu	迷路	175
zhe gai	遮盖	175
bu zhang hui yi	部长会议	175
ye hua	野花	175
qian liang	钱粮	175
tie ta	铁塔	175
qiao	锹	175
men pai	门牌	175
shan cun	闪存	175
yin shan	阴山	175
qing zhuan	青砖	175
jing ting	静听	175
huang jin shui dao	黄金水道	175
dong jiao	东郊	174
liang bian	两遍	174
jin ren	今人	174
tuo	仛	174
qi e	企鹅	174
yu gong li	余公里	174
zuo zhu	作主	174
shi ling guan	使领馆	174
quan sheng	全胜	174
ba dian	八点	174
xie zi	写字	174
shi liang	十两	174
shi ji tiao	十几条	174
ban tou ming	半透明	174
dan zi	单子	174
you lu	右路	174
tun yan	吞咽	174
you	呦	174
yan xia	咽下	174
ge er	哥儿	174
hui gou	回购	174
tuan ti sai	团体赛	174
sheng seng	圣僧	174
duo fa	多发	174
da yuan	大员	174
hao zhan	好战	174
wei er shi	威尔士	174
cun ru	存入	174
sun zhong jun	孙仲君	174
jia shi	家事	174
ni ge luo	尼格罗	174
yi li	屹立	174
xi han	希罕	174
zhang zi	帐子	174
xing cun	幸存	174
dang pu	当铺	174
cheng fa	成法	174
pin cou	拼凑	174
pai niao	排尿	174
wo you	握有	174
tan wei	摊位	174
jiu huo	救活	174
wen bi	文笔	174
you bie yu	有别于	174
mu xiang	木箱	174
zong lv	棕榈	174
heng liang	横梁	174
zheng chang hua	正常化	174
zheng dao	正道	174
can sha	残杀	174
duan shi jian	段时间	174
tan	毯	174
qi hua	气化	174
sha sha	沙沙	174
lun luo	沦落	174
he chuan	河川	174
fa lan ke	法兰克	174
lang hua	浪花	174
yu shi	浴室	174
xiao jie	消解	174
shen ao	深奥	174
gang bi	港币	174
you chuan	游船	174
man fen	满分	174
yan chang hui	演唱会	174
chu	濋	174
yan mai	燕麦	174
zhua zi	爪子	174
zhu jiang san jiao zhou	珠江三角洲	174
yuan	瑗	174
gan xiu	甘休	174
liao yang	疗养	174
bing hai	病害	174
duan cheng	短程	174
kan fa	砍伐	174
qie ting	窃听	174
jue bi	绝壁	174
gun	绲	174
lao xiu	老朽	174
jiao di	脚底	174
zi xin xin	自信心	174
yao wang	药王	174
tu	荼	174
luo bai	落败	174
biao xiang	表象	174
zhuang shi pin	装饰品	174
ping bi	评比	174
huo kuan	货款	174
zu qiu dui	足球队	174
ti qiu	踢球	174
gong shen xing li	躬身行礼	174
lian zhu	连珠	174
lian guan	连贯	174
tong xin wei xing	通信卫星	174
zao ying	造影	174
na bu le si	那不勒斯	174
shao shi xin	邵时信	174
chong	铳	174
min zi hua	闵子华	174
sui ji ying bian	随机应变	174
qing zhuang nian	青壮年	174
shun chang	顺畅	174
yu xuan	预选	174
jia shi cang	驾驶舱	174
xiao qi	骁骑	174
nian	黏	174
bi xi	鼻息	174
yi nian sheng	一年生	173
wan qian	万千	173
bu qi yan	不起眼	173
bu xiu gang	不锈钢	173
shi jie bei sai	世界杯赛	173
dong xian	东线	173
zhong guan cun	中关村	173
le sheng	乐声	173
jiao gan shen jing	交感神经	173
chuan shen	传神	173
bian xie shi	便携式	173
e yu	俄语	173
xin tiao	信条	173
wei	偎	173
seng zhong	僧众	173
ru kou chu	入口处	173
ba lu jun zong bu	八路军总部	173
gong zhang	公章	173
jue kou	决口	173
leng shan	冷杉	173
jing kong	净空	173
ji lei	几类	173
qie er xi	切尔西	173
qie ji	切忌	173
liu yu cui	刘玉翠	173
ban chi	半尺	173
nan yuan	南缘	173
fan hui	反悔	173
zhi xu	只许	173
ha fu	哈佛	173
pen ti	喷嚏	173
nang kuo	囊括	173
zuo che	坐车	173
ji zhi	基质	173
hao gou	壕沟	173
da si	大四	173
tai yang guang	太阳光	173
dian	奠	173
nv jiang	女将	173
du ji	妒忌	173
zi li	子粒	173
shu bu ke ren	孰不可忍	173
bao he	宝盒	173
ji sheng chong	寄生虫	173
fu jia	富家	173
ju zi	巨资	173
dai zi	带子	173
gan lian	干练	173
ku fang	库房	173
kai dao	开导	173
xu zhi gong	徐治功	173
xin xu	心虚	173
ji yu qiu cheng	急于求成	173
cheng tao	成套	173
zhan	戦	173
da yin ji	打印机	173
chi ka ren	持卡人	173
zhi	挚	173
nuo yi	挪移	173
ban jin	搬进	173
wu ai	无碍	173
ri jian	日见	173
shi ju	时局	173
kuang gu	旷古	173
geng nian qi	更年期	173
ben fa	本法	173
shi zi	柿子	173
he li liang	核力量	173
tuo	橐	173
can que	残缺	173
yi	沂	173
sha di	沙地	173
wa	洼	173
suo sui	琐碎	173
ting	町	173
pan long	盘龙	173
zhi chang	直肠	173
kan bu qi	看不起	173
qin huang dao	秦皇岛	173
zhu fa	竹筏	173
fan yu	繁育	173
ying	缨	173
chou yang	臭氧	173
zhi si	至死	173
shi	舐	173
yan yu	艳遇	173
cha dao	茶道	173
xu huan	虚幻	173
bei dao	被盗	173
shi ti	诗体	173
xie zui	谢罪	173
huo da	豁达	173
hui	贿	173
fu yan	赴宴	173
qi shi	起事	173
tong chang	通畅	173
hao yi biao	郝一标	173
jin fa	金发	173
jin jiang	金奖	173
yin bi	银币	173
bi yan	闭眼	173
wen ming yu shi	闻名于世	173
lv	闾	173
lu zhan dui	陆战队	173
sui chu ke jian	随处可见	173
fei zhou ren	非洲人	173
ge wei hui	革委会	173
xiang gang te bie xing zheng qu	香港特别行政区	173
gao zhao	高招	173
gao dian	高点	173
hei ban	黑板	173
hei hu xing	黑虎星	173
yi hu	一户	172
yi tong	一桶	172
san shi yi nian	三十一年	172
san si wan	三四万	172
bu zhi	不值	172
zhuan heng ba hu	专横跋扈	172
liang fen	两分	172
liang liang	两辆	172
dan chi	丹墀	172
shu kan	书刊	172
wu hua ba men	五花八门	172
ren jun shou ru	人均收入	172
chou di	仇敌	172
ji liang	伎俩	172
ti tan	体坛	172
ting che chang	停车场	172
ke xing	克星	172
gong chan	共产	172
jun bao	军报	172
jue sheng	决胜	172
hua chuan	划船	172
chu er	初二	172
chu sheng	初生	172
bao rong	包容	172
shi er jie	十二届	172
xie yi shu	协议书	172
zhuo tian xiong	卓天雄	172
mai nong	卖弄	172
bo gu	博古	172
tong shu	同属	172
hou zhi	后肢	172
di	嘀	172
tu zhi	土质	172
ji ye	基业	172
da zhong xue xiao	大中学校	172
da dui ren ma	大队人马	172
cun huo	存货	172
guan liao zi ben	官僚资本	172
chong xin	宠信	172
jia yong	家用	172
mi shi	密使	172
xiao jing	小径	172
shan cheng	山城	172
shi zheng ting	市政厅	172
yi zu	异族	172
wang xi	往昔	172
dai ke	待客	172
xin jing rou tiao	心惊肉跳	172
nu jiang	怒江	172
bei liang	悲凉	172
chou mei ku lian	愁眉苦脸	172
da jia	打假	172
sao she	扫射	172
tiao bo	挑拨	172
shou wei	收尾	172
wu fa wu tian	无法无天	172
wu ji ke shi	无计可施	172
xian yan	显眼	172
mu chuan	木船	172
gou zao yun dong	构造运动	172
zha qu	榨取	172
ci yi	此役	172
qi yan	气焰	172
shui qi	水气	172
chen zui	沉醉	172
fa shang	法商	172
bo hei	波黑	172
jing	淨	172
shen bu ke ce	深不可测	172
man zui	满嘴	172
di shui	滴水	172
huo tui	火腿	172
fu wang	父王	172
gou pi	狗屁	172
shou xiao	瘦小	172
yan jian	眼睑	172
ke shui	瞌睡	172
ai qiang	矮墙	172
huo huan	祸患	172
fu la duo	福拉多	172
kong hua	空话	172
lan ban qiu	篮板球	172
fu	绋	172
jing xiao	经销	172
pin ren	聘任	172
zhou	胄	172
xiong you cheng zhu	胸有成竹	172
neng dai	能带	172
shan	膻	172
zi yi	自缢	172
cao shu	草书	172
nve	虐	172
xue xi chong bing	血吸虫病	172
yi ling	衣领	172
cai duan	裁断	172
tao zhai	讨债	172
zhu ge	诸葛	172
qi cheng	起程	172
jin guan	进关	172
xuan ru	选入	172
tong xing zheng	通行证	172
jiu liang	酒量	172
ye tu	野兔	172
zhang xiao	长效	172
bian mao	鞭毛	172
piao ran	飘然	172
you	鱿	172
mai ke si wei	麦克斯韦	172
yi fan hua	一番话	170
bu de er zhi	不得而知	170
bu zheng zhi feng	不正之风	170
dong dao zhu	东道主	170
wu liu qian	五六千	170
jiao ji	交集	170
yi tai	以太	170
he wu	何物	170
hou tong hai	侯通海	170
quan ban	全班	170
liu men	六门	170
guan jian zi	关键字	170
xing fen ji	兴奋剂	170
nong gong	农工	170
yuan jia cuo an	冤假错案	170
jue yi si zhan	决一死战	170
dong si	冻死	170
qi li	凄厉	170
fen zu	分组	170
liu zong zhou	刘宗周	170
bie cheng	别称	170
qian duan	前段	170
qian li tiao tiao	千里迢迢	170
hua bei jun qu	华北军区	170
hua er jie	华尔街	170
xie ren	卸任	170
shou hai	受害	170
kou shuo	口说	170
tai wan dao	台湾岛	170
you cheng xiang	右丞相	170
shou hou fu wu	售后服务	170
si bai	四百	170
guo fu	国父	170
guo zi wei	国资委	170
chang ci	场次	170
ji long	基隆	170
zhuang yu	壮语	170
da gang	大港	170
tian xia ren	天下人	170
wei zhen	威震	170
guan ming	官名	170
rong qing	容情	170
feng xin	封信	170
xiao jian	小建	170
shao xiao	少校	170
yan shi quan	岩石圈	170
gong zuo zhan	工作站	170
yi gu	已故	170
kang ming xun	康明逊	170
zheng zhao	征召	170
en dian	恩典	170
ba guan	把关	170
qiang gong	抢攻	170
jie er lian san	接二连三	170
shu sheng	数声	170
shu bai ming	数百名	170
xing qi yi	星期一	170
pu tian xia	普天下	170
zui zui	最最	170
liu zhou	柳州	170
he bao zha	核爆炸	170
mei du	梅毒	170
chen dian dian	沉甸甸	170
hai ya	海牙	170
lian tie	炼铁	170
gou rou	狗肉	170
liu cun	留存	170
bai yan	百眼	170
ji ya	积压	170
wo peng	窝棚	170
guan li chu	管理处	170
xiu	綇	170
jie bing	结冰	170
lv hua dai	绿化带	170
zui nie	罪孽	170
lao pai	老牌	170
lian cheng	联城	170
teng kong	腾空	170
zi cun	自忖	170
meng shou	蒙受	170
xi gong	西宫	170
xi sha qun dao	西沙群岛	170
qian gong	谦恭	170
cong	賨	170
fan yun	贩运	170
lu tou she	路透社	170
guo min xing	过敏性	170
yuan xing	远行	170
tui se	退色	170
tong qi	通气	170
zhong hui	重回	170
shan	鐥	170
gang bi	钢笔	170
jin duan	锦缎	170
a er bei si shan	阿尔卑斯山	170
chen huang hou	陈皇后	170
sui yang di	隋炀帝	170
feng chen	风尘	170
shou jia	首家	170
gu qi	骨气	170
gui lian	鬼脸	170
lu zhao hai	鹿兆海	170
yi jia zi	一家子	169
yi xi hua	一席话	169
san shan	三山	169
zhong yang gu wen wei yuan hui	中央顾问委员会	169
ya shu	亚述	169
ren min jie fang jun zong bu	人民解放军总部	169
yi tu	以图	169
yu ge	余个	169
zuo hua	作画	169
gong bu ying qiu	供不应求	169
xiu ding gao	修订稿	169
dang xing	党性	169
quan mei	全美	169
gong jiao che	公交车	169
liu pian	六篇	169
jian man	减慢	169
dao hen	刀痕	169
liu yi zhou	刘一舟	169
zhi dong	制动	169
ke bo	刻薄	169
qian qian hou hou	前前后后	169
qian zhi	前肢	169
dong wu jie	动物界	169
bo ran da nu	勃然大怒	169
shi zi jia	十字架	169
dan da du dou	单打独斗	169
wei sheng jian	卫生间	169
yin xiang zhu yi	印象主义	169
kou jiao	口角	169
hou che	后撤	169
qiang bian	墙边	169
duo ceng	多层	169
da miao	大庙	169
tian yi	天意	169
tian fan di fu	天翻地覆	169
tai chang si	太常寺	169
zou bao	奏报	169
xi fu er	媳妇儿	169
ning wei yu sui	宁为玉碎	169
bao ping	宝瓶	169
jia yong dian qi	家用电器	169
xiao qiao	小巧	169
xiao pao	小跑	169
wu hou	屋后	169
gong cheng chu	工程处	169
kai en	开恩	169
yin zhong	引种	169
mang luan	忙乱	169
nian fo	念佛	169
zeng wu	憎恶	169
dai gao le	戴高乐	169
kang mei yuan chao zhan zheng	抗美援朝战争	169
ting qi	挺起	169
zhuo mo	捉摸	169
fang ying shi	放映师	169
jiao ting	教廷	169
shu cun	数寸	169
zui gao fa yuan	最高法院	169
you sheng li liang	有生力量	169
ou da	殴打	169
sha chen bao	沙尘暴	169
yang liu	洋流	169
hai feng	海风	169
fu ling	涪陵	169
hun zhuo	混浊	169
qing chang	清偿	169
li	漓	169
guan qu	灌区	169
shao jiu	烧酒	169
huan jing wu ran	环境污染	169
xian	珗	169
qiu mian	球面	169
ai	瑷	169
yong chu	用处	169
cheng	畻	169
huang	皝	169
sheng qing	盛情	169
xiang he	相合	169
zhuo luo	着落	169
deng yan	瞪眼	169
ci pan	磁盘	169
zu qian qiu	祖千秋	169
dao	祷	169
bing xing	秉性	169
di yi men	第一门	169
zhe	粍	169
jing bing qiang jiang	精兵强将	169
hong pai	红牌	169
hong xian	红线	169
ji jian	纪检	169
zu ge	组阁	169
yi zhan	翼展	169
chou qi	臭气	169
zhi shi	致仕	169
luo ye song	落叶松	169
yuan shi xiao	袁士霄	169
yao xie	要挟	169
ci ju	词句	169
kuang	诓	169
yu yi	语义	169
tiao li	调理	169
ze ren xin	责任心	169
zi ben lun	资本论	169
fu you	赋有	169
kua shang	跨上	169
che men	车门	169
jin qin	近亲	169
niang zao	酿造	169
jin kuang	金矿	169
mou	鍪	169
xia	鎼	169
chang qiang	长枪	169
yin ji	阴极	169
yu dian	雨点	169
ba zi	靶子	169
ma yi	马尾	169
yi sheng yi shi	一生一世	168
qi pin	七品	168
san bian	三边	168
bu wei	不惟	168
liang bei	两杯	168
zhong yu	中雨	168
zhi liu	之流	168
hu fang	互访	168
wu lei	五类	168
ya xiao suan yan	亚硝酸盐	168
jing zhao yin	京兆尹	168
ren bu zhi	人不知	168
shen ye pai	什叶派	168
jin fan	今番	168
ti zheng	体征	168
fo tuo	佛陀	168
tou dao	偷盗	168
ru ji	入籍	168
ba bai wan	八百万	168
chong diao	冲掉	168
zhu jiao	助教	168
bei tang	北塘	168
bei ping shi	北平市	168
shi qi sui	十七岁	168
shi fen zhi yi	十分之一	168
qu yue	取悦	168
hou huan	后患	168
wu cha qing	吴茶清	168
ka	咔	168
ba	哵	168
xuan nao sheng	喧闹声	168
si wu ge	四五个	168
huai hua	坏话	168
zuo di	坐地	168
gai	垓	168
da gu niang	大姑娘	168
nu xing	奴性	168
jia jie	嫁接	168
bao	孢	168
jia chang bian fan	家常便饭	168
zun rong	尊荣	168
xiao kou jing	小口径	168
ju yong	居庸	168
zheng xun	征询	168
zong zheng zhi bu	总政治部	168
kui jiu	愧疚	168
zhi zhuo	执著	168
fu zhu	扶助	168
pin xie	拼写	168
da cheng	搭乘	168
zhi dian	支点	168
zheng jian	政见	168
jiu wang tu cun	救亡图存	168
wu shuang	无双	168
bao luan	暴乱	168
man che si te	曼彻斯特	168
you xing sheng zhi	有性生殖	168
chao jin	朝觐	168
mu ke	木刻	168
tiao mu	条目	168
yang ji sheng	杨继盛	168
shu guan	树冠	168
mu ju	模具	168
qi shi hui hong	气势恢宏	168
huo mai	活埋	168
qing liang si	清凉寺	168
hua dong	滑动	168
mei ceng	煤层	168
ai mu	爱慕	168
hua	畫	168
chi dai	痴呆	168
bai hua qi fang	百花齐放	168
dao mu zei	盗墓贼	168
xiang zhuang	相撞	168
shuo da	硕大	168
qi	祺	168
si sheng zi	私生子	168
yang ge	秧歌	168
shui fa	税法	168
su shu	素数	168
xi bao mo	细胞膜	168
xi bao zhi	细胞质	168
jiao pan	绞盘	168
zi you du	自由度	168
cang men	舱门	168
ku si	苦思	168
mang zhuang	莽撞	168
zang shen	葬身	168
chu mo	触摸	168
jing quan	警犬	168
jiang shi	讲师	168
hao qi	豪气	168
zu tan	足坛	168
huan shou	还手	168
tou zhi	透支	168
ruo	鄀	168
jin jun shan	金俊山	168
jin bi	金币	168
jin men	金门	168
diao hua	雕花	168
xue beng	雪崩	168
zhen she	震慑	168
feng chao	风潮	168
bi qiang	鼻腔	168
yi ge ban	一个半	167
san gen	三根	167
san lun	三轮	167
xia hai	下海	167
yu shi ge jue	与世隔绝	167
shi zi	世子	167
li ren	丽人	167
er shi yu	二十余	167
ren ben	人本	167
ren mian	人面	167
di gu	低谷	167
yu shi	余实	167
yi zhong	倚重	167
jue	傕	167
yuan xiao jie	元宵节	167
lie zhi	劣质	167
qin wang	勤王	167
bei jing shi zheng fu	北京市政府	167
sheng jiang tai	升降台	167
ban chang	半场	167
ji ge	及格	167
shou jing luan	受精卵	167
shou ru	受辱	167
zhao ji ren	召集人	167
tong tang	同堂	167
tong xing	同姓	167
he chi	呵斥	167
shan zai	善哉	167
he ling	喝令	167
si jie	四届	167
tu se	土色	167
long	垄	167
duo gong neng ting	多功能厅	167
da hu xiao jiao	大呼小叫	167
da li tang	大礼堂	167
tian shui	天水	167
shi shi	失事	167
zou xiao	奏效	167
hao yun	好运	167
gu nai nai	姑奶奶	167
bi	嬖	167
jia shu	家数	167
dui chen xing	对称性	167
xiao ming	小命	167
ke	岢	167
bu tiao	布条	167
ping min zhu yi	平民主义	167
bing jin	并进	167
dian jia	店家	167
kang ke jian	康克俭	167
kai pan	开盘	167
dang quan	当权	167
xing shi zhu yi	形式主义	167
can xiang	惨象	167
cheng pian	成片	167
pai chang	排场	167
tui shang	推上	167
cha	搽	167
shou tan	收摊	167
gu di	故地	167
xin zhi	新址	167
shi yong	施用	167
wu ding	无定	167
han zai	旱灾	167
kun shan	昆山	167
jing xi	晶系	167
meng	曚	167
ben yuan	本原	167
li ke xiu	李可秀	167
yang wen yue	杨文岳	167
yang bai li	杨百利	167
lan ban	栏板	167
ge yan	格言	167
mao lv	毛驴	167
han wei	汉魏	167
xie qi	泄气	167
sa tuo	洒脱	167
huo zhong	火种	167
du chuang	独创	167
li shi guo	理事国	167
tian li	田里	167
shen shi xing	申时行	167
dian rong	电容	167
pan	畨	167
liao cheng	疗程	167
pi yan	皮炎	167
xiang xiang	相像	167
zu chuan	祖传	167
jing zheng zhe	竞争者	167
deng li zi	等离子	167
gao dian	糕点	167
suo yao	索要	167
jing jiu bu xi	经久不息	167
fa jin	罚金	167
nai yong	耐用	167
lian pen	脸盆	167
zhi ai	致哀	167
fu rong zhen	芙蓉镇	167
hua ping	花瓶	167
jia	荚	167
rong xing	荣幸	167
luo kong	落空	167
jiang jiang	讲讲	167
zhuan gei	转给	167
qing qiao	轻巧	167
guo re	过热	167
zun ming	遵命	167
gai zhi	钙质	167
feng mang	锋芒	167
kuo ye	阔叶	167
fang du mian ju	防毒面具	167
a sai bai jiang	阿塞拜疆	167
lu gao xuan	陆高轩	167
pei zang	陪葬	167
yu lin	雨淋	167
fei li xing	非理性	167
shun feng	顺风	167
shou chang	首场	167
yu er	鱼儿	167
zhen	鸩	167
yi gan	一杆	166
bu ding qi	不定期	166
bu rong hu shi	不容忽视	166
pi	丕	166
zhong wen xi	中文系	166
dan ni er	丹尼尔	166
zhu ren yi shi	主任医师	166
zheng de	争得	166
er ji guan	二极管	166
wu jiao xing	五角星	166
yi wan nuo fu	伊万诺夫	166
zhu kou	住口	166
zuo guai	作怪	166
zuo cheng	作成	166
yi lai xing	依赖性	166
bao xian gong si	保险公司	166
mian shui	免税	166
lan zhi	兰芝	166
gong shi	共事	166
nong xue	农学	166
chu dian	出点	166
chu tao	出逃	166
bo li	剥离	166
jiao fei	剿匪	166
gong di	功底	166
bao chan dao hu	包产到户	166
hua li	华里	166
bo xue	博学	166
zui	厜	166
gu dao	古道	166
shang pin liang	商品粮	166
shan yong	善用	166
si dian	四点	166
tuan jie yi xin	团结一心	166
chui tou sang qi	垂头丧气	166
da bao	大包	166
da xi	大戏	166
da zheng	大政	166
nai you	奶油	166
ying you er	婴幼儿	166
sun jia ji	孙嘉绩	166
meng mai	孟买	166
fu	孵	166
yan xi	宴席	166
jia fu	家父	166
shan luan	山峦	166
song	崧	166
ju zhu	巨著	166
zhang ai ling	张爱玲	166
yi	彛	166
cai chou	彩绸	166
pang huang	彷徨	166
xin hua nu fang	心花怒放	166
zong wu chu	总务处	166
yu yi	愈益	166
jie dao	戒刀	166
jie ji	截击	166
e sha	扼杀	166
na nie	拿捏	166
chi ping	持平	166
lve zou	掠走	166
jie shou ji	接收机	166
duan mian	断面	166
wu wei	无味	166
wu gu	无故	166
ming mei	明媚	166
bao jun	暴君	166
ben xian	本县	166
li cheng liang	李成梁	166
yun	枟	166
qiang bi	枪毙	166
he gan suan	核苷酸	166
zai zhi	栽植	166
duan yan qing	段延庆	166
mei ming	没命	166
lun wang	沦亡	166
miao	淼	166
zi	渍	166
deng shi kou	灯市口	166
rong hua	熔化	166
rong rong	熔融	166
meng ji	猛击	166
gan lu	甘露	166
dian guang	电光	166
yong	痈	166
zhi ming ren shi	知名人士	166
shi lan	石栏	166
si qing	私情	166
xi qi	稀奇	166
qian ding	签定	166
cuan duo	篡夺	166
mi nuo si	米诺斯	166
liang cang	粮仓	166
yue fa	约法	166
jing ji	经纪	166
jiao zhi	胶质	166
miao zi	苗子	166
meng sheng	萌生	166
guan jing	观景	166
li	詈	166
xun dao	训导	166
ji shi	记事	166
hua tou	话头	166
xie zhen	谐振	166
zhao bing jun	赵秉钧	166
shu qiu	输球	166
liao dong ban dao	辽东半岛	166
wei ao	违拗	166
zhong zheng	重整	166
pu shang	铺上	166
men mian	门面	166
sui bi	随笔	166
wei bo	韦伯	166
yu xiang	预想	166
mai ke la lun	麦克拉伦	166
yi ye	一叶	165
yi sheng ling xia	一声令下	165
yi ban lai shuo	一般来说	165
san jiang	三江	165
bu qie shi ji	不切实际	165
bu bao he	不饱和	165
diu qi	丢弃	165
feng shuo	丰硕	165
luan cheng yi tuan	乱成一团	165
er wan wu qian li chang zheng	二万五千里长征	165
kui dai	亏待	165
bao zhang	保长	165
juan dai	倦怠	165
ru shi	入世	165
gong zhuan	公转	165
jian di	减低	165
dao dan	刀丹	165
wu shi	午时	165
dan wei zhi	单位制	165
can yi	参议	165
lv zhi yue	吕之悦	165
xi zhuo	吸着	165
bu ru	哺乳	165
shang ye qu	商业区	165
si gu	四顾	165
qun	囷	165
tu lun bei	土伦杯	165
di tai	地台	165
jian yi	坚毅	165
sao	埽	165
wai bi	外币	165
duo yi	多疑	165
da san	大三	165
tian di xia	天底下	165
tian ji	天机	165
tian li	天理	165
cai	婇	165
shou men	守门	165
mi	宓	165
jia ju	家居	165
xiao fei	小费	165
chang shu	常熟	165
kai men jian shan	开门见山	165
wei chu li qi	微处理器	165
de zhou	德州	165
de yi zhi yin hang	德意志银行	165
bao gao hui	报告会	165
tai sheng	抬升	165
tuo pu	拓扑	165
nuo dong	挪动	165
tao qian	掏钱	165
sa ha la sha mo	撒哈拉沙漠	165
shou kan	收看	165
zheng ye	整夜	165
fang cheng zu	方程组	165
yi rong	易溶	165
wei cheng nian	未成年	165
ji pao	机炮	165
li yi he	李义河	165
biao	杓	165
zao he	枣核	165
mou di	某地	165
chu chu	楚楚	165
ci sheng	此生	165
xiao mo	消磨	165
wen nuan ru chun	温暖如春	165
gun xue qiu	滚雪球	165
wang man yin	王满银	165
wang wei yang	王维扬	165
po	珀	165
li shun	理顺	165
wa kuai	瓦块	165
tian she	田舍	165
hua hua	画画	165
zheng jie	症结	165
jian cha yuan	监察院	165
zhuan chang	砖场	165
cheng yao jia	程瑶迦	165
shui kuan	税款	165
di yi fu	第一副	165
zi	籽	165
jing xue	经学	165
jie yi	结义	165
jin shen	缙绅	165
mei lian chu	美联储	165
lao ben	老本	165
lao ban niang	老板娘	165
bang zi	膀子	165
zi lai shui	自来水	165
peng lai	蓬莱	165
xi	蜥	165
pan	蟠	165
xi zhi men wai	西直门外	165
xi jing	西经	165
lun zhe	论者	165
bai lu	败露	165
gui guo	贵国	165
lian huang di	连皇帝	165
tie gui	铁轨	165
a mu si te dan	阿姆斯特丹	165
tao ye	陶冶	165
shuang jiang	霜降	165
xie di	鞋底	165
feng qu	风趣	165
piao dong	飘动	165
yi qian liang	一千两	164
xia xue	下雪	164
bu ming bu bai	不明不白	164
er hua bu shuo	二话不说	164
wu xing ji	五星级	164
yi shi	伊始	164
ce xian	侧线	164
chu cang	储藏	164
cui mian	催眠	164
nei ying	内应	164
mao jin	冒进	164
xie ming	写明	164
jun ji chu	军机处	164
bing ceng	冰层	164
chong ji li	冲击力	164
kai sa	凯撒	164
tu xian	凸现	164
fen she	分设	164
chu deng	初等	164
chu su	初速	164
pan bie	判别	164
dao chang	到场	164
jia mi	加密	164
jia gong chang	加工厂	164
shi fen zhong	十分钟	164
shi dian	十点	164
mai li	卖力	164
nan bao	南堡	164
nan an	南安	164
wei di ma la	危地马拉	164
li shi ju	历史剧	164
gu li	古力	164
ke hen	可恨	164
ke bei	可悲	164
he huo ren	合伙人	164
hou yao	后腰	164
wu jian min	吴建民	164
gao ji	告急	164
duo	哆	164
na wei	哪位	164
shan hou	善后	164
wei jian	围歼	164
tu mu gong cheng	土木工程	164
cheng zhuan	城砖	164
ji shi	基石	164
huai	壊	164
sheng na	声纳	164
da zhang qi gu	大张旗鼓	164
hao xiao	好笑	164
niu er	妞儿	164
shen shen	审慎	164
ke piao	客票	164
han chao	寒潮	164
gong cheng hao da	工程浩大	164
xun	巽	164
shi chang bu	市场部	164
bu la	布拉	164
jian gou	建构	164
yu shi da fu	御史大夫	164
fang guan	房管	164
zhang quan	掌权	164
jie song	接送	164
zhi xi	支系	164
shu kong	数控	164
wen ya	文雅	164
xin qu	新区	164
wu yuan wu gu	无缘无故	164
yi qu	易趣	164
hui	晖	164
you tiao bu wen	有条不紊	164
zhu chen hao	朱宸濠	164
li zong ren	李宗仁	164
li mei ting	李梅亭	164
li shi	李氏	164
ning meng	柠檬	164
jiao kan	校勘	164
xu xu ru sheng	栩栩如生	164
gen bu	根部	164
bu lv	步履	164
yu	毓	164
wu hui	污秽	164
hong feng	洪峰	164
hai de bao	海德堡	164
lin li jin zhi	淋漓尽致	164
hun jin	混进	164
yuan yuan liu chang	源远流长	164
man bu jing xin	漫不经心	164
mei you	煤油	164
ai ren	爱人	164
te gong	特工	164
lie hu	猎户	164
wan nan	皖南	164
po ge	破格	164
she hui xiao yi	社会效益	164
fu bao	福报	164
fu te	福特	164
qiong ku	穷苦	164
chuan jia dan	穿甲弹	164
guan dai	管带	164
jing pi	精辟	164
qun qing ji fen	群情激奋	164
nie rong zhen	聂荣臻	164
hu qiao mu	胡乔木	164
huang fei	荒废	164
dong jian hua	董建华	164
lei	蕾	164
ha	蛤	164
xue yi	血衣	164
biao lu	表露	164
zhuang ji	装机	164
shi cha yuan	视察员	164
cha	诧	164
yu	谀	164
die ru	跌入	164
zhong zheng	重症	164
jin tian qi yi	金田起义	164
yin xian	阴险	164
chu xi	除夕	164
sui he	随和	164
nan yan	难言	164
ji he lun	集合论	164
ba zhan	霸占	164
ge ming hua	革命化	164
feng wen	风闻	164
can ju	餐具	164
xi	饩	164
shi wu	饰物	164
huang feng	黄蜂	164
long mai	龙脉	164
yi cheng	一成	162
san lian	三联	162
bu wei wa quan	不为瓦全	162
zhong yao cai	中药材	162
ju shi	举世	162
shi bu yi chi	事不宜迟	162
er shi yu nian	二十余年	162
chuan hua	传话	162
shang ji	伤及	162
xin xin bai bei	信心百倍	162
dao ba	倒把	162
gong che	公车	162
xie shi	写诗	162
ji hui	击毁	162
qie kai	切开	162
bao pi	剥皮	162
fu kan	副刊	162
gou jian	勾践	162
pu fu	匍匐	162
sheng guan	升官	162
fan xiang	反向	162
bian xing	变星	162
ji er ji si si tan	吉尔吉斯斯坦	162
zhou zao	周遭	162
guo jiao	国教	162
sheng di ya ge	圣地亚哥	162
di an men	地安门	162
tan	坍	162
da gong lv	大功率	162
da ji	大忌	162
da jiang nan bei	大江南北	162
da she	大赦	162
shi yi	失意	162
qi gong	奇功	162
tao	嫍	162
an she	安设	162
xiao ye	小叶	162
shao shi	少时	162
jiu wei	就位	162
ju min qu	居民区	162
shan ji	山脊	162
ba li	巴里	162
shi chang zhan you lv	市场占有率	162
you jing	幽静	162
ying cong	应从	162
shu ren	庶人	162
mi le	弥勒	162
peng zhang lao	彭长老	162
xin shi	心室	162
xing ji su	性激素	162
gan shang	感伤	162
fang guan ju	房管局	162
da tui	打退	162
kang yu	抗御	162
la qi	拉齐	162
hun	掍	162
da dang	搭档	162
cao yan	操演	162
zhi dui zhang	支队长	162
gai kou	改口	162
gai huan	改换	162
xin shi jie	新世界	162
fang zheng	方正	162
fang xi leng	方西冷	162
pu lang ke	普朗克	162
kuang	曠	162
you kong	有空	162
zhu rong ji	朱镕基	162
sha jun	杀菌	162
song bai	松柏	162
cha qing	查清	162
zhu zhuang	柱状	162
biao yu pai	标语牌	162
ge sha	格杀	162
gui guan	桂冠	162
liang si cheng	梁思成	162
yong ping	永平	162
jin jin you wei	津津有味	162
ling xing	灵性	162
shao zao	烧造	162
kuang xi	狂喜	162
lin na	琳娜	162
se se	瑟瑟	162
sheng wu jie	生物界	162
hua juan	画卷	162
bai jia zheng ming	百家争鸣	162
pen jing	盆景	162
jian guan bu men	监管部门	162
mu lin	睦邻	162
ci tie	磁铁	162
shen miao	神妙	162
le	竻	162
di san tiao	第三条	162
suan zhang	算账	162
hong xing	红星	162
yue se fu	约瑟夫	162
ji jian zu	纪检组	162
shen	绅	162
yu jian	羽箭	162
lian bang zheng fu	联邦政府	162
shen xiao guan	肾小管	162
shen yan	肾炎	162
ji zhu	脊柱	162
fu qiang	腹腔	162
ying guo huang jia xue hui	英国皇家学会	162
rong ru	荣辱	162
ying ye yuan	营业员	162
xiao huang hou	萧皇后	162
shu lei	薯类	162
man heng wu li	蛮横无理	162
biao xian li	表现力	162
biao da shi	表达式	162
xi duan	西段	162
yao zhi	要职	162
rang kai	让开	162
xu duo zhong	许多种	162
hao men	豪门	162
yu dong	豫东	162
die die zhuang zhuang	跌跌撞撞	162
hui shi	辉石	162
mai a mi	迈阿密	162
song jiao	送交	162
guang guang	逛逛	162
xu jiu	酗酒	162
chan	鑱	162
zheng zheng	铮铮	162
yin leng	阴冷	162
yin yu lian mian	阴雨连绵	162
ya gao	雅高	162
ling xia	零下	162
jiu cai	韭菜	162
yun wei	韵味	162
shun kou	顺口	162
ling kong	领空	162
dian pei	颠沛	162
feng shi	风湿	162
hun po	魂魄	162
yi ge jin er	一个劲儿	161
yi du	一堵	161
yi nian si ji	一年四季	161
zhang ren	丈人	161
shang yu	上谕	161
xia yao	下腰	161
bu ke shou shi	不可收拾	161
bu shuai	不衰	161
zheng qiang	争抢	161
kang	亢	161
jiao tong yuan	交通员	161
chan xiao	产销	161
ren min guang chang	人民广场	161
chou shi	仇视	161
xiu ci	修辞	161
yang hu	养护	161
jun fa	军法	161
chong dan	冲淡	161
ji chang	几场	161
tu qi	凸起	161
chu jian	初见	161
zhuo	劅	161
zhu	劯	161
hua gui	华贵	161
nan dao	南岛	161
shou cuo	受挫	161
ge ke	各科	161
hou yi zheng	后遗症	161
ming sang	命丧	161
guo shi	国史	161
da si ma	大司马	161
da dao	大盗	161
tian jing di yi	天经地义	161
wei hai	威海	161
ci	嬨	161
ning xia hui zu zi zhi qu	宁夏回族自治区	161
wan yan kang	完颜康	161
bao	寚	161
xiao ya tou	小丫头	161
gong kuang qi ye	工矿企业	161
guang dao	广岛	161
jian dang	建党	161
kai lie	开裂	161
lu yin ji	录音机	161
lv ling	律令	161
de xin ying shou	得心应手	161
hui hao	徽号	161
nian ji	念及	161
nian dao	念叨	161
huai ta bu	怀塔布	161
zong cheng ji	总成绩	161
xi nu	息怒	161
can	惭	161
sao xing	扫兴	161
pi bo	批驳	161
quan shu	拳术	161
sa jiao	撒娇	161
jiao yu xue	教育学	161
ri jian	日间	161
ben lai mian mu	本来面目	161
bang zi	梆子	161
man	槾	161
huan yu	欢娱	161
qi chuan	气喘	161
shui xian	水仙	161
shui gang	水缸	161
qiu zhi bu de	求之不得	161
han nuo wei	汉诺威	161
lun	沦	161
mi	泌	161
ni jiang	泥浆	161
yi chu	溢出	161
man yue	满月	161
man yan	满眼	161
zhuo re	灼热	161
yan dai	烟袋	161
yan dou	燕都	161
chang kuang	猖狂	161
wang jian ying	王剑英	161
sheng zi	生子	161
sheng chen	生辰	161
pi bao	皮包	161
yan lei	盐类	161
yan tie	盐铁	161
xuan	眩	161
li shi	砾石	161
chuan ci	穿刺	161
zi wai	紫外	161
fu qian	肤浅	161
ji liang	脊梁	161
wu qu	舞曲	161
hua bei	花被	161
cang liang	苍凉	161
su xing he	苏星河	161
mao cao	茅草	161
tui	蛻	161
bu zhang	补涨	161
xi nuan ge	西暖阁	161
bei er ge lai de	贝尔格莱德	161
yi wu	贻误	161
sai che	赛车	161
qi jia	起家	161
zhuan shou	转手	161
zhuan bo	转播	161
yao ce	遥测	161
zhe lan	遮拦	161
chong ti	重提	161
zuan jing	钻井	161
tong xiang	铜像	161
pu gai	铺盖	161
fang shen	防身	161
yin qi sen	阴气森	161
chu yi	除以	161
qing ci	青瓷	161
ren dai	韧带	161
yu yue	预约	161
ling ban	领班	161
shi rou	食肉	161
ma er ta	马耳他	161
huang zhong	黄忠	161
nian mo	黏膜	161
qi huai yuan	齐怀远	161
san jiang	三讲	160
shang yong	上涌	160
shang ce	上策	160
shang biao	上表	160
xia xian	下限	160
liang pai	两排	160
zhong cheng yao	中成药	160
zha de	乍得	160
shu dai zi	书呆子	160
wu liu ge	五六个	160
pi jing	僻静	160
xian nong tan	先农坛	160
guan jie yan	关节炎	160
ji shi zhang	几十张	160
ji hui	几回	160
fen qing	分清	160
ci wei	刺猬	160
hua he	化合	160
jiang ren	匠人	160
nan ban qiu	南半球	160
ka luo si	卡洛斯	160
ya gen	压根	160
gu shi	古史	160
ju hao	句号	160
tai wan di qu	台湾地区	160
po	叵	160
tong ye	同业	160
tong shi dai	同时代	160
hou han	后汉	160
si	咝	160
ai shang	哀伤	160
qiu tu	囚徒	160
hui lu	回路	160
zuo chuan	坐船	160
ai	壒	160
da cheng shi	大城市	160
da du he	大渡河	160
da shi tou	大石头	160
da hei	大黑	160
tian jie	天街	160
shi zhi	失职	160
tou tou	头头	160
hao shou	好受	160
gu xi	姑息	160
shou men yuan	守门员	160
an ju	安居	160
an sheng	安生	160
zun bei	尊卑	160
ni jia la gua	尼加拉瓜	160
cha jia	差价	160
ba shi	巴士	160
ping xi	平西	160
nian hua	年华	160
ying yun	应允	160
kai jiang	开奖	160
qiang ren	强人	160
zheng zhu	怔住	160
nin lao	您老	160
huang huo	惶惑	160
yi jian shu	意见书	160
zhan di	战地	160
tuo lei mi	托勒密	160
ba jiu	把酒	160
sa niao	撒尿	160
jiao lian zu	教练组	160
wen feng	文风	160
jiu huo	旧货	160
ming ren	明人	160
zhi zhe	智者	160
cao wen zhao	曹文诏	160
li jing long	李景隆	160
rou dao	柔道	160
dang qi	档期	160
heng e	横额	160
qi nei	气馁	160
shui zhu	水珠	160
jiang du	江都	160
shi	浉	160
fu you sheng wu	浮游生物	160
she shui	涉水	160
run hua	润滑	160
han yi	涵义	160
qing quan	清泉	160
shi tou	湿透	160
zai qing	灾情	160
chi re	炽热	160
wu li xing zhi	物理性质	160
cu bu ji fang	猝不及防	160
wang hong wen	王洪文	160
bai e	白垩	160
bai lian jiao	白莲教	160
zhi ci	直刺	160
xiang fang	相仿	160
tong	瞳	160
shi jing	石经	160
bei wen	碑文	160
dao gao	祷告	160
cheng qing zhu	程青竹	160
mu ba la ke	穆巴拉克	160
wei chang dao	胃肠道	160
tai sheng	胎生	160
neng hao	能耗	160
tuo diao	脱掉	160
ruo he	若何	160
cha hua	茶花	160
hui cui	荟萃	160
peng song	蓬松	160
chi luo	赤裸	160
he la	赫拉	160
jiao fu	轿夫	160
guo yin	过瘾	160
pei e	配额	160
luan	鑾	160
tan	钽	160
xiao lu	销路	160
duan zao	锻造	160
zhang shi	长史	160
xian shi	闲时	160
jing jing de	静静的	160
gao gen xie	高跟鞋	160
nian	鲇	160
hei shui	黑水	160
qi zheng	齐整	160
yi bai duo nian	一百多年	159
bu tong xun chang	不同寻常	159
dong shan	东山	159
dong lai	东来	159
zhong shi hua	中石化	159
zhi san	之三	159
fa wei	乏味	159
jiu dian	九点	159
xi yi wei chang	习以为常	159
ru suan	乳酸	159
wu lian guan	五连冠	159
ren nao	人脑	159
pu yi	仆役	159
zhu zhai qu	住宅区	159
ti xi bao	体细胞	159
yu yu	余鱼	159
ou ran xing	偶然性	159
dang jian	党建	159
ba xian	八仙	159
yang zhi ye	养殖业	159
yang yu	养鱼	159
jian guan	兼管	159
qie ru	切入	159
liu qi die	刘七爹	159
li suo	利索	159
qian ci	前次	159
bei san huan	北三环	159
bei han	北汉	159
bei hai dao	北海道	159
zhan ling qu	占领区	159
ce	厕	159
chu zi	厨子	159
jiao zhu	叫住	159
tong yi tian	同一天	159
tong zhi	同知	159
qi di	启迪	159
he sheng	和声	159
bo	啵	159
pu chi	噗哧	159
hui shi	回师	159
guo xing	国姓	159
guo ji min sheng	国计民生	159
tu xing	土星	159
jun deng	均等	159
duo de duo	多得多	159
duo pian	多篇	159
da liang	大梁	159
da ai	大碍	159
da che	大车	159
duo zou	夺走	159
jiang pai	奖牌	159
ao li fu	奥立佛	159
jiao yan	娇艳	159
ji ting ting	季婷婷	159
an min	安民	159
xuan jiang	宣讲	159
xuan zhao guan	宣诏官	159
fu lan ke lin	富兰克林	159
shang cun	尚存	159
zhan tai	展台	159
shi mian	市面	159
dai lu	带路	159
xu yan	序言	159
qiang yu	强于	159
yi	彜	159
mang bu die	忙不迭	159
xing xing wei	性行为	159
guai shou	怪兽	159
kai	恺	159
ce	恻	159
nao hen	恼恨	159
qing ai	情爱	159
gan xiang	感想	159
lan duo	懒惰	159
zhan jiang	战将	159
kou fa	扣发	159
tou zi e	投资额	159
jie ji	接济	159
ti fa	提法	159
fang zou	放走	159
yi	斁	159
wu guan jin yao	无关紧要	159
ming zhi	明治	159
shu	暑	159
cao kun	曹锟	159
xing ren	杏仁	159
tiao li	条理	159
jie ke xun	杰克逊	159
gou jia	构架	159
lin zhi xiao	林之孝	159
biao zhu	标注	159
ju	桔	159
du	椟	159
zhi ke	止咳	159
sha chen	沙尘	159
zhan jiang	湛江	159
shan	炶	159
jiao tan	焦炭	159
fan	煩	159
shu shi	熟识	159
ai li xin	爱立信	159
die ma	爹妈	159
mi hou tao	猕猴桃	159
sheng shu	生疏	159
dian dong shi	电动势	159
bai yi	白蚁	159
jin chi	矜持	159
jian	硷	159
jin yong	禁用	159
di yi chang	第一场	159
hong xiu	红袖	159
lao shi ren	老实人	159
zhi fen	职分	159
lu	芦	159
xu shui	蓄水	159
ji suan qi	计算器	159
yi ding shu	议定书	159
ping yu	评语	159
zhu cheng	诸城	159
tiao jiao	调教	159
xie jue	谢绝	159
gui zhou	贵胄	159
guo dao	过道	159
jin an	近岸	159
guang jie	逛街	159
e zhi	遏止	159
dou ling	都灵	159
tu	鍎	159
xin	鑫	159
gang si	钢丝	159
pei jia	陪嫁	159
ba chang	靶场	159
ma guang zuo	马光佐	159
hun fei po san	魂飞魄散	159
gan	魐	159
ma guang zuo	麻光佐	159
gu lou	鼓楼	159
long feng	龙凤	159
yi zhi xing	一致性	158
shang feng	上峰	158
jiu wei	久违	158
wu jing	五经	158
jiao tong yun shu ye	交通运输业	158
ren ding	人丁	158
ren yuan	人缘	158
chuan kai	传开	158
he yue hua	何月华	158
yu yao	余姚	158
gong ying lian	供应链	158
yi wo kan	依我看	158
dao bu ru	倒不如	158
jie su	借宿	158
nei yi	内衣	158
chong ji bo	冲击波	158
jian shu	减数	158
lie ning ge lei	列宁格勒	158
li	励	158
zhi	卮	158
gu dian wen xue	古典文学	158
jiao hua zi	叫化子	158
ming zi	名子	158
tun tu	吞吐	158
dun wei	吨位	158
zhi sheng	吱声	158
wei jing	味精	158
ji	咭	158
shan dai	善待	158
si ji chang qing	四季常青	158
hui xin zhuan yi	回心转意	158
hui dang	回荡	158
guo qing ri	国庆日	158
tu cheng zi	土城子	158
zai shi	在世	158
zhui hui	坠毁	158
ji chu xing	基础性	158
ta li mu pen di	塔里木盆地	158
zhuang ju	壮举	158
chu shi	处世	158
wai tan	外滩	158
da shun chao	大顺朝	158
duo lu	夺路	158
qi er	妻儿	158
kong xi	孔隙	158
zi tiao	字条	158
gong dian shi	宫殿式	158
you wen tu si	尤文图斯	158
sui wei	岁尾	158
zuo you fen	左右分	158
san	帴	158
nian shao	年少	158
ying zheng	应征	158
zhang cheng ren	张成仁	158
zhang chao tang	张朝唐	158
xu zhang lao	徐长老	158
de guo dui	德国队	158
xin fan	心烦	158
yi he	怡和	158
zong gong	总攻	158
song	愯	158
lan yang yang	懒洋洋	158
zhi niu	执拗	158
shu ju lian	数据链	158
wen zong	文宗	158
xin min xue hui	新民学会	158
wu xing zhong	无形中	158
ri yong pin	日用品	158
hun huang	昏黄	158
yang er ren	杨二人	158
qi	槭	158
xi wen	檄文	158
shui jing guan	水晶棺	158
shui zheng qi	水蒸气	158
qi lun ji	汽轮机	158
tai wu shi bao	泰晤士报	158
huan san	涣散	158
dan shui hu	淡水湖	158
shen zhen zheng quan jiao yi suo	深圳证券交易所	158
bao	煲	158
ai de hua	爱德华	158
pan	爿	158
jiao	狡	158
wang fu jing da jie	王府井大街	158
zhen zhu gang	珍珠港	158
liu xiao	留校	158
shu dao	疏导	158
you	疣	158
deng lu ting	登陆艇	158
yan hong	眼红	158
fu zhou shi	福州市	158
si you hua	私有化	158
cheng chen	称臣	158
tu ru	突入	158
xi tong xing	系统性	158
hong shu lin	红树林	158
lian jiu	练就	158
jiao xing jia	绞刑架	158
ji	绩	158
wei xin pai	维新派	158
chi xiao	耻笑	158
lian he guo da hui	联合国大会	158
shen shang xian su	肾上腺素	158
hu zuo fei wei	胡作非为	158
zang	臧	158
she shen	舍身	158
cang gai	舱盖	158
yi shu xing	艺术性	158
lian hua chi	莲花池	158
yuan da tou	袁大头	158
yuan xiang gong	袁相公	158
gui fan xing	规范性	158
ji ci	讥刺	158
zang	賍	158
ze ma	责骂	158
gan zhou	赣州	158
zhao zheng zheng	赵争争	158
qi jin	起劲	158
ci bie	辞别	158
guo ban	过半	158
tong die	通牒	158
jin ri cheng	金日成	158
gu yong lao dong	雇佣劳动	158
xue xian	雪线	158
rou	鞣	158
shi su	食宿	158
shi liao	食料	158
xun yang	驯养	158
san gong	三公	157
shang dang	上党	157
bu yi wei yi	不以为意	157
bu shi shi ji	不失时机	157
shi jun dao	世钧道	157
dong bei ce	东北侧	157
dong bei jiao	东北角	157
zhong guo ren min da xue	中国人民大学	157
zhong feng	中风	157
zhu fu	主妇	157
di fen	低分	157
lv	侣	157
yu	俣	157
qing ya	倾轧	157
nei mu	内幕	157
xie zhao	写照	157
jun yi	军医	157
jian ya	减压	157
xiong xiang bi lu	凶相毕露	157
qian xie nian	前些年	157
ju bian	剧变	157
ge di	割地	157
dong man	动漫	157
hua xue wu qi	化学武器	157
shi ji wan	十几万	157
kou liang	口粮	157
gu dian zhu yi	古典主义	157
ke kou ke le	可口可乐	157
wu xian ren	吴县人	157
zhou ji	周济	157
ha er bin shi	哈尔滨市	157
si ri	四日	157
yin er shi	因而是	157
sheng bao luo	圣保罗	157
pi	坯	157
ji de	基德	157
tou ren	头人	157
tao zhuang	套装	157
po luo men	婆罗门	157
an ran	安然	157
jia chuan	家传	157
jia ting jiao yu	家庭教育	157
zhan chi	展翅	157
lv jian bu xian	屡见不鲜	157
shan ge	山歌	157
lao	崂	157
gong zuo liang	工作量	157
ping hua	平滑	157
ying cheng	应承	157
zhang zong chang	张宗昌	157
xin fei	心肺	157
fan	忛	157
zong can mou bu	总参谋部	157
en qing	恩情	157
en ai	恩爱	157
zhan gu	战鼓	157
shou bei	手背	157
tuo pan	托盘	157
tou qiang	投枪	157
kong zhi quan	控制权	157
ti bi	提笔	157
ge zhi	搁置	157
da li	搭理	157
shou jiao	收缴	157
gong ji li	攻击力	157
wen yan	文言	157
zhai gong	斋宫	157
wu gong	无功	157
ming xian zong	明宪宗	157
ming shi	明示	157
zan huan	暂缓	157
za wen	杂文	157
za wu	杂物	157
li lai heng	李来亨	157
yang guo xiao	杨过笑	157
he fan ying dui	核反应堆	157
chu ci	楚辞	157
ci di	次第	157
si yu fei ming	死于非命	157
du ye	毒液	157
qi se	气色	157
tai li si	泰利斯	157
zhuo zhou	涿州	157
wen ti ren	温体仁	157
xuan	渲	157
hu li	湖里	157
huo xian	火线	157
shao diao	烧掉	157
re li	热力	157
fan xia	犯下	157
dian jie zhi	电介质	157
liu nian	留念	157
xing	硎	157
li jing	离京	157
xiu mei	秀美	157
bi ji	笔迹	157
deng liang	等量	157
chou ban	筹办	157
na xi	纳西	157
fen rao	纷扰	157
zhi pian	纸片	157
jie di zu zhi	结缔组织	157
mian mian	绵绵	157
lv cha	绿茶	157
si	缌	157
xia	罅	157
lao xiao	老小	157
er yu	耳语	157
liao yi zi wei	聊以自慰	157
bei di li	背地里	157
jing	胫	157
zi shang er xia	自上而下	157
jie pai	节拍	157
ba jiao	芭蕉	157
su lin	苏林	157
fan li	范例	157
cao ben zhi wu	草本植物	157
luo zuo	落座	157
xue shui	血水	157
xing jiang	行将	157
ke wai	课外	157
zhuan gui	转轨	157
zhuan zhou	转轴	157
fu yin	辅音	157
tong hua fei	通话费	157
zheng yuan xun	郑元勋	157
dou si	都司	157
zhong ji qiang	重机枪	157
tu	钍	157
yin jiang	银匠	157
yuan qiang	院墙	157
yin fu	隐伏	157
jie	颉	157
pian	骈	157
hong gou	鸿沟	157
hei ban	黑斑	157
qi hua men	齐化门	157
yi dan	一担	156
yi dian duo	一点多	156
wan zhong	万种	156
shang jing	上京	156
bu fei	不菲	156
zhuan yi	专一	156
zhong gu	中古	156
wu zi bie ke si tan	乌兹别克斯坦	156
jiao yi	交椅	156
fu niu shan	伏牛山	156
zhu su fei	住宿费	156
zuo zheng	佐证	156
zhu luo ji	侏罗纪	156
dang wai	党外	156
quan e	全额	156
gong pu	公仆	156
liu dian	六点	156
bing gong chang	兵工厂	156
ji fan	几番	156
lie guo	列国	156
pan fa	判罚	156
dong gan	动感	156
mian	勉	156
shi si jie	十四届	156
fa huo	发火	156
si ma guang	司马光	156
he zou	合奏	156
jun zhu zhuan zhi	君主专制	156
dai zhi	呆滞	156
xiang che yun xiao	响彻云霄	156
zao	噪	156
wei yan	围堰	156
guo ji yu lian	国际羽联	156
di yuan	地缘	156
wai gan	外感	156
da jia	大加	156
shi ling	失灵	156
shi bai zhe	失败者	156
hao xi	好戏	156
gou	姤	156
hun qian	婚前	156
xi	嬉	156
shou heng ding lv	守恒定律	156
an le	安乐	156
an lu shan	安禄山	156
ding ju	定局	156
jia jia hu hu	家家户户	156
fu shang	富商	156
dao shu	导数	156
shan dong ban dao	山东半岛	156
shan li hong	山里红	156
yan hua	岩画	156
shi yuan	师院	156
nu ma	怒骂	156
si xiang jie fang	思想解放	156
dui	怼	156
gong jin	恭谨	156
jia na	戛纳	156
bao xiao	报效	156
bai shi	拜师	156
tan xun	探寻	156
yao shen yi bian	摇身一变	156
fang liang	放量	156
zheng ling	政令	156
jiu shi	旧事	156
shi shi ke ke	时时刻刻	156
lang xun	朗讯	156
quan wei	权位	156
lai dian	来电	156
ci li	此理	156
bi jia	比价	156
lv qi	氯气	156
qin yuan	沁源	156
mo ru	没入	156
liu kou	流寇	156
chao ju	潮剧	156
hui yan	灰岩	156
te li	特里	156
gua ge	瓜葛	156
jia wu	甲午	156
dian zi guan	电子管	156
yi tuan	疑团	156
bi	痹	156
bai fen zhi bai	百分之百	156
yan shui	盐水	156
xiang quan	相劝	156
zhi bu zhi dao	知不知道	156
liu hua	硫化	156
hong zao	红枣	156
yue shu li	约束力	156
zhi zhi du wai	置之度外	156
lao shao	老少	156
lian xi hui yi	联席会议	156
xu de zhang	胥德章	156
qiang diao	腔调	156
ying lei	营垒	156
cai he sen	蔡和森	156
luo wen	螺纹	156
zhuang man	装满	156
jie bao	解宝	156
ju	讵	156
nuo bei er jiang	诺贝尔奖	156
qi luo jia	起落架	156
shen jia bai bei	身价百倍	156
che huo	车祸	156
qian jiu	迁就	156
lian sheng	连胜	156
tong zhang	通胀	156
qian song	遣送	156
shao piao ping	邵飘萍	156
mi	醚	156
cai fa	采伐	156
lv he jin	铝合金	156
guo lu fang	锅炉房	156
du	镀	156
liu jin	镏金	156
ju	閰	156
men re	闷热	156
yin sen	阴森	156
a ge bu	阿格布	156
a lian qiu	阿联酋	156
yin xing yan jing	隐形眼镜	156
po gan	颇感	156
yi	飴	156
xiang tian	香甜	156
gao lu	高卢	156
yi dai	一袋	155
san wei yi ti	三位一体	155
san cheng	三成	155
shang fu	上浮	155
xia kuan	下款	155
zhong hou qi	中后期	155
zhu cong	主从	155
qi qiu	乞求	155
shi duan	事端	155
yun cai	云彩	155
ren duo shi zhong	人多势众	155
ta guo	他国	155
fo zhu	佛珠	155
zuo bie	作别	155
qian	佥	155
qiao ju	侨居	155
xian tou	先头	155
fen hao bu cha	分毫不差	155
shi zhi ba jiu	十之八九	155
bei lie	卑劣	155
nan guan	南关	155
bo yi	博弈	155
wei shi	卫视	155
shuang dao	双道	155
shou jin	受尽	155
ding ding dang dang	叮叮当当	155
hou fa	后发	155
hou qin	后秦	155
ku han	哭喊	155
shang pin liang	商品量	155
xiao sheng	啸声	155
si guo	四国	155
guo jia da ju yuan	国家大剧院	155
mo ji	墨迹	155
duo kong	多孔	155
da tong	大通	155
niang jiu	娘舅	155
jiang shuai	将帅	155
xiao tai jian	小太监	155
shan min	山民	155
chong ren	崇仁	155
nian zhong	年终	155
xin bing	心病	155
kuai man	快慢	155
huang	愰	155
qian	慊	155
cheng qun jie dui	成群结队	155
yang chang er qu	扬长而去	155
fu xu	抚恤	155
ju ren qian li	拒人千里	155
lan lu	拦路	155
kong zhi lun	控制论	155
nuo	搦	155
da jia	搭架	155
cheng yao	撑腰	155
pan yuan	攀援	155
xin xiu	新秀	155
ri ben fang wei ting	日本防卫厅	155
xing qi er	星期二	155
you yi wu yi	有意无意	155
lai zhi bu yi	来之不易	155
yi bei	椅背	155
bang shou	榜首	155
xi	橀	155
zheng shi	正事	155
si yin	死因	155
mao qi ling	毛奇龄	155
mao se	毛色	155
gou gu	沟谷	155
bo ci tan	波茨坦	155
liu zou	溜走	155
xun	潯	155
huo qiu	火球	155
ai mei	爱美	155
pian zhang	片长	155
sheng	牲	155
you yu bu jue	犹豫不决	155
jia gu	甲骨	155
ai xi bao	癌细胞	155
bai ri	百日	155
pan huan	盘桓	155
xiang fu xiang cheng	相辅相成	155
zha yan	眨眼	155
liu hua wu	硫化物	155
li ji	礼记	155
qiu shou	秋收	155
wo nang	窝囊	155
pian pian	篇篇	155
jing shen	精深	155
li	缡	155
fei rou	肥肉	155
bei nang	背囊	155
tui jiao	腿脚	155
lian	臁	155
zhi yi	致以	155
ying te er gong si	英特尔公司	155
meng zai gu li	蒙在鼓里	155
xu yi	蓄意	155
cang pin	藏品	155
cang hua	藏画	155
feng yong	蜂拥	155
du	蠹	155
xue shuan	血栓	155
biao di	表弟	155
ji hua shu	计划数	155
su	谡	155
cai bao	财宝	155
qi bing	起病	155
qi se	起色	155
ba hu	跋扈	155
che zai	车载	155
lian yun gang	连云港	155
qian bi tou	铅笔头	155
chang sha shi	长沙市	155
nan ting	难听	155
ling xiu xiang	领袖像	155
feng dong	风洞	155
piao hu	飘忽	155
rao ming	饶命	155
yu	馀	155
ma xing kong	马行空	155
yi pin hong	一品红	153
yi sui	一岁	153
shang wei	上尉	153
bu ru yi	不如意	153
zhuan lie	专列	153
yan jia	严家	153
zhong guo ren min zhi yuan jun	中国人民志愿军	153
zhong hai	中海	153
er liang	二两	153
bo ming han	伯明翰	153
zuo ba	作罢	153
gong xiao	供销	153
jun mei	俊美	153
yan	俨	153
xiu dao yuan	修道院	153
jia ban	假扮	153
guan ming mei	关明梅	153
jian ju	兼具	153
shou yi	兽医	153
zai bai	再拜	153
jun fu	军服	153
fen xin	分心	153
qie pian	切片	153
gua mu xiang kan	刮目相看	153
ban an	办案	153
mian li	勉励	153
bei fang ju	北方局	153
qu wei	区位	153
shi nian han chuang	十年寒窗	153
zhan shang feng	占上风	153
yin du zhi na	印度支那	153
fa mao	发毛	153
kou zhao	口罩	153
gu wang jin lai	古往今来	153
ke han	可汗	153
ming jiao	名教	153
za	咂	153
jia jiang	嘉奖	153
fu ye	复叶	153
tian zhu jiao hui	天主教会	153
tian di	天敌	153
tian qiu	天球	153
yang qiu	央求	153
chang	娼	153
xiao xin jin shen	小心谨慎	153
gong nong lian meng	工农联盟	153
zuo jin	左近	153
chai shi	差事	153
ba shan	巴山	153
chang shi	常事	153
bing zhou	并州	153
geng	庚	153
du ri	度日	153
xu wei	徐渭	153
yu yong	御用	153
xin cai	心裁	153
wang en fu yi	忘恩负义	153
can ran	惨然	153
ji shu yuan	技术员	153
shou yi	授意	153
jiu bu	旧部	153
hun yong	昏庸	153
shu qi	暑期	153
zui gao ji	最高级	153
ben zhi gong zuo	本职工作	153
ji pin	极品	153
mei jin mei	梅津美	153
mo kuai hua	模块化	153
heng wo	横卧	153
dian hou	殿后	153
qi xu	气虚	153
shui mu	水母	153
hui wen	汇文	153
you guo	油锅	153
fa xue jia	法学家	153
tao qi	淘气	153
gun kai	滚开	153
piao bo	漂泊	153
huo shan yan	火山岩	153
huo lu	火炉	153
yuan	爰	153
ye men	爷们	153
shuai diao	甩掉	153
shen ming	申明	153
bai gui	白圭	153
bai hua	白花	153
bai jia	百家	153
ang ran	盎然	153
yan ba ba	眼巴巴	153
kan diao	砍掉	153
zhen	禛	153
jiong po	窘迫	153
zhu jian	竹简	153
jian lian	简练	153
jin gen zhe	紧跟着	153
jue miao	绝妙	153
tong ji ju	统计局	153
ju lian	聚敛	153
fen fang	芬芳	153
cao gao	草稿	153
ru chong	蠕虫	153
xi bei feng	西北风	153
yan shuo	言说	153
ding hun	订婚	153
ji	讥	153
zhuan kou	转口	153
jin shi	近世	153
lian xu ju	连续剧	153
ni	铌	153
zhang jin	长进	153
men zi	门子	153
nao zhe wan	闹着玩	153
long xi	陇西	153
chen guo qiang	陈国强	153
yu lan	预览	153
ling shou	领受	153
shou bo	首播	153
xian xue lin li	鲜血淋漓	153
yi miao	一秒	152
ding guo bao	丁国宝	152
bu dong chan	不动产	152
zhong wei	中尉	152
jiu ye	九叶	152
er chi	二尺	152
ren lian	人脸	152
ti qiang	体腔	152
he ri	何日	152
he zu dao	何足道	152
he men	何门	152
bao wei zhan	保卫战	152
fu li ye	傅里叶	152
guang xi	光熙	152
liu zhong	六种	152
xie ru	写入	152
ling jia	凌驾	152
qie cuo	切磋	152
kan xing	刊行	152
jia ya	加压	152
jia gong ji	加工机	152
zhu li	助力	152
bei jing wei shu qu	北京卫戍区	152
bei jing shi ren min zheng fu	北京市人民政府	152
sheng ru	升入	152
ban shen	半身	152
you	卣	152
fa hong	发红	152
kou chi	口吃	152
he yi	和议	152
yao jin ya guan	咬紧牙关	152
si lu	四路	152
tuan fei	团费	152
zuo li bu an	坐立不安	152
chu nv	处女	152
duo fang mian	多方面	152
da gong gao cheng	大功告成	152
jia zhuang	嫁妆	152
guan di	官邸	152
xiao e	小额	152
qu xi	屈膝	152
shu guo	属国	152
qian ru shi	嵌入式	152
chao xue	巢穴	152
bu yi nuo si ai li si	布宜诺斯艾利斯	152
ping an wu shi	平安无事	152
kai dong	开动	152
de xi	得悉	152
zhong gao	忠告	152
zong chang	总厂	152
wo lia	我俩	152
fu lan	扶栏	152
tou zhong	投中	152
ya jie	押解	152
chou qi	抽泣	152
chai hui	拆毁	152
bai hui	拜会	152
tui tuo	推托	152
gao huo	搞活	152
ca shi	擦拭	152
jiu ming zhi en	救命之恩	152
jiao yan shi	教研室	152
wu du	无毒	152
wu qiong de	无穷的	152
ri tou	日头	152
an xiao	暗笑	152
chao xiang	朝向	152
mu cai chang	木材厂	152
zhong	柊	152
biao bang	标榜	152
huan xiao	欢笑	152
wu san tong	武三通	152
wu xia xiao shuo	武侠小说	152
du ji	毒剂	152
zhi fa	治法	152
ni su	泥塑	152
hong dou	洪都	152
qing ming jie	清明节	152
hu pen	湖盆	152
shao zhe	烧着	152
jiao gong li	焦公礼	152
zhu feng	珠峰	152
qiong lou yu yu	琼楼玉宇	152
tian mei	甜美	152
yong zhong	甬钟	152
pan gu	盘古	152
zhi hui	知会	152
shi qiang	石墙	152
yan jiu sheng yuan	研究生院	152
bei zuo	碑座	152
zu fu lin	祖福临	152
zu bei	祖辈	152
huo shi	祸事	152
ji cha	稽查	152
li lun	立论	152
di yi zhong	第一重	152
di er chong	第二重	152
lan qiu chang	篮球场	152
zong heng jiao cuo	纵横交错	152
wen li	纹理	152
jing yuan	经院	152
tuo pin zhi fu	脱贫致富	152
chuan zha	船闸	152
yi wen	艺文	152
cao mao	草帽	152
shi zi	虱子	152
rong shui	融水	152
jing zhong	警钟	152
rang li	让利	152
zheng	诤	152
shuo jiao	说教	152
gu kou	谷口	152
zou bian	走遍	152
yue ju	跃居	152
zhuan hui	转回	152
qing sheng dao	轻声道	152
guo shi	过世	152
pei yong	配用	152
zhong	鐘	152
qian xue li	钱学礼	152
jiao	铰	152
li	隷	152
xia guang	霞光	152
qing shi ban	青石板	152
fei tong xun chang	非同寻常	152
kao bu zhu	靠不住	152
mian hong er chi	面红耳赤	152
yu ke	预科	152
hai yi	骇异	152
ying zhao	鹰爪	152
huang dao	黄岛	152
huang ma	黄麻	152
li man geng	黎满庚	152
zi	龇	152
yi zheng tian	一整天	151
shang xia shui	上下水	151
bu kan yi ji	不堪一击	151
bu wai	不外	151
bu yun	不孕	151
zhong guo nan dui	中国男队	151
cheng fa	乘法	151
er niang	二娘	151
wu shi sui	五十岁	151
jiao shang	交上	151
yi li	以利	151
qi ye zhu	企业主	151
yi li sha bai	伊丽莎白	151
hui biao	会标	151
e fang	俄方	151
yi tian jian	倚天剑	151
er xi	儿戏	151
xian bei	先辈	151
ru qin zhe	入侵者	151
zai zhan	再战	151
ning si	凝思	151
qie shen	切身	151
ti tou	剃头	151
lao zi	劳资	151
pi di	匹敌	151
qian yu jian	千余件	151
hua bei di qu	华北地区	151
bo da	博大	151
e yun	厄运	151
fa hei	发黑	151
kou shui	口水	151
ting ren	听任	151
gao tui	告退	151
zhou dian	周颠	151
he ai	和蔼	151
chu li ji	处理机	151
da shi yi qu	大势已去	151
da guan yuan	大观园	151
shi tai	失态	151
ao tuo	奥托	151
xi	媳	151
jia nu	家奴	151
xiao nv er	小女儿	151
ji ren	己任	151
ba luo ke	巴洛克	151
bu li	布里	151
pang ran da wu	庞然大物	151
di mei	弟妹	151
zhang chun qiao	张春桥	151
dang liang	当量	151
tu xing	徒刑	151
tan te bu an	忐忑不安	151
e zuo ju	恶作剧	151
e xing xun huan	恶性循环	151
xiang dang nian	想当年	151
zhan li	战栗	151
pi ping jia	批评家	151
cheng huan	承欢	151
hu guo	护国	151
gu tu	故土	151
duan chang	断肠	151
shi fei	施肥	151
wu yang	无恙	151
ming zhe	明哲	151
ming xi	明晰	151
jing de zhen	景德镇	151
biao qiang	标枪	151
xiao fang	校方	151
he wu li	核物理	151
shui shi	水势	151
shui qi	水汽	151
fa quan	法权	151
bo lan	波澜	151
yin fu	淫妇	151
cui	淬	151
qing leng	清冷	151
hu di	湖底	151
zi zhang	滋长	151
tan tu	滩涂	151
huo shi	火势	151
mei dian	煤电	151
ya guan	牙关	151
ma ya	玛雅	151
bo li chuang	玻璃窗	151
rui jin	瑞金	151
sheng ling	生灵	151
dian che	电车	151
chang xing	畅行	151
dian xian	癫痫	151
bai yang	白杨	151
chi	笞	151
di san fang	第三方	151
di er ceng	第二层	151
li xi bao	粒细胞	151
jin po gan	紧迫感	151
zuan	纘	151
hong lian	红脸	151
na mi bi ya	纳米比亚	151
jie jie	结节	151
ji fa	继发	151
mei ji	美籍	151
qi lao	耆老	151
nai mo	耐磨	151
jiao se	脚色	151
hang tian yuan	航天员	151
hang dian	航电	151
huang dan	荒诞	151
lan tian	蓝田	151
zhu	蛀	151
xing xiong	行凶	151
zhuang huang	装潢	151
xun lian you su	训练有素	151
qian rang	谦让	151
pin kun xian	贫困县	151
zhao liang si	赵良嗣	151
dao	蹈	151
dao guan	道观	151
jin gu bang	金箍棒	151
jin bian	金边	151
guan	鏆	151
an	闇	151
ya long	雅龙	151
ling sui	零碎	151
qing ke	青稞	151
xie wa	鞋袜	151
an ma	鞍马	151
yan da nu	颜大怒	151
ma jiao	马脚	151
tuo bei	驼背	151
huang pu jiang	黄浦江	151
huang dan	黄疸	151
yi dian yi dian	一点一点	150
san jiu	三九	150
xia gui	下跪	150
dong hai jian dui	东海舰队	150
zhong qiu jie	中秋节	150
er ceng	二层	150
er long xi zhu	二龙戏珠	150
hu lian wang luo	互联网络	150
ren dao	人道	150
zhu li	伫立	150
shi ran	使然	150
gong fei	公费	150
dong ri	冬日	150
fan bai	凡百	150
fen jie dian	分界点	150
fen lei fa	分类法	150
chuang shi	创始	150
bie chu xin cai	别出心裁	150
zhi kong quan	制空权	150
lao dong qiang du	劳动强度	150
le ling	勒令	150
cong cong mang mang	匆匆忙忙	150
chi jin	吃紧	150
yin shi	吟诗	150
he ci xi	和慈禧	150
bu ru lei	哺乳类	150
tang ren	唐人	150
zhu tuo	嘱托	150
li	嚦	150
tuan li	团里	150
zhuang han	壮汉	150
fu yuan	复员	150
duo wan yuan	多万元	150
tai shang huang	太上皇	150
zou ben	奏本	150
yin yuan	姻缘	150
luan	娈	150
po jia	婆家	150
xian qi	嫌弃	150
shou jiu	守旧	150
an long	安龙	150
guan xian	官衔	150
bao dian	宝典	150
fu li	富丽	150
mei	寐	150
gua bu di zhong	寡不敌众	150
feng shang	封赏	150
ju yu wang	局域网	150
bu she	布设	150
bu zhen	布阵	150
gan shi	干湿	150
guang bo	广博	150
fei pin	废品	150
zhang guo dong	张国栋	150
qiang jian	强健	150
de zhu	得主	150
jie yan	戒烟	150
kang han	抗旱	150
qiang xiu	抢修	150
kao bei	拷贝	150
zheng qi	政企	150
duan xu	断续	150
wu xing	无性	150
zao chun	早春	150
jin nan	晋南	150
you ji hua xue	有机化学	150
fu shu	服输	150
ji guan gan bu	机关干部	150
he ran liao	核燃料	150
mo mo hu hu	模模糊糊	150
wu jin shi	武进士	150
si qu huo lai	死去活来	150
mei fa zi	没法子	150
feng	沣	150
hai dai	海带	150
zi bo	淄博	150
dan huang	淡黄	150
huai hai zhan yi	淮海战役	150
rong zhi	溶质	150
xi	犀	150
dian ying ting	电影厅	150
dian xian	电线	150
ji	畿	150
sao yang	瘙痒	150
bai lu cun	白鹿村	150
xiang sui	相随	150
kuang	眶	150
diao	碉	150
tiao	祧	150
kong xian	空闲	150
qian zhu	签注	150
hong shi zi hui	红十字会	150
hong rang	红壤	150
zu tuan	组团	150
yuan fen	缘分	150
fan jian	翻建	150
shen bing	肾病	150
pei ru	胚乳	150
nong bao	脓包	150
yan zhi	腌制	150
fu qi	腹鳍	150
sao	臊	150
zhi yi	致意	150
zheng teng	蒸腾	150
ma	蚂	150
xi xi li dao	西西里岛	150
jie gu	解雇	150
lun ju	论据	150
gai cheng	该城	150
diao ru	调入	150
dou ke	豆科	150
pin ji	贫瘠	150
ruan jin	软禁	150
ci dian	辞典	150
yun dong zhan	运动战	150
yao qing sai	邀请赛	150
suan chu	酸楚	150
jin shu kuang	金属矿	150
jin pu	金铺	150
lian zi	链子	150
xian	閑	150
men lian	门联	150
wen hao	问号	150
mu	雮	150
lu shui	露水	150
han mu lin	韩木林	150
tao guang yang hui	韬光养晦	150
feng shi	风蚀	150
hai gu	骸骨	150
lu	鲈	150
mai tian	麦田	150
huang shui	黄水	150
huang he se	黄褐色	150
yi xie ze	一些则	149
yi ban ren	一班人	149
ding xiang	丁香	149
bu po	不破	149
bu zu wei qi	不足为奇	149
zhong dong di qu	中东地区	149
zhong lv	中旅	149
lin yi	临沂	149
zhu pu	主仆	149
jiu ri	九日	149
mai zhu	买主	149
ya yun	亚运	149
ling hu gong zi	令狐公子	149
fo xue	佛学	149
chang fu	偿付	149
gong sun lv	公孙绿	149
gong hai	公害	149
guan hu	关乎	149
nong zuo	农作	149
leng bu fang	冷不防	149
liu yan qing	刘延庆	149
gong neng xing	功能性	149
dong hua pian	动画片	149
jie chi	劫持	149
lao lun si	劳伦斯	149
hua zhuang	化装	149
qian zhen wan que	千真万确	149
hua zheng	华筝	149
nan duan	南段	149
nan chi zi	南池子	149
nan sha	南沙	149
xie xia	卸下	149
shou zui	受罪	149
ke cheng zhi ji	可乘之机	149
hou jin	后晋	149
yu shi	喻示	149
chao nong	嘲弄	149
guo ao dui	国奥队	149
di xia	地峡	149
zuo nan chao bei	坐南朝北	149
jian guo	坚果	149
wai di ren	外地人	149
wai gua	外挂	149
ye shen	夜深	149
tian wei	天威	149
yao zhe	夭折	149
jian ji	奸计	149
hao se	好色	149
ting	婷	149
qi ken	岂肯	149
zuo you liang zuo	左右两座	149
zuo you men	左右门	149
you nv	幼女	149
de wen	德文	149
tuo ye	托叶	149
cheng qian gong	承乾宫	149
cheng de	承德	149
tou di	投递	149
zhi jian	指尖	149
mo qing	摸清	149
dou ou	斗殴	149
chi ge	斥革	149
han di	旱地	149
han yan	旱烟	149
xi nian	昔年	149
qu pai	曲牌	149
mu shu	木薯	149
ji guan bao	机关报	149
ji wu	机务	149
sha chong ji	杀虫剂	149
jia suo	枷锁	149
biao jia	标价	149
kuang kuang	框框	149
ti tian	梯田	149
lou qian	楼前	149
duan zi	段子	149
wu ni	污泥	149
shen zhan	深湛	149
qing dian	清点	149
you mu min	游牧民	149
zi yang	滋养	149
man bu zai hu	满不在乎	149
ji yue	激越	149
ling zhi	灵芝	149
huan xian	环线	149
wa si	瓦斯	149
shu le	疏勒	149
deng shan dui	登山队	149
bai yu shi	白玉石	149
sheng nu	盛怒	149
shui shu	睡熟	149
li yu	礼遇	149
ji guan	籍贯	149
jing ji	经籍	149
sui yuan	绥远	149
zhen mi	缜密	149
zi da	自大	149
zi ran shu	自然数	149
shu zhang	舒张	149
zhi jia ge da xue	芝加哥大学	149
ying zong	英宗	149
huang cao	荒草	149
ao	螯	149
yi dai	衣袋	149
jian bu de ren	见不得人	149
shi ting	视听	149
jie kun	解困	149
shi shu	诗书	149
xie qiu si	谢秋思	149
dun zuo	蹲坐	149
zhuan zhuan	转转	149
bian shi	辨识	149
yu ci	遇刺	149
zhe dang	遮挡	149
chong chong de	重重的	149
yin guang	银光	149
men dian	门店	149
yun	陨	149
qing dao dui	青岛队	149
qing jin	青筋	149
yin yun	音韵	149
er liao	饵料	149
yi che	一车	148
qi mi	七米	148
wan si yi sheng	万死一生	148
bu yi hui	不一会	148
liang ju	两具	148
zhong guo shi	中国式	148
jiu yi	久已	148
wu tou	乌头	148
jiu zhang	九丈	148
zheng xian kong hou	争先恐后	148
wu shi liang	五十两	148
wu jian	五建	148
jing guan	京官	148
jing bao	京报	148
cong da qing	从大清	148
jia huo	假货	148
zuo bu liao	做不了	148
ba jiao mao	八角帽	148
ba bu	八部	148
bing yuan	兵员	148
jian yuan	减员	148
fen cun	分寸	148
gang xing	刚性	148
zhi fa	制法	148
qian zou	前奏	148
qian men da jie	前门大街	148
qian yuan	前院	148
jia jin	加进	148
bei jing zhong shan gong yuan	北京中山公园	148
shi san dian	十三点	148
dan ke	单科	148
dan xi bao	单细胞	148
nan guo	南国	148
yin du zheng fu	印度政府	148
shuang he	双核	148
fa san	发散	148
shu bo	叔伯	148
kou gan	口感	148
shi po po	史婆婆	148
hao tong	号筒	148
ge qu	各区	148
xi shui	吸水	148
pen huo	喷火	148
du	嘟	148
guo qing	国庆	148
zai du	在读	148
pei gen	培根	148
tian man	填满	148
ye shi	夜视	148
da zuo wen zhang	大作文章	148
da ban nian	大半年	148
tai fu	太傅	148
yao fa	妖法	148
ji	姞	148
qu qi	娶妻	148
dui ou	对偶	148
dui jue	对决	148
wei sui	尾随	148
ping hua ji	平滑肌	148
bing zuo	并作	148
xing cun zhe	幸存者	148
xu hao	序号	148
di yun	底蕴	148
jian zhu xue	建筑学	148
qiang guang	强光	148
zheng bing	征兵	148
xu yuan chao	徐援朝	148
jing xi jiao ji	惊喜交集	148
kuo zhao	扩招	148
tui ding	推定	148
zhi qu	支取	148
fang ren	放任	148
jiao gei	教给	148
jing qing	敬请	148
shu qian zhi	数千只	148
xie mian	斜面	148
xin fa	新法	148
wu zhu	无助	148
xiao men	校门	148
qiao ben	桥本	148
heng biao	横标	148
can bu	残部	148
shui xing	水星	148
qiu hun	求婚	148
zhi jun	治军	148
fa lei	法勒	148
xiao chen	消沉	148
dan mo	淡漠	148
huai yin	淮阴	148
shu	漱	148
pu	瀑	148
lie yan	烈焰	148
you bu de	由不得	148
jia chun	甲醇	148
nan pai	男排	148
bai mi	百米	148
xiang rang	相让	148
yan hua	眼花	148
zhuan hun	砖混	148
tan suan li	碳酸锂	148
she hui bao xian	社会保险	148
shen tan	神坛	148
shen zhou	神舟	148
ji zan	积攒	148
cheng xiong	称雄	148
jie gan	秸秆	148
qie guo da dao	窃国大盗	148
wai	竵	148
di er bu	第二部	148
xiao sheng	箫声	148
zi hong se	紫红色	148
fang zhi ye	纺织业	148
xi shuo	细说	148
mei ren er	美人儿	148
mei jiu	美酒	148
kao cha tuan	考察团	148
zi li	自理	148
zi xiang can sha	自相残杀	148
hua xiang	花香	148
ying qu	营区	148
xu rong	虚荣	148
ma feng	蚂蜂	148
hang hui	行会	148
xiu kou	袖口	148
qiu li li	裘丽丽	148
bi	裨	148
gua zi	褂子	148
xi yao	西药	148
gai ju	该剧	148
wu ren wei	误认为	148
diao bo	调拨	148
huo mian	豁免	148
hao ge	豪格	148
song liao	送料	148
zhu ji	逐级	148
zheng gui fei	郑贵妃	148
jin cheng	金城	148
wen	鎾	148
lv tu kuang	铝土矿	148
yin bai se	银白色	148
dui	镦	148
chang qi	长崎	148
lan	阑	148
lu zhuang zhu	陆庄主	148
ji ju	集聚	148
yin pin	音频	148
feng xing	风行	148
ma liu jia hai xia	马六甲海峡	148
gao you	高邮	148
yu rou	鱼肉	148
huang shu lang	黄鼠狼	148
qi cheng	七成	147
wan ying bang	万英镑	147
dong ping	东平	147
dong chao xi	东朝西	147
dong xi xiang	东西向	147
liang ji	两季	147
liang pan	两盘	147
zhong jia	中加	147
zhong guo dian ying ji tuan gong si	中国电影集团公司	147
jin zhao	今朝	147
cong jin yi hou	从今以后	147
ge	仡	147
he zeng	何曾	147
er sun	儿孙	147
er tong wen xue	儿童文学	147
xie zi tai	写字台	147
nong min zhan zheng	农民战争	147
ji xing	几行	147
fan er sai	凡尔赛	147
chu kou guo	出口国	147
chu ying	出迎	147
chu xia	初夏	147
zhi dong qi	制动器	147
ti	剔	147
li fan	力帆	147
bei po luo	北婆罗	147
hua chen	华辰	147
wei guo zhi	卫国之	147
ya zha	压榨	147
shuang quan	双拳	147
guai	叏	147
fa qing	发情	147
xu shi shi	叙事诗	147
jiao ma	叫骂	147
tai shang	台商	147
he qun	合群	147
diao si	吊死	147
xi xiao	嘻笑	147
si jian	四溅	147
sheng ming	圣明	147
da quan	大全	147
tian zai	天灾	147
pin	嫔	147
an zhen	安贞	147
jiang cai	将才	147
xiao lao po	小老婆	147
niao ye	尿液	147
zuo zu you	左祖右	147
wu shu	巫术	147
ba dun	巴顿	147
bi zhi	币制	147
bu da pei si	布达佩斯	147
pang de	庞德	147
shi	弑	147
yi shi	役使	147
xin yan er	心眼儿	147
nu he	怒喝	147
nu mu	怒目	147
ji chi	急驰	147
e qi	恶气	147
e chou	恶臭	147
can zhuang	惨状	147
fen men	愤懑	147
ji shi	技师	147
shou chang	收场	147
shu lie	数列	147
wen you wu	文右武	147
lv cheng	旅程	147
shi zhi	时值	147
qu xian mei	曲线美	147
wei zhi shu	未知数	147
ji qun	机群	147
ban zi	板子	147
lie	栵	147
gen zi	根子	147
wu dou	武斗	147
si xin ta di	死心塌地	147
min qing	民情	147
yang hua lv	氧化铝	147
shui hua	水花	147
zhi xue	治学	147
lei yan	泪眼	147
yong	泳	147
lie	洌	147
qing di xun	清帝逊	147
hua xiang	滑翔	147
sui	燧	147
ai lian	爱怜	147
te ming	特命	147
xian dai zhu yi	现代主义	147
ban ji	班机	147
sheng wu jian	生物碱	147
nan nv lao shao	男女老少	147
jie he	界河	147
bing yuan ti	病原体	147
wen	瘟	147
bai ji	百级	147
jian cha guan	监察官	147
mu xia	目下	147
kuang quan shui	矿泉水	147
zhong tian	种田	147
long tong	笼统	147
yi	縊	147
fan za	繁杂	147
yue dan he	约旦河	147
ji nian shi	纪念室	147
ji nian zhan	纪念展	147
chun du	纯度	147
jing ji wei ji	经济危机	147
wang zhuang	网状	147
luo lie	罗列	147
er ming	耳鸣	147
geng	耿	147
zi ran ren	自然人	147
ruo gan fen	若干份	147
pu shou chang	蒲绶昌	147
yi ku	衣裤	147
yuan xi fan	袁锡藩	147
xi chuan	西川	147
ci er	词儿	147
xu	诩	147
yu yi	语意	147
nuo bei er he ping jiang	诺贝尔和平奖	147
bian di	贬低	147
chi luo luo	赤裸裸	147
chao hu	超乎	147
fu	辐	147
shu luan guan	输卵管	147
bian sai	边塞	147
jin shi	近视	147
chi hao tian	迟浩田	147
beng fa	迸发	147
bi rang	避让	147
zhong yu	重于	147
zhen zi	镇子	147
ya jia da	雅加达	147
qing tian	青天	147
han lin er	韩林儿	147
qu san	驱散	147
pian qu	骗取	147
gun	鲧	147
san shi san nian	三十三年	145
xia zang	下葬	145
bu que ding xing	不确定性	145
ye wu yuan	业务员	145
zhu ban fang	主办方	145
xiang min	乡民	145
wu dian	五点	145
jiao huan ji	交换机	145
you hou	优厚	145
yu xia	余暇	145
shi ming gan	使命感	145
xin kou kai he	信口开河	145
fu shi	俯视	145
gong sheng men	公生门	145
qie ji	切记	145
bei ai er lan	北爱尔兰	145
shi bai	十百	145
luan zi	卵子	145
li shi xi	历史系	145
can jia zhe	参加者	145
tai ci	台词	145
ye lv ti	叶绿体	145
ge dui	各队	145
tong yuan	同源	145
tong dao	同道	145
ming qi	名企	145
si shi ba jin	四十八斤	145
guo du	国度	145
tu zang	土葬	145
duo dian	多点	145
da tong xiao yi	大同小异	145
da gu	大鼓	145
tian xia da luan	天下大乱	145
tou xiang	头像	145
qi shi	奇事	145
ben fang	奔放	145
fu chan ke	妇产科	145
yi niang	姨娘	145
an shen	安身	145
xiao qi ye	小企业	145
shi hai	尸骸	145
qi zhi	岂止	145
yan ti	岩体	145
shi bu	师部	145
you mo gan	幽默感	145
ku rong	库容	145
kai pu dun	开普敦	145
kai pao	开炮	145
kuai che	快车	145
ci ai	慈爱	145
wu xu bian fa	戊戌变法	145
cheng yu	成语	145
wo dang	我党	145
fang dong	房东	145
shou zhou	手肘	145
pu mian	扑面	145
cha qu	插曲	145
jie mu	揭幕	145
sa shou jian	撒手锏	145
xiao fang	效仿	145
jiao min	教民	145
wen han	文翰	145
jiu you	旧有	145
hun shui	昏睡	145
wan xia	晚霞	145
qu fu	曲阜	145
zui da hua	最大化	145
zhao xi	朝夕	145
ge ling lan	格陵兰	145
zhuo pang	桌旁	145
liang zhong shu	梁中书	145
zhi wu xue	植物学	145
lou jiu ying	楼九楹	145
qi	歧	145
si jiao	死角	145
mao li qiu si	毛里求斯	145
shen yang shi	沈阳市	145
you gong	油工	145
hai nei	海内	145
hai chuan	海船	145
chun pu	淳朴	145
you le	游乐	145
you zou	游走	145
guan mu cong	灌木丛	145
ran qi lun ji	燃气轮机	145
niu ai xiang	牛爱香	145
te gao	特高	145
gou zei	狗贼	145
lie qiang	猎枪	145
cai ji	猜忌	145
wang ye qiu	王冶秋	145
sheng huo bi xu pin	生活必需品	145
zhi	痔	145
sheng lve	省略	145
deng xian	等闲	145
guan wei	管委	145
zhu	箸	145
jing ye	精液	145
jin kao	紧靠	145
hong miao zheng	红苗正	145
lao gong ren	老工人	145
jian mo gu ji	肩摩毂击	145
bei kao	背靠	145
pei ceng	胚层	145
xiong fu	胸腹	145
neng jin gong	能进宫	145
lv li	膂力	145
zi xing huo pao	自行火炮	145
zi ren	自认	145
chuan jia	船家	145
jie qian	节前	145
ying zi	英子	145
lan bu	蓝布	145
cang wen	藏文	145
xu wu	虚无	145
feng wo	蜂窝	145
xi yi	蜥蜴	145
xing wen	行文	145
xi wei de	西为德	145
xi jiao min xiang	西交民巷	145
xi chao fang	西朝房	145
guan cha jia	观察家	145
fei bang	诽谤	145
hao zhai	豪宅	145
shu hui	赎回	145
chen shi	趁势	145
yue yue yu shi	跃跃欲试	145
tiao tai	跳台	145
che chen	车臣	145
zhuan hang	转行	145
hong long	轰隆	145
jin ji	进击	145
tong hai yun	通海运	145
bi si	逼死	145
chong he	重合	145
jin yin cai bao	金银财宝	145
gang zhen	钢针	145
lv tu	铝土	145
sha	铩	145
chang xian	长线	145
fang qu	防区	145
ya ge	雅各	145
ling san	零散	145
lei ming	雷鸣	145
han xue ting	韩雪亭	145
gu yang min	顾养民	145
qu che	驱车	145
gao zhong sheng	高中生	145
long hua feng	龙画凤	145
yi qiao bu tong	一窍不通	144
yi ban jian shi	一般见识	144
qi qi si shi jiu xiang	七七四十九响	144
san shi liu shan	三十六扇	144
shang wan tou	上万头	144
shang yu xi	上御玺	144
bu xiao	不肖	144
qiu qun wang	丘群望	144
dong nan jiao	东南角	144
dong zhou	东周	144
feng yu zhi	丰豫之	144
jiu liu	久留	144
er qian ping fang mi	二千平方米	144
er shu	二数	144
yu bu lang	于步廊	144
yun fu yu	云拂羽	144
yun shan	云杉	144
yun rao long	云绕龙	144
wu zang	五脏	144
ya ma sun he	亚马孙河	144
jing guang zhong xin	京广中心	144
ren ming ce	人名册	144
ren xing hua	人性化	144
jin de	今德	144
jin zheng yang	今正阳	144
ti wei	体味	144
xiu zao	修造	144
yuan gong cheng	元宫城	144
guang hua mu cai chang	光华木材厂	144
ru er	入耳	144
quan guan qing	全冠清	144
quan sheng	全盛	144
ba ri	八日	144
gong ye qian	公冶乾	144
gong sheng	公生	144
liu shi gen	六十根	144
guan hong ye	关洪野	144
nei meng	内蒙	144
jue dou	决斗	144
ji wan pian	几万片	144
lie dao	列岛	144
liu ji	刘基	144
chu xing jing	初兴靖	144
jia gai	加盖	144
bao hong jin	包红巾	144
hua zi	化子	144
bei jing hui yi zhong xin	北京会议中心	144
hua jue ming	华觉明	144
dan zhan xie	单詹歇	144
bian shu	变数	144
jiao xiao	叫嚣	144
ye lv su	叶绿素	144
he zuo hua	合作化	144
he ban	合办	144
he mou	合谋	144
tong yue	同月	144
ming hao	名号	144
tang wei you	唐为幽	144
hui wei	回味	144
guo ji xiang qi	国际象棋	144
sheng tu	圣土	144
zhui ru	坠入	144
ji du jiao tu	基督教徒	144
duo ru	堕入	144
mo shui	墨水	144
sheng su	声速	144
wai hai	外海	144
wai zu fu	外祖父	144
da zhong kuang	大冢匡	144
da yun he	大运河	144
sun jian wen	孙建文	144
sun yu xi	孙玉玺	144
meng chun qi	孟春祈	144
an bang zhi	安邦治	144
ding duo	定夺	144
xuan zhao yuan	宣诏员	144
xuan jin shou	宣金受	144
gong cheng nan	宫城南	144
gong da dian	宫大典	144
gong cai hui	宫才会	144
xun du gu	寻杜谷	144
shou xing guo	寿兴国	144
feng zhi zheng	封之政	144
xiao men	小门	144
gong zheng	工整	144
bu yi	布依	144
gan bu lang	干步廊	144
ping jun zhu yi	平均主义	144
jian fang	建房	144
zhang li min	张利民	144
gui jiu	归咎	144
xu xiao li	徐啸力	144
xu ji bin	徐继斌	144
cheng zu da	成祖大	144
bian chan	扁铲	144
ban ji	扳机	144
cheng tian zhi	承天之	144
cheng lu pan	承露盘	144
kang jun	抗菌	144
chai san	拆散	144
huan suan	换算	144
huan yan zhi	换言之	144
tan fang	探访	144
lou bao	搂抱	144
mo tuo	摩托	144
shu shi wan wan	数十万万	144
shu luo	数落	144
ming jing zong	明景宗	144
ming zheng yan	明正言	144
ming gu yan	明顾炎	144
cao xiao shi	曹萧诗	144
zui hui guo	最惠国	144
zui qi ma	最起码	144
you shuang feng	有双凤	144
you ba wo	有把握	144
mu feng xian	木凤衔	144
mu liang jun	木梁均	144
zhu hou pan	朱厚磐	144
li jing lin	李景林	144
du li diao	杜里调	144
jia zi gong	架子工	144
cha pu shi	查浦诗	144
zha lan	栅栏	144
li zi	栗子	144
he ding	核定	144
fan yu	梵语	144
bi	楅	144
lou lan	楼兰	144
wu jin shi xu	武进士徐	144
wu jin shi mei	武进士梅	144
shen yu ying	沈玉英	144
he gang	河港	144
po la	泼辣	144
dong men	洞门	144
fu li	浮力	144
hai yan	海盐	144
fei	淝	144
shen si shu lv	深思熟虑	144
qing lv dian	清律典	144
qi ju zhu	漆巨柱	144
chao zhou	潮州	144
sha bai	煞白	144
mou li	牟利	144
mu ren	牧人	144
bo	犻	144
xian li	献礼	144
xian li pian	献礼片	144
wang rui ling	王瑞领	144
sheng xie shao	生谢绍	144
shen su ling	申宿令	144
shen qing ren	申请人	144
bai si shi liu	百四十六	144
yi qie qin	益切钦	144
zhi chang ai	直肠癌	144
bi bo	碧波	144
ci shi	磁石	144
shen zong	神宗	144
shen zu zhu	神祖主	144
ji fen bang	积分榜	144
dang	筜	144
hong yi fang mian jun	红一方面军	144
gang chang	纲常	144
zong huo	纵火	144
niu lun bao	纽伦堡	144
jue shi	绝世	144
luo xiao man	罗小蛮	144
er long	耳聋	144
zhi ye hua	职业化	144
cong hui	聪慧	144
su jing	肃静	144
sheng chu	胜出	144
zi da kuang	自大狂	144
hua guan jing	花观景	144
hua jiao	花轿	144
mao xin jin	茅新进	144
yun	蒀	144
kuai shi lang	蒯侍郎	144
kuai xiang guan	蒯祥官	144
kuai xiang si	蒯祥死	144
diao	蓧	144
cang chuan	藏传	144
you	蚴	144
bu ding	补丁	144
xiu shou pang guan	袖手旁观	144
xi hong qiang	西红墙	144
jian duo shi guang	见多识广	144
xu san pin	许三品	144
xu qin wang	许亲王	144
xu huang di	许皇帝	144
shen	诜	144
zhu jun	诸君	144
zhu jin shi	诸进士	144
zhi bian	质变	144
he zi zhen	贺子珍	144
jia ying ting	贾英廷	144
yue jia	越加	144
yue jin	跃进	144
ying xiao	迎晓	144
jin chang	进场	144
ni cha	逆差	144
jin dao xiu	金刀绣	144
zhong ke qin	钟克勤	144
zhong ling ke	钟灵可	144
tie he	铁盒	144
ting er zou xian	铤而走险	144
chan chu	铲除	144
deng	镫	144
que you men	阙右门	144
que ping ming	阙平明	144
que men wei	阙门未	144
chen qiao nian	陈乔年	144
chen lv sheng	陈履生	144
chen jing yun	陈警云	144
sui zang pin	随葬品	144
mian xiang dui xiang	面向对象	144
bao can	饱餐	144
ma bu ting ti	马不停蹄	144
gao chang he	高长河	144
lu te shi	鲁特氏	144
qi lin	麒麟	144
huang feng dian	黄封殿	144
huang bang	黄榜	144
long fu	龙服	144
yi wu yi shi	一五一十	143
yi fu	一夫	143
yi dong	一栋	143
yi qi	一气	143
san cun	三寸	143
bu yan	不严	143
si zhi pin	丝织品	143
zhong biao	中标	143
ju bing	举兵	143
yi xiong	义兄	143
qiao da hang	乔大夯	143
ya ping ma	亚平妈	143
chou jia	仇家	143
jia ge zhan	价格战	143
shen she tou	伸舌头	143
zhu zhi	住址	143
gou lou	佝偻	143
yong jin	佣金	143
jiao jiao zhe	佼佼者	143
xin shi	信使	143
hou xuan	候选	143
dang dai biao	党代表	143
ru yao	入药	143
gong de	公德	143
liu ming	六名	143
nei sheng	内生	143
zai qi	再起	143
chu xian	出线	143
zhi leng	制冷	143
li zhan	力战	143
shi er zhi chang	十二指肠	143
shi liu ge	十六个	143
ai	叆	143
gua	叧	143
zhou bao	周报	143
ku su	哭诉	143
shang pin hua	商品化	143
dun	囤	143
yuan qiu	圆球	143
chang zi	场子	143
cheng jian	城建	143
zeng zi	增资	143
zhai	夈	143
fu gui	复归	143
tian jia	天价	143
shi san	失散	143
nu li she hui	奴隶社会	143
jie	婕	143
mi ji xing	密集型	143
liao liao wu ji	寥寥无几	143
she ying	射影	143
xiao qi che	小汽车	143
ni ke song	尼克松	143
qu cong	屈从	143
ying tian	应天	143
fei qi	废气	143
du jia cun	度假村	143
zuo yi	座椅	143
kai ting	开庭	143
yao	徭	143
de xing	德性	143
si xiang shi	思想史	143
li	悧	143
guan yong	惯用	143
fen fen	愤愤	143
yang zi	扬子	143
niu dong	扭动	143
kang zhan shi qi	抗战时期	143
la chang	拉长	143
zhao gong	招工	143
bai tuo	拜托	143
tan zi	探子	143
zheng tan	政坛	143
wen hua guan	文化馆	143
nuan qi	暖气	143
xiu	朽	143
quan zhong	权重	143
li de quan	李德全	143
yang shu	杨树	143
he ji shu	核技术	143
he guo	核果	143
jian	楗	143
ju	橘	143
ou zhou gong tong ti	欧洲共同体	143
he nan ren	河南人	143
shen ru ren xin	深入人心	143
tian zhi	添置	143
qing gao	清高	143
li jiang	漓江	143
huo gong	火攻	143
feng huo	烽火	143
ran ze	然则	143
sheng gen	生根	143
sheng ying	生硬	143
tian chan	田产	143
jia qiao	甲壳	143
jiang jie	疆界	143
bai han feng	白寒枫	143
bai hua	白话	143
zha ba	眨巴	143
peng qiao	碰巧	143
he ben ke	禾本科	143
bing cheng	秉承	143
guan dai	管待	143
can	粲	143
chun piao	纯朴	143
gang ling xing	纲领性	143
xi sui	细碎	143
lan	缆	143
lao liang kou	老两口	143
lao ma ma	老妈妈	143
geng geng yu huai	耿耿于怀	143
ku ming	苦命	143
mo	茉	143
cao gen	草根	143
yao xing	药性	143
fan wang	藩王	143
can shi	蚕食	143
chan lian	蝉联	143
ru	褥	143
tiao dang	调档	143
zhao yi niang	赵姨娘	143
zu qiu sai	足球赛	143
mai kai	迈开	143
lian suo dian	连锁店	143
yu yu	郁郁	143
ku ai	酷爱	143
chong wen	重温	143
zhui xing	锥形	143
zhen hai	镇海	143
yang qi	阳气	143
yin dao yan	阴道炎	143
ji zhong di	集中地	143
xun hua	驯化	143
mai dang lao	麦当劳	143
bu yi yu li	不遗余力	142
zhuan jia zu	专家组	142
dong nan xi bei	东南西北	142
liang jiang	两江	142
yi gui	乙炔	142
luan zi	乱子	142
liao ru zhi zhang	了如指掌	142
wu liu	五六	142
wang ling	亡灵	142
liang chu	亮出	142
jin sheng	今生	142
cong ye zhe	从业者	142
shen jin	伸进	142
di shou ru	低收入	142
ti tong	体统	142
gong xiao she	供销社	142
bao wen	保温	142
bi si mai	俾斯麦	142
xie sheng	写生	142
chu kou liang	出口量	142
li ju	力矩	142
jia shui	加水	142
ban shan	半山	142
xie ban	协办	142
juan tu chong lai	卷土重来	142
can kao shu	参考书	142
fa yan	发炎	142
fa sheng lv	发生率	142
he yi	合宜	142
wu yuan hua	吴元华	142
ji diao	基调	142
sheng zhang	声张	142
fu gu	复古	142
xia hou	夏侯	142
duo xie	多些	142
da qu	大区	142
da wu	大雾	142
fen fa	奋发	142
hao hao er	好好儿	142
ru zhi nai he	如之奈何	142
qi shi	妻室	142
nen jiang	嫩江	142
kong jing	孔径	142
yu wen tai	宇文泰	142
zong shi	宗师	142
su tai wei	宿太尉	142
xiao shu	小树	142
xiao ling zi	小玲子	142
xiao zhan	小站	142
shi cong	师从	142
xi la yu	希腊语	142
shi	師	142
ping tian	平添	142
dan zou	弹奏	142
dang gui	当归	142
de gao wang zhong	德高望重	142
guai quan	怪圈	142
qia ru	恰如	142
qiao wu sheng xi	悄无声息	142
yi zhi	懿旨	142
fang ding	房顶	142
da jian	打尖	142
da pai	打牌	142
zhi ye zi ge	执业资格	142
yi yu zheng	抑郁症	142
tuo zhi	拓殖	142
chi jiu zhan	持久战	142
ting li	挺立	142
yao gun	摇滚	142
pie zui	撇嘴	142
xiao lao	效劳	142
ban lan	斑斓	142
wu yi jian	无意间	142
ming wen gui ding	明文规定	142
zhu jiu zhen	朱九真	142
zhu gao chi	朱高炽	142
ji fang	机房	142
ku zhi	枯枝	142
chu chuang	橱窗	142
ge chang jia	歌唱家	142
shui wu ran	水污染	142
shui hu	水浒	142
wo er fu	沃尔夫	142
jin pu	津浦	142
xiao ting	消停	142
hua luo	滑落	142
man yi du	满意度	142
bin yu	濒于	142
pao zhi	炮制	142
ban shi	班师	142
zeng	甑	142
yong qian	用钱	142
pi	癖	142
pan mian	盘面	142
sheng kuang	盛况	142
qin jun	秦军	142
qiong kun	穷困	142
di si wei	第四位	142
suan gua	算卦	142
zan	簪	142
na cui dang	纳粹党	142
suo shou	缩手	142
luo xiao wei	罗晓维	142
nai li	耐力	142
tuo kou	脱口	142
qian	茜	142
ying	莹	142
qiong	蛩	142
wo niu	蜗牛	142
yan ci	言词	142
ji shu	记数	142
tan guan wu li	贪官污吏	142
yong	踊	142
fu yi	辅以	142
yun hui	运回	142
yun shu ye	运输业	142
fan huan	返还	142
hai kuan	还款	142
zhui sui zhe	追随者	142
tong lu	通路	142
juan	鄄	142
lou kong	镂空	142
xian liao	闲聊	142
fu xi	附息	142
sui sui bian bian	随随便便	142
zhen nu	震怒	142
han yu	韩愈	142
yin xun	音讯	142
ma ke si zhu yi zhe	马克思主义者	142
gao she pao	高射炮	142
yi bu xiao xin	一不小心	141
yi fan feng shun	一帆风顺	141
yi shi tong ren	一视同仁	141
yi ding	一锭	141
bu gong dai tian	不共戴天	141
bu zhi	不支	141
zhuan ji	专辑	141
liang pian	两篇	141
lin zi	临淄	141
zhu ye	主业	141
ping	乒	141
mai jin	买进	141
luan pao	乱跑	141
er shi ri	二十日	141
jiao xiang yue	交响乐	141
jiao tong yin hang	交通银行	141
jing hu tie lu	京沪铁路	141
jie zi	介子	141
yang mian	仰面	141
wei lie	位列	141
he hong yao	何红药	141
fu luo li da	佛罗里达	141
bao bu zhu	保不住	141
bao zheng jin	保证金	141
xin de guo	信得过	141
fu yang	俯仰	141
ru ya	儒雅	141
xing wang	兴亡	141
bing shang	冰上	141
chong feng xian zhen	冲锋陷阵	141
huang	凰	141
dao jian	刀尖	141
chu ba	初八	141
bao bi	包庇	141
shi duo ge	十多个	141
can mou bu	参谋部	141
qu zi	取自	141
shou li	受力	141
shou yun	受孕	141
tong huo	同伙	141
hou nao	后脑	141
yuan di	园地	141
guo shi fang wen	国事访问	141
zeng xuan	增选	141
duo tou	多头	141
tai yang shen	太阳神	141
shi diao	失掉	141
hao yi si	好意思	141
gu mu	姑母	141
wei bi	威逼	141
shen shen	婶婶	141
xi xi	嬉戏	141
sun ce	孙策	141
dui bu zhu	对不住	141
shan shen	山神	141
cha kai	岔开	141
cui qiu shan	崔秋山	141
xiang kou	巷口	141
fu di	府邸	141
kai qiao	开窍	141
zhang yi lan	张义兰	141
tu lao	徒劳	141
xin fang	心房	141
da jie	打劫	141
shu	抒	141
la jin	拉近	141
bai tang	拜堂	141
tan qiu	探求	141
tui dao	推导	141
tui jin qi	推进器	141
ti chun	提纯	141
min gan xing	敏感性	141
xin min	新民	141
xin chao	新潮	141
xin shi	新诗	141
xin ye	新野	141
ri xin yue yi	日新月异	141
sha ren fang huo	杀人放火	141
cha ban	查办	141
zai zhong	栽种	141
dong fang	洞房	141
nong wu	浓雾	141
lang zi	浪子	141
hai shi	海事	141
dan ran	淡然	141
gun luo	滚落	141
fu mu qin	父母亲	141
yu zhen zi	玉真子	141
qiu dan bai	球蛋白	141
qin xian	琴弦	141
shen ban	申办	141
hua fa	画法	141
chi mi	痴迷	141
bai shi jing	白世镜	141
bai chong xi	白崇禧	141
pi fu bing	皮肤病	141
shi zhuang zhu	石庄主	141
shi he	石河	141
she hui xing	社会性	141
shen zhou xing	神州行	141
tu chu	突触	141
li shi	立誓	141
di shi ci	第十次	141
jing lian	精炼	141
jue ju	绝句	141
gao	缟	141
wang luo hua	网络化	141
gang	肛	141
nong zhong	脓肿	141
zi zhuan	自传	141
chuan wei	船尾	141
mang guo	芒果	141
wei	苇	141
zhu ma	苎麻	141
cao liao	草料	141
rong hua fu gui	荣华富贵	141
meng zhu	蒙住	141
hu tou	虎头	141
can jian	蚕茧	141
he	螛	141
guan shi yin	观世音	141
gui yue	规约	141
shi ju	视距	141
ci ren	词人	141
shi xiang	试想	141
gai qu	该区	141
shi de qi fan	适得其反	141
na fu	那幅	141
yin li	阴历	141
yin mei	隐没	141
yan men guan	雁门关	141
xue liang	雪亮	141
mian xiang	面相	141
bian da	鞭打	141
tui ran	颓然	141
biao sheng	飙升	141
fei niao	飞鸟	141
gao mi	高密	141
hou	鲎	141
tuo	鸵	141
huang rong jian	黄蓉见	141
yi wan liang	一万两	140
san bei	三倍	140
dong zhang xi wang	东张西望	140
liang xiang	两响	140
liang lun	两轮	140
zhong kong	中空	140
feng chen xiu	丰臣秀	140
shi ye bu	事业部	140
er san	二三	140
wu yan liu se	五颜六色	140
ren shou	人寿	140
ren wen ke xue	人文科学	140
dai biao chu	代表处	140
he di	何地	140
fu fu	俯伏	140
ji zhi	几支	140
fen zi jie gou	分子结构	140
cha na	刹那	140
bei wei	卑微	140
yuan fa xing	原发性	140
fa tie	发帖	140
shou nan	受难	140
shi guan	史官	140
ji an	吉安	140
hou shi	后事	140
tu yu hun	吐谷浑	140
tang gu la shan	唐古拉山	140
guo an dui	国安队	140
tu shu guan xue	图书馆学	140
tu qiang	土墙	140
di ci	地磁	140
cheng fang	城防	140
ru gao	如皋	140
gu ji	孤寂	140
an kang	安康	140
song shi	宋史	140
song hui zong	宋徽宗	140
shi wen	室温	140
jian li	尖利	140
wu men	屋门	140
chao hu	巢湖	140
guang wei liu chuan	广为流传	140
guang dian zong ju	广电总局	140
qing gong	庆功	140
ying yong ruan jian	应用软件	140
qiang du	强渡	140
lu yin dai	录音带	140
qie nuo	怯懦	140
you ran	悠然	140
kai tan	慨叹	140
jie huo	截获	140
sao qing	扫清	140
chou da	抽打	140
pao	拋	140
jie shou	接手	140
bai nong	摆弄	140
zhi wu	支吾	140
gai dao	改道	140
zheng di	政敌	140
duan lie dai	断裂带	140
wu sun	无损	140
you xian dian shi	有线电视	140
chao bai	朝拜	140
mu zhuang	木桩	140
ben di ren	本地人	140
ben cun	本村	140
ban bi	板壁	140
meng mei yi qiu	梦寐以求	140
yin shang	殷商	140
yan hong	殷红	140
min zu xue	民族学	140
shui huo	水火	140
zhan ran	沾染	140
fa xue yuan	法学院	140
pai tou	派头	140
hai luo yin	海洛因	140
ya	涯	140
shen yi	深意	140
yu gang	渔港	140
can kun	灿坤	140
re chu li	热处理	140
yan guo	燕国	140
niu bi zi	牛鼻子	140
xian nian	现年	140
sheng jiu	生就	140
you shi	由是	140
fan hao	番号	140
xiang tou	相投	140
xiang ai	相爱	140
wo	硪	140
she huo	社火	140
shen ren	神人	140
ke er	科尔	140
sha ding	纱锭	140
zhi cheng	织成	140
zhong gui	终归	140
jie ji	结集	140
ji mu	继母	140
sao si	缫丝	140
kao ping	考评	140
nai ren xun wei	耐人寻味	140
lian kao	联考	140
yu miao	育苗	140
neng dong	能动	140
liang tian	良田	140
hu nian	虎年	140
ji ti	计提	140
yi lun fen fen	议论纷纷	140
ci qu	词曲	140
bei duo fen	贝多芬	140
cai fa	财阀	140
die fu	跌幅	140
pan shan	蹒跚	140
ji lu	辑录	140
lian ri lai	连日来	140
yi chuan wu zhi	遗传物质	140
fu shan	釜山	140
bu	钚	140
men shen	门神	140
nao ju	闹剧	140
min jiang	闽江	140
yin bu	阴部	140
lu xiao yi	陆小艺	140
nan shi	难事	140
e jiao	额角	140
xiang	飨	140
ma dao	马岛	140
ma dai	马岱	140
ma tong	马桶	140
gao diao	高调	140
yan	魇	140
wan zhang	万丈	139
san ba xian	三八线	139
san shi wan	三十万	139
shi jie ji	世界级	139
shi xi	世系	139
dong san sheng	东三省	139
zhong cao yao	中草药	139
lin zhen	临阵	139
qin peng hao you	亲朋好友	139
wei chu	位处	139
bao ling qiu	保龄球	139
jing	倞	139
guang tu tu	光秃秃	139
yan	兖	139
dang wu	党务	139
gong chan	公产	139
gong zhai	公债	139
gong shu	公署	139
guan ning bing	关宁兵	139
nong shi	农事	139
jian zhi	减值	139
ao tu	凹凸	139
qian wu	千五	139
fan pu	反扑	139
fa sheng qi	发生器	139
ye bing	叶柄	139
hou yuan	后缘	139
han jin liang	含金量	139
wu cheng ying	吴承瑛	139
zhou you	周游	139
gu zhuo	固着	139
di pi	地皮	139
di jiao	地窖	139
ta li mu he	塔里木河	139
qiang gen	墙根	139
zeng zhi shui	增值税	139
mo er ben	墨尔本	139
da ni bu dao	大逆不道	139
shi que	失却	139
shi zu	失足	139
qi bing	奇兵	139
qi qie	妻妾	139
ma ma	嬷嬷	139
wan zheng xing	完整性	139
ke tao	客套	139
zai sha	宰杀	139
xiao xuan zi	小玄子	139
chuan dong	川东	139
xun an	巡按	139
ju bian	巨变	139
miao hui	庙会	139
kai tuo	开脱	139
zhang you zhi	张有智	139
qiang gong	强攻	139
qiang qiu	强求	139
dang jia de	当家的	139
yuan du	怨毒	139
hui hen	悔恨	139
xi	悕	139
you	悠	139
ge er ba qiao fu	戈尔巴乔夫	139
tou biao	投标	139
tan xian dui	探险队	139
kong qiu	控球	139
pan bi	攀比	139
zheng ce xing	政策性	139
wen xue yuan	文学院	139
xin wen hua	新文化	139
ri ri ye ye	日日夜夜	139
ming ling	明令	139
xian gui	显贵	139
zhi mou	智谋	139
bao li	暴戾	139
yue bing	月饼	139
mu ran	木然	139
ben ye	本业	139
ben xiang	本相	139
tiao ma	条码	139
jia shi	架势	139
li hua	梨花	139
yu yan you zhi	欲言又止	139
zheng jiao	正教	139
bi sa	比萨	139
qi men	气闷	139
shui tan	水潭	139
shui niu	水牛	139
zhan man	沾满	139
fa lao	法老	139
hai gui	海龟	139
shen wu tong jue	深恶痛绝	139
hun zhang	混账	139
qing li	清丽	139
mei gong he	湄公河	139
mo shi	漠视	139
pan jin lian	潘金莲	139
yan dao	烟道	139
mu yang	牧羊	139
te yao	特邀	139
mao tou ying	猫头鹰	139
xiu	珛	139
yong cai	用材	139
bing shi	病史	139
guo	瘑	139
ban hen	瘢痕	139
shen	瘮	139
zhi xiao	直销	139
mou zi	眸子	139
zhu shou	祝寿	139
shen su	神速	139
cheng qi	称奇	139
duan wu jie	端午节	139
xi hua	细化	139
jing ji fa	经济法	139
jie bai	结拜	139
duan zi	缎子	139
qun qi	群起	139
er pan	耳畔	139
hu qing feng	胡青风	139
ying	膺	139
hang hai jia	航海家	139
su lian zheng fu	苏联政府	139
cao shuai	草率	139
huang pi	荒僻	139
gu	菇	139
xing xiao	行销	139
bu bao	补报	139
bao	褒	139
yao yue	要约	139
gai hui	该会	139
wu mie	诬蔑	139
tiao jia	调价	139
fu yu	负于	139
da lai la ma	达赖喇嘛	139
guo huo	过活	139
zhe liang	这辆	139
zhang	鄣	139
li yue re nei lu	里约热内卢	139
wu	鋈	139
zhong shan	钟山	139
zhong qing	钟情	139
tie suo	铁锁	139
chang jie	长街	139
a la fa te	阿拉法特	139
lu li ding	陆立鼎	139
jia lin	驾临	139
jiao heng	骄横	139
gao qiang	高墙	139
gao ge	高阁	139
lu	鸬	139
gui er zi	龟儿子	139
yi pian pian	一片片	138
yi qiang	一腔	138
qi sui	七岁	138
san zhang	三张	138
xia guan	下关	138
xia jie	下界	138
si zhuang	丝状	138
yi suan	乙酸	138
mai bu qi	买不起	138
ren fan	人犯	138
ling ren man yi	令人满意	138
yi bi li ya	伊比利亚	138
shang chu	伤处	138
zhu shou	住手	138
ti po	体魄	138
qing jiao	倾角	138
jia ri ban	假日办	138
ru wei	入围	138
quan shu	全数	138
xing tou	兴头	138
yang shang	养伤	138
jun shi xue yuan	军事学院	138
leng jun	冷峻	138
xiong han	凶悍	138
chu ju	出局	138
ji gu	击鼓	138
liu guo neng	刘国能	138
gang guo he	刚果河	138
pi tou	劈头	138
sheng ge	升格	138
dan fa	单发	138
ka bin qiang	卡宾枪	138
yin jia	印加	138
ting li	厅里	138
hou dao	厚道	138
he fa hua	合法化	138
he zi qi ye	合资企业	138
hou dun	后盾	138
hou gu zhi you	后顾之忧	138
qi meng yun dong	启蒙运动	138
yuan wai lang	员外郎	138
kuang	哐	138
xi que	喜鹊	138
liao liang	嘹亮	138
yuan zhou lv	圆周率	138
di ci chang	地磁场	138
duo zhe	多者	138
tian ya hai jiao	天涯海角	138
e	娿	138
mei ren	媒人	138
cun liang	存量	138
ning ken	宁肯	138
fu min	富民	138
xiao jia huo	小家伙	138
cha dian er	差点儿	138
ba fa li ya	巴伐利亚	138
bu pi	布匹	138
chang li	常例	138
qi quan piao	弃权票	138
xing rong ci	形容词	138
pang	彷	138
bi de bao	彼得堡	138
hen duo nian	很多年	138
zhong hou	忠厚	138
man xing bing	慢性病	138
zhan guo ce	战国策	138
da zi ji	打字机	138
kou zi	扣子	138
di xiao	抵销	138
zhao lan	招揽	138
shou ju	收据	138
shu bai wan	数百万	138
wu shang	无上	138
li zhen ye	李振邺	138
lan	榄	138
zheng ren jun zi	正人君子	138
wu ren	武人	138
sha ya	沙哑	138
mei yi si	没意思	138
you shui	油水	138
hai kou shi	海口市	138
ji fa tai	激发态	138
huo shan dao	火山岛	138
huo la la	火辣辣	138
ling tai	灵台	138
ban li	班里	138
yi	疫	138
zhuo se	着色	138
shui yi	睡意	138
die zi	碟子	138
jiao shi	礁石	138
qu	祛	138
shen jing xi bao	神经细胞	138
zu shui	租税	138
li ding	立定	138
di san bu	第三步	138
di shi ba	第十八	138
di si zhong	第四种	138
da fei suo wen	答非所问	138
guan xian yue	管弦乐	138
fen fei	纷飞	138
ji cheng quan	继承权	138
han you	罕有	138
hu da ge	胡大哥	138
zi chao	自嘲	138
zi de	自得	138
shan ban	舢板	138
ai sen hao wei er	艾森豪威尔	138
wei zi	苇子	138
su zhou shi	苏州市	138
ying ming	英名	138
ying li	英里	138
qie zi	茄子	138
huang dao	荒岛	138
xue lu	血路	138
xing zhi	行止	138
tao lun hui	讨论会	138
she ji ju	设计局	138
wu gao	诬告	138
yu jing	语境	138
zhu hou wang	诸侯王	138
fu xin	负心	138
shu zui	赎罪	138
zhuan lian	转脸	138
zhou xian	轴线	138
bian fang jun	边防军	138
di ao	迪奥	138
lin xuan	遴选	138
jiu ping	酒瓶	138
zhen yuan	镇远	138
chang chang di	长长地	138
fang shai	防晒	138
yang wei	阳痿	138
yin li hua	阴丽华	138
a ke su	阿克苏	138
lou	陋	138
jiang luo san	降落伞	138
ding zhuang	顶撞	138
po wei	颇为	138
e	颚	138
feng yue	风月	138
kui	馈	138
pian ju	骗局	138
wan li chang cheng	万里长城	136
dong guan	东关	136
zhong hua su wei ai gong he guo	中华苏维埃共和国	136
luan dong	乱动	136
wu zang liu fu	五脏六腑	136
jiao ge	交割	136
jiao rong	交融	136
he ti shou	何惕守	136
jian	俭	136
dao ru	倒入	136
jue	倔	136
pian tan	偏袒	136
ting sai	停赛	136
ke kou	克扣	136
nei shi	内室	136
jun fen qu	军分区	136
song	凇	136
liang feng	凉风	136
chu qi	出气	136
chuang jian	创见	136
ban wan	办完	136
jia jin	加劲	136
zhu zhan	助战	136
bao wei quan	包围圈	136
hua gong chang	化工厂	136
shuang lun	双轮	136
fa hua	发话	136
qu dao	取道	136
rui	叡	136
kou bei	口碑	136
ao	嗷	136
guo you hua	国有化	136
di xia dang	地下党	136
huai dan	坏蛋	136
tian mu	天目	136
shi lian	失恋	136
jia jiao	夹角	136
xiao xin	孝心	136
jia po ren wang	家破人亡	136
ji yu	寄予	136
fu shi	富士	136
dui li mian	对立面	136
gan xi bao	干细胞	136
bing li	并力	136
fu cheng	府城	136
hu xian	弧线	136
yi	弬	136
kuai gong	快攻	136
xing xing	悻悻	136
shou yin	手印	136
pu mian er lai	扑面而来	136
tai ju	抬举	136
tuo xie	拖鞋	136
ju ni	拘泥	136
ze ou	择偶	136
an qi	按期	136
sun yi	损益	136
jie tou	接头	136
guan	掼	136
luo	摞	136
mo gen	摩根	136
gan	擀	136
shou ting	收听	136
gai hang	改行	136
dou niu	斗牛	136
xin zuo	新作	136
pang zhe pu	旁遮普	136
zao shu	早熟	136
chun yu	春雨	136
an chu	暗处	136
you chan zhe	有产者	136
you shi wu kong	有恃无恐	136
zao shu	枣树	136
ci zhan	此战	136
shui tang	水塘	136
gou li	沟里	136
mei shi er	没事儿	136
xi qian	洗钱	136
shen da	深达	136
ling shan	灵山	136
yan hua	烟花	136
shao bei	烧杯	136
jiao zhuo	焦灼	136
hu	煳	136
ai zi	爱子	136
bing li	病历	136
tong chi	痛斥	136
yan ye	盐业	136
jian ting	监听	136
xiang peng	相碰	136
gao	睾	136
fa ma	砝码	136
mi fang	秘方	136
xi lan	稀烂	136
zhen	稹	136
chuang shang	窗上	136
zhang chu hong	章楚红	136
tong li ben	童立本	136
di yi fen	第一份	136
di er chang	第二场	136
di wu dai	第五代	136
zui kui huo shou	罪魁祸首	136
xiu can	羞惭	136
da la	耷拉	136
gan dan	肝胆	136
fei hou	肥厚	136
ji zhui	脊椎	136
cha ju	茶具	136
xu kong	虚空	136
ya	蚜	136
xi an jiao tong da xue	西安交通大学	136
xi yuan	西苑	136
wu shang	误伤	136
huang hua	谎话	136
xie qing zhai	谢清斋	136
pu xie	谱写	136
zu zhi duo mou	足智多谋	136
ta	蹋	136
zhuan jia	转嫁	136
tui wu	退伍	136
tou qi	透气	136
zheng gong zi	郑公子	136
juan	镌	136
men kuang	门框	136
nao shi	闹市	136
yin xing	隐性	136
ji he ti	集合体	136
xue feng	雪峰	136
nang	馕	136
shi guo	驶过	136
yu tang	鱼塘	136
lu su	鲁肃	136
yi dou	一斗	135
yi piao	一票	135
yi bi zhi li	一臂之力	135
qi ming	七名	135
san bai nian	三百年	135
shang zheng	上证	135
xia qi	下期	135
yu shi ju jin	与时俱进	135
qiu ling qu	丘陵区	135
dong qi	东起	135
wu jiang	乌江	135
qiao bang zhu	乔帮主	135
jiu zhai gou	九寨沟	135
ji	乩	135
wu du	五毒	135
qin yuan	亲缘	135
pu fu	仆妇	135
xiu si	休斯	135
qian	倩	135
pian hao	偏好	135
guang he	光合	135
liu shi nian	六十年	135
guan ai	关隘	135
bing huang ma luan	兵荒马乱	135
nong chan	农产	135
feng wen xiu	冯文修	135
bing gai	冰盖	135
ping jie zhe	凭借着	135
kai en si	凯恩斯	135
xiong can	凶残	135
ji jian	击剑	135
qian shi	前世	135
jie nan	劫难	135
bao gu	包谷	135
qian bian wan hua	千变万化	135
qian jun yi fa	千钧一发	135
ka ta er	卡塔尔	135
fa ji	发髻	135
bian xiao	变小	135
kou chun	口唇	135
kou xiang tang	口香糖	135
ming zheng yan shun	名正言顺	135
jun zhu li xian	君主立宪	135
ni rong	呢绒	135
zhou zhe	周折	135
shang yang	商鞅	135
jia ling jiang	嘉陵江	135
xi xi ha ha	嘻嘻哈哈	135
si shi	四时	135
wei qun	围裙	135
yuan zhui	圆锥	135
tuo	坨	135
ji ben gong	基本功	135
ji xian	基线	135
zhuang ding	壮丁	135
sheng tao	声讨	135
wai jiao da chen	外交大臣	135
ye zhan	夜战	135
da dui zhang	大队长	135
da huang	大黄	135
jia ceng	夹层	135
tao hua	套话	135
hao wang jiao	好望角	135
ren shen qi	妊娠期	135
zi xi tong	子系统	135
meng jian xiong	孟健雄	135
an pei	安培	135
shi zhu ren	室主任	135
gong jing ai	宫颈癌	135
han dai	寒带	135
shi	寔	135
xiao ji	小鸡	135
shan dong lu neng	山东鲁能	135
hang dao	巷道	135
xi ji	希冀	135
zhou	帚	135
chang sheng	常胜	135
ying yin	影印	135
dai ming	待命	135
xin jiao tong	心绞痛	135
e guo	恶果	135
xuan kong	悬空	135
huang huang zhang zhang	慌慌张张	135
man tun tun	慢吞吞	135
zhan shi	战史	135
da zhe kou	打折扣	135
ba zi	把子	135
tuo lei	拖累	135
wa ku	挖苦	135
jing ai	敬爱	135
you jia	有假	135
lang lang	朗朗	135
sha mie	杀灭	135
li ke zhi	李克智	135
li yuan	李渊	135
sun	榫	135
xiang pi	橡皮	135
huan le gu	欢乐谷	135
zheng que xing	正确性	135
mu ai	母爱	135
jiang hu	江户	135
di	涤	135
qing liu	清流	135
wen qing	温情	135
gui	湀	135
hui xin	灰心	135
ling bian	灵便	135
meng jiang	猛将	135
wei	猬	135
li fa shi	理发师	135
sheng yi ren	生意人	135
nan dan	男单	135
she	畬	135
lei	畾	135
bai lian	白脸	135
bai he	白鹤	135
sheng qu	省去	135
kuang hua du	矿化度	135
zhuan qiang	砖墙	135
li xin	离心	135
bing bi	秉笔	135
zu fang	租房	135
li shen	立身	135
fen si	粉丝	135
xi tong hua	系统化	135
yue mo	约摸	135
chun zhen	纯真	135
sha bu	纱布	135
wei quan	维权	135
yi	缢	135
mei guo hui	美国会	135
yu yi	羽翼	135
lao fu	老父	135
er huan	耳环	135
zhi zhang	职掌	135
lian xi ren	联系人	135
nao jiang	脑浆	135
wan shang	腕上	135
e	腭	135
gen	艮	135
luo po	落魄	135
ai	蔼	135
xue wu	血污	135
tao jiao	讨教	135
song du	诵读	135
chan	谄	135
hao qing	豪情	135
tan sheng pa si	贪生怕死	135
fei jin	费劲	135
qing qi	轻骑	135
yun xiao	运销	135
chou	酧	135
cuo	錯	135
zuan tan	钻探	135
bi	铋	135
gao	锆	135
si	锶	135
zhuo zi	镯子	135
jiang jie	降解	135
yin ren	隐忍	135
gu gong	雇工	135
lei zhou	雷州	135
fei huang	飞蝗	135
huang mei seng	黄眉僧	135
mo mo wu wen	默默无闻	135
long jing cha	龙井茶	135
san li	三里	134
shang shan xia xiang	上山下乡	134
xia du	下肚	134
liang li	两粒	134
zhong xi yi	中西医	134
ya tai	亚泰	134
xian jing	仙境	134
yu pian	余篇	134
zuo shi	作势	134
xin xi chu li	信息处理	134
gu	傦	134
chong qi liang	充其量	134
dang bu	党部	134
gong shi	公示	134
nei zhi	内置	134
leng nuan	冷暖	134
chu zou	出走	134
li bi	利弊	134
hua tan	化痰	134
ban wan	半碗	134
nan ling	南岭	134
yuan zi xu shu	原子序数	134
qu shui	取水	134
bian mai	变卖	134
ming liu	名流	134
he he	呵呵	134
za yang	咋样	134
nan nan zi yu	喃喃自语	134
o	喔	134
hui bing	回禀	134
tu ren	土人	134
po di	坡地	134
cheng guo	城郭	134
dui fang	堆放	134
ta shi gan	塔什干	134
duo ji hua	多极化	134
duo zhe	多着	134
da yu	大鱼	134
tian ma	天马	134
tou li	头里	134
zou ming qu	奏鸣曲	134
nv yong	女佣	134
jian zha	奸诈	134
an shui	安睡	134
guan jue	官爵	134
ding zui	定罪	134
xiao bao	小宝	134
ping fen	平分	134
nian ling duan	年龄段	134
yu shan	御膳	134
xun xu jian jin	循序渐进	134
wei dian zi	微电子	134
xin jing dan zhan	心惊胆战	134
you xin	忧心	134
kuai bao	快报	134
chou kong	抽空	134
tuo zhu	拖住	134
juan zhu	捐助	134
che bing	撤兵	134
zhi cheng	支承	134
chi ling	敕令	134
jiao qu	教区	134
zheng kuai	整块	134
si fei er de	斯菲尔德	134
xin tai bi	新台币	134
xin zheng fu	新政府	134
dan xi	旦夕	134
zhi neng hua	智能化	134
you fang	有方	134
tiao jian fan she	条件反射	134
lai lu	来路	134
yang yi qing	杨一清	134
ning meng suan	柠檬酸	134
tong you	桐油	134
dang an guan	档案馆	134
jian xiu	检修	134
xie si di li	歇斯底里	134
qi shi xiong xiong	气势汹汹	134
shui cheng	水城	134
mei lai you	没来由	134
hu shi	沪市	134
liu gan	流感	134
nong nong de	浓浓的	134
huai hai	淮海	134
wu quan	物权	134
wa pian	瓦片	134
dian hu	电弧	134
huang en	皇恩	134
pen zi	盆子	134
meng yue	盟约	134
li	砾	134
shuo shi sheng	硕士生	134
que zao	确凿	134
bi yu	碧玉	134
tan suan	碳酸	134
ci ti	磁体	134
she bao	社保	134
qin liang yu	秦良玉	134
ji dian	积淀	134
kong er	空儿	134
li jiao qiao	立交桥	134
hong cha	红茶	134
niu kou	纽扣	134
ji cheng zhe	继承者	134
yu tian	羽田	134
bei feng	背风	134
neng dong xing	能动性	134
jiao ta shi di	脚踏实地	134
zi shou	自首	134
chuan lao da	船老大	134
cao xie	草鞋	134
sa ke sen	萨克森	134
meng te li er	蒙特利尔	134
jie fang jun bao	解放军报	134
jie men	解闷	134
jing wei yuan	警卫员	134
zhen liao	诊疗	134
cai zheng bu zhang	财政部长	134
pei zui	赔罪	134
zu lian	足联	134
che liu liang	车流量	134
yun liang	运量	134
zhui dao hui	追悼会	134
tui ju	退居	134
yu qi	逾期	134
yi chuan xing	遗传性	134
zheng qin wang	郑亲王	134
ye xin bo bo	野心勃勃	134
zhang shi jian	长时间	134
men tu	门徒	134
xu mei	须眉	134
gao gao xing xing	高高兴兴	134
kun	髡	134
hun bu fu ti	魂不附体	134
ji mao	鸡毛	134
lu qing du	鹿清笃	134
she xiang	麝香	134
qi ming	齐鸣	134
yi shi san ke	一时三刻	133
bu fan	不犯	133
si zhi	丝织	133
zhong kao	中考	133
lin chang	临场	133
jiu jing	久经	133
qiao na sen	乔纳森	133
xi guan xing	习惯性	133
xi ti	习题	133
er shi wan liang	二十万两	133
er lang	二郎	133
fu zhu shi shi	付诸实施	133
gu mo	估摸	133
bao xian	保鲜	133
xiu cheng	修成	133
ting xie	停歇	133
tou tou mo mo	偷偷摸摸	133
xing an	兴安	133
liang ting	凉亭	133
ji liang	几两	133
ji bai wan	几百万	133
fen wen	分文	133
kan zai	刊载	133
chuang zao zhe	创造者	133
qian wei	前委	133
jia mian	加冕	133
lao dong mi ji xing	劳动密集型	133
ban sheng	半生	133
dan jia	单价	133
nan ya ci da lu	南亚次大陆	133
yin shua shu	印刷术	133
yin ni dui	印尼队	133
fa dian chang	发电厂	133
qu zhi	取值	133
bian ti	变体	133
hou tui	后腿	133
cao	嘈	133
kun juan	困倦	133
fen di	坟地	133
wai sun	外孙	133
da li	大吏	133
tian ji wang	天极网	133
hao ke	好客	133
lou	娄	133
gu shen yi ren	孤身一人	133
fu hua	富华	133
she ru	射入	133
xiao huo	小伙	133
xiao zhi	小指	133
xiao qu	小曲	133
xiao hua	小花	133
pa mi er	帕米尔	133
hou	帿	133
nian mai	年迈	133
bing fei ru ci	并非如此	133
you zi	幼子	133
nong cuo	弄错	133
ge	彁	133
de li	得利	133
de yi yu	得益于	133
ren wu ke ren	忍无可忍	133
ren tong	忍痛	133
zong jue sai	总决赛	133
zong ji	总集	133
xiang jin	想尽	133
mu rong bo	慕容博	133
wei jie	慰藉	133
da yu	打鱼	133
zhe zhong	折衷	133
la pu la si	拉普拉斯	133
pai luan	排卵	133
jie chuan	揭穿	133
bo fang qi	播放器	133
cao lao	操劳	133
jiu jiu	救救	133
zheng chi	整饬	133
wo xuan	斡旋	133
wu wu	无物	133
wu dao	无道	133
shi xian	时限	133
hun yun	昏晕	133
fu bing yi	服兵役	133
zhu jian shen	朱见深	133
lai long qu mai	来龙去脉	133
lin dai	林带	133
bai bai er	柏柏尔	133
fan di gang	梵蒂冈	133
qing yang hua na	氢氧化钠	133
fa er	法儿	133
zhu shui	注水	133
xi shua	洗刷	133
yu chang	浴场	133
hai shen	海神	133
hai lao qing	海老清	133
yong qi	涌起	133
han yang	涵养	133
dian	淀	133
jian jin	渐进	133
hu bin	湖滨	133
xiang tan	湘潭	133
huo tou	火头	133
huo miao	火苗	133
lie ri	烈日	133
yan	烻	133
xi sheng pin	牺牲品	133
yuan hou	猿猴	133
sheng qi bo bo	生气勃勃	133
du fu	督抚	133
duan ku	短裤	133
qi fu	祈福	133
suo lang ze	索郎泽	133
jing ji shi	经济史	133
ji fa xing	继发性	133
cui lv	翠绿	133
bei li	背离	133
sheng suan	胜算	133
cai yuan	菜园	133
jie dong	解冻	133
jing che	警车	133
hui	诙	133
qing wu	请勿	133
bai wang	败亡	133
zhao yong xian	赵用贤	133
zu di	足底	133
guo men	过门	133
jiong ran bu tong	迥然不同	133
tou ding	透顶	133
yu hai	遇害	133
bu li	部里	133
ku shu	酷暑	133
li si ben	里斯本	133
jin jia	金价	133
qian tang	钱塘	133
zuan kong	钻孔	133
meng kuang	锰矿	133
liao	镣	133
chang mao	长毛	133
chang jiang kou	长江口	133
li shu	隶书	133
chou	雠	133
ji ke	饥渴	133
rao shu	饶恕	133
long kou	龙口	133
yi chou mo zhan	一筹莫展	132
yi chu ji fa	一触即发	132
ding da ge	丁大哥	132
san tou	三头	132
bu wai hu	不外乎	132
bu han er li	不寒而栗	132
dong du	东渡	132
lin dao	临到	132
lin qing	临清	132
pang	乓	132
yun shan	云山	132
wu qian nian	五千年	132
ren wen zhu yi	人文主义	132
xiu xi shi	休息室	132
shi zhe	侍者	132
xin shou	信守	132
bei shu	倍数	132
qing jia dang chan	倾家荡产	132
jing jing ye ye	兢兢业业	132
gong gong chang suo	公共场所	132
guan jun bei	冠军杯	132
chu kou e	出口额	132
chu lei ba cui	出类拔萃	132
chuang ye zhe	创业者	132
chuang jian ren	创建人	132
wu qiu	务求	132
dong nu	动怒	132
qian xin wan ku	千辛万苦	132
ban cheng pin	半成品	132
bei xia	卑下	132
ka tong	卡通	132
bian xing	变型	132
bian ben jia li	变本加厉	132
he zhang	合掌	132
lin se	吝啬	132
pin ping	品评	132
xi qi yang yang	喜气洋洋	132
si bu	四部	132
sheng xun	圣训	132
tan zi	坛子	132
ai fu dun	埃弗顿	132
mai tou ku gan	埋头苦干	132
zeng ya	增压	132
wai fang	外方	132
kua yao	夸耀	132
nai ma	奶妈	132
ru huo ru tu	如火如荼	132
zi	姉	132
wei hai wei	威海卫	132
gu jun	孤军	132
an da	安达	132
bu gao	布告	132
gan cao	干草	132
chuang pu	床铺	132
xu qu	序曲	132
jian ye	建业	132
yi gou	异构	132
wang fu	往复	132
zheng wen	征文	132
bi bu ke que	必不可缺	132
zen me ban	怎么办	132
shou gong yi pin	手工艺品	132
shou wu zu dao	手舞足蹈	132
bo gei	拨给	132
dao gui	捣鬼	132
diao zhuan	掉转	132
si po	撕破	132
sou	擞	132
jiao cheng	教程	132
shu ju chu li	数据处理	132
xin wen she	新闻社	132
xing qi san	星期三	132
zhao shi	昭示	132
yue hua	月华	132
you sheng	有声	132
hang zhou ren	杭州人	132
cha feng	查封	132
zhi	栉	132
huan teng	欢腾	132
zhi bu	止步	132
zheng jiao	正交	132
zheng xian	正弦	132
bi jia suo	毕加索	132
er	毦	132
min zhu gai ge	民主改革	132
lv hua na	氯化钠	132
qiu jiao	求教	132
ji	汲	132
sha ding yu	沙丁鱼	132
you lun	油轮	132
you ye yan	油页岩	132
bo zhe	波折	132
hai da	海大	132
run hua you	润滑油	132
dian chi	滇池	132
hua liu	滑溜	132
wei fang	潍坊	132
peng pai	澎湃	132
peng hu	澎湖	132
deng pao	灯泡	132
yan dou	烟斗	132
pa shan	爬山	132
jiao zha	狡诈	132
sun	狲	132
ta	獭	132
wang ren mei	王仁美	132
wang tie kou	王铁口	132
yong gong	用工	132
shen shu	申述	132
fan qie	番茄	132
tong jing	痛经	132
bie	瘪	132
bai jin	白金	132
bai ming	百名	132
sheng shi	省事	132
shun xi	瞬息	132
ying xing	硬性	132
bei ke	碑刻	132
shen zhi	神祗	132
di er ri	第二日	132
jie	節	132
hu nong	糊弄	132
hong zhu	红烛	132
yue lve	约略	132
zhi jiang	纸浆	132
xi wen	细问	132
xu hang li	续航力	132
lv zhu	绿竹	132
luo su	罗素	132
zui ze	罪责	132
zhi ban	置办	132
zi yi wei shi	自以为是	132
chou yang ceng	臭氧层	132
hua guo shan	花果山	132
ben jia suan	苯甲酸	132
xing yang	荥阳	132
ge er dan	葛尔丹	132
xue yue er	薛月儿	132
feng chao	蜂巢	132
tiao yang	调养	132
tiao yun	调匀	132
tan zhen lin	谭震林	132
yue wei	越位	132
lu ren	路人	132
xin lao	辛劳	132
ying ji	迎击	132
jin wei	进位	132
lian tian	连天	132
dao heng	道行	132
zheng zhou shi	郑州市	132
guo jing jian	郭靖见	132
shi jia mu ni	释迦牟尼	132
liang hua	量化	132
jia yan	钾盐	132
yang li zi	阳离子	132
fu jia zhi	附加值	132
ling qin	陵寝	132
kao de zhu	靠得住	132
fan he	饭盒	132
guan zi	馆子	132
shi ru	驶入	132
mai jie	麦秸	132
bi jian	鼻尖	132
bu liao liao zhi	不了了之	131
zhuan zhi zhu yi	专制主义	131
ge ti hu	个体户	131
zhong yang ge ming gen ju di	中央革命根据地	131
feng pei	丰沛	131
qiao dao qing	乔道清	131
guai qiao	乖巧	131
hu hui	互惠	131
xie xiao	些小	131
jiao qian	交钱	131
ze	仄	131
cong tian er jiang	从天而降	131
cang cu	仓卒	131
zhong	伀	131
qi ye jie	企业界	131
you yue gan	优越感	131
ti fa	体罚	131
yu zuo	余座	131
bao xian fei	保险费	131
qing xie	倾泻	131
tou lan	偷懒	131
gong xing	共性	131
guan jian ci	关键词	131
jian	冿	131
feng xiang	凤翔	131
fen cha	分叉	131
zhi xian	制宪	131
shi jiu ri	十九日	131
nan gong	南宫	131
nan ou	南欧	131
kou qi dao	口气道	131
gu sheng wu	古生物	131
tai shi ji	台式机	131
you yan	右眼	131
ye suan	叶酸	131
ting zheng hui	听证会	131
ge sa ke	哥萨克	131
ai sheng tan qi	唉声叹气	131
shang ye hua	商业化	131
ga er	噶尔	131
kun fa	困乏	131
guo jia du ma	国家杜马	131
yuan ji	圆寂	131
sheng mu	声母	131
bei fen	备份	131
fu za hua	复杂化	131
da han da jiao	大喊大叫	131
qi chi da ru	奇耻大辱	131
tao fang	套房	131
ru ci yi lai	如此一来	131
zi ju	字句	131
an yi	安逸	131
guan dao	官道	131
bao ying	宝应	131
yin	寅	131
niao su	尿素	131
shan hong	山洪	131
yue wei shan	岳维山	131
zuo cheng xiang	左丞相	131
bu xie	布鞋	131
gan zhi	干支	131
gan die	干爹	131
ku che	库车	131
di xi	底细	131
liao xi long	廖锡龙	131
yi hu xun chang	异乎寻常	131
qing ji	情急	131
cheng jie	惩戒	131
chao xie	抄写	131
chi xu xing	持续性	131
qian	掔	131
tui dong li	推动力	131
jiao tiao	教条	131
lv you tuan	旅游团	131
ri shu	日数	131
xing chen	星辰	131
bao zheng	暴政	131
qu lv	曲率	131
he su	核素	131
zhi jing	止境	131
zheng shi	正史	131
yong jia	永嘉	131
pei	沛	131
hong dou la si	洪都拉斯	131
liu lang han	流浪汉	131
hun wei yi tan	混为一谈	131
pao shou	炮手	131
fan men	烦闷	131
zhao ban	照办	131
xiong wen can	熊文灿	131
du	犊	131
you lai yi jiu	由来已久	131
dian zi qi jian	电子器件	131
hua bao	画报	131
shou chang	瘦长	131
xiang pian	相片	131
zhi xin	知心	131
duan pian	短篇	131
qin huai he	秦淮河	131
tu fang	突防	131
li fa hui	立法会	131
zhan shang	站上	131
yan yan	筵宴	131
zi jin	紫金	131
hong pao	红袍	131
hong yan	红颜	131
fu	绂	131
jue yi	绝艺	131
ji zhi	继之	131
chou dai	绸带	131
zong guan	综观	131
suo ying	缩影	131
luo shi	罗氏	131
lao ma zi	老妈子	131
ye lu da xue	耶鲁大学	131
jiao jian	脚尖	131
zi ran jing ji	自然经济	131
wu hui	舞会	131
se san	色散	131
ku li	苦力	131
cao mei	草莓	131
fei ni ke si	菲尼克斯	131
luo lei	落泪	131
xu zhang sheng shi	虚张声势	131
xing nang	行囊	131
xing zhuang	行装	131
lie pian	裂片	131
xi you ji	西游记	131
jiao mo yan	角膜炎	131
xu dou	许都	131
hao fang	豪放	131
huo zhen jia shi	货真价实	131
shen xin jian kang	身心健康	131
zhuan yan zhi jian	转眼之间	131
shu niao guan	输尿管	131
xuan ti	选题	131
shi qu	逝去	131
deng zhou	邓州	131
li de	里德	131
zhang wei	长尾	131
men qi	闷气	131
chan	阐	131
lu da you	陆大有	131
tao pian	陶片	131
lei gong	雷公	131
yin yu	音域	131
yin jie	音阶	131
feng xiang	风箱	131
shou du	首度	131
xiang bin	香槟	131
ma shi yao	马世耀	131
ma la	马拉	131
ma lai ban dao	马来半岛	131
mo xu	默许	131
yi gan er jing	一干二净	130
san shi er nian	三十二年	130
san da zhan yi	三大战役	130
san xiang	三相	130
bu kui wei	不愧为	130
er hu	二胡	130
jiao peng you	交朋友	130
jiao tong guan li	交通管理	130
chan jing	产经	130
qin jian	亲见	130
ling hu chong xin	令狐冲心	130
shen zhi	伸直	130
jia mao wei lie	假冒伪劣	130
pian zhen	偏振	130
er ke	儿科	130
xian fu	先父	130
guang ming zheng da	光明正大	130
guang gun	光棍	130
ba bai	八百	130
nei hang	内行	130
zai jie zai li	再接再厉	130
zai zao	再造	130
feng min jie	冯敏杰	130
chu lian	初恋	130
gui zi shou	刽子手	130
dong yi	动议	130
zhu xue jin	助学金	130
dan chan	单产	130
mai yin	卖淫	130
chang zi	厂子	130
chi shi	吃食	130
he ge zheng	合格证	130
wu wan rong	吴婉容	130
xi shi	吸食	130
wei jue	味觉	130
shang ye xing	商业性	130
xiu dao	嗅到	130
beng	嘣	130
wei zuo	围坐	130
ji dian	基点	130
sai ru	塞入	130
sheng sheng	声声	130
duo ge	多哥	130
da zhan	大展	130
da bei	大悲	130
tian xia shi	天下事	130
hang tu	夯土	130
ming	姳	130
gou he	媾和	130
sun chuan fang	孙传芳	130
zong qin	宗亲	130
ji ran	寂然	130
fu yu	富余	130
xiao quan	小泉	130
xiao diao	小调	130
tu lu	屠戮	130
zhou shi	州市	130
gong zhong	工种	130
bu jing	布景	130
nian jian	年鉴	130
nian qing	年青	130
guang dian	广电	130
fei ren	废人	130
qiang dui	强队	130
bi	弼	130
e ba	恶霸	130
xi xin	悉心	130
yi xiang	意象	130
shou ruan	手软	130
fu mo	抚摩	130
di lai	抵赖	130
an jie	按揭	130
tan zhi	探知	130
yan ti	掩体	130
bo ji	搏击	130
sou luo	搜罗	130
ban zou	搬走	130
zheng wu yuan	政务院	130
di zhen	敌阵	130
san shi	散失	130
wen gao	文稿	130
si luo wen ni ya	斯洛文尼亚	130
wu ji yan	无机盐	130
ming zhi wei xin	明治维新	130
xing xi tuan	星系团	130
an hao	暗号	130
an hong se	暗红色	130
bao li	暴利	130
you jiu	有救	130
ben zhen	本镇	130
ji xie neng	机械能	130
li deng yun	李登云	130
xiao nei	校内	130
rao	桡	130
geng zu	梗阻	130
meng	檬	130
lian	殓	130
du ji	毒计	130
hui you	洄游	130
shuan	涮	130
cong	淙	130
mo ran	漠然	130
fen hua	焚化	130
yu	煜	130
zhu fei	煮沸	130
fu bei	父辈	130
meng zeng	猛增	130
xian shi xing	现实性	130
qiu ti	球体	130
chi qing	痴情	130
deng lu zhan	登陆战	130
sheng tang	盛唐	130
zhi ting ting	直挺挺	130
li	砺	130
shi yi tu	示意图	130
ke xue hua	科学化	130
qin yun fei	秦云飞	130
chuang zhi	窗纸	130
da juan	答卷	130
cu zhong	粗重	130
lei si	累死	130
jue jing	绝经	130
fan yue	翻越	130
fei jie he	肺结核	130
zi fen	自焚	130
zi chou	自筹	130
chuan fu	船夫	130
shan	芟	130
mo sheng gu	莫声谷	130
luo jiao	落脚	130
he mei	褐煤	130
tao fan	讨饭	130
rang lu	让路	130
song an	讼案	130
you er	诱饵	130
pin kun hu	贫困户	130
he he	赫赫	130
duo bu	踱步	130
che xing dao	车行道	130
guo qiao	过桥	130
ye cao	野草	130
jin zhi	金质	130
kai	铠	130
chang ye	长夜	130
fang kong dong	防空洞	130
feng shan	风扇	130
shou dang qi chong	首当其冲	130
ma er	马儿	130
ma yao cao	马瑶草	130
ma sheng	骂声	130
mai ke a se	麦克阿瑟	130
yi wo feng	一窝蜂	129
qi zui ba she	七嘴八舌	129
wan you yin li	万有引力	129
bu jie meng	不结盟	129
dong yi	东夷	129
dong la he	东拉河	129
liang yong qiao	两用桥	129
liang bin	两鬓	129
zhong shu ling	中书令	129
zhong ya di qu	中亚地区	129
zhong wai he zi	中外合资	129
zhong cang	中藏	129
zhong xuan	中选	129
zhong lang jiang	中郎将	129
ju jia	举家	129
mai dian	买点	129
er ri	二日	129
er lei	二类	129
ji dai	亟待	129
jiao da	交大	129
qin xiong di	亲兄弟	129
xie	亵	129
ning chen	佞臣	129
hou jue	侯爵	129
xin bu	信步	129
xiu chang	修长	129
ba xian zhuo	八仙桌	129
bing zu	兵卒	129
xie yi	写意	129
liang fen	凉粉	129
ning jiao	凝胶	129
ji jian	几间	129
kai li	凯利	129
kai ge	凯歌	129
hua qing	划清	129
gang qiao	刚巧	129
li bi li ya	利比里亚	129
dao ci wei zhi	到此为止	129
zhi cheng pin	制成品	129
zhi pian	制片	129
cong	匆	129
ni	匿	129
shi qi ri	十七日	129
nan fang ju	南方局	129
shou xiang	受降	129
tai wan ren	台湾人	129
he cheng xian wei	合成纤维	129
shang bu	商埠	129
guo da	国大	129
guo jia biao zhun	国家标准	129
you	囿	129
di la	地拉	129
di dong	地洞	129
ken zhi	垦殖	129
fu sheng	复生	129
tai fei	太妃	129
qi xi	奇袭	129
nv zhen ren	女真人	129
song tai zong	宋太宗	129
wan ran	宛然	129
zhai zi	寨子	129
feng jian zhi	封建制	129
jiang men	将门	129
shao yang	少阳	129
ni bu chu	尼布楚	129
bing zhu	屏住	129
min	岷	129
you an	幽暗	129
zhuang tai hou	庄太后	129
dan zhi	弹指	129
peng ying yu	彭莹玉	129
en ci	恩赐	129
e xi	恶习	129
ba bing	把柄	129
jie feng	接风	129
jie tie	揭帖	129
yuan shou	援手	129
she shi	摄食	129
fang zhuo	方桌	129
ming zao	明早	129
cao xue qin	曹雪芹	129
you sheng you se	有声有色	129
you xiao she cheng	有效射程	129
li guo rui	李国瑞	129
hang jia ping	杭嘉平	129
mou wei	某位	129
ran fang	染坊	129
zhi ru	植入	129
lou shi	楼市	129
qian jia	欠佳	129
bi zhao	比照	129
yong ding he	永定河	129
han cang yu xi	汉藏语系	129
han yang tie	汉阳铁	129
jiang xin	江心	129
fa guo zheng fu	法国政府	129
qia	洽	129
fu yun	浮云	129
xiao yan	消炎	129
xiao zhong	消肿	129
ye di	液滴	129
shen qiu	深秋	129
ke qiu	渴求	129
you si	游丝	129
xiang nan	湘南	129
jie	滐	129
man jie	满街	129
huo pen	火盆	129
dian bo	点拨	129
kuang	狅	129
ju ji shou	狙击手	129
wan yi er	玩艺儿	129
luo	癳	129
deng gao	登高	129
pan bo	盘剥	129
zhi duo	直裰	129
li yan	砾岩	129
fu yin	福音	129
ke xue jie	科学界	129
kong xin cai	空心菜	129
ke	窠	129
li wei	立委	129
bi chu	笔触	129
suan suan	算算	129
li zhuang	粒状	129
mo	粖	129
zhan lian	粘连	129
su cheng	素称	129
hong si jun	红四军	129
jing ying quan	经营权	129
wei sen te	维森特	129
suo suan	羧酸	129
lao cheng	老城	129
kao ding	考订	129
ge bei	胳臂	129
tuo kun	脱困	129
zi zhi ling	自治领	129
he er meng	荷尔蒙	129
qing ting	蜻蜓	129
chu jue	触觉	129
xu xia	许下	129
an	谙	129
dou jiang	豆浆	129
zhao xiao shuang	赵小双	129
guo du xing	过渡性	129
yuan fei	远非	129
wei fan	违犯	129
xuan ju ren	选举人	129
xuan xiu	选修	129
yi gu	遗骨	129
cai ban	采办	129
ye mao	野猫	129
keng qiang	铿锵	129
huo	镬	129
ruan xing zhu	阮星竹	129
dou po	陡坡	129
qing hai hu	青海湖	129
an gang	鞍钢	129
gu nian	顾念	129
chan wei wei	颤巍巍	129
ma er dai fu	马尔代夫	129
ke	髁	129
gao gui ying	高桂英	129
gao wei du	高纬度	129
huang qi	黄芪	129
huang tong	黄铜	129
hei wu	黑雾	129
yi tang	一堂	127
yi chou	一筹	127
wan mi	万米	127
san kuai	三块	127
zhuan li quan	专利权	127
yan ling	严令	127
zhong tian	中天	127
zhong yang ju	中央局	127
chuan tong	串通	127
tuo	乇	127
jiao you	交友	127
ren ji	人机	127
yi gu	亿股	127
ren yi	任一	127
he qi	何其	127
fo jia	佛家	127
pei jian	佩剑	127
jun qiao	俊俏	127
fu kan	俯瞰	127
dao ge	倒戈	127
jian shen fang	健身房	127
guang zhu	光柱	127
ling luan	凌乱	127
ji ba	几把	127
ji jin	几近	127
liu si ling	刘司令	127
shua ya	刷牙	127
bi	匕	127
shi yu zhao	十余招	127
ban li	半里	127
nan zhan	南站	127
fa gao	发稿	127
gu du	咕嘟	127
la ma jiao	喇嘛教	127
xi ma la ya shan mai	喜马拉雅山脉	127
hui	囬	127
di fang	堤防	127
duo duo shao shao	多多少少	127
da xi guo wang	大喜过望	127
da ma	大麻	127
tai ping yang di qu	太平洋地区	127
qi huan	奇幻	127
chang ji	娼妓	127
shi zheng zhu yi	实证主义	127
jia zhu	家住	127
xiao hong ma	小红马	127
xiao lu	小鹿	127
ju kuan	巨款	127
ba sai er	巴塞尔	127
fan bu	帆布	127
chang ping	常平	127
you ya	幽雅	127
ying you jin you	应有尽有	127
di te lv	底特律	127
dian mian	店面	127
miao tang	庙堂	127
ting yuan	庭园	127
kai kai	开开	127
xi	忥	127
zhan kuang	战况	127
zhi ye	执业	127
zhi qin	执勤	127
bao gao wen xue	报告文学	127
zhao shang ju	招商局	127
zhi chi	指斥	127
ti xia	提辖	127
wen ming shi	文明史	127
fang bian mian	方便面	127
fang shi	方士	127
wu kui	无愧	127
wu ji wu	无机物	127
ming shuo	明说	127
xin	昕	127
wei sui	未遂	127
cun zhai	村寨	127
jia ci	架次	127
liu zhi	柳枝	127
he wu	核武	127
mu ban	模板	127
si si di	死死地	127
mao tan	毛毯	127
mao zhu	毛竹	127
qi jue	气绝	127
shui luo shi chu	水落石出	127
you ran er sheng	油然而生	127
tai yu	泰语	127
zhe xi	浙西	127
du hai	渡海	127
ao da li ya ren	澳大利亚人	127
ji dong ren xin	激动人心	127
hui an	灰暗	127
bao zha xing	爆炸性	127
fan bu zhao	犯不着	127
lie quan	猎犬	127
xian ji	献祭	127
ma li	玛丽	127
sheng jiang	生姜	127
hua ji	画集	127
ji fu	畿辅	127
tong tong kuai kuai	痛痛快快	127
ang si	盎司	127
sheng shuai	盛衰	127
cheng mu jie she	瞠目结舌	127
cu fang	粗放	127
hong hong de	红红的	127
zhi gong	织工	127
mei gan	美感	127
kao gu dui	考古队	127
er wen	耳闻	127
lian huan	联欢	127
lian yun	联运	127
ju bing xi	聚丙烯	127
cong ming ling li	聪明伶俐	127
tuo chu	脱出	127
yao bao	腰包	127
zi xia er shang	自下而上	127
zi ran zhu yi	自然主义	127
zi ran fa	自然法	127
hang lu	航路	127
shao gong	艄公	127
ruo you suo si	若有所思	127
huo zhi	获知	127
zheng fa liang	蒸发量	127
guo	虢	127
jie qu	街区	127
yan bo qian	言伯乾	127
ci yi	词义	127
xie jing xin	谢景新	127
huo yun liang	货运量	127
pin kun sheng	贫困生	127
mao yi qu	贸易区	127
zhuan qu	赚取	127
chi yang	赤杨	127
lu ji	路基	127
di bai	迪拜	127
song yu	送与	127
qian fan	遣返	127
jiu lei	酒类	127
jin chuan	金川	127
jin chang	金昌	127
feng rui	锋锐	127
liu	镠	127
chang chun shi	长春市	127
chang tu dian hua	长途电话	127
wen hao	问好	127
xian shi	闲事	127
fang huo qiang	防火墙	127
yang cheng	阳城	127
chen jing quan	陈镜泉	127
qing dao shi	青岛市	127
ju	鞠	127
yu zhuang	预装	127
xiang an	香案	127
ma sa zhu sai zhou	马萨诸塞州	127
gao ju li	高句丽	127
gao ming heng	高名衡	127
gui tou	鬼头	127
gui hua	鬼话	127
ou	鸥	127
hei qi qi	黑漆漆	127
hei lian	黑脸	127
hei dao	黑道	127
ju	龃	127
yi si bu gou	一丝不苟	126
yi mu	一亩	126
xia fan	下凡	126
bu ju	不拘	126
bu fa fen zi	不法分子	126
dong fang hong	东方红	126
dong duan	东端	126
wei wu	为伍	126
ju shi zhu mu	举世瞩目	126
cheng ji	乘积	126
er wan	二万	126
wu shi wan	五十万	126
ren shi jian	人世间	126
ren yan	人眼	126
dai xing	代行	126
zhong mu kui kui	众目睽睽	126
chuan song	传诵	126
jie ci ji hui	借此机会	126
ting gong	停工	126
fu zuo yi	傅作义	126
ru ye	入夜	126
ba sui	八岁	126
ba fang	八方	126
liu sui	六岁	126
gong he zhi	共和制	126
guan zhuang dong mai	冠状动脉	126
chong ji shan	冲积扇	126
xiong duo ji shao	凶多吉少	126
zhi tao	制陶	126
qian ting	前庭	126
pou fu	剖腹	126
fu ye	副业	126
jia jia	加价	126
jia er ge da	加尔各答	126
jia zhang	加长	126
bao chao	包抄	126
bei jing shi fan da xue	北京师范大学	126
shi yi ge	十一个	126
ban ye	半叶	126
nan jing da xue	南京大学	126
nan zhao	南诏	126
bu ci	卜辞	126
lu ke na	卢克纳	126
lu se fu	卢瑟福	126
xian ya	县衙	126
can hui	参会	126
qu hui	取回	126
bian luan	变乱	126
kou shu	口述	126
ding ning	叮咛	126
you wan	右腕	126
tong yi xing	同一性	126
ming zuo	名作	126
xiang	嚮	126
hui he	回纥	126
yuan zhui hua xu	圆锥花序	126
di kuai	地块	126
wai yin	外阴	126
duo ping fang mi	多平方米	126
duo sou	多艘	126
tian guang	天光	126
tian gang	天罡	126
tai yin	太阴	126
shi xue	失血	126
hao shi	好使	126
ru yi	如一	126
ru shang	如上	126
ru shi zhong fu	如释重负	126
yao wen yuan	姚文元	126
yuan	媛	126
an li man	安力满	126
an ju le ye	安居乐业	126
han zhan	寒战	126
dui zi	对子	126
feng zhuang	封装	126
xiao nao	小脑	126
dao hu	岛弧	126
shi shu	市属	126
you miao	幼苗	126
kang jia	康佳	126
jian ning	建宁	126
yi ji	异己	126
nong xu zuo jia	弄虚作假	126
fu lai she	弗莱舍	126
chi	弛	126
qiang quan	强权	126
xin huang yi luan	心慌意乱	126
xin wo	心窝	126
nu se	怒色	126
nin hao	您好	126
men	悶	126
guan chang	惯常	126
gan ran zhe	感染者	126
kang bing du	抗病毒	126
zhao sheng ban	招生办	126
zhang gu	掌故	126
she dong	摄动	126
yao tou huang nao	摇头晃脑	126
zhai zi	摘自	126
cao xing	操行	126
zheng yao	政要	126
wen cheng	文成	126
si kan de na wei ya	斯堪的纳维亚	126
wu zhong sheng you	无中生有	126
ri ben hai	日本海	126
ming zheng	明证	126
you shen	有神	126
sha ji	杀机	126
za yi	杂役	126
za liang	杂粮	126
za huo	杂货	126
ji guang	极光	126
jia kong	架空	126
cha shi ding	查士丁	126
heng liang	桁梁	126
nou	槈	126
huan tian xi di	欢天喜地	126
ci wen	此文	126
bi gong bi jing	毕恭毕敬	126
mao yi	毛衣	126
ya	氩	126
you ni	油腻	126
ju	泦	126
fu kua	浮夸	126
dan ji	淡季	126
qing guan	清官	126
miao xiao	渺小	126
ling yan	灵验	126
chui yan	炊烟	126
yan yu	烟雨	126
shao ping	烧瓶	126
zhao ming dan	照明弹	126
kuang nu	狂怒	126
mi hou	猕猴	126
li gong da xue	理工大学	126
cui can	璀璨	126
sheng huo shi	生活史	126
bing yuan	病原	126
zhi shi qing nian	知识青年	126
jiao jian	矫健	126
ci ceng	磁层	126
yi wei	移位	126
qie qu	窃取	126
xiao yu	笑语	126
xi lie sai	系列赛	126
xian chong	线虫	126
jue shi	绝食	126
xu hang	续航	126
miao	缈	126
ba ke	罢课	126
fan fei	翻飞	126
bei xie	背斜	126
hu guo hua	胡国华	126
qi	脐	126
jiao huai	脚踝	126
peng da	膨大	126
zi gao fen yong	自告奋勇	126
ying kou	营口	126
ran	蚦	126
xue hen	血痕	126
luo zi zhi wu	裸子植物	126
xi jing	西京	126
yao yuan	要员	126
ou ge	讴歌	126
yi zhe	译者	126
gai dui	该队	126
you yin	诱因	126
tan xin	谈心	126
cai yuan	财源	126
zhao feng chang	赵凤昌	126
qing jie	轻捷	126
ci tui	辞退	126
xun ji	迅即	126
lian xu bu duan	连续不断	126
qi	郪	126
pei dui	配对	126
pei ji	配给	126
chou xie	酬谢	126
li jia	里加	126
zhong jin shu	重金属	126
ye di	野地	126
ao zhan	鏖战	126
yao	钥	126
tie shu	铁树	126
men di	门第	126
yin yun	阴云	126
a ji mi de	阿基米德	126
jiang ya	降压	126
jiang sheng	降生	126
long da si	隆达斯	126
yu zhao	预兆	126
feng tu ren qing	风土人情	126
ma lan	马兰	126
gao jian	高见	126
niao shou	鸟兽	126
huang bang zhu	黄帮主	126
huang zhong gong	黄钟公	126
hei fa	黑发	126
qi shang ba xia	七上八下	125
shang xia wen	上下文	125
zhuan gong	专攻	125
shi mao zu zhi	世贸组织	125
jing jiao	京郊	125
he wei	何谓	125
pei dao	佩刀	125
yi yi	依依	125
qin tun	侵吞	125
xin fu	信服	125
xiu zheng	修整	125
dao xing ni shi	倒行逆施	125
cui dong	催动	125
guan jian xing	关键性	125
nong zhuang	农庄	125
jian zhi	减至	125
ji bu	几部	125
fen you	分忧	125
fen lei xue	分类学	125
hua suan	划算	125
dao ren	到任	125
ci yan	刺眼	125
jia you zhan	加油站	125
dong rong	动容	125
nan xing	南行	125
wo fang	卧房	125
luan shi	卵石	125
hou wang	厚望	125
si shou	厮守	125
fa huang	发黄	125
ke le	可乐	125
hou hui you qi	后会有期	125
gao mi	告密	125
yao shang	咬伤	125
hong xiao	哄笑	125
dang	噹	125
si shi er zhang	四十二章	125
hui hua	回话	125
tu pu	图谱	125
sheng lao lun si	圣劳伦斯	125
du si	堵死	125
qi feng	奇峰	125
xue bu	学部	125
yu zhou fei chuan	宇宙飞船	125
jia zheng	家政	125
ju gao bu xia	居高不下	125
lai	崃	125
zuo zi mu	左子穆	125
ju long	巨龙	125
bang zi	帮子	125
gan diao	干掉	125
dian yuan	店员	125
zhang qian	张骞	125
wan wan qu qu	弯弯曲曲	125
wu	忤	125
wu xing	悟性	125
dao	悼	125
can dan	惨淡	125
chou ku	愁苦	125
han	憾	125
xie dai	懈怠	125
qi chang fa	戚长发	125
shou dian	手电	125
ji shu ren yuan	技术人员	125
chao xi	抄袭	125
zhe jiu	折旧	125
an bing bu dong	按兵不动	125
juan zi	捐资	125
shan	搧	125
jiu wang	救亡	125
min	敯	125
lv you dian	旅游点	125
wu jia ke gui	无家可归	125
yun xuan	晕眩	125
chao wai	朝外	125
zai dao	栽倒	125
duan huang ye	段皇爷	125
mao li ta ni ya	毛里塔尼亚	125
mao qian	毛钱	125
qi tuan	气团	125
hu	汻	125
shen lv cun	沈绿村	125
chen mi	沉迷	125
fan fan	泛泛	125
xiao rong	消融	125
gang ao tai	港澳台	125
man men	满门	125
huo hong	火红	125
yang di	炀帝	125
shu xi	熟习	125
pa xing dong wu	爬行动物	125
jin	瑾	125
gan you	甘油	125
dian ling	电令	125
dian fei	电费	125
pi lei	疲累	125
quan	痊	125
huang guan	皇冠	125
pi nang	皮囊	125
pi zhen	皮疹	125
pi xue	皮靴	125
zhi shi	直视	125
zhi mian	直面	125
xiang di	相抵	125
mei tou yi zhou	眉头一皱	125
mei shao	眉梢	125
pi shuang	砒霜	125
li zu dian	立足点	125
suan bu liao	算不了	125
lei bi	类比	125
lei zhui	累赘	125
zhong chang	终场	125
lao hua	老话	125
nie	聂	125
rou liu	肉瘤	125
gu min	股民	125
fang	肪	125
hu xian sheng	胡先生	125
zhi fang gan	脂肪肝	125
teng qi	腾起	125
shu tan	舒坦	125
shun tian	舜天	125
hang kong dui	航空队	125
dai zhong	袋中	125
xi hua	西化	125
xi lu jun	西路军	125
jian xi	见习	125
ke ti zu	课题组	125
qiao	谯	125
gen tou	跟头	125
shen ti li xing	身体力行	125
yuan shan	远山	125
zao yang	遭殃	125
jiao mu	酵母	125
huan	锾	125
lei	镭	125
yan jing sheng	闫京生	125
xian shi	闲适	125
yin jian	阴间	125
a bing ma	阿炳妈	125
zhen er yu long	震耳欲聋	125
qing cang tie lu	青藏铁路	125
shun de	顺德	125
tui	颓	125
piao fu	飘浮	125
ma pi	马屁	125
man	鳗	125
hei he	黑河	125
yi bai liang	一百两	124
yi zhen	一针	124
xia tong	下同	124
bu yi le hu	不亦乐乎	124
zhuan shu jing ji qu	专属经济区	124
dong tou	东头	124
liang chi	两尺	124
zhong yang dang xiao	中央党校	124
zhong zhuan	中转	124
yi bu rong ci	义不容辞	124
cheng sheng	乘胜	124
jiu gong	九宫	124
jing zhao	京兆	124
yi yi dai lao	以逸待劳	124
si xiao fei xiao	似笑非笑	124
bao shou pai	保守派	124
xin yi	信义	124
yuan qi jian	元器件	124
dou quan zi	兜圈子	124
ru chang quan	入场券	124
nei yin	内因	124
fan ren	凡人	124
chu chang	出厂	124
chu shen	出神	124
chu shen ru hua	出神入化	124
fen jia	分家	124
fen quan	分权	124
qian pai	前排	124
si da	厮打	124
fa pei	发配	124
shou jing	受惊	124
bian su xiang	变速箱	124
gu guo	古国	124
tong hang ye	同行业	124
ting zhe	听者	124
zhou kou dian	周口店	124
gu lu	咕噜	124
guang	咣	124
hua bian	哗变	124
nong	哝	124
ze ze	啧啧	124
e hao	噩耗	124
yin yuan	因缘	124
huai zhang	坏账	124
mo zi	墨子	124
fu shu	复述	124
duo jia	多架	124
da dao kuo fu	大刀阔斧	124
tian jiang	天将	124
tian ji	天际	124
nv zhu ren	女主人	124
gu fu	姑父	124
bi nv	婢女	124
ning si	宁死	124
yu zhou kong jian	宇宙空间	124
yu zhou xian	宇宙线	124
an jia	安家	124
song shen zong	宋神宗	124
guan huan	官宦	124
shi hua shi shuo	实话实说	124
mi bi	密闭	124
feng pi	封皮	124
chen shi	尘世	124
shan zha	山楂	124
zhang hu	帐户	124
ping jun li run	平均利润	124
nian jie	年节	124
huan hua	幻化	124
kai dao	开刀	124
kai xing	开行	124
che ye	彻夜	124
yu hua yuan	御花园	124
en hui	恩惠	124
yu	悆	124
kai ran	慨然	124
da bao	打包	124
da da	打打	124
chao lu	抄录	124
la zou	拉走	124
ju chuan	据传	124
che zhou	掣肘	124
jiao fang	教坊	124
jiao yu bu men	教育部门	124
wen hua jie	文化界	124
si te	斯特	124
lv she	旅舍	124
ri shi	日食	124
ming yan	明言	124
die	曡	124
you zhi	有志	124
li dong yang	李东阳	124
li xiang qian	李向前	124
zao zi	枣子	124
biao bing	标兵	124
jian cha he	检查和	124
bi da ge la si	毕达哥拉斯	124
tan zi	毯子	124
min hang zong ju	民航总局	124
bian liang	汴梁	124
zhi zui	治罪	124
mi ru	泌乳	124
luo lun zi	洛伦兹	124
hai xiang ting	海香亭	124
wen cun	温存	124
hu kou	湖口	124
hu zhao	湖沼	124
xi bian	溪边	124
zi bu	滋补	124
ling yao	灵药	124
re qi teng teng	热气腾腾	124
zhao guan	照管	124
wang xi zhi	王羲之	124
long	珑	124
wa te	瓦特	124
shen guang	甚广	124
yong jin	用尽	124
dian ci xue	电磁学	124
yi ji	疑忌	124
bing li xue	病理学	124
shen cai	神采	124
chuan shan jia	穿山甲	124
chuan zhe	穿着	124
li yu bu bai zhi di	立于不败之地	124
di yi ye	第一页	124
di qi jie	第七届	124
chou zi	筹资	124
jin luo mi gu	紧锣密鼓	124
liao	繚	124
lv ying	绿营	124
feng zhi	缝制	124
feng ren ji	缝纫机	124
luo shan	罗山	124
luo rui qing	罗瑞卿	124
luo na er di	罗纳尔迪	124
er mu yi xin	耳目一新	124
si nve	肆虐	124
gan gong neng	肝功能	124
hu jia	胡家	124
neng ren	能人	124
hua diao	花掉	124
mo gao ku	莫高窟	124
liao	蓼	124
hu shi dan dan	虎视眈眈	124
zhu si ma ji	蛛丝马迹	124
niao niao	袅袅	124
ku dai	裤带	124
jiao dong liang	角动量	124
chu dian	触电	124
gou	诟	124
yao	谣	124
bai ju	败局	124
huo se	货色	124
gou ru	购入	124
qi yi zhe	起义者	124
ruan zu zhi	软组织	124
qing shang	轻伤	124
gu	辜	124
e	遏	124
suan yu	酸雨	124
jin die	金蝶	124
pi	铍	124
zhu	铢	124
shan shi	闪失	124
yue lan shi	阅览室	124
chan fa	阐发	124
yin xu	阴虚	124
chu cao ji	除草剂	124
ling yuan	陵园	124
nan chu	难处	124
xiong shi	雄狮	124
xiong hua	雄花	124
xiang you	香油	124
gao ling tu	高岭土	124
yu lin	鱼鳞	124
fang	鲂	124
hei shan	黑山	124
qi ji	齐集	124
yi ri you	一日游	123
san hao	三号	123
bu ke gao ren	不可告人	123
bu ke kai jiao	不可开交	123
bu ke ni zhuan	不可逆转	123
bing tong	丙酮	123
liang ye	两夜	123
zhong bei bu	中北部	123
yi wu fan gu	义无反顾	123
wu zi bie ke	乌兹别克	123
xiang shen	乡绅	123
shi dao lin tou	事到临头	123
er shi ba	二十八	123
wu liang	五两	123
chan ye bu men	产业部门	123
xian gu	仙姑	123
zhen ting	侦听	123
ce yi	侧翼	123
qing xiao	倾销	123
pian xi	偏西	123
sha xiao	傻笑	123
dou li	兜里	123
guan lu	关露	123
jing zhi	净值	123
chu guan	出关	123
jian qie	剪切	123
li zuo	力作	123
bo bo	勃勃	123
shi yu ming	十余名	123
shi ji tian	十几天	123
nan xi ren	南希仁	123
lu wang da	卢旺达	123
li shi guan	历史观	123
shuang lian	双联	123
shu zhi	叔侄	123
bian gua	变卦	123
ji	叽	123
he tong fa	合同法	123
he yan	合眼	123
chi	呎	123
a	嗄	123
yuan ding	圆顶	123
ta xian	塌陷	123
ta shan	塔山	123
sheng qiang	声腔	123
chu xin ji lv	处心积虑	123
da an	大案	123
da qing guo	大清国	123
da lao	大牢	123
tian wen	天问	123
duo kuang er chu	夺眶而出	123
ji shu	奇数	123
ben tao	奔逃	123
e	婀	123
xue hao	学好	123
ke huo	客货	123
gong xing	宫刑	123
su ying	宿营	123
ni long	尼龙	123
cui bai quan	崔百泉	123
ba bo sa	巴博萨	123
bu long di	布隆迪	123
gan jiang	干将	123
ping jun shu	平均数	123
you xiang	幽香	123
zhang heng	张衡	123
ying tan	影坛	123
ying yuan	影院	123
xin lv	心率	123
xin dian tu	心电图	123
xin pi	心皮	123
si xiang xing	思想性	123
xing jia bi	性价比	123
en juan	恩娟	123
qing li zhi zhong	情理之中	123
cheng bei	成倍	123
cheng du jun qu	成都军区	123
suo you wu	所有物	123
fu xiao	拂晓	123
jie bao	捷报	123
xian fan	掀翻	123
kong zhi xian	控制线	123
cha dui	插队	123
tan pai	摊派	123
shou fa	收发	123
jiu ying	救应	123
zheng su	整肃	123
wu xian qi	无限期	123
ri fu yi ri	日复一日	123
ming si ke	明思克	123
xing zi	星子	123
pu er	普尔	123
pu xuan	普选	123
you shi zhi shi	有识之士	123
mu yu	木鱼	123
wei guo	未果	123
ben jin	本金	123
lai ke	来客	123
gen jing	根茎	123
mei yu	梅雨	123
bi li chi	比例尺	123
qi ping	气瓶	123
hui jia	汇价	123
jiang kou	江口	123
yang di	洋底	123
pai dui	派对	123
qing zhen	清真	123
shi po	湿婆	123
shu kou	漱口	123
huo hai	火海	123
hong tuo	烘托	123
bao zha sheng	爆炸声	123
mu dan jiang	牡丹江	123
du chang	独唱	123
sheng zhang ji su	生长激素	123
tian jia	田家	123
dian xue	电学	123
bai xu	白须	123
zhuo yi	着意	123
shi shan	石山	123
huo fu	祸福	123
xiu fa	秀发	123
ke yuan	科员	123
ji chu	积储	123
yao zi	窑子	123
di shi er	第十二	123
hu	粐	123
zhan du	粘度	123
xi yu	细雨	123
zong shang suo shu	综上所述	123
yang qun	羊群	123
hu lian sheng	胡连生	123
bang	膀	123
su lian hong jun	苏联红军	123
cao peng	草棚	123
rong ru guan	荣辱观	123
ying huo chong	萤火虫	123
sa er wa duo	萨尔瓦多	123
man heng	蛮横	123
mi jian	蜜饯	123
xing ying	行营	123
yi shi	衣饰	123
bu shen	补肾	123
shuai wei	衰微	123
jing xing	警醒	123
yi shi ri cheng	议事日程	123
gai suo	该所	123
gai bao	该报	123
hun	诨	123
shuo bai le	说白了	123
shuo shuo hua	说说话	123
nuo bei er wen xue jiang	诺贝尔文学奖	123
xuan	谖	123
huo bi di zu	货币地租	123
gan che	赶车	123
liang liang qiang qiang	踉踉跄跄	123
ni jing	逆境	123
tong gu si	通古斯	123
zao yao	造谣	123
pei fa	配发	123
jin yu	金鱼	123
jing mian	镜面	123
chang jiang san jiao zhou	长江三角洲	123
fang wei ting	防卫厅	123
chen nian	陈年	123
chu ci yi wai	除此以外	123
ji quan	集权	123
ci rui	雌蕊	123
diao zhuo	雕琢	123
fei guo da	非国大	123
mian mu quan fei	面目全非	123
piao luo	飘落	123
wei gong gong	魏公公	123
zhi	鴙	123
chen	龀	123
yi fen wei er	一分为二	122
yi gu nao er	一古脑儿	122
yi liu yan	一溜烟	122
yi bai wan	一百万	122
san ke	三颗	122
bu ce	不测	122
zhuan heng	专横	122
zhu ying	主营	122
wu tuo bang	乌托邦	122
wu sha mao	乌纱帽	122
shu gao	书稿	122
er nai	二奶	122
qin he li	亲和力	122
jin nian chu	今年初	122
cong tou zhi wei	从头至尾	122
yi si tan bu er	伊斯坦布尔	122
zuo nie	作孽	122
xin yi wei zhen	信以为真	122
xing xu	兴许	122
nei qing	内情	122
nei ku	内裤	122
jun qi	军旗	122
lin lie	凛冽	122
chu rang	出让	122
diao	刁	122
qie shi ke xing	切实可行	122
hua zhe	划着	122
bie hao	别号	122
hua xue pin	化学品	122
bei chao xian	北朝鲜	122
qian si wan lv	千丝万缕	122
qian dao wan gua	千刀万剐	122
ban ye san geng	半夜三更	122
ban bei zi	半辈子	122
dan ju	单据	122
bu	卟	122
hou li	厚礼	122
yuan sheng dong wu	原生动物	122
gu jin zhong wai	古今中外	122
ji ta	吉他	122
hou zuo	后座	122
hu lu	呼噜	122
ming yi	命意	122
ha bu si bao	哈布斯堡	122
ha wa na	哈瓦那	122
hua la la	哗啦啦	122
na jia	哪家	122
hui jian	回见	122
dian	壂	122
wai di	外敌	122
wai tao	外逃	122
da shi suo qu	大势所趋	122
tian ling gai	天灵盖	122
zou yue	奏乐	122
yin	姻	122
dao bao	导报	122
dao lun	导论	122
ni gu la	尼古拉	122
ya bi	崖壁	122
ba lei mo	巴勒莫	122
shi ying lv	市盈率	122
bang fu	帮扶	122
chang shan	常山	122
ping yuan qu	平原区	122
kang sheng	康生	122
zheng cheng	征程	122
yu shi tai	御史台	122
de jia	德甲	122
xin yan	心砚	122
chu	怵	122
duo xing	惰性	122
zhan fu	战斧	122
fang shi	房事	122
da tie	打铁	122
la da	拉大	122
gua zai	挂载	122
an li shuo	按理说	122
kua bao	挎包	122
jie jia	接驾	122
yao yao yu zhui	摇摇欲坠	122
zhai lu	摘录	122
zhi na	支那	122
fang huan	放缓	122
wen zhai	文摘	122
wen li	文理	122
xin wen guan	新闻官	122
shi zhen	时针	122
qu feng lai	曲凤来	122
ji zhong	机种	122
li shun chen	李舜臣	122
cun kou	村口	122
lin ze xu	林则徐	122
qiao	橇	122
bu fa	步法	122
bi re	比热	122
mao rong rong	毛茸茸	122
min jian yi shu	民间艺术	122
shui wang	水网	122
bo xing	波形	122
qi bu cheng sheng	泣不成声	122
yang huo	洋货	122
liu dong zi jin	流动资金	122
hai ying	海鹰	122
xiao hua xi tong	消化系统	122
hun zhang	混帐	122
wei shui	渭水	122
yan mo	湮没	122
huo shi	火石	122
huo zang	火葬	122
kang tou	炕头	122
pao kou	炮口	122
re yuan	热源	122
shu shui	熟睡	122
yan wo	燕窝	122
pian duan	片段	122
ya yin	牙龈	122
xing xing	猩猩	122
zhen ai	珍爱	122
li hua	理化	122
tian wei	甜味	122
sheng huan	生还	122
shen bian	申辩	122
sheng zhuang	盛装	122
zhi shuai	直率	122
xiang kong zhen	相控阵	122
kan hu	看护	122
duan fa	短发	122
ci xuan fu	磁悬浮	122
ji pin	祭品	122
fu tian	福田	122
fen chen	粉尘	122
zhong jiang	终将	122
ji dian qi	继电器	122
luo rong huan	罗荣桓	122
mei man	美满	122
er wai	而外	122
fei fu	肺腑	122
wu ting	舞厅	122
cong	苁	122
yao shui	药水	122
lan bao shi	蓝宝石	122
cheng	蛏	122
tui bian	蜕变	122
xi duan	西端	122
shuo zhen de	说真的	122
tiao xi	调戏	122
mou hai	谋害	122
chan	谗	122
he lan shan	贺兰山	122
yi	贻	122
shang hua	赏花	122
chi jiao	赤脚	122
he zi	赫兹	122
qiong	跫	122
shen bu you ji	身不由己	122
che qi	车骑	122
zai ke	载客	122
huan qing	还清	122
yuan qi	远期	122
dai	迨	122
tui xiu jin	退休金	122
song bie	送别	122
xuan zhi	选址	122
bi wen	逼问	122
zao ji	遭际	122
zou	邹	122
suan wei	酸味	122
zui ren	醉人	122
zhong du	重度	122
jin mao shi	金毛狮	122
lian	鐮	122
chen zong duo	陈总舵	122
nan jie	难解	122
qing nian tuan	青年团	122
qing hua	青花	122
mian zhi	面值	122
xiang chang	香肠	122
shi qu	驶去	122
zhu bi	驻跸	122
ping	鲆	122
ji ming	鸡鸣	122
huang lao xie	黄老邪	122
yi jiu si jiu nian	一九四九年	121
yi ta hu tu	一塌糊涂	121
yi xi zhi di	一席之地	121
san juan	三卷	121
bu ju	不具	121
zhuan xin zhi zhi	专心致志	121
zhuan kuan	专款	121
si zhu	丝竹	121
liang ben	两本	121
liang xian	两线	121
yi li	义理	121
zheng quan duo li	争权夺利	121
shi you	事由	121
er shi san	二十三	121
kang fen	亢奋	121
jiao liu hui	交流会	121
ren min jun	人民军	121
cang chu	仓储	121
yang shao wen hua	仰韶文化	121
zhong sheng	众生	121
shang qing	伤情	121
lun dun da xue	伦敦大学	121
yu cang hai	余沧海	121
yi wei	依偎	121
xin xi liang	信息量	121
pian ji	偏激	121
zuo zuo	做作	121
ba da ling	八达岭	121
gong shen	公审	121
nei ge zhi	内阁制	121
jun zhang	军帐	121
dong ao hui	冬奥会	121
jian shui	减税	121
liu yuan he	刘元鹤	121
zhi tu	制图	121
jia shi	加试	121
lao gai	劳改	121
nan chang shi	南昌市	121
bo da jing shen	博大精深	121
yuan he	原核	121
kou qi	口器	121
dai ban	呆板	121
ge te shi	哥特式	121
wei wu shi guan	唯物史观	121
tuan wei	团委	121
tuan lian	团练	121
di tou	地头	121
long duan zi ben	垄断资本	121
ji chu li lun	基础理论	121
ji chu she shi	基础设施	121
di ba	堤坝	121
fu he xing	复合型	121
wai jun	外军	121
duo dang zhi	多党制	121
da han	大旱	121
da jiu	大舅	121
tian xia wu di	天下无敌	121
zi mian	字面	121
shi yong xing	实用性	121
jia shi	家室	121
pi	庀	121
ying shi zhe	应试者	121
xin an li de	心安理得	121
xi ju jia	戏剧家	121
shou jin	手巾	121
zhi zhao	执照	121
pi lin pi kong	批林批孔	121
bao fei	报废	121
pai ban	拍板	121
bu kuai	捕快	121
ge qian	搁浅	121
gai ri	改日	121
gai xuan	改选	121
gong jin	攻进	121
wu bian wu ji	无边无际	121
hun dao	昏倒	121
wang	暀	121
man de la	曼德拉	121
fu xing	服刑	121
chao xian ren min jun	朝鲜人民军	121
mu tang chun	木糖醇	121
li chu wen	李处温	121
yang hu cheng	杨虎城	121
ti ji	梯级	121
si bu liao	死不了	121
qi duan	气短	121
ru nan	汝南	121
wu ran yuan	污染源	121
qi che zhan	汽车站	121
mei chu xi	没出息	121
mei lian	没脸	121
tai da	泰达	121
ju	洰	121
pai yuan	派员	121
hai zi	海子	121
hai yang xing	海洋性	121
zhuo	涿	121
qing yang	清扬	121
wen shun	温顺	121
gang bu	港埠	121
jian	濺	121
ling wei	灵位	121
yan tou	烟头	121
zhao hui	照会	121
bao zhu	爆竹	121
ai min	爱民	121
wu li xi	物理系	121
yu long	玉龙	121
bo li ping	玻璃瓶	121
zhu san jiao	珠三角	121
bai mang mang	白茫茫	121
bai chu	百出	121
gao	皋	121
pan cha	盘查	121
zhi jiao	直角	121
mei yan	眉眼	121
yan bu	眼部	121
zhi qing quan	知情权	121
li qi	礼器	121
li mao	礼帽	121
kong zhi	空智	121
kong ge	空格	121
tu fei meng jin	突飞猛进	121
zhuan ke	篆刻	121
liang you	粮油	121
hong ban	红斑	121
jue jia	绝佳	121
lv yi	绿衣	121
wang luo an quan	网络安全	121
wang	罔	121
lao ying	老鹰	121
dan zhan xin jing	胆战心惊	121
zi you shi chang	自由市场	121
zi you yong	自由泳	121
zi kao ban	自考办	121
zi hao gan	自豪感	121
she jian	舌尖	121
shao	艄	121
su ke sa	苏克萨	121
cha fang	茶坊	121
huo jiang zhe	获奖者	121
luo bang	落榜	121
luo xuan	落选	121
xu zheng	虚证	121
quan suo	蜷缩	121
ke	蝌	121
qin	衾	121
xi po	西坡	121
jian wai	见外	121
jian jiao	见教	121
jin jian	觐见	121
ji gua	记挂	121
zheng ci	证词	121
ping ce	评测	121
shi hua	诗话	121
dang	谠	121
ze wen	责问	121
zou qiang	走强	121
ta bu	踏步	121
shen jing bai zhan	身经百战	121
che di	车底	121
qing qi bing	轻骑兵	121
lian cheng	连城	121
jiong yi	迥异	121
shu zhi	述职	121
cu	酢	121
jiao	醮	121
zhong zhong zhi zhong	重中之重	121
liang ji	量级	121
zhong ai	钟爱	121
tie tong	铁桶	121
yin mou gui ji	阴谋诡计	121
yin yu	阴雨	121
jiang fu	降幅	121
tao zi an	陶子安	121
ge mo	隔膜	121
nan ce	难测	121
mai	霾	121
yin fu	音符	121
fei ji chang	飞机场	121
jian xing	饯行	121
hun tun	馄饨	121
guan yi	馆驿	121
shou du ji chang	首都机场	121
bo hui	驳回	121
hei he se	黑褐色	121
yi kun	一捆	119
yi lou	一楼	119
wan fen	万份	119
wan zhou	万州	119
xia ding	下定	119
dong nan da xue	东南大学	119
lin jiang	临江	119
wei ti	为题	119
zhu zhou	主轴	119
wu zhen	乌镇	119
le shan	乐山	119
ping pang	乒乓	119
luan zao zao	乱糟糟	119
er shi ba xiu	二十八宿	119
wu du jiao	五毒教	119
jiao liu dian	交流电	119
ren min dai biao	人民代表	119
shang yu	伤愈	119
zuo wei	作伪	119
zhen po	侦破	119
xiu lu	修路	119
fu shou	俯首	119
zuo zuo	做做	119
jing	兢	119
ba fen	八分	119
gong qing	公卿	119
gong su	公诉	119
liu tian	六天	119
liu tiao	六条	119
yang liao	养料	119
xie fa	写法	119
jun mao	军帽	119
ji shang	击伤	119
fen xiao	分销	119
li	刕	119
liu he zhen	刘鹤真	119
li shi	力士	119
bei yuan	北缘	119
nan bei xiang	南北向	119
yin you	印有	119
wei ju	危局	119
xia men shi	厦门市	119
shou pin	受聘	119
bian tai fan ying	变态反应	119
ge cun	各村	119
gao jing	告警	119
he qin	和亲	119
si fen wu lie	四分五裂	119
guo hang	国航	119
da bu lie dian	大不列颠	119
da nian	大年	119
shi hun luo po	失魂落魄	119
ao lin pi ke yun dong hui	奥林匹克运动会	119
xian xi	嫌隙	119
sun chu ting	孙楚庭	119
zhai yuan	宅院	119
an an jing jing	安安静静	119
an ding tuan jie	安定团结	119
an cha	安插	119
wan jie	完结	119
shi nai	实乃	119
mi xi xi bi he	密西西比河	119
xiao chen	小臣	119
jin xin jie li	尽心竭力	119
kan	嵁	119
mi	幂	119
kai cheng	开城	119
yin ren ru sheng	引人入胜	119
xiao	彇	119
zheng xiang	征象	119
xun gui dao ju	循规蹈矩	119
xin yi	心仪	119
cun	忖	119
nu qi chong chong	怒气冲冲	119
zong shu	总署	119
cai shi	才识	119
ji shu zhuang bei	技术装备	119
bao xin	报信	119
la shi	拉屎	119
gua jia	挂架	119
xie zhi	挟制	119
tui bo zhu lan	推波助澜	119
da shan	搭讪	119
she ying shi	摄影师	119
shou jin	收紧	119
gai jia	改嫁	119
san ke	散客	119
wen jian ming	文件名	119
dou dan	斗胆	119
xin pin	新品	119
xin ju	新居	119
xin luo	新罗	119
fang zi	方子	119
wu ke hou fei	无可厚非	119
wu you wu lv	无忧无虑	119
wu e bu zuo	无恶不作	119
wu suo shi cong	无所适从	119
wu shui	无水	119
ri er man ren	日耳曼人	119
yi ru fan zhang	易如反掌	119
luo	曪	119
zhu zhan ji	朱瞻基	119
quan chen	权臣	119
li si	李四	119
chou	杽	119
zhen shang	枕上	119
biao dian	标点	119
ti dui	梯队	119
zheng fan	正反	119
mei hu	每户	119
hao bu xiang gan	毫不相干	119
bian jing	汴京	119
fen	汾	119
mei qu	没趣	119
ce ju yi	测距仪	119
hai yuan	海员	119
hai qi	海气	119
jin ru	浸入	119
qing xi du	清晰度	119
shi	湜	119
lv bo qi	滤波器	119
yang	漾	119
wan ji	烷基	119
jie	玠	119
sheng huo	生火	119
hua yuan	画院	119
shu lou	疏漏	119
zhi chuang	痔疮	119
tong xin ji shou	痛心疾首	119
li ji	痢疾	119
chi xin	痴心	119
bai he	白河	119
wan nan shi bian	皖南事变	119
gai shi	盖世	119
sheng xia	盛夏	119
meng shi	盟誓	119
shi bang zhu	石帮主	119
piao fang	票房	119
li qi	离奇	119
kui shi	窥视	119
di qi ci	第七次	119
ze	笮	119
jin pi li jin	筋疲力尽	119
fa zi	筏子	119
guan shu	管束	119
gan	绀	119
sui jing	绥靖	119
zong shu	综述	119
xiu qie	羞怯	119
tang ji	羰基	119
lao lian	老练	119
gu li	股利	119
dan shi	胆识	119
jiao dong	胶东	119
jian ku chuang ye	艰苦创业	119
su men da la	苏门答腊	119
ying ji li	英吉利	119
yao jiu	药酒	119
cai dao	菜刀	119
luo mu	落幕	119
pu tao qiu jun	葡萄球菌	119
dong pang er	董庞儿	119
jiang jing guo	蒋经国	119
cang ni	藏匿	119
hu pi	虎皮	119
can si	蚕丝	119
xue si	血丝	119
jian guai	见怪	119
xu yuan	许愿	119
xu xiao shu	许晓书	119
bai lei	败类	119
zhi ya	质押	119
he xi	贺喜	119
lai yi sheng cun	赖以生存	119
zou gao	走高	119
qi dong	起动	119
lu yi si	路易斯	119
mi li	迷离	119
tui bi	退避	119
xie hou	邂逅	119
guo fu ren	郭夫人	119
pei dian	配电	119
jiu xiang	酒香	119
pu dian	铺垫	119
cuo luan	错乱	119
wen suo wei wen	闻所未闻	119
yin feng	阴风	119
a la mu tu	阿拉木图	119
ci hua	雌花	119
quan gu	颧骨	119
gao ping	高平	119
gui huo	鬼火	119
wen	魰	119
huang fan qu	黄泛区	119
bi yan	鼻炎	119
san si	三四	118
san jie	三届	118
xia juan	下卷	118
xia duan	下端	118
bu sheng bu xiang	不声不响	118
bu you fen shuo	不由分说	118
bu qi	不齐	118
liang yuan	两员	118
liang zhi	两枝	118
liang ban	两班	118
wang ming	亡命	118
xian ren zhang	仙人掌	118
bo nu li	伯努利	118
di pin	低频	118
shu ran	倏然	118
xian zu	先祖	118
ba du	八度	118
guan di miao	关帝庙	118
yuan qu	冤屈	118
ji ke	几棵	118
chu zu qi che	出租汽车	118
chuang li zhe	创立者	118
ke yin	刻印	118
bei yang shui shi	北洋水师	118
shi san sui	十三岁	118
shi jia	十佳	118
shuang ying	双赢	118
fa dian liang	发电量	118
qu le	取乐	118
shou kong	受控	118
tong gan	同感	118
ting ke	听课	118
hua la	哗啦	118
shang bao	商报	118
xi ren	喜人	118
pen shui	喷水	118
si chuan da xue	四川大学	118
tu hao	土豪	118
chang wai	场外	118
di an	堤岸	118
sai she er	塞舌尔	118
ke ti	壳体	118
fu ming	复命	118
fu guo	复国	118
ye lai	夜来	118
da shao ye	大少爷	118
da qi ya	大气压	118
da xiang jing ting	大相径庭	118
shi he	失和	118
shi li	失礼	118
qi he	契合	118
nv liu	女流	118
yao ren	妖人	118
yun qi	孕期	118
gu dao	孤岛	118
xue cheng	学成	118
an de sen	安德森	118
xuan chuan bu zhang	宣传部长	118
xiao nv zi	小女子	118
yao shun	尧舜	118
ni ri er he	尼日尔河	118
ceng zhuang	层状	118
zhan ting	展厅	118
qi you ci li	岂有此理	118
cha lu	岔路	118
ba he	巴赫	118
shi jia	市价	118
xi jian	席间	118
bang pai	帮派	118
chang wu wei yuan	常务委员	118
dan	彈	118
wu chu	悟出	118
xuan bi	悬臂	118
kan	惂	118
hui min	惠民	118
da jiao	打搅	118
pao shou	抛售	118
pai zhuo zi	拍桌子	118
ba diao	拔掉	118
zhao zhan	招展	118
zheng de	挣得	118
ju shou	据守	118
pai qi	排气	118
jiu xing	救星	118
san yi	散佚	118
san man	散漫	118
shu yi wan ji	数以万计	118
wen ming gu guo	文明古国	118
xing qi si	星期四	118
zhao ri	朝日	118
meng meng long long	朦朦胧胧	118
mu zhi bu	木质部	118
ben dao	本岛	118
biao zhi	标致	118
qiao pai	桥牌	118
meng gu	梦姑	118
chan	梴	118
sen ran	森然	118
lou tai	楼台	118
ou wen	欧文	118
shui xie bu tong	水泄不通	118
zheng	氶	118
li	沥	118
ni ba	泥巴	118
xi shou jian	洗手间	118
luo lin	洛林	118
jin ye	津液	118
huo xiang	活像	118
huo xue	活血	118
hun he	浑河	118
she lie	涉猎	118
wo tai hua	渥太华	118
ji	潗	118
ling mao	灵猫	118
wei	為	118
lan ni	烂泥	118
yan mu dan	烟幕弹	118
wu	焐	118
pa po du	爬坡度	118
jian	犍	118
sheng chan xing	生产型	118
shuai shou	甩手	118
dian rong qi	电容器	118
pi bei bu kan	疲惫不堪	118
bai guang	白光	118
bai lang	白浪	118
ding shang	盯上	118
shi ren	石人	118
she hui zhu yi zhe	社会主义者	118
zu sun	祖孙	118
chan fang	禅房	118
qiu qian	秋千	118
di yi shou	第一手	118
di yi ji	第一级	118
xuan	箮	118
zhai	粂	118
cu qian	粗浅	118
yue han nei si bao	约翰内斯堡	118
na si da ke	纳斯达克	118
jing qi	经期	118
jie ye	结业	118
gei ding	给定	118
ling	翎	118
gan shen	肝肾	118
yao	肴	118
bei dui	背对	118
xing chou	腥臭	118
yong zhong	臃肿	118
zi bian	自便	118
liang jiang	良将	118
yu	芋	118
ruo xiang	若想	118
e pian	萼片	118
jian	蔪	118
bao bi	薄壁	118
shu	薯	118
teng yi	藤椅	118
xu rong xin	虚荣心	118
yuan	衏	118
qu zhou	衢州	118
ji bu qing	记不清	118
shi fei yuan	试飞员	118
mi di	谜底	118
fei mi	费米	118
zhuan lai zhuan qu	转来转去	118
qing hu	轻忽	118
bian xian	边线	118
yun dong chang	运动场	118
wei yue jin	违约金	118
zhu ge	逐个	118
tong tong	通通	118
feng nian guo jie	逢年过节	118
liu	遛	118
ju	遽	118
you ji	邮寄	118
xi	醯	118
qiu	銶	118
yuan	鎱	118
cuo wei	错位	118
xi jin	锡金	118
xian	锨	118
chang xiu	长袖	118
bi guan zi shou	闭关自守	118
xian guang	闲逛	118
yin sen sen	阴森森	118
yin qi	阴气	118
tao hong ying	陶红英	118
yin you	隐忧	118
qing cheng shan	青城山	118
feng fan	风帆	118
fei hu	飞虎	118
shi liang	食粮	118
yin yong shui	饮用水	118
shi pin	饰品	118
jiao	饺	118
gao lu	高炉	118
gao sheng	高盛	118
mai di na	麦地那	118
yi nu zhi xia	一怒之下	117
shang di	上地	117
shang duan	上端	117
bu qu bu nao	不屈不挠	117
dong zhi	东芝	117
liang zhong	两重	117
lin shi xing	临时性	117
wan yao	丸药	117
xi qi	习气	117
shu ju	书局	117
er shi ming	二十名	117
er jie	二届	117
er li	二里	117
yu ya xian	于雅先	117
yi ran	亦然	117
ren min gong she hua	人民公社化	117
yi jun	以军	117
yang shi	仰视	117
bo yan	伯颜	117
shi yong liang	使用量	117
yi gui	依归	117
bao song	保送	117
nuo	傩	117
yuan shun di	元顺帝	117
chong qi	充气	117
xian jue tiao jian	先决条件	117
guang ying	光影	117
quan xi	全息	117
guan ji	关机	117
xing zhong hui	兴中会	117
bing qiu	冰球	117
fen tan	分摊	117
zhu wei	助威	117
hua nong xing	化脓性	117
fei tu	匪徒	117
yi xue jia	医学家	117
ban zi dong	半自动	117
mai jia	卖家	117
wo chuang	卧床	117
yuan mei	原煤	117
fa yang guang da	发扬光大	117
kou yi	口译	117
gao yi duan luo	告一段落	117
nao	呶	117
gu dong	咕咚	117
guo fa	国法	117
guo ji si fa	国际私法	117
chang guan	场馆	117
jian bing	坚冰	117
ya	垭	117
mai mo	埋没	117
da zhang	大张	117
tian shu	天数	117
kua zan	夸赞	117
yu	妤	117
jiang tai gong	姜太公	117
guan zhai	官寨	117
ding chu	定出	117
mi ke luo ni xi ya	密克罗尼西亚	117
han suan	寒酸	117
xiao bei	小辈	117
er si	尔斯	117
yan bi	岩壁	117
cui tian kai	崔天凯	117
xun cha	巡查	117
bu lan de	布兰德	117
pa er ma	帕尔马	117
ping shan xian	平山县	117
ping deng hu li	平等互利	117
kai ji	开机	117
wan gong	弯弓	117
zheng yong	征用	117
xu qing jun	徐青君	117
de jiu	得救	117
xin hen shou la	心狠手辣	117
bi bai	必败	117
hui zhou	惠州	117
kang gan rao	抗干扰	117
pi feng	披风	117
ya song	押送	117
chou ye	抽噎	117
la ni	拉尼	117
bai zhan ting	拜占庭	117
kuo hao	括号	117
chi qiang	持枪	117
chi zhong	持重	117
tiao zhan zhe	挑战者	117
yuan	掾	117
cha jian	插件	117
tang ci	搪瓷	117
che xiao	撤消	117
fang dang	放荡	117
zheng zhi fan	政治犯	117
wen xue jiang	文学奖	117
xin shu	新书	117
ming jing	明镜	117
xiao yu	晓谕	117
wu	晤	117
chao gong	朝贡	117
mu gua	木瓜	117
sha guang	杀光	117
li shi niang	李十娘	117
yang lian ting	杨莲亭	117
hang jia qiao	杭嘉乔	117
lin shi di	林师弟	117
lin yu long	林玉龙	117
zhi tou	枝头	117
heng jia	桁架	117
peng zi	棚子	117
zhi wu you	植物油	117
tuo	椭	117
bi li	比利	117
wang xiao feng	汪啸风	117
mo nai he	没奈何	117
fei shui	沸水	117
hai yin	海印	117
hai lu	海路	117
shen xin bu yi	深信不疑	117
yuan yuan	源源	117
jiong	熲	117
pian zhong	片中	117
xia chang de	狭长的	117
mei gui hua	玫瑰花	117
jing	璟	117
yong shan	用膳	117
tian zhong	田中	117
dian xin ye	电信业	117
jian shou	监守	117
zhi yan bu hui	直言不讳	117
zhen zhen	真真	117
du dao	督导	117
yan du	研读	117
ying lang	硬朗	117
mo he	磨合	117
li zheng	立正	117
di yi ceng	第一层	117
di yi ben	第一本	117
di jiu juan	第九卷	117
suan xue	算学	117
guan li xue	管理学	117
guan xian shi	管闲事	117
luo	箩	117
cu hua	粗话	117
nian chou	粘稠	117
jin wo	紧握	117
lei ji	累及	117
fan	繙	117
dao	纛	117
rao zu	绕组	117
bian zhu	编著	117
wang ge	网格	117
wang you	网游	117
zhi jiu	置酒	117
mei di guo zhu yi	美帝国主义	117
kao ju	考据	117
tuo fa	脱发	117
tuo jie	脱节	117
she tai	舌苔	117
she li	舍利	117
hua hua lv lv	花花绿绿	117
hua yan qiao yu	花言巧语	117
yao li	药理	117
lai dun	莱顿	117
luo ri	落日	117
bao pian	薄片	117
bo wu	薄雾	117
bu xi	补习	117
rang du	让渡	117
ji yi you xin	记忆犹新	117
ci zu	词组	117
gua	诖	117
qiao	诮	117
du chu	读出	117
diao li	调离	117
xie ai guang	谢爱光	117
chi tiao tiao	赤条条	117
zhuan hui	转会	117
tao	迯	117
song huan	送还	117
ni xing	逆行	117
na po zi	那婆子	117
you lun	邮轮	117
za	鉔	117
chang sheng bu lao	长生不老	117
fang bu sheng fang	防不胜防	117
sui wen di	隋文帝	117
yin shi	隐士	117
chu niao	雏鸟	117
lei ji na	雷吉纳	117
mei su	霉素	117
fei ren	非人	117
gu ming si yi	顾名思义	117
dun jue	顿觉	117
feng jing hua	风景画	117
e lang	饿狼	117
ma gua	马褂	117
ling	鯪	117
lu rong	鹿茸	117
nian ye	黏液	117
hei dong dong	黑洞洞	117
yi fu yi qi zhi	一夫一妻制	116
yi wang da jin	一网打尽	116
qi dian	七点	116
wan shan	万山	116
xia shui dao	下水道	116
bu he shi yi	不合时宜	116
bu deng shi	不等式	116
lin wei	临危	116
zhu ban	主板	116
zhu kao guan	主考官	116
wu su li jiang	乌苏里江	116
luan hong hong	乱哄哄	116
er shi liu	二十六	116
kui ben	亏本	116
wu ge yi gong cheng	五个一工程	116
wu gen	五根	116
cong shi	从师	116
fo jiao tu	佛教徒	116
zuo e duo duan	作恶多端	116
bao song sheng	保送生	116
xiu ming	修明	116
jie lai	借来	116
jia yao	假药	116
pian zhuan	偏转	116
ju ti hua	具体化	116
xie ben	写本	116
qi chu	凄楚	116
ji nei ya bi shao	几内亚比绍	116
ji shi li	几十里	116
fen xiao	分晓	116
qie kou	切口	116
pan duan li	判断力	116
bo qi	勃起	116
bo qu	博取	116
chang kuang	厂矿	116
ya tong	压痛	116
xian guan	县官	116
zhi shen	只身	116
han you	含油	116
ming guan	命官	116
pin cha	品茶	116
xiang wei she	响尾蛇	116
shang jie	商界	116
si shi ba	四十八	116
wei jin	围巾	116
guo tai ban	国台办	116
yuan run	圆润	116
wai xing ren	外星人	116
tian mu shan	天目山	116
tai ye	太爷	116
qi jing	奇景	116
ao wei hui	奥委会	116
ru ci zhe ban	如此这般	116
ying hai	婴孩	116
an guo	安国	116
dao huo xian	导火线	116
xiao qiao	小桥	116
ju suo	居所	116
gong kuang	工矿	116
gong ling	工龄	116
gan re	干热	116
ping jun hua	平均化	116
qiang xiang	强项	116
cai pai	彩排	116
bi shi	彼时	116
xin shang ren	心上人	116
lian lian bu she	恋恋不舍	116
bei ku	悲苦	116
hui geng si	惠更斯	116
yun	愠	116
cheng li	成例	116
cheng jia	成家	116
suo qiu	所求	116
tou tai	投胎	116
tou cheng	投诚	116
qiang lve	抢掠	116
hu cheng he	护城河	116
di chang	抵偿	116
zhao ji	招集	116
quan da	拳打	116
tiao zhan xing	挑战性	116
sun hui	损毁	116
ti jia	提价	116
sao tou	搔头	116
she ru liang	摄入量	116
zhai diao	摘掉	116
gan qing	敢情	116
duan bi	断臂	116
kun ming shi	昆明市	116
jing yang	景仰	116
you qi wu li	有气无力	116
ji zhang	机长	116
za ju	杂居	116
tiao chen	条陈	116
hang zhou wan	杭州湾	116
lin chao ying	林朝英	116
ku wei	枯萎	116
shuan se	栓塞	116
mei lan fang	梅兰芳	116
bang	梆	116
wu tong	梧桐	116
mo	殁	116
duan tian de	段天德	116
tai an	泰安	116
xi shu	洗漱	116
xie	洩	116
hai dian	海淀	116
cui huo	淬火	116
qing lian	清廉	116
re huo chao tian	热火朝天	116
xi ting	烯烃	116
xi xi rang rang	熙熙攘攘	116
bao chu	爆出	116
you yi	犹疑	116
du chuang xing	独创性	116
shen gou	申购	116
bai re hua	白热化	116
sheng yan	盛宴	116
xiang yi wei ming	相依为命	116
xiang hao	相好	116
dun	盹	116
ying gu yu	硬骨鱼	116
qiu shou qi yi	秋收起义	116
cheng xie	称谢	116
bi lu	笔录	116
di er guo ji	第二国际	116
cu su	粗俗	116
jie she	结社	116
bian jie	编结	116
zui zheng	罪证	116
su ran qi jing	肃然起敬	116
bei shu	背书	116
mai xiang	脉象	116
jiao zhi	脚趾	116
zi wei jun	自卫军	116
zi cheng wei	自称为	116
zi yu	自语	116
zi xuan	自选	116
shu huan	舒缓	116
ba lei wu tuan	芭蕾舞团	116
ben fen	苯酚	116
ying lie	英烈	116
ping	苹	116
xue rou mo hu	血肉模糊	116
biao li	表里	116
yi xi	议席	116
yu zhong xin chang	语重心长	116
you pian	诱骗	116
nuo man di	诺曼底	116
xian neng	贤能	116
zhang hao	账号	116
gui jian	贵贱	116
gan ji	赶集	116
hong long long	轰隆隆	116
yi wen	轶闻	116
qing xin	轻信	116
jin qi dao	进气道	116
mi cai fu	迷彩服	116
pei jue	配角	116
jiu guan	酒馆	116
suan nai	酸奶	116
ye niu	野牛	116
jin dan	金丹	116
jin da zhong	金大中	116
hui	鐬	116
feng xian	锋线	116
zhang da cheng ren	长大成人	116
zhang zhi	长治	116
fang yu gong shi	防御工事	116
sui shi sui di	随时随地	116
shuang dong	霜冻	116
han yu	韩语	116
bao han	饱含	116
huang lv se	黄绿色	116
huang jin shi dai	黄金时代	116
hei ti	黑体	116
tuo	鼍	116
qi fa	齐发	116
qi zhong	七种	115
san qi	三七	115
san si	三思	115
bu dan	不丹	115
bu zhi ke fou	不置可否	115
zhuan ying	专营	115
liang bai ju shang	两败俱伤	115
zhong xiao	中校	115
le tian	乐天	115
qi tao	乞讨	115
er shi mi	二十米	115
wu pai	五派	115
jing ji	京畿	115
liang jing jing	亮晶晶	115
ren shi bu men	人事部门	115
shi nv	仕女	115
chuan bu	传布	115
zhen cha bing	侦察兵	115
li su	俚俗	115
ru wang	入网	115
gong hai	公海	115
liu shi	六世	115
nong she	农舍	115
bing qi	冰碛	115
ji pian	几片	115
fen jie	分界	115
chuang kou	创口	115
gua feng	刮风	115
jian shi	剑士	115
ti chu	剔除	115
jia ban jia dian	加班加点	115
bei jing jun qu	北京军区	115
ban feng jian she hui	半封建社会	115
ka mi la	卡米拉	115
ya dian	压电	115
hou hou	厚厚	115
can kan	参看	115
xu shuo	叙说	115
he yong	合用	115
xi pan	吸盘	115
ha qian	哈欠	115
ha da	哈达	115
ka la	喀拉	115
lu	噜	115
yi	噫	115
si wan	四万	115
si ping	四平	115
tu kang	土炕	115
ji er	基尔	115
da zhu jiao	大主教	115
da gu	大沽	115
tian wang xing	天王星	115
tian zi	天资	115
shi yan	失言	115
qi men	奇门	115
an te wei pu	安特卫普	115
an di si shan mai	安第斯山脉	115
wan yan	完颜	115
shi dan	实弹	115
ji su	寄宿	115
mi zong	密宗	115
she sha	射杀	115
jian ding	尖顶	115
you er jie	尤二姐	115
jiu yi	就义	115
qu zhi ke shu	屈指可数	115
gong shang ye zhe	工商业者	115
nian dai xue	年代学	115
gui lu	归路	115
dang lang	当啷	115
xin li shuai jie	心力衰竭	115
xin bao	心包	115
xin fan yi luan	心烦意乱	115
kuai yi	快意	115
huai jiu	怀旧	115
ji zhuan	急转	115
zong xing	总行	115
xi rou	息肉	115
xi shu	悉数	115
jing jue	惊厥	115
jing tao hai lang	惊涛骇浪	115
yi nian	意念	115
gan qing yong shi	感情用事	115
fen ran	愤然	115
ci qing gong	慈庆宫	115
lan san	懒散	115
da pao	打炮	115
da du	打赌	115
chou shui	抽水	115
bo tong	拨通	115
gua shuai	挂帅	115
huan wei	换位	115
diao luo	掉落	115
she xiang	摄像	115
zhi qi guan yan	支气管炎	115
shou ge ji	收割机	115
jiao xue zhi liang	教学质量	115
wen mi	文秘	115
wen cai	文采	115
xin wen ji zhe	新闻记者	115
wu yi li wai	无一例外	115
wu xi shi	无锡市	115
han ji	旱季	115
bao nu	暴怒	115
you xing	有性	115
you ji ti	有机体	115
li ping shui	李平水	115
yang cheng xie	杨成协	115
pi pa	枇杷	115
sheng	枡	115
xiao qing	校庆	115
he gong ye	核工业	115
he ci gong zhen	核磁共振	115
quan	棬	115
kai	楷	115
ou li	欧里	115
min he	民和	115
qi hu hu	气呼呼	115
lv fang	氯仿	115
bo er duo	波尔多	115
shen jian	深涧	115
shen bu	深部	115
gun dan	滚蛋	115
pan jia yuan	潘家园	115
huo che tou	火车头	115
ling tong	灵通	115
shuo	烁	115
zhao mian	照面	115
niu jiao	牛角	115
te xie	特写	115
ning xiao	狞笑	115
wan ming	玩命	115
xian huo	现货	115
sheng li jun	生力军	115
jia chong	甲虫	115
dian dong li xue	电动力学	115
dian hua xue	电化学	115
dian zi xian wei jing	电子显微镜	115
dian ci fu she	电磁辐射	115
yi dian	疑点	115
jing	痉	115
bai yun shan	白云山	115
bai nei zhang	白内障	115
huang tian	皇天	115
xiang bian	相变	115
mu lin you hao	睦邻友好	115
kuang wu ju	矿务局	115
po huo	破获	115
long	砻	115
sui xie yan	碎屑岩	115
shen xue jia	神学家	115
shui zhi	税制	115
cu ren	粗人	115
cu bu	粗布	115
su yi	素以	115
xi ruan	细软	115
jing ji qu	经济区	115
jie chu	结出	115
mei shu jia	美术家	115
ao xiang	翱翔	115
lian yi hui	联谊会	115
shen xiao qiu	肾小球	115
zhong wu	肿物	115
hu gui nan	胡桂南	115
hang kong qi	航空器	115
chuan xian	船舷	115
hua zhao	花招	115
su zhao zheng	苏兆征	115
xun	荀	115
yao xiao	药效	115
mo zha te	莫扎特	115
quan	蜷	115
meng	蠓	115
xing jing	行经	115
tan hu	袒护	115
yan da ping	言达平	115
hua ben	话本	115
tie xin	贴心	115
zu yin	足印	115
lu de	路德	115
ying tou	迎头	115
dao bie	道别	115
bi hui	避讳	115
cai jue	采掘	115
li wu	里屋	115
tong ban	铜板	115
pu ping	铺平	115
zhang qun	长裙	115
men shou	门首	115
a si	阿斯	115
chen yin ke	陈寅恪	115
ge duan	隔断	115
nan neng ke gui	难能可贵	115
xiong xin bo bo	雄心勃勃	115
yu yi	雨衣	115
dun he	顿河	115
yu ying li	预应力	115
pin duan	频段	115
feng zhi	风致	115
ma lie	马列	115
tuo zi	驼子	115
yi chuan	驿传	115
yu	龉	115
yi ge jin di	一个劲地	114
yi qian duo	一千多	114
yi sheng sheng	一声声	114
yi dui yi	一对一	114
san sou	三艘	114
xia cheng	下城	114
zhong zhou	中州	114
jiu bing	久病	114
yue shi	乐师	114
jiu yi ba shi bian	九一八事变	114
ru ji	乳剂	114
yang guang	仰光	114
he gan	何干	114
kan	侃	114
ce zhong dian	侧重点	114
e lian bang	俄联邦	114
li	俚	114
bao hu huan jing	保护环境	114
dang tuan	党团	114
quan ying	全营	114
gong shi xian	公使衔	114
guan zhong ping yuan	关中平原	114
mao mei	冒昧	114
nong xue yuan	农学院	114
bing shui	冰水	114
diao zuan	刁钻	114
lie ri nie fu	列日涅夫	114
chu wu	初五	114
pou kai	剖开	114
jian zhi	剪纸	114
wu gong	务工	114
shi si sui	十四岁	114
ban xin ban yi	半信半疑	114
bei jian	卑贱	114
lu da fu	卢大夫	114
luan sheng	卵生	114
e li te li ya	厄立特里亚	114
yuan zuo	原作	114
cen ci bu qi	参差不齐	114
shuang xian	双线	114
fa ming jia	发明家	114
xiang xiao long	向小龙	114
ting tian you ming	听天由命	114
guo fang fei	国防费	114
tan dang	坦荡	114
tian kong	填空	114
fu shi	复式	114
fu yan	复眼	114
da huo bu jie	大惑不解	114
tian zuo di	天祚帝	114
shi xin	失信	114
ben xi	奔袭	114
nv pu	女仆	114
nv juan	女眷	114
di xi	嫡系	114
xue ji	学籍	114
an yu	安于	114
an shen	安神	114
an cao er	安草儿	114
shi gan	实干	114
xuan zhi	宣纸	114
yan yin	宴饮	114
shou shan	寿山	114
xiao qiu	小球	114
chuan ju	川剧	114
ying shou	应收	114
yi kou tong sheng	异口同声	114
gong nu	弓弩	114
yin shu	引述	114
zheng de	征得	114
de ke sa si zhou	得克萨斯州	114
bi xiu ke	必修课	114
guai shi	怪石	114
qing bao ju	情报局	114
zhui zhui bu an	惴惴不安	114
yi qi	意气	114
fen fen bu ping	愤愤不平	114
da luo	打落	114
yi zhi ji	抑制剂	114
tou zhu	投注	114
zhi ling xing	指令性	114
xie chi	挟持	114
tui jin ji	推进剂	114
jie pi	揭批	114
zhi zhao	支招	114
gai liang zhu yi	改良主义	114
duan ya	断崖	114
si nuo	斯诺	114
si da kang	斯达康	114
xin xing	新星	114
wu qi tu xing	无期徒刑	114
ming bai ren	明白人	114
xing ti	星体	114
bao fa	暴发	114
you di fang shi	有的放矢	114
chao sheng	朝圣	114
li lin fu	李林甫	114
he ju bian	核聚变	114
ci ji	次级	114
dai ren	歹人	114
zhi ye	汁液	114
sha tian guang	沙天广	114
sha mo hua	沙漠化	114
ni shui	泥水	114
dong cha	洞察	114
huo huo shan	活火山	114
huo ji	活计	114
liu xing xing	流行性	114
she an	涉案	114
zhang luo	涨落	114
huo cheng yan	火成岩	114
dian zhen	点阵	114
gu niu	牯牛	114
gou xiong	狗熊	114
sheng ji bo bo	生机勃勃	114
tuan	疃	114
pao zhen	疱疹	114
bing wei	病危	114
huan	痪	114
yi chu	益处	114
shen chu gui mo	神出鬼没	114
shen hua	神化	114
zhong zu zhu yi	种族主义	114
qin he	秦河	114
jie	秸	114
jian zhang	简章	114
cuan gai	篡改	114
bai	粨	114
hu li hu tu	糊里糊涂	114
zi hong	紫红	114
hong chen	红尘	114
jie jie shi shi	结结实实	114
que sun	缺损	114
mei guo wu yuan	美国务院	114
kao liang	考量	114
lian ying	联营	114
xiao xiang hua	肖像画	114
du dou	肚兜	114
gu xi	股息	114
xiong tong	胸痛	114
jiao	艽	114
fang cao	芳草	114
cang sheng	苍生	114
su qin	苏秦	114
xiu shou	袖手	114
xi bei fang	西北方	114
xi li xi ya	西里西亚	114
yao lian	要脸	114
yao jue	要诀	114
jian tian	见天	114
pi ru shuo	譬如说	114
qian he	谦和	114
dou zi	豆子	114
mao si	貌似	114
fu li zi	负离子	114
du zhu	赌注	114
qi si hui sheng	起死回生	114
pu	蹼	114
mai ke er	迈克尔	114
jin lin	近邻	114
yuan da	远大	114
yi li	迤逦	114
yun	郓	114
li la	里拉	114
zhen zhi	针织	114
gang tie chang	钢铁厂	114
gang bian	钢鞭	114
kang	钪	114
chui lian	锤炼	114
du jin	镀金	114
chang chun ya tai	长春亚泰	114
lu hai kong	陆海空	114
diao su jia	雕塑家	114
shun yan	顺眼	114
ma hao	马号	114
huang xing	黄兴	114
hei ming dan	黑名单	114
long xia	龙虾	114
yi ying ju quan	一应俱全	113
shang xin shi	上新世	113
xia bi	下笔	113
ju mu	举目	113
yu ci	余次	113
jia ji	佳绩	113
ce mu	侧目	113
xin bao	信报	113
hou niao	候鸟	113
yuan feng	元丰	113
ru zuo	入座	113
chu sheng ru si	出生入死	113
ji dao	击倒	113
fen chang	分厂	113
fen fu	分赴	113
zhi gao dian	制高点	113
ban qi	办起	113
jia yi	加意	113
jia li	加里	113
mian li	勉力	113
qu zheng fu	区政府	113
hua deng	华灯	113
nan hai jian dui	南海舰队	113
yin ran	印染	113
li shi bo wu guan	历史博物馆	113
fan dui zhe	反对者	113
gu wen zi	古文字	113
ji li gu lu	叽哩咕噜	113
chi xiang	吃香	113
ge xing	各行	113
he li hua	合理化	113
diao xiao	吊销	113
ming pian	名篇	113
xiang hai	向海	113
jun zhu li xian zhi	君主立宪制	113
zhou zhuang	周庄	113
he wen	和文	113
he nuan	和暖	113
shan ce	善策	113
yu	喅	113
deng	噔	113
yuan tong xing	圆筒形	113
ken huang	垦荒	113
cheng shi dao lu	城市道路	113
da wei	大维	113
da hua	大话	113
tian zhen lan man	天真烂漫	113
shi shui	失水	113
nv ying	女婴	113
nu li zhi du	奴隶制度	113
fang	妨	113
yu le cheng	娱乐城	113
sun zhong shou	孙仲寿	113
an la	安拉	113
an di si shan	安第斯山	113
ding liang fen xi	定量分析	113
mi bu ke fen	密不可分	113
yu suo	寓所	113
dao you yuan	导游员	113
cui xi min	崔希敏	113
gong cheng xue	工程学	113
ba ha ma	巴哈马	113
bu shi	布施	113
bu lu si	布鲁斯	113
dian tang	店堂	113
yan sui	延髓	113
kai tuo zhe	开拓者	113
gui gen dao di	归根到底	113
kuai di	快递	113
nu chi	怒斥	113
si bian	思辨	113
zong tong zhi	总统制	113
you zhang	悠长	113
huan er	患儿	113
jing rao	惊扰	113
jing hun	惊魂	113
re shi	惹事	113
kang	慷	113
cheng zhang xing	成长性	113
shan mian	扇面	113
shou yao	手摇	113
shou yu	手谕	113
da dou	打斗	113
da qiu	打球	113
da qu	打趣	113
tuo la si	托拉斯	113
sao mu	扫墓	113
bao chou xue hen	报仇雪恨	113
ju bu	拘捕	113
zhao hun	招魂	113
zhi wen	指纹	113
nian jun	捻军	113
duo	掇	113
jie zhong er zhi	接踵而至	113
tang se	搪塞	113
ge	搿	113
mo xi	摩西	113
ta	撻	113
shou shi	收市	113
di ying	敌营	113
zheng liu	整流	113
pang guan zhe	旁观者	113
zhan	旃	113
xuan yi	旋翼	113
wu zu qing zhong	无足轻重	113
jiu shi	旧式	113
hun mi bu xing	昏迷不醒	113
xing yue	星月	113
you li ke tu	有利可图	113
qi quan	期权	113
ji yao	机要	113
li tie zui	李铁嘴	113
yang wen cong	杨文骢	113
cha jin	查禁	113
zhu lian	株连	113
lou dao	楼道	113
ou yang tian	欧阳天	113
bu bing lv	步兵旅	113
si di	死敌	113
shui bo	水波	113
shui yan dai	水烟袋	113
han mo	汉末	113
shen yang jun qu	沈阳军区	113
sha tong tian	沙通天	113
mei tou mei nao	没头没脑	113
you tiao	油条	113
zhao qi	沼气	113
bo si yu	波斯语	113
fu dian	浮点	113
hai cheng	海城	113
dan bo	淡薄	113
bo hai wan	渤海湾	113
you ren you yu	游刃有余	113
miao	渺	113
pang	滂	113
luan	滦	113
quan	烇	113
wei	爲	113
di	牴	113
lie bao	猎豹	113
ban chan	班禅	113
sheng guang	生光	113
tian xiao xia	田晓霞	113
nan shuang	男双	113
wei suo	畏缩	113
bai jing	白净	113
zhi sheng fei ji	直升飞机	113
qin chao	秦朝	113
bi ji ben dian nao	笔记本电脑	113
jing shu	精熟	113
jing que du	精确度	113
yu tan	羽坛	113
mao	耄	113
zi ran li	自然力	113
ya bao	芽孢	113
cai di	菜地	113
xu shui liang	蓄水量	113
lan guang	蓝光	113
yi jiao	衣角	113
gai an	该案	113
gai pian	该片	113
you xiang	诱降	113
gou de	购得	113
zi	赀	113
sai zhi	赛制	113
fan	軓	113
zhuan shu	转述	113
zai zhong liang	载重量	113
tong pan	通判	113
tong qing da li	通情达理	113
zheng zhong qi shi	郑重其事	113
suan cai	酸菜	113
liang bian	量变	113
jin tiao	金条	113
chi	銐	113
ya	鐚	113
qian sun ai	钱孙爱	113
zhen nan	镇南	113
chang xing	长兴	113
bi kou	闭口	113
fang hu lin	防护林	113
lu ji	陆基	113
ji ti suo you zhi	集体所有制	113
chu	雏	113
mian shi	面世	113
gao zhao ban	高招办	113
yi zhao yi shi	一招一式	112
yi luo	一摞	112
yi ke shu	一棵树	112
qi dao	七道	112
san chang liang duan	三长两短	112
xia zhui	下坠	112
bu bei	不备	112
bu zhen	不振	112
shi bo hui	世博会	112
yan fang	严防	112
ge ti jing ji	个体经济	112
ge an	个案	112
zhong yi xue	中医学	112
zhong guo qing nian bao	中国青年报	112
zhong xin shi	中新世	112
yue gong	乐工	112
er jin zhi	二进制	112
ren shan ren hai	人山人海	112
ren zheng	仁政	112
chou yuan	仇怨	112
kan kan er tan	侃侃而谈	112
xin kou	信口	112
xin xi chan ye	信息产业	112
yan shi	偃师	112
mian shi	免试	112
quan fu	全副	112
ba zhong	八种	112
yang lao jin	养老金	112
zai jiu shi	再就是	112
lin lin	凛凛	112
fen ju	分居	112
fen qi fu kuan	分期付款	112
chu liu	初六	112
chu si	初四	112
ke du	刻度	112
qian yan	前言	112
li ke	力克	112
gou hua	勾画	112
bei bu wan	北部湾	112
ni ming	匿名	112
shi cheng	十成	112
sheng ping	升平	112
ban nian qian	半年前	112
dan ji	单机	112
fa ji	发迹	112
si kong jian guan	司空见惯	112
he liu	合流	112
he er wei yi	合而为一	112
hou ban ye	后半夜	112
chao rang	吵嚷	112
zhou wu wang	周武王	112
si hou	嗣后	112
si kuai	四块	112
dui ji ru shan	堆积如山	112
peng	堋	112
sheng yan	声言	112
wai yin	外因	112
jia dao	夹道	112
lian	奁	112
qi xian	奇险	112
nai niu	奶牛	112
miao fa	妙法	112
yin qin	姻亲	112
zi se	姿色	112
cheng	娍	112
ying	孾	112
ding shen	定神	112
shi yong zhu yi	实用主义	112
xiao cheng	小乘	112
xiao xue xiao	小学校	112
xiao qian	小钱	112
shi bian	尸变	112
shan feng	山风	112
yan rong	岩溶	112
hua	崋	112
pa si ka	帕斯卡	112
gan ke	干咳	112
fei zhi	废纸	112
du liang heng	度量衡	112
kai huo	开火	112
kai huang	开荒	112
ying ye	影业	112
zheng diao	征调	112
xin shen bu ding	心神不定	112
kuai can	快餐	112
niu ni	忸怩	112
yu nong	愚弄	112
man tiao si li	慢条斯理	112
shou shu shi	手术室	112
da sui	打碎	112
cheng bao shang	承包商	112
pai du	排毒	112
en	摁	112
ca xi	擦洗	112
fang she xing he su	放射性核素	112
fang shui	放水	112
wen cai	文才	112
wen lai	文莱	112
xin mang	新莽	112
xin wen xue	新闻学	112
shi ya	施压	112
zu qun	族群	112
wu ji	无极	112
yi dong	易懂	112
bao fa hu	暴发户	112
zui gao chu	最高处	112
chao li	朝里	112
ben kan	本刊	112
zhu wen	朱温	112
li zhi chang	李志常	112
li ji shen	李济深	112
lai nian	来年	112
lin jia	林家	112
ku cao	枯草	112
ku rong	枯荣	112
jian dian	检点	112
heng shan	横山	112
heng fei	横飞	112
si xin	死心	112
si xun	死讯	112
duan yu fen	段玉芬	112
yin qie	殷切	112
mao fang	毛纺	112
qing hua	氢化	112
shui long	水龙	112
chen fu	沉浮	112
gou he	沟壑	112
huo dong jia	活动家	112
zi bo shi	淄博市	112
qing yi se	清一色	112
hu xin	湖心	112
huo jian tong	火箭筒	112
wu jia ju	物价局	112
wu xiang	物象	112
kao	犒	112
du shen	独身	112
lin lang man mu	琳琅满目	112
tian tou	甜头	112
sheng si guan tou	生死关头	112
tian qing wen	田青文	112
chang tan	畅谈	112
tian	畠	112
bai yun shi	白云石	112
yan chang	盐场	112
xiang xiang	相向	112
mei fei se wu	眉飞色舞	112
qiao de qi	瞧得起	112
duan yu	短语	112
shen jing xian wei	神经纤维	112
shui fei	税费	112
di yi liang	第一辆	112
di jiu zhang	第九章	112
di wu juan	第五卷	112
gao	篙	112
jing zhun	精准	112
jin po xing	紧迫性	112
fu	綍	112
zhong shen zhi	终身制	112
jue kou	绝口	112
jue di	绝地	112
chuo chuo you yu	绰绰有余	112
que xue	缺血	112
lao qi	老气	112
ling	聆	112
lian bang zhi	联邦制	112
guang	胱	112
zhi duo	至多	112
wu jian	舞剑	112
mao shan	茅山	112
zhu zuo quan	著作权	112
xing shan	行善	112
jie kou	街口	112
bu yi	补益	112
zhi	觯	112
shi shi	誓师	112
ji ming	记名	112
she ji yuan	设计院	112
ping dian	评点	112
shi yang	试样	112
shi shi kan	试试看	112
shuo shu	说书	112
tan tu	谈吐	112
miu lun	谬论	112
bai bei	败北	112
huo yuan	货源	112
fei jin	费尽	112
pei xiao	赔笑	112
lian mian bu duan	连绵不断	112
tong lun	通论	112
dao kou	道口	112
yi shi	遗失	112
yi hai	遗骸	112
jiang	醤	112
zhong wu	重物	112
jin yu	金玉	112
jin shang tian hua	锦上添花	112
zhang deng	长凳	112
chang tu qi che	长途汽车	112
men zhen bu	门诊部	112
yan ge	阉割	112
a er bei si	阿尔卑斯	112
ji you	集邮	112
diao ban	雕版	112
yu sheng	雨声	112
lei tong	雷同	112
shun lu	顺路	112
ling lu	领路	112
e ding	额定	112
fei yue	飞越	112
gao ji shu	高技术	112
gao zhi liang	高质量	112
gao gao zai shang	高高在上	112
fu	鬴	112
lin	麟	112
qi shi nian	七十年	110
wan liang	万两	110
san shi yu	三十余	110
shang chuan	上传	110
bu lun bu lei	不伦不类	110
chou shi	丑事	110
zhuan shi	专事	110
feng tai	丰台	110
chuan men	串门	110
lin mo	临摹	110
ru hua ji	乳化剂	110
wu shi li	五十里	110
fu zhu	付诸	110
chuan huan	传唤	110
bo na wu	伯纳乌	110
di lie	低劣	110
di yin	低音	110
ti xi jie gou	体系结构	110
qin ling	侵凌	110
xin feng	信风	110
dao tou	倒头	110
ke lu bo	克虏伯	110
liu shi wan	六十万	110
guan fang	关防	110
qi ku	凄苦	110
fen bei	分贝	110
hua guo	划过	110
hua xue xi	化学系	110
pi fu	匹夫	110
shi er sui	十二岁	110
shi er dian	十二点	110
shi zhi	十指	110
nan lian meng	南联盟	110
wei sheng ting	卫生厅	110
yin ou	印欧	110
li gui	厉鬼	110
yuan shi ren	原始人	110
can zhi zheng shi	参知政事	110
ming ku	命苦	110
he xian	和弦	110
ge bai ni	哥白尼	110
ne zha	哪吒	110
ku sang zhe lian	哭丧着脸	110
bu yu	哺育	110
shang hang	商行	110
jia yu guan	嘉峪关	110
hao tao	嚎啕	110
si chu	四出	110
tun ji	囤积	110
guo yun	国运	110
guo fang jun	国防军	110
di xing tu	地形图	110
di yi	地衣	110
yong	壅	110
fu bian	复变	110
da mang	大忙	110
da sheng	大生	110
xi luo	奚落	110
cun qu	存取	110
zong pai zhu yi	宗派主义	110
ke ke qi qi	客客气气	110
fu shi	富室	110
han re	寒热	110
xiao fu	小幅	110
er dun	尔顿	110
shang wu	尚武	110
shan yue	山岳	110
qi	岐	110
e mei	峨眉	110
gong wei	工委	110
xi er bo te	希尔伯特	110
guang zhou qi yi	广州起义	110
guang ling	广陵	110
jian wen	建文	110
xun sheng	循声	110
zheng	徵	110
xin ji	心急	110
ren qi tun sheng	忍气吞声	110
nu rong	怒容	110
ji gong jin li	急功近利	110
jie xin	戒心	110
suo xing	所幸	110
cai yi	才艺	110
da huo ji	打火机	110
ban cheng	扮成	110
ban hui	扳回	110
cheng dan zhe	承担者	110
bao shou	报收	110
bai ye	拜谒	110
an niu	按钮	110
tan ma	探马	110
san qu	散曲	110
shu shi li	数十里	110
zheng rong	整容	110
xin zheng	新郑	110
qi zhi xian ming	旗帜鲜明	110
wu du	无度	110
wu zhi jing	无止境	110
hun jun	昏君	110
chun guang	春光	110
geng zheng	更正	110
you lao	有劳	110
mo dai	末代	110
lai lai wang wang	来来往往	110
ke xi	柯西	110
xiao you	校友	110
xiao zhi	校址	110
chuan	椽	110
ge yong	歌咏	110
min fang	民房	110
min zu ying xiong	民族英雄	110
yang hua ji	氧化剂	110
hui kuan	汇款	110
jiang ning	江宁	110
sha men	沙门	110
you mo	油墨	110
fa li	法理	110
liu shui xian	流水线	110
hao dang	浩荡	110
you lan qu	游览区	110
bin hai	濒海	110
huo hua	火化	110
mie kou	灭口	110
re cha	热茶	110
mu tong	牧童	110
du men	独门	110
jiu	玖	110
wa li	瓦砾	110
zhen	甄	110
sheng chan gong ju	生产工具	110
dao kui	盗魁	110
xiang pei	相配	110
mei xin	眉心	110
juan lian	眷恋	110
zhao huo	着火	110
zhi qu	知趣	110
yan mo	研磨	110
chen	硶	110
kong zi	空子	110
chuang tai	窗台	110
guan nei	管内	110
jing pi li jie	精疲力竭	110
ji zhuan ti	纪传体	110
xian li ti	线粒体	110
ji fu	给付	110
xie	缬	110
fan yong	翻涌	110
nai huo	耐火	110
ye lv chu cai	耶律楚材	110
lian xiang ji tuan	联想集团	110
yan zhi hong	胭脂红	110
jiao li	脚力	110
teng xun	腾讯	110
zi ban	自办	110
su mei er	苏美尔	110
ying yang ye	营养液	110
meng gu gao yuan	蒙古高原	110
she dao	蛇岛	110
ji shu qi	计数器	110
yi zhu	译著	110
wu guo	误国	110
diao bing qian jiang	调兵遣将	110
yao chuan	谣传	110
man ma	谩骂	110
tun	豚	110
cai zheng ju	财政局	110
zhi jian	质检	110
gan jiang	赣江	110
qi jiao	起脚	110
bian lu	边路	110
jin jing	进境	110
bian ti	遍体	110
jia	郏	110
feng	酆	110
jin jia wan	金家湾	110
qian bao	钱包	110
cuo	锉	110
zhen zhu	镇住	110
hun	閽	110
wen an	问安	110
du	阇	110
yin li zi	阴离子	110
chen er hu	陈二湖	110
xian jing	险境	110
sui zhi er lai	随之而来	110
nan yi ren shou	难以忍受	110
huo er	霍尔	110
fei bi	非比	110
fei sheng chan	非生产	110
yin yue sheng	音乐声	110
ling kou	领口	110
tui fei	颓废	110
sou	飕	110
fei die	飞碟	110
ma yi kan	马伊堪	110
ma guan tiao yue	马关条约	110
ma da	马达	110
shi chu	驶出	110
pian wen	骈文	110
gu pen	骨盆	110
zong	鬃	110
yao	鹞	110
huang bao che	黄包车	110
yi wang qing shen	一往情深	109
yi men xin si	一门心思	109
san duan lun	三段论	109
shang gao	上高	109
bu xiang shang xia	不相上下	109
ye zhe	业者	109
liang shou zhua	两手抓	109
sang zang	丧葬	109
zhong shan shi	中山市	109
zhu li jun	主力军	109
zhu yu	主语	109
ju bu	举步	109
wu zei	乌贼	109
cheng liang	乘凉	109
shu an	书案	109
mai dan	买单	109
luan fei	乱飞	109
ru mu	乳母	109
shi li	事理	109
wu yuan	五原	109
wu cai bin fen	五彩缤纷	109
xiu yi te	休伊特	109
zhong yi yuan	众议员	109
gong ying liang	供应量	109
qiao xiang	侨乡	109
cui sheng	催生	109
ao ran	傲然	109
chong tian	充填	109
mian zheng	免征	109
liu ri	六日	109
liu jing	六经	109
jian ji	兼及	109
nei fu	内服	109
chong pao	冲泡	109
leng yan	冷眼	109
diao nan	刁难	109
zhi heng	制衡	109
zhi xie	制鞋	109
shua zi	刷子	109
ci tan	刺探	109
ju zeng	剧增	109
piao han	剽悍	109
lao si lai si	劳斯莱斯	109
bei da huang	北大荒	109
bei ji quan	北极圈	109
yuan zhu	原著	109
fa dao	发到	109
fa dai	发呆	109
fa yang	发痒	109
shou ye	受业	109
shou zhi yu	受制于	109
kou shao	口哨	109
tai shi	台式	109
ye xiao tian	叶啸天	109
si ma zhao	司马昭	109
he suan	合算	109
hou zhao	后赵	109
shun xi	吮吸	109
he zhong gong ji	和衷共济	109
he shun	和顺	109
hua ran	哗然	109
ge men	哥们	109
ge ben ha gen	哥本哈根	109
ku ku ti ti	哭哭啼啼	109
shou chu	售出	109
wai	喎	109
qi	嘁	109
du nang	嘟囔	109
guo xue	国学	109
zai tian zhi ling	在天之灵	109
ta ji ke	塔吉克	109
da dong mai	大动脉	109
da pi liang	大批量	109
da huo quan sheng	大获全胜	109
da ma shi ge	大马士革	109
jia dai	夹带	109
ao mei ding	奥美定	109
ru shi shuo	如是说	109
yao ming	姚明	109
zi dai	子代	109
gu zhu yi zhi	孤注一掷	109
xue xue	学学	109
an fen	安分	109
an tu sheng	安徒生	109
song ci	宋词	109
shen ti	审题	109
mi yue	密约	109
feng si	封死	109
she deng	射灯	109
yan xing	岩性	109
ju mang	巨蟒	109
bu lai er	布莱尔	109
xi la wen	希腊文	109
guang mao	广袤	109
du die	度牒	109
kai lu	开路	109
yin du	引渡	109
zhang yi guang	张一光	109
wan lu	弯路	109
zhi	彘	109
xing tai xue	形态学	109
xu fu	徐福	109
wang qing	忘情	109
zi	恣	109
e ming	恶名	109
tu	悇	109
han ran	悍然	109
xi zi	戏子	109
shou bian	手边	109
kou lan	扣篮	109
kuo rong	扩容	109
tou song	投送	109
pai yan	排演	109
shan	掞	109
can za	掺杂	109
jiao xue lou	教学楼	109
wen yan wen	文言文	109
shi yi	施以	109
wu qiong xiao	无穷小	109
zao chan	早产	109
yao	曜	109
you qian ren	有钱人	109
ban shi	板式	109
ban men	板门	109
guo pi	果皮	109
cha yan	查验	109
chai da mu pen di	柴达木盆地	109
mian xu	棉絮	109
kuan kuan	款款	109
zheng zhe	正着	109
jian ji	歼击	109
dian yu	殿宇	109
xiao	毊	109
shui ceng	水层	109
shen wei jing	沈惟敬	109
you bu	油布	109
you zong	油棕	109
bo li ni xi ya	波利尼西亚	109
ni ren	泥人	109
jin jin le dao	津津乐道	109
hai kong	海空	109
yin zei	淫贼	109
shen liu	渗流	109
ling bao	灵宝	109
lie shi ling yuan	烈士陵园	109
re la la	热辣辣	109
mu li	牡蛎	109
zhuang wu	状物	109
du mu qiao	独木桥	109
meng ran jian	猛然间	109
hu sun	猢狲	109
huan shan	环山	109
zhen qi	珍奇	109
suo shi	琐事	109
sheng teng	生疼	109
dian shi	电势	109
hua mei	画眉	109
huang qin guo qi	皇亲国戚	109
mang dong	盲动	109
rui zhi	睿智	109
ming mu	瞑目	109
shi cai	石材	109
li zhi	礼制	109
huo gen	祸根	109
li yi	离异	109
se	穑	109
li zhu	立柱	109
zhan gang	站岗	109
jing biao	竞标	109
zhu shu ji nian	竹书纪年	109
di shi si	第十四	109
jun	箟	109
suo dao	索道	109
yue ke	约克	109
na han	纳罕	109
ji	羁	109
qun ju	群居	109
fan liang fan	翻两番	109
fan dong	翻动	109
lao you	老幼	109
lao niu	老牛	109
nai shou	耐受	109
dan jian	胆碱	109
jiao zhan ji	胶粘剂	109
nao bu	脑部	109
zi xiang mao dun	自相矛盾	109
zhi xie	致谢	109
jie shui	节水	109
ba lei wu	芭蕾舞	109
qin cai	芹菜	109
fan wen	范文	109
yao pu	药铺	109
nian	蔫	109
la huang	蜡黄	109
shi	螫	109
hang gui	行规	109
bei hai ren	被害人	109
zhuang zuo	装做	109
xi zheng	西征	109
su zhu	诉诸	109
diao cha zu	调查组	109
zi ben hua	资本化	109
chao tuo	超脱	109
lu you qi	路由器	109
chuo	踔	109
nie shou nie jiao	蹑手蹑脚	109
liao shen zhan yi	辽沈战役	109
lian zai	连载	109
zhui yi	追忆	109
shan	邖	109
hao hong mei	郝红梅	109
pei shu	配属	109
li gen	里根	109
zhong fa	重罚	109
ye guo	野果	109
jin zi	金字	109
gai hua	钙化	109
tie pi	铁皮	109
juan ke	镌刻	109
men fang	门房	109
yan	闫	109
xian zhi xing	限制性	109
ji xun dui	集训队	109
ba ye	霸业	109
qing guang	青光	109
shun xin	顺心	109
ling tou yang	领头羊	109
feng ya	风雅	109
guan cang	馆藏	109
ma liu jia	马六甲	109
ma yu zhen	马毓真	109
shi xiang	驶向	109
tou	骰	109
ming sheng	鸣声	109
ma li	麻利	109
huang yang	黄羊	109
huang jiu	黄酒	109
yi qian ge	一千个	108
yi nian ban zai	一年半载	108
shang sai ji	上赛季	108
xia ke	下课	108
bu xie yi gu	不屑一顾	108
bu shuang	不爽	108
dong xi nan bei	东西南北	108
liang juan	两卷	108
liang zhu	两株	108
zhong yi	中意	108
zhong yi ben	中译本	108
dan gen	丹根	108
zheng duo zhan	争夺战	108
er shi jiu	二十九	108
xiang fu	享福	108
dai yan	代言	108
ling lang	令郎	108
ren fei yan	任飞燕	108
fen liang	份量	108
bo li an	伯利安	108
zuo e	作恶	108
bao jian jiu	保健酒	108
bao hu zhu yi	保护主义	108
an jia	俺家	108
zuo wen zhang	做文章	108
xiang su	像素	108
ke li mu	克里木	108
ru huo	入伙	108
lan te	兰特	108
nei jia	内家	108
yuan an	冤案	108
leng re	冷热	108
jian zu	减租	108
ji du	几度	108
ji zhang	击掌	108
lao jiao	劳教	108
hua xue jian	化学键	108
bei hang	北航	108
ka la qi	卡拉奇	108
lu hua	卤化	108
juan qu	卷曲	108
li jin	历尽	108
you jun	友军	108
shuang shi	双十	108
fa lao sao	发牢骚	108
gu shi	古士	108
he zu	合组	108
tong ling ren	同龄人	108
hou han shu	后汉书	108
nang zhong	囊肿	108
hui jue	回绝	108
tu ku man si tan	土库曼斯坦	108
cheng fu	城府	108
su liao dai	塑料袋	108
sai man	塞满	108
da zhong hua	大众化	108
da gong bao	大公报	108
da qi	大器	108
jiao mei	娇媚	108
zi zhi	子侄	108
bao zi nang	孢子囊	108
shi xin	实心	108
shen cha	审察	108
yi	寲	108
xiao zu sai	小组赛	108
ga	尕	108
ju cu	局促	108
gong zuo shi	工作室	108
zuo quan	左权	108
lu shan hui yi	庐山会议	108
di qi	底气	108
yi zhuang	异状	108
zhang jia zhai	张家寨	108
cai min	彩民	108
de bu chang shi	得不偿失	108
xin huang	心慌	108
zong hou qin bu	总后勤部	108
hui te man	惠特曼	108
nuo fu	懦夫	108
cheng jiu gan	成就感	108
tou dan	投弹	108
hu jia	护驾	108
la dao	拉倒	108
zhi zhi dian dian	指指点点	108
an ya	按压	108
yuan jiu	援救	108
ca jian er guo	擦肩而过	108
shou zhu	收住	108
shou xiao	收效	108
san bo	散播	108
duan liu	断流	108
wu yi shi	无意识	108
shi you fa sheng	时有发生	108
fang	昉	108
jing zhuang ti	晶状体	108
you shuo you xiao	有说有笑	108
mu jian	木剑	108
zha ji	札记	108
pu da mo	朴达摩	108
sha shou jian	杀手锏	108
yang peng ju	杨鹏举	108
zuo can	柞蚕	108
jiao ding	校订	108
tuo qiu	椭球	108
ge ting	歌厅	108
ge xing	歌星	108
ou	沤	108
tuo	沱	108
fa la	法拉	108
luo lao si	洛劳斯	108
luo	洜	108
liu lang zhe	流浪者	108
fu biao	浮标	108
gang ao di qu	港澳地区	108
yan yi	演义	108
huo chong	火铳	108
chui shi yuan	炊事员	108
re lian	热恋	108
zhu fan	煮饭	108
rong lian	熔炼	108
zao re	燥热	108
ai zeng	爱憎	108
du	牍	108
te wei	特为	108
lang bei bu kan	狼狈不堪	108
meng chong	猛冲	108
ban ci	班次	108
hui	珲	108
gui li	瑰丽	108
nan zhuang	男装	108
chi	瘛	108
bai fei	白费	108
zao li	皂隶	108
yan wu	盐务	108
sheng shi	盛事	108
yong	砽	108
dong	硐	108
xian	祆	108
qiong	穹	108
kong tou	空头	108
di er ju	第二局	108
zui gai wan si	罪该万死	108
mei cheng	美称	108
ao	翱	108
fan tian fu di	翻天覆地	108
lao you	老友	108
lian da	联大	108
fei pao	肺泡	108
nao gan	脑干	108
zi geng nong	自耕农	108
hang kong gong si	航空公司	108
bo	舶	108
ba	芭	108
su zhong	苏中	108
xiao xiao	萧萧	108
li	藜	108
hu lang	虎狼	108
wen chong	蚊虫	108
beng bu shi	蚌埠市	108
hui chong	蛔虫	108
shen	蜃	108
dang	裆	108
rang chu	让出	108
ke wen	课文	108
diao di	调低	108
chan mei	谄媚	108
tan xiao	谈笑	108
sai cheng	赛程	108
he lu tai	赫卢太	108
he he you ming	赫赫有名	108
zou zi pai	走资派	108
shen bu you zhu	身不由主	108
zhuan wei wei an	转危为安	108
lun yi	轮椅	108
ruan mian mian	软绵绵	108
qing ling	轻灵	108
zai ge zai wu	载歌载舞	108
zai yun	载运	108
xie jiao	邪教	108
pei song	配送	108
jin pen	金盆	108
diao yu tai	钓鱼台	108
xiao hun	销魂	108
zhang sun	长孙	108
chuang dang	闯荡	108
yu	阈	108
fang wei	防伪	108
tao yuan ming	陶渊明	108
ai kou	隘口	108
yu san	雨伞	108
pin reng	频仍	108
fei long	飞龙	108
shi ke	食客	108
kui zeng	馈赠	108
huang quan	黄泉	108
min	黾	108
qi xin xie li	齐心协力	108
wan bao	万宝	107
san shi duo sui	三十多岁	107
san pi	三批	107
san mao	三毛	107
xia xian	下陷	107
bu ru shuo	不如说	107
dong bei ya	东北亚	107
wei shu zhong duo	为数众多	107
liao ran	了然	107
er shi ba ri	二十八日	107
er xian	二线	107
yun you	云游	107
yun duan	云端	107
yun xiao	云霄	107
wu bai liang	五百两	107
jiao dian	交点	107
di deng	低等	107
zuo sui	作祟	107
xiu jian	修剪	107
guan	倌	107
ting huo	停火	107
jian zai	健在	107
ou shu	偶数	107
guang tian hua ri	光天化日	107
mian yi xue	免疫学	107
gong chi	公尺	107
gong yan	公演	107
liu fang	六方	107
nei ta ni ya hu	内塔尼亚胡	107
leng bu ding	冷不丁	107
ji di	几滴	107
chu shu	出书	107
chu chu	出处	107
ci gu	刺骨	107
ci bi	刺鼻	107
jia nong pao	加农炮	107
dong nao jin	动脑筋	107
shao zi	勺子	107
shi tiao	十条	107
qian zai nan feng	千载难逢	107
wei yan song ting	危言耸听	107
kou gong	口供	107
ke rong xing	可溶性	107
tai bei shi	台北市	107
shi di fu	史蒂夫	107
ming ce	名册	107
ting cuo	听错	107
qi dong	启东	107
zhou wen wang	周文王	107
ka fei yin	咖啡因	107
lie zui	咧嘴	107
ge men er	哥们儿	107
si shi duo sui	四十多岁	107
hui bao lv	回报率	107
guo jia ti wei	国家体委	107
tu ji	图集	107
sheng jie	圣洁	107
chu ji	处级	107
wai hang	外行	107
duo ji	多级	107
ye ban	夜班	107
da lian dui	大连队	107
tian xia wu shuang	天下无双	107
tian zhu jiao tu	天主教徒	107
jian xie	奸邪	107
yu	娱	107
chan	婵	107
gui	嫢	107
xiao yi	孝义	107
jia cai	家财	107
jie man	届满	107
shan dian	山巅	107
zai	崽	107
bi zhi	币值	107
dian huo	店伙	107
ting shen	庭审	107
zhang wei chi	张维赤	107
tan ci	弹词	107
xin jiao	心焦	107
xin ruan	心软	107
zong zhuang hua xu	总状花序	107
zong du fu	总督府	107
gong qing	恭请	107
qing ren jie	情人节	107
cheng wen fa	成文法	107
da guan si	打官司	107
tou di	投敌	107
zhi fa	指法	107
pai xie wu	排泄物	107
jiao luan	搅乱	107
fang she zhuang	放射状	107
jiao yu jie	教育界	107
shu shi zhao	数十招	107
wen shi	文士	107
wen hui bao	文汇报	107
wu chu bu zai	无处不在	107
wan tang	晚唐	107
bao tiao ru lei	暴跳如雷	107
you yang	有氧	107
you dao shi	有道是	107
wang feng	望风	107
lai fan	来犯	107
lin mei mei	林妹妹	107
zhi jie	枝节	107
liu tiao	柳条	107
biao shi	标示	107
fei	榧	107
ci qing	此情	107
dai	歹	107
bi te	比特	107
pi lian	毗连	107
han hua	汉化	107
han ma gong lao	汗马功劳	107
chen mian	沉湎	107
chen ni	沉溺	107
yan jie	沿街	107
xie mi	泄密	107
yang cong	洋葱	107
dong xi	洞悉	107
hun yuan	浑圆	107
hai shi shen lou	海市蜃楼	107
jian bian	渐变	107
yan yi	演艺	107
zai nan xing	灾难性	107
yan xiao yun san	烟消云散	107
lian	燫	107
niu zai ku	牛仔裤	107
jiang	犟	107
xing	猩	107
xie	獬	107
ban mo	瓣膜	107
you ci ke zhi	由此可知	107
dian xin hao	电信号	107
qi	畦	107
bing zao	病灶	107
bai pi shu	白皮书	107
bai zhong	百种	107
pi xiang	皮箱	107
qi	碛	107
tan suan gai	碳酸钙	107
li ren	离任	107
ke ji bu	科技部	107
di yi hao	第一号	107
di ba ci	第八次	107
di shi wu	第十五	107
hu kou	糊口	107
xian mao	纤毛	107
zu zhi bu zhang	组织部长	107
jing juan	经卷	107
jing ji jie	经济界	107
xu yue	续约	107
luo zhang li	罗长礼	107
mei guo fang bu	美国防部	107
fan xin	翻新	107
lao er	老儿	107
er fu	而复	107
wei suan	胃酸	107
sheng jing	胜景	107
hu lai	胡来	107
xiong xian	胸腺	107
nao yan	脑炎	107
zi ying	自营	107
jiu chi	臼齿	107
su ma la	苏麻喇	107
ku shui	苦水	107
rong li	荣立	107
yao pian	药片	107
xue guo guan	薛国观	107
hu qiu	虎丘	107
can sang	蚕桑	107
xue qi	血气	107
xi nan jiao	西南角	107
qiao	譙	107
yi yuan	议院	107
shuo lai shuo qu	说来说去	107
shuo hua sheng	说话声	107
zhu ru ci lei	诸如此类	107
nuo bei er wu li xue jiang	诺贝尔物理学奖	107
diao huan	调换	107
tie bu	贴补	107
sai ma	赛马	107
ta ta shi shi	踏踏实实	107
qing ji qiang	轻机枪	107
shi feng	适逢	107
lin she	邻舍	107
luo sheng	锣声	107
a zi te	阿兹特	107
a ba si	阿拔斯	107
xian sheng	险胜	107
xue jia	雪茄	107
tao lve	韬略	107
xiang gang da xue	香港大学	107
xiang xiang gong zhu	香香公主	107
gao she	高射	107
gui mei	鬼魅	107
ji	鲫	107
qi lu	齐鲁	107
yi ge jia	一个家	106
yi can	一餐	106
qi qian	七千	106
wan xiang	万象	106
wan nan	万难	106
san tian san ye	三天三夜	106
san he	三河	106
san men xia	三门峡	106
shang xia ban	上下班	106
shang zhi	上肢	106
shang zhuang	上装	106
dong dao xi wai	东倒西歪	106
liang qian nian	两千年	106
zhong guo gong cheng yuan	中国工程院	106
zhu jiao	主叫	106
shi ti	事体	106
er shi qi	二十七	106
er die ji	二叠纪	106
er liu	二流	106
hu xin	互信	106
wu kou	五口	106
hui zhen	会诊	106
wei ye	伟业	106
shang xin di	伤心地	106
chang dao zhe	倡导者	106
jia ming	假名	106
jia xiang di	假想敌	106
tou shui	偷税	106
liao shu	僚属	106
ke li si	克里斯	106
ba dui	八队	106
gong li	公历	106
dian dang	典当	106
ji dong	冀东	106
nei neng	内能	106
leng ning	冷凝	106
ji ben	几本	106
dao ge	刀割	106
dao bei	刀背	106
ke gu ming xin	刻骨铭心	106
jiang shi	匠师	106
shi jin	十斤	106
shi you ba jiu	十有八九	106
shuang jian	双肩	106
fan chao	反超	106
fa zhan qian tu	发展前途	106
sou	叟	106
gu qin	古琴	106
ke qiao	可巧	106
chi cu	吃醋	106
he long	合拢	106
tong qing xin	同情心	106
tong meng tiao yue	同盟条约	106
hou ban qi	后半期	106
hou nao shao	后脑勺	106
ting ming	听命	106
sou sou	嗖嗖	106
ge	嗝	106
tu po	土坡	106
tu huo	土货	106
huai chu	坏处	106
ta ding	塔顶	106
sai er zhu	塞尔柱	106
shi zi	士子	106
wai xiang	外向	106
duo xing	多行	106
ye ming zhu	夜明珠	106
da you ren zai	大有人在	106
da yan	大雁	106
duo xia	夺下	106
hao hua	好话	106
si	姒	106
gai	姟	106
shuang	孀	106
an ran wu yang	安然无恙	106
song tai zu	宋太祖	106
ke lun	客轮	106
han jia	寒假	106
jiu qin	就寝	106
ju jia	居家	106
shan jiao	山脚	106
shi ji	市集	106
chang jian bing	常见病	106
ping fu	平复	106
chuang wei	床位	106
ku lun	库仑	106
fei diao	废掉	106
yan zhi	延至	106
xin zhi	心志	106
xin yuan	心苑	106
huang ruo	恍若	106
gong ying	恭迎	106
yong	恿	106
cui	悴	106
dun	惇	106
yu jian	愚见	106
xi lou	戏楼	106
zhan tan ke	战坦克	106
dai wei si	戴维斯	106
shou yi ren	手艺人	106
pu chi	扑哧	106
da tou	打头	106
yang ge wei	扬戈维	106
ju jin	拘禁	106
zhao lai	招徕	106
ju	掬	106
mo er duo wa	摩尔多瓦	106
shou long	收拢	106
gong jian zhan	攻坚战	106
gu guo	故国	106
wen gao	文告	106
ri wei	日伪	106
shi xiao	时效	106
chun lian	春联	106
an di	暗地	106
fu wu xing	服务性	106
mu tong	木桶	106
quan qie	权且	106
quan mou	权谋	106
yang jie chi	杨洁篪	106
yang rui	杨锐	106
guo jue	果决	106
tong cheng	桐城	106
sang gei ba er	桑给巴尔	106
mei hua lu	梅花鹿	106
wu	梧	106
mian fang zhi ye	棉纺织业	106
zheng da	正大	106
bu bing ying	步兵营	106
wu han chang jiang da qiao	武汉长江大桥	106
chen yu	沉郁	106
yan hai di qu	沿海地区	106
yang wu pai	洋务派	106
hao han	浩瀚	106
yong jin	涌进	106
hu tuo he	滹沱河	106
jiong jiong	炯炯	106
bao lie	爆裂	106
niu zai	牛仔	106
yu diao	玉雕	106
li fa	理发	106
zhen bie	甄别	106
dai	甙	106
sheng dong huo po	生动活泼	106
dian ci gan ying	电磁感应	106
zai	甾	106
zhang	瘴	106
pan tui	盘腿	106
zhen jin	真金	106
ji xi	积习	106
shui jin	税金	106
li shi	立式	106
di er zhao	第二招	106
gou	笱	106
guan hao	管好	106
cuan wei	篡位	106
mi li	米粒	106
tang jiang	糖浆	106
suo pei	索赔	106
fan rong fu qiang	繁荣富强	106
hong ri	红日	106
jie qin	结亲	106
ji shui	给水	106
zhan fang	绽放	106
mei shi	美式	106
xiang shi	翔实	106
fan fan	翻番	106
liao cheng	聊城	106
gua	胍	106
mai dong	脉动	106
zi jia ren	自家人	106
zi ran xuan ze	自然选择	106
jiu fu	舅父	106
chuan	舛	106
hua bo hui	花博会	106
hua jiao	花椒	106
ku du	苦读	106
ying wang	英王	106
ying ping	荧屏	106
sui ze	虽则	106
xi xia wen	西夏文	106
yao yi	要义	106
jian si bu jiu	见死不救	106
jie jin	解禁	106
lun zheng	论争	106
feng	讽	106
gai guan	该馆	106
tie xian lv	贴现率	106
gui xing	贵姓	106
zhuan shun	转瞬	106
yuan	辕	106
jin ju	近距	106
fan hang	返航	106
jin gong xing	进攻性	106
yuan jian zhuo shi	远见卓识	106
tui xue	退学	106
zao fang	造访	106
xie shu	邪术	106
lin li	邻里	106
pei liao	配料	106
cai yao	采药	106
liang du	量度	106
jin ran ran	金冉冉	106
jin wei	金威	106
zhen ye	针叶	106
cuo shi	错事	106
zhen nan wang	镇南王	106
zhang xiong	长兄	106
chuang huo	闯祸	106
ji yu	际遇	106
lu chuan	陆川	106
sui chu	随处	106
yin bi xing	隐蔽性	106
zhen ji	震级	106
fei tong yi ban	非同一般	106
wei er qi	韦尔奇	106
xu fa	须发	106
fei pao	飞跑	106
ji han	饥寒	106
wei ma	魏玛	106
xue	鳕	106
ma zhen	麻疹	106
huang shan shi	黄山市	106
yi ge tian	一个天	105
yi dai dai	一代代	105
yi tiao long	一条龙	105
yi bai duo	一百多	105
qi wei	七位	105
san shi wu nian	三十五年	105
shang guan yun	上官云	105
bu ke mo mie	不可磨灭	105
bu gui	不轨	105
liang zhang	两丈	105
yan fu	严复	105
zhong wan qi	中晚期	105
zhong zi	中资	105
lin bie	临别	105
lin hai	临海	105
jiu sui	九岁	105
shi wu ju	事务局	105
er dai	二代	105
er du	二度	105
wu ba	五霸	105
ren xin huang huang	人心惶惶	105
di wei du	低纬度	105
he qu he cong	何去何从	105
zuo yong li	作用力	105
pian si	偏私	105
xian xing zhe	先行者	105
qi yi	其意	105
ju ming	具名	105
shou pi	兽皮	105
zai ban	再版	105
nong xie	农协	105
dong chun	冬春	105
jian xi	减息	105
qie shen li yi	切身利益	105
liu guang shi	刘光世	105
bie ju yi ge	别具一格	105
ke hua	刻划	105
dong mai ying hua	动脉硬化	105
shi liu ri	十六日	105
shi zhao	十招	105
dan se	单色	105
juan zhou	卷轴	105
qu liu	去留	105
shi ji	史迹	105
ming chen	名臣	105
jun shan	君山	105
wu pei zhen	吴佩珍	105
hu feng huan yu	呼风唤雨	105
he huan	和缓	105
hong qiang	哄抢	105
shang jia bao	商家堡	105
xi wen le jian	喜闻乐见	105
ran	嘫	105
hao jiao	嚎叫	105
si jiu	四旧	105
hui jing	回敬	105
tuan zhong yang	团中央	105
wei long	围拢	105
di fu	地府	105
zuo lao	坐牢	105
ta si she	塔斯社	105
sheng wei	声威	105
sheng se	声色	105
duo qing	多情	105
ye xing	夜行	105
da fen zi	大分子	105
da nian chu yi	大年初一	105
da bai ke quan shu	大百科全书	105
tian zun	天尊	105
tian xian	天险	105
nv zuo jia	女作家	105
shi xin shi	始新世	105
wei dun	委顿	105
meng jia la wan	孟加拉湾	105
gu shan	孤山	105
song ying yi	宋颖仪	105
guan ban	官办	105
shi ce	实测	105
chong xing	宠幸	105
bin yu	宾语	105
han jin	寒噤	105
han shu	寒暑	105
xiao kang zhi jia	小康之家	105
jiu fan	就范	105
ni de lan	尼德兰	105
wei yu	尾羽	105
shu xiang	属相	105
shan bian	山边	105
min jiang	岷江	105
kun	崐	105
bu tuo	布托	105
xi er	希尔	105
gan bei	干杯	105
ping cheng	平城	105
ping xin er lun	平心而论	105
jian yuan	建元	105
zhang wu xia	张五侠	105
zhang bei	张北	105
hu du	弧度	105
de dao	得道	105
wei guan li zi	微观粒子	105
qing ge	情歌	105
qing lang	情郎	105
ce	憡	105
ao sang	懊丧	105
ba kai	扒开	105
ban ping	扳平	105
fu feng	扶风	105
zhe fu	折服	105
la mo si	拉莫斯	105
bo nong	拨弄	105
kao wen	拷问	105
wo	挝	105
qin	揿	105
hu	摢	105
xia	敮	105
xin yi	新衣	105
fang zheng	方证	105
ying chu	映出	105
jin yang	晋阳	105
wan yan	晚宴	105
zhi ting shan	智亭山	105
bao feng xue	暴风雪	105
cao bian jiao	曹变蛟	105
zui cha	最差	105
you chang	有偿	105
mo shao	末梢	105
ben jia	本家	105
zhu jia	朱家	105
ji lv	机率	105
sha ren bu zha yan	杀人不眨眼	105
za huo pu	杂货铺	105
li gou er	李狗儿	105
zhi gan	枝干	105
biao chi	标尺	105
tao zi	桃子	105
lou ban	楼板	105
mu yang er	模样儿	105
pu	樸	105
lu	櫨	105
wu shi	武师	105
shui rong xing	水溶性	105
yong sheng	永生	105
qiu ren	求人	105
hui feng yin hang	汇丰银行	105
fen he	汾河	105
mei fa er	没法儿	105
you qi tian	油气田	105
bo lan zhuang kuo	波澜壮阔	105
po pi	泼皮	105
luo ke	洛克	105
xun	浔	105
jin shi	浸湿	105
xiao fei liang	消费量	105
he	涸	105
ji fen	激愤	105
re lang	热浪	105
zhao jing zi	照镜子	105
pian ma yan	片麻岩	105
niu tou	牛头	105
wang chong gu	王崇古	105
ban che	班车	105
qi	琦	105
dian zi shu	电子束	105
deng ji	登机	105
bai hua	白桦	105
bai fen zhi ba shi	百分之八十	105
bai gan jiao ji	百感交集	105
kan bu guan	看不惯	105
kan dian	看点	105
shen mu	神木	105
yi ru	移入	105
zhai xiao	窄小	105
di ka er	笛卡尔	105
jian jie	简捷	105
guan zhuang	管状	105
mi zhi	米脂	105
jing zhuang	精壮	105
su xin	素心	105
ji ji	纪及	105
rao kai	绕开	105
jue dui liang	绝对量	105
di zao zhe	缔造者	105
dan qi	胆气	105
hu che	胡扯	105
lian er	脸儿	105
zi ze	自责	105
yan xian	艳羡	105
lai suo tuo	莱索托	105
jun si	菌丝	105
dong zhong shu	董仲舒	105
meng gu bao	蒙古包	105
meng meng	蒙蒙	105
lan ben	蓝本	105
zao	蚤	105
dan huang	蛋黄	105
zhuang mu zuo yang	装模作样	105
jian yi yong wei	见义勇为	105
jing cha ju	警察局	105
qing zui	请罪	105
fei	诽	105
gu an suan	谷氨酸	105
chai lang	豺狼	105
chao dao ti	超导体	105
yue guo	越过	105
xuan yuan	轩辕	105
ruan jian ye	软件业	105
qing fu	轻浮	105
bian zhang	边长	105
ying ren er jie	迎刃而解	105
yuan she	远射	105
tong tou	通透	105
zao zhi chang	造纸厂	105
lin jie	邻接	105
chen	郴	105
jiu fan	酒饭	105
zhu	钃	105
qian zhuang	钱庄	105
chang qu	长驱	105
kai	闿	105
zu ni	阻尼	105
zu kang	阻抗	105
lu sheng	陆生	105
ling shou shang	零售商	105
lei da zhan	雷达站	105
ni hong deng	霓虹灯	105
fei yi	非议	105
mian zhao	面罩	105
ju	鞫	105
yin xin	音信	105
yin xiang	音箱	105
ding men	顶门	105
shun di	顺帝	105
yu mou	预谋	105
tun	饨	105
li	骊	105
gao er fu qiu	高尔夫球	105
yu cha	鱼叉	105
gu	鹘	105
mai ke	麦克	105
tiao	龆	105
yi xiang qing yuan	一厢情愿	104
san wan	三碗	104
bu duan	不端	104
zhuan you	专有	104
ge ren dian nao	个人电脑	104
zhong guo min zhu tong meng	中国民主同盟	104
zhong wei zi	中微子	104
yi wu	义乌	104
zheng xian	争先	104
hu shi	互市	104
kang jin	亢进	104
jiao xiang	交响	104
xiu si dun	休斯敦	104
bing	併	104
nong	侬	104
bao jia	保驾	104
fu yi jian	傅以渐	104
zhao tou	兆头	104
gong yi xing	公益性	104
liu wan	六万	104
nong sang	农桑	104
ming wang xing	冥王星	104
feng mo feng	冯默风	104
ji shi ming	几十名	104
xing qi	刑期	104
hua shui	划水	104
chu xue	初学	104
li suo neng ji	力所能及	104
jia li	加力	104
wu jian	午间	104
dan gan	单干	104
wei zhong	危重	104
yuan fa	原发	104
ju xing	句型	104
ke diao	可调	104
tan wei guan zhi	叹为观止	104
ji bu ti	吉布提	104
diao qi	吊起	104
diao che	吊车	104
ming gu wu	名古屋	104
ou xue	呕血	104
zhou zuo ren	周作人	104
xi xu	唏嘘	104
tang wang	唐王	104
ka si te di mao	喀斯特地貌	104
chao	嘲	104
yin ren er yi	因人而异	104
guo hua	国画	104
guo ji zhu yi	国际主义	104
yu	圉	104
ai te	埃特	104
sai zi	塞子	104
zhuang nian	壮年	104
duo qi	多起	104
da bao	大宝	104
da tu sha	大屠杀	104
tian xia tai ping	天下太平	104
tou tou shi dao	头头是道	104
ao di	奥迪	104
niang er men	娘儿们	104
ji cun qi	寄存器	104
fu zu	富足	104
dao ru	导入	104
shu	尌	104
gong hang	工行	104
ba li gong she	巴黎公社	104
chang gui wu qi	常规武器	104
gan ku	干枯	104
ping pan	平叛	104
dian zhu ren	店主人	104
zhang bo lun	张伯伦	104
si qian xiang hou	思前想后	104
yi liao zhi zhong	意料之中	104
shou ba	手把	104
fu shou	扶手	104
cheng ji	承继	104
tou su	投宿	104
zhe suan	折算	104
pao guang	抛光	104
ya jin	押金	104
ji jin	挤进	104
jie sheng	接生	104
mo ya	摩崖	104
sa ye	撒野	104
jiao fu	教父	104
wen an	文案	104
wen shen	文身	104
xin yue	新约	104
fang shu	方术	104
lv ju	旅居	104
wu xian dian bo	无线电波	104
ming ai fen	明爱芬	104
yi jin jing	易筋经	104
po	昢	104
zhang	暲	104
man ha dun	曼哈顿	104
you ji he cheng	有机合成	104
ben cao	本草	104
gan jian	杆件	104
cai liao ke xue	材料科学	104
lin jian	林间	104
mou chu	某处	104
he dao dan	核导弹	104
he zhan zheng	核战争	104
gen zhuang jing	根状茎	104
xie	楔	104
heng qi shu ba	横七竖八	104
bi sa bing	比萨饼	104
mao xian	毛线	104
yong chang	永昌	104
qiu yi	求医	104
gu gu	汩汩	104
bian he	汴河	104
chen lun	沉沦	104
bo duo li ge	波多黎各	104
qia tan hui	洽谈会	104
shen biao	深表	104
huang	湟	104
dian deng	点灯	104
hong gan	烘干	104
kuang ren	狂人	104
ma ya ren	玛雅人	104
feng feng dian dian	疯疯癫癫	104
zhen	疹	104
bai pao	白袍	104
bai yu nian	百余年	104
bai mang	百忙	104
xiang cha wu ji	相差无几	104
ni	睨	104
duan chang	短长	104
shi zhi	石质	104
fu	砆	104
ying sheng sheng	硬生生	104
que que shi shi	确确实实	104
shen mi zhu yi	神秘主义	104
zhong zu qi shi	种族歧视	104
cheng liang	称量	104
zhi nen	稚嫩	104
kong dui kong	空对空	104
zi	笫	104
di yi zhang	第一张	104
di san guo ji	第三国际	104
di san ri	第三日	104
guan li ke xue	管理科学	104
liang	粱	104
su piao	素朴	104
sha chang	纱厂	104
wen yang	纹样	104
zhi jin	织锦	104
jue lu	绝路	104
tong gou tong xiao	统购统销	104
luo gan	罗干	104
mei yu	美育	104
qiang	羟	104
jiao fu	脚夫	104
fu zhi zhi	腐殖质	104
zi ran gui lv	自然规律	104
yu qing	舆情	104
hua pen	花盆	104
yin	茵	104
nai	萘	104
zang song	葬送	104
xing xia zhang yi	行侠仗义	104
yi qun	衣裙	104
xi xiang ji	西厢记	104
gui gui ju ju	规规矩矩	104
ji suan ji xin xi	计算机信息	104
lei	诔	104
gai sheng	该省	104
e	谔	104
hao si	豪斯	104
qi yan	起眼	104
pao dong	跑动	104
shen jia xing ming	身家性命	104
shen bai ming lie	身败名裂	104
huan xiang	还乡	104
yuan wang	远望	104
beng lie	迸裂	104
zou ke ren	邹可仁	104
jin qiang yu	金枪鱼	104
yue	钺	104
yi	铱	104
yin er	银耳	104
men men bu le	闷闷不乐	104
fang bing	防病	104
e pang gong	阿房宫	104
lu hu li	陆胡理	104
chen yi huai	陈揖怀	104
lei li feng xing	雷厉风行	104
jing hou	静候	104
ye mian	页面	104
fei ren	飞人	104
gao ge zi	高个子	104
yu qun	鱼群	104
mai zhe lun	麦哲伦	104
you	鼬	104
gui jia	龟甲	104
qi hao	七号	102
wan wan sui	万万岁	102
wan zhuang	万状	102
san bian	三遍	102
shang zhong	上中	102
shang he	上颌	102
xia luo bu ming	下落不明	102
xia shou	下首	102
dong chuan	东川	102
liang san	两三	102
zhong shi	中时	102
zhong shu	中暑	102
zhu fan	主犯	102
yi he quan	义和拳	102
jiu hua shan	九华山	102
yun xia	云霞	102
ren yan	人烟	102
yi li he	伊犁河	102
xiu mian	休眠	102
hui ju	会聚	102
su hua	俗话	102
pian zhen guang	偏振光	102
chong ying	充盈	102
ke di zhi sheng	克敌制胜	102
quan zi dong	全自动	102
gong po	公婆	102
lan de	兰德	102
bing ma yong	兵马俑	102
mao yu	冒雨	102
feng shi kuan	冯世宽	102
bing tian xue di	冰天雪地	102
cou re nao	凑热闹	102
ji mei	几枚	102
dao bing	刀柄	102
qie mo	切莫	102
liu yu sheng	刘玉升	102
zhi qian	制钱	102
shi jun li di	势均力敌	102
shi ru po zhu	势如破竹	102
shi san ri	十三日	102
qian fu	千伏	102
hua sheng dun you bao	华盛顿邮报	102
nan sha qun dao	南沙群岛	102
bo shi hou	博士后	102
bo lan	博览	102
zhan quan zhou	占全洲	102
lu fu gong	卢浮宫	102
shou lei	受累	102
ling yan xiang kan	另眼相看	102
ke jian yi ban	可见一斑	102
ming cun shi wang	名存实亡	102
wu zhong xing	吴中行	102
he qian	呵欠	102
ha bo	哈勃	102
xiao	嚣	102
guo yao	国药	102
zai ye	在业	102
jun shi	均势	102
da wu	大屋	102
da ba	大巴	102
da guo fan	大锅饭	102
da xiong bao dian	大雄宝殿	102
tian tai	天台	102
fu zi	夫子	102
tou yun yan hua	头晕眼花	102
tou mian	头面	102
qu qin	娶亲	102
hu	嫭	102
zi sun hou dai	子孙后代	102
xue sheng hui	学生会	102
an de lu	安德鲁	102
ding ge	定格	102
xuan pan	宣判	102
dui xia	对虾	102
si guan	寺观	102
shan hai jing	山海经	102
zhang	嶂	102
chuan xi	川西	102
jian de	建德	102
lu xiang ji	录像机	102
wang wo	忘我	102
xing sao rao	性骚扰	102
zhan hao	战壕	102
zhan ping	战平	102
shou zhuo	手镯	102
da ya	打压	102
da tian xia	打天下	102
da gun	打滚	102
cheng dui	承兑	102
tou zi ren	投资人	102
fu yu	抚育	102
bao dao	报导	102
la che	拉车	102
tiao chu	挑出	102
cuo shang	挫伤	102
tui xiao yuan	推销员	102
che huan	撤换	102
liao bo	撩拨	102
cuan duo	撺掇	102
di hai	敌害	102
shu yi qian ji	数以千计	102
xin an	新安	102
wu ming zhi	无名指	102
jin wang	晋王	102
ye	暍	102
wei yu chou mou	未雨绸缪	102
ben an	本案	102
rou ran	柔然	102
liu ya zi	柳亚子	102
liu xiang lan	柳湘兰	102
liang zhang lao	梁长老	102
gai yao	概要	102
huan yu	欢愉	102
mu gong si	母公司	102
bi suo	比索	102
hao bu fei li	毫不费力	102
min zheng bu	民政部	102
fen	氛	102
xun	汛	102
sha mi	沙弥	102
lei guang	泪光	102
xi tou	洗头	102
huo lu	活路	102
ji ning	济宁	102
hai sheng	海生	102
hai ou	海鸥	102
qing re jie du	清热解毒	102
du zhi	渎职	102
du chuan	渡船	102
wen ge hua	温哥华	102
qian liu	潜流	102
shu du	熟读	102
ao jian	熬煎	102
bao man	爆满	102
te la	特拉	102
kuang xiao	狂笑	102
jiao kuai	狡狯	102
du duan	独断	102
wang fa	王法	102
ma li ya	玛丽亚	102
xian dai pai	现代派	102
pi	琵	102
sheng ming ke xue	生命科学	102
tian chou	田畴	102
dian hua ling	电话铃	102
lve wei	略为	102
tong xi	痛惜	102
chi chi	痴痴	102
bai hu	白虎	102
huang shu	皇叔	102
yan shui	盐税	102
du shuai	督率	102
shi dong	石洞	102
po tian huang	破天荒	102
liu hua qing	硫化氢	102
qi shan	祁山	102
shen quan	神权	102
mi shi	秘史	102
xi you jin shu	稀有金属	102
tong xin	童心	102
jie jin	竭尽	102
si	笥	102
zhu chao	筑巢	102
jing ji xing	经济性	102
lv zao	绿藻	102
min	缗	102
chan shen	缠身	102
bin fen	缤纷	102
ye lv yan	耶律燕	102
ju san hua xu	聚伞花序	102
teng fei	腾飞	102
qian	芊	102
ku yi	苦役	102
jin	荩	102
he	菏	102
ying rao	萦绕	102
xiao yuan shan	萧远山	102
zhe	蔗	102
xue mu hua	薛慕华	102
zhu wang	蛛网	102
zhang lang	蟑螂	102
bu zu	补足	102
pei en cai	裴恩才	102
bao jiang	褒奖	102
xi qu	西区	102
xi si	西四	102
fu gai mian	覆盖面	102
xun hua	训话	102
shi yan chang	试验场	102
hao ke	豪客	102
shang qian	赏钱	102
he er xin ji	赫尔辛基	102
zou zhe qiao	走着瞧	102
yue ma	跃马	102
tiao ru	跳入	102
chou chu man zhi	踌躇满志	102
guo dian ya	过电压	102
yuan dao	远道	102
tao san	逃散	102
luo ji si wei	逻辑思维	102
na qu	那曲	102
jiu qi	酒气	102
liang li er xing	量力而行	102
na deng	钠灯	102
mao jie	铆接	102
cuo guai	错怪	102
xian ju	闲居	102
a er bei si shan mai	阿尔卑斯山脉	102
lu zhen tian	陆震天	102
nan wei qing	难为情	102
ji ti zhu yi	集体主义	102
qing lv	青绿	102
mian pang	面庞	102
han shi zhong	韩世忠	102
dun shou	顿首	102
e er gu na he	额尔古纳河	102
sou sou	飕飕	102
fei huang teng da	飞黄腾达	102
hun	馄	102
gao ju	高居	102
gao shui ping	高水平	102
gao tan kuo lun	高谈阔论	102
bao luo ting	鲍罗廷	102
huang da xian	黄大仙	102
gu mo	鼓膜	102
qi huan gong	齐桓公	102
qi bai shi	齐白石	102
yi wu	一五	101
yi shen	一审	101
yi ceng ceng	一层层	101
yi chuang	一床	101
san guo zhi	三国志	101
san qiao	三桥	101
san pai	三派	101
shang qi bu jie xia qi	上气不接下气	101
xia chu	下处	101
xia yue	下月	101
xia qian	下潜	101
bu zhi suo yun	不知所云	101
yu ri ju zeng	与日俱增	101
dong shan zai qi	东山再起	101
zhong zu bu	中组部	101
zhu da	主打	101
yi zi	义子	101
shu hua jia	书画家	101
shi ban gong bei	事半功倍	101
er shi liang	二十两	101
wu kuai	五块	101
jiao jia	交加	101
jiao hui chu	交汇处	101
qin zi	亲子	101
ren wu hua	人物画	101
pu cong	仆从	101
dai shu fang cheng	代数方程	101
si shi er fei	似是而非	101
pei dai	佩带	101
bao jia	保甲	101
ting kan	停刊	101
jian er	健儿	101
ke la di	克拉底	101
ba gu	八股	101
nei ge zong li	内阁总理	101
jun zhi	军制	101
nong mao shi chang	农贸市场	101
bing dong	冰冻	101
bing jiao	冰窖	101
chong zou	冲走	101
ling xiao cheng	凌霄城	101
han shou	函授	101
qie huan	切换	101
ju zu	剧组	101
ge she	割舍	101
jiao gong	剿共	101
shi neng	势能	101
qu xian	区县	101
shi si ri	十四日	101
hua dan	华诞	101
mai dian	卖点	101
ka zhu	卡住	101
kou hong	口红	101
ke bian	可辨	101
shi lun	史论	101
ji lin shi	吉林市	101
ming huan	名唤	101
hou bei jun	后备军	101
xian cai	咸菜	101
ha mu lei te	哈姆雷特	101
tang guo qiang	唐国强	101
a ha	啊哈	101
ka bu er	喀布尔	101
du du	嘟嘟	101
guo ao	国奥	101
guo you gu	国有股	101
tu pi	土坯	101
ji zhi	基址	101
tang tang zheng zheng	堂堂正正	101
ta li mu	塔里木	101
zeng kai	增开	101
zeng yi	增益	101
sheng si li jie	声嘶力竭	101
da chang ai	大肠癌	101
tian guo	天国	101
shi cuo	失措	101
qi yu	奇遇	101
hao wu	好恶	101
xue xi ban	学习班	101
xue ming	学名	101
jia shi	家世	101
mi you	密友	101
mi tan	密探	101
feng shan	封禅	101
xiao shu	小数	101
jiu can	就餐	101
ceng ji	层级	101
qu zhi	屈指	101
gong bi	工笔	101
ping bai	平白	101
nian fa dian liang	年发电量	101
guang fa	广发	101
ying yu	应予	101
kai fang xing	开放性	101
kai guan	开馆	101
zhang xiao chun	张孝纯	101
gui xin shu	归辛树	101
xing ji	形迹	101
xin shi chong chong	心事重重	101
nian zhou	念咒	101
xing cheng shu	性成熟	101
guai dan	怪诞	101
zhui	惴	101
cai gang	才刚	101
da zhen	打针	101
ma bu	抹布	101
bai ci	拜辞	101
pin qiang	拼抢	101
an bu jiu ban	按部就班	101
diao yi qing xin	掉以轻心	101
jie xu	接续	101
cao shou	操守	101
fang she xing yuan su	放射性元素	101
jiao yi	教益	101
wen fa	文法	101
ban jiu	斑鸠	101
pang ruo wu ren	旁若无人	101
wu kui yu	无愧于	101
chen guang	晨光	101
pu xi jin	普希金	101
you cheng	有成	101
ben xi	本溪	101
quan neng	权能	101
li wen zhong	李文忠	101
hang jiu zhai	杭九斋	101
zhu shi hui she	株式会社	101
wu zhou	梧州	101
bang zi	棒子	101
bi ya nuo	比亚诺	101
bi bi	比比	101
min yao	民谣	101
qiu shi	求实	101
wo er te	沃尔特	101
chen mo gua yan	沉默寡言	101
sha hua	沙化	101
bo si ni ya	波斯尼亚	101
jiao shui	浇水	101
hai hang	海航	101
hai ma	海马	101
xiao zhang	消长	101
qing xi	清溪	101
qian fu qi	潜伏期	101
liao	燎	101
ai nv	爱女	101
liao	獠	101
wang jing yu	王经宇	101
ding	玎	101
huan wei	环卫	101
ban lun	班轮	101
jia zi	甲子	101
ban	瘢	101
ze	皟	101
zhi luo	直落	101
zhi shi jie	知识界	101
kuang chan pin	矿产品	101
peng bi	碰壁	101
lin hui shi	磷灰石	101
huang an	磺胺	101
she hui huo dong	社会活动	101
shen bing	神兵	101
si fang qian	私房钱	101
qin yong xi	秦雍西	101
shao shi	稍事	101
cheng	稱	101
kong fu	空腹	101
di shi zhang	第十章	101
hong ye	红叶	101
hong jin jun	红巾军	101
hong shan er	红衫儿	101
tong gou	统购	101
shou	绶	101
lv lv	缕缕	101
yuan he	缘何	101
mou	缪	101
luo lan	罗兰	101
luo ma jiao huang	罗马教皇	101
nai gao wen	耐高温	101
wo	肟	101
hu li hu tu	胡里胡涂	101
long	胧	101
xiong mo	胸膜	101
zhi dan bai	脂蛋白	101
fu shi xing	腐蚀性	101
zi yong	自用	101
zhi ci	致辞	101
jiu mu	舅母	101
hua e	花萼	101
bao pian	苞片	101
ying hao	英豪	101
cao mang	草莽	101
ying guang ping	荧光屏	101
huo yi	获益	101
lan zao	蓝藻	101
hu bao	虎豹	101
xi lan	西兰	101
xi ying	西营	101
zha qi	诈欺	101
you shi	诱使	101
gu yan shan	谷燕山	101
bei jia er hu	贝加尔湖	101
zhang mian	账面	101
jia yi	贾谊	101
zou lou	走漏	101
zhao da chui	赵大锤	101
chao xin xing	超新星	101
kua yue shi	跨越式	101
fu ren	辅仁	101
liao shen	辽沈	101
yun yi	运移	101
zhui suo	追索	101
tong li he zuo	通力合作	101
han	邯	101
jiu ju	酒具	101
jin jia	金家	101
cuo e	错愕	101
xi kuang	锡矿	101
chui zi	锤子	101
chang ming	长鸣	101
yang ming	阳明	101
a hong	阿訇	101
chen da mao	陈大毛	101
ji yue hua	集约化	101
xue qiao	雪橇	101
fei zheng fu	非政府	101
kao an	靠岸	101
qiao	鞒	101
wan kang	顽抗	101
ling zi	领子	101
shou li	首例	101
ma ju	马驹	101
gao nong du	高浓度	101
gao shao	高烧	101
mo li	魔力	101
yu tang	鱼汤	101
gui	鲑	101
ming xiang	鸣响	101
huang zong hui	黄宗会	101
yi ge tuan	一个团	100
qi yan	七言	100
wan gui	万圭	100
wan xing	万幸	100
san pi	三匹	100
san yan liang yu	三言两语	100
shang san	上三	100
shang hai shen hua	上海申花	100
bu rong zhi yi	不容置疑	100
bu xie nu li	不懈努力	100
liang feng	两封	100
liang ke	两棵	100
zhong ju	中居	100
yi fen	义愤	100
wu yang wang	乌羊王	100
jiu san xue she	九三学社	100
ru tang	乳糖	100
er shi duo sui	二十多岁	100
wu dou	五斗	100
jing jing you tiao	井井有条	100
jing di	井底	100
jiao tou jie er	交头接耳	100
jiao lian	交联	100
mu chan	亩产	100
shi wu	什物	100
cong qing	从轻	100
dai biao dui	代表队	100
yang wo	仰卧	100
shang tian hai li	伤天害理	100
fo ye	佛爷	100
bao xian ye	保险业	100
tou yan	偷眼	100
guang qu	光驱	100
gong zi ye	公子爷	100
lu an	六安	100
gong tong dian	共同点	100
guan lian fang	关联方	100
nei hua da	内华达	100
ce zi	册子	100
jue ran	决然	100
leng cang	冷藏	100
zhun ga er pen di	准噶尔盆地	100
zhun tou	准头	100
jian chi	减持	100
ji quan	几圈	100
ji jin	几斤	100
chu tu wen wu	出土文物	100
yi liao dui	医疗队	100
ban mei	半枚	100
jiu	厩	100
tai nan	台南	100
ji lin	吉林	100
hou jin	后进	100
ma fei	吗啡	100
zhou jie lun	周杰伦	100
hu xi xi tong	呼吸系统	100
zuo	唑	100
xi nu ai le	喜怒哀乐	100
shi jun ti	噬菌体	100
si qian	四千	100
si ye	四野	100
chui diao	垂钓	100
cheng guan	城关	100
cheng huang	城隍	100
bu	埗	100
tang er huang zhi	堂而皇之	100
bei cha	备查	100
fu yong	复用	100
da ti qin	大提琴	100
jiang zhuang	奖状	100
shi	奭	100
nai cha	奶茶	100
hun jia	婚嫁	100
xiao li	小吏	100
shao bu fen	少部分	100
jiu shi	就势	100
lv li	履历	100
shan beng	山崩	100
xun jian	巡检	100
zuo zong tang	左宗棠	100
bu da la gong	布达拉宫	100
chang bei jun	常备军	100
ping tou	平头	100
kai huang	开皇	100
kai pian	开篇	100
zhang kou jie she	张口结舌	100
xing bian	形变	100
tong	彤	100
cai su	彩塑	100
xu guang qi	徐光启	100
xin fu	心服	100
tian	忝	100
huai rou	怀柔	100
jian	惤	100
zhui zhui	惴惴	100
han hou	憨厚	100
huo fei	或非	100
li	戾	100
zhi pai	支派	100
zhi li po sui	支离破碎	100
san wen ji	散文集	100
fang jia	方家	100
wu guai	无怪	100
shi wu	时务	100
zhi qu	智取	100
an se	暗色	100
xian luo	暹罗	100
fu wu shang	服务商	100
fu wu fei	服务费	100
mu ben	木本	100
cha er dun	查尔顿	100
biao zhi xing	标志性	100
jiao dui	校对	100
ge ding gen	格丁根	100
ge ge bu ru	格格不入	100
jie	桀	100
yu shu	榆树	100
shuo	槊	100
heng du	横渡	100
yin shi	殷实	100
qi yun	气运	100
shui sheng zhi wu	水生植物	100
fan cheng	泛称	100
bo fu	波幅	100
min	泯	100
ce liang xue	测量学	100
wei	浘	100
huo tang	火塘	100
deng ying	灯影	100
ling dan miao yao	灵丹妙药	100
kao huo	烤火	100
re na ya	热那亚	100
zhao shi	照实	100
kuang chao	狂潮	100
jiao xia	狡黠	100
lang ya shan	狼牙山	100
cai cai	猜猜	100
wang hui ping	王惠平	100
qiu jun	球菌	100
tian shi	甜食	100
pan yu	番禺	100
bai qiu en	白求恩	100
sheng qian	省钱	100
chou jian	瞅见	100
shi shuang ying	石双英	100
kan chai	砍柴	100
qi	碁	100
lin zhi	磷脂	100
li jian	离间	100
kong xue	空穴	100
chuang ling	窗棂	100
di si tian	第四天	100
gan	簳	100
di	籴	100
fan xing	繁星	100
hong bu	红布	100
zong qing	纵情	100
fen zhi ta lai	纷至沓来	100
zhi qian	纸钱	100
jing xian	经线	100
ju ju qu	聚居区	100
ji ti	肌体	100
jian bu	肩部	100
wei bing	胃病	100
bei xin qi yi	背信弃义	100
hu ke	胡克	100
hu zong nan	胡宗南	100
hu qin	胡琴	100
jiao yuan	胶原	100
kuai zhi ren kou	脍炙人口	100
fu mo	腹膜	100
hua shu	花树	100
meng han yao	蒙汗药	100
shu	蔬	100
chong luan	虫卵	100
hong qiao	虹桥	100
beng bu	蚌埠	100
ling	蛉	100
ya nei	衙内	100
zhuang qiang zuo shi	装腔作势	100
ping lun yuan	评论员	100
gui ji duo duan	诡计多端	100
yu ci	语词	100
shuo xian hua	说闲话	100
du yin	读音	100
diao pi	貂皮	100
bei ke han mu	贝克汉姆	100
bei li	贝里	100
tan mo	贪墨	100
shan yang	赡养	100
yue zhan	越战	100
huai	踝	100
zhe	辄	100
fu zhao	辐照	100
guo shou	过手	100
jin chen	近臣	100
jin zhi	进制	100
dao he	道贺	100
yi zhi	遗志	100
dou bo lin	都柏林	100
po	鄱	100
pei gu	配股	100
zhong gong	重工	100
ye xin jia	野心家	100
ye xing	野性	100
qiao	鍫	100
tie dan zhuang	铁胆庄	100
xiao wang	销往	100
bi mu yang shen	闭目养神	100
nao fan	闹翻	100
lu feng	陆丰	100
sui zang	随葬	100
ji ti hua	集体化	100
han fei zi	韩非子	100
dun wu	顿悟	100
feng chui cao dong	风吹草动	100
shou jia	首架	100
ma wang dui	马王堆	100
lu guo	鲁国	100
xian wei ren zhi	鲜为人知	100
huang hong sheng	黄宏生	100
hei shou	黑手	100
qi xin	齐心	100
qi qi ha er	齐齐哈尔	100
yi xiao cuo	一小撮	99
yi gu zuo qi	一鼓作气	99
san xian	三弦	99
san xian	三线	99
zhuan li fei	专利费	99
zhuan duan	专断	99
dong cheng qu	东城区	99
liang kuan	两款	99
liang shou	两首	99
zhong gao ji	中高级	99
yi xing gan yan	乙型肝炎	99
luan liu	乱流	99
lin	亃	99
er bu xiu	二不休	99
wu fen zhong	五分钟	99
xian dou	仙都	99
dai ban	代办	99
ren guan	任官	99
zuo luan	作乱	99
e hai e	俄亥俄	99
qiao li	俏丽	99
guang xian	光鲜	99
ke la ke	克拉克	99
jun shi fa ting	军事法庭	99
xiong sha	凶杀	99
liu da shun	刘大顺	99
chu gao	初稿	99
jian ma	剑麻	99
shan	剼	99
lao dong dang	劳动党	99
kui	匮	99
shi yi ri	十一日	99
dan jing	单晶	99
bo ci wa na	博茨瓦纳	99
lu gou qiao	卢沟桥	99
wei ji gan	危机感	99
yuan wu	原物	99
can zheng hui	参政会	99
fan shen	反身	99
fa duan	发端	99
qu zheng	取证	99
shou xian	受限	99
kou cheng	口称	99
gu lai	古来	99
chi bu xiao	吃不消	99
cheng bao	呈报	99
han hua	喊话	99
jie tan	嗟叹	99
si sheng	四声	99
gu hua	固化	99
tu wen	图文	99
zai ye	在野	99
dian zi	垫子	99
mo jia	墨家	99
ye shen ren jing	夜深人静	99
da fu	大佛	99
yan	奄	99
qi xing guai zhuang	奇形怪状	99
fen jin	奋进	99
ru shu	如数	99
jiao di di	娇滴滴	99
po po ma ma	婆婆妈妈	99
hun yin fa	婚姻法	99
fu luan	孵卵	99
song gao zong	宋高宗	99
xiao wang zi	小王子	99
xiao jiao	小脚	99
shao qing	少顷	99
e	屙	99
shan hai wei	山海卫	99
qi bu zhi	岂不知	99
gong tou	工头	99
zuo ying	左营	99
cha yi hua	差异化	99
ba bu ya xin ji nei ya	巴布亚新几内亚	99
ba jin	巴金	99
gan chai	干柴	99
gan qi	干起	99
ping ding shan	平顶山	99
you zhu	幼主	99
jian zhu mian ji	建筑面积	99
jian she bu	建设部	99
kai fu	开府	99
yi jiao tu	异教徒	99
zhang yi	张仪	99
dang hao	当好	99
dang yue	当月	99
zhi tong dao he	志同道合	99
nu mu er shi	怒目而视	99
lian ai	怜爱	99
ji po	急迫	99
zong gui	总归	99
gong shun	恭顺	99
da dun	打盹	99
pao she	抛射	99
bao an	报案	99
tuo pu xue	拓扑学	99
tan lu	探路	99
ti shen	提神	99
zhai qu	摘取	99
zhi jiao	支教	99
fang yang	放羊	99
lv you jie	旅游节	99
wu dang pai ren shi	无党派人士	99
wu suo zuo wei	无所作为	99
wu di shou	无敌手	99
ri li	日立	99
xian wei	显微	99
jing tai	景泰	99
you mu gong du	有目共睹	99
sha shen zhi huo	杀身之祸	99
xing hua	杏花	99
du qing hai	杜青海	99
wang ran	枉然	99
ge li	格里	99
heng liu	横流	99
si dang	死党	99
mu yu	母语	99
bi dui	比对	99
min nv	民女	99
dan fei	氮肥	99
shui gong	水工	99
shui men	水门	99
tang mu	汤姆	99
lun xian qu	沦陷区	99
he tun	河豚	99
xi yu	洗浴	99
zhuo	浞	99
ti	涕	99
huai yang	淮阳	99
qing xin	清心	99
wen wen er ya	温文尔雅	99
shi lin lin	湿淋淋	99
cao liang	漕粮	99
qian yi mo hua	潜移默化	99
meng	濛	99
deng zhan	灯盏	99
zha si	炸死	99
lian jiao	炼焦	99
re xue	热学	99
feng	烽	99
jiao tou lan e	焦头烂额	99
lao yu	牢狱	99
mu di	牧地	99
qian yin che	牵引车	99
xuan xiang	玄想	99
wan fa	玩法	99
gui bao	瑰宝	99
sheng er yu nv	生儿育女	99
bing mo	病魔	99
tong gan	痛感	99
tong yin	痛饮	99
yan fen	盐分	99
xiang qu	相去	99
yan lian	眼帘	99
duan bo	短波	99
bi shui	碧水	99
wen tai	稳态	99
shu qin	竖琴	99
di yi xiang	第一项	99
jing shen dou sou	精神抖擞	99
long ya	聋哑	99
jiao deng	脚蹬	99
la mei	腊梅	99
tui bu	腿部	99
bi wan	臂弯	99
zi shi qi li	自食其力	99
zhi ci	致词	99
jie li	节理	99
hua qi	花旗	99
bian	苄	99
su tie	苏铁	99
ying wu	英武	99
fan zhi hong	范志红	99
mo si ke da xue	莫斯科大学	99
ji xian	蓟县	99
yun han	蕴涵	99
bo he	薄荷	99
hu jiang	虎将	99
xu yan	虚掩	99
fu	蝠	99
peng	蟛	99
pan tao	蟠桃	99
yuan du shi	袁督师	99
shang	裳	99
tui shai	褪色	99
guan ce zhe	观测者	99
yan xia zhi yi	言下之意	99
jiang li	讲理	99
you huo li	诱惑力	99
xie yi	谢意	99
feng	豐	99
tan cai	贪财	99
lai si	赖斯	99
gan chao	赶超	99
zu e	足额	99
lu jing	路经	99
yu	踰	99
ruan ying	软硬	99
tao dun	逃遁	99
suan zhong du	酸中毒	99
zui jiu	醉酒	99
zhong liang ji	重量级	99
ye ji	野鸡	99
zan	錾	99
gang cha	钢叉	99
tie si wang	铁丝网	99
tie chang	铁厂	99
yin hang fa	银行法	99
bi jing	闭经	99
fang feng	防风	99
tuo luo	陀罗	99
long you	陇右	99
chen lie guan	陈列馆	99
chen zhang lao	陈长老	99
xiong ji	雄鸡	99
bao	雹	99
bian pao sheng	鞭炮声	99
e er qi si he	额尔齐斯河	99
feng zi	风姿	99
shou ge	首歌	99
fu	驸	99
cheng	骋	99
qi bing tuan	骑兵团	99
gao liang	高梁	99
yu lei ting	鱼雷艇	99
huang chao	黄巢	99
yi bu zuo	一不做	98
yi jue bu zhen	一蹶不振	98
wan ce	万册	98
san ling	三菱	98
shang ji	上机	98
xia jian	下贱	98
bu lai mei	不来梅	98
lin tong	临潼	98
lin jie	临街	98
wei fei zuo dai	为非作歹	98
zhu kao	主考	98
wu la	乌拉	98
cong chang ji yi	从长计议	98
fa mu	伐木	98
hui zhong	会众	98
hui qian	会前	98
chuan chao	传抄	98
yu zhe	余者	98
zuo jian	作践	98
ce men	侧门	98
cu jin hui	促进会	98
xin hao chu li	信号处理	98
pai	俳	98
dang bao	党报	98
quan feng bi	全封闭	98
gong mu	公墓	98
bing chuan	兵船	98
nei ceng	内层	98
nong qu	农区	98
bing tang	冰糖	98
diao ling	凋零	98
chu chou	出丑	98
chuang shou	创收	98
li ma	利马	98
zhu tui	助推	98
qu	劬	98
bei wai	北外	98
qian zi bai tai	千姿百态	98
ban yuan xing	半圆形	98
bo ao	博鳌	98
yin hua	印花	98
yuan jia	原价	98
yuan ze xing	原则性	98
shuang zi	双子	98
fan fan fu fu	反反复复	98
fa xing ren	发行人	98
shi xue jie	史学界	98
he chang dui	合唱队	98
he cheng xiang jiao	合成橡胶	98
hou yuan	后园	98
wu xing	吴兴	98
shang pin sheng chan zhe	商品生产者	98
pen sa	喷洒	98
si dai	四代	98
hui diao	回调	98
yin xi	因袭	98
tu si	图斯	98
zeng hou	增厚	98
xia chao	夏朝	98
da ge	大个	98
da ke bu bi	大可不必	98
da qing zao	大清早	98
da guo	大锅	98
tian tai shan	天台山	98
tian xin	天心	98
tian chuang	天窗	98
tai yuan shi	太原市	98
xi xiao	嬉笑	98
zi jie	字节	98
xue hua	学画	98
shou gua	守寡	98
bao chai xiao	宝钗笑	98
ke hu fu wu	客户服务	98
ke liu liang	客流量	98
hai sao	害臊	98
jia shu	家书	98
jia xiao	家小	98
han xin	寒心	98
xiao bing	小兵	98
xiao mei zi	小妹子	98
xiao mao	小毛	98
xiao xue	小雪	98
shan jian	山涧	98
gong cheng yuan	工程院	98
kang shi fu	康师傅	98
kai hua	开化	98
zhang ya wu zhao	张牙舞爪	98
de la	德拉	98
xin ji	心机	98
xin ji	心计	98
zhi qu	志趣	98
bu	怖	98
yuan bu de	怨不得	98
hao	悎	98
qing zhi	情志	98
jing hun wei ding	惊魂未定	98
shou gan	手感	98
da mo	打磨	98
kuo da hua	扩大化	98
kang zhen	抗震	98
pai ji	拍击	98
jie wen	接吻	98
bo yin yuan	播音员	98
zheng lun	政论	98
shu tian	数天	98
shu zi shi	数字式	98
shu du	数度	98
zheng ji	整机	98
wu suo shi shi	无所事事	98
wu feng	无缝	98
wu yi	无遗	98
jiu ren	旧人	98
chun sheng	春生	98
jin xi bei	晋西北	98
bao lu wu yi	暴露无遗	98
you zhu	有助	98
li bang yan	李邦彦	98
cun tou	村头	98
du ma	杜马	98
yang yuan zhen	杨元珍	98
yang zhen ning	杨振宁	98
yang guo xin	杨过心	98
cha kao	查考	98
he kuo san	核扩散	98
ju zi	橘子	98
can zha	残渣	98
min zhu de guo	民主德国	98
min zheng bu men	民政部门	98
qi tai	气态	98
hui bian yu yan	汇编语言	98
han mi er	汉密尔	98
han wen di	汉文帝	98
si	汜	98
wang yang da hai	汪洋大海	98
bo li	波利	98
lei wang wang	泪汪汪	98
yang mian	洋面	98
pu kou	浦口	98
hai yang xue	海洋学	98
hai yan	海燕	98
shen jiu	深究	98
hun tong	混同	98
qian tao	潜逃	98
hui tu	灰土	98
qiang	炝	98
sha you jie shi	煞有介事	98
yun	熨	98
ai ding bao	爱丁堡	98
du chu	独处	98
xian mei	献媚	98
yu huang da di	玉皇大帝	98
yu feng zhen	玉蜂针	98
wang chuan zhi	王传志	98
wang guo wei	王国维	98
po si	珀斯	98
rang	瓤	98
weng cheng	瓮城	98
sheng di	生地	98
sheng jing	生境	98
sheng zhi xi bao	生殖细胞	98
sheng wu zhong	生物钟	98
sheng	甥	98
nan nan nv nv	男男女女	98
yi ju	疑惧	98
deng feng zao ji	登峰造极	98
bai yun guan	白云观	98
bai gou	白沟	98
bai yang dian	白洋淀	98
bai bu	百步	98
zhi bai	直白	98
xiang guan xing	相关性	98
juan gu	眷顾	98
shi la	石蜡	98
liu huang	硫黄	98
ci li	磁力	98
li fo	礼佛	98
fu ze	福泽	98
li an	离岸	98
si tong	私通	98
xi song	稀松	98
zhi qi	稚气	98
kong wei	空位	98
di er ye	第二页	98
da li	答礼	98
jing you	精油	98
jing lian	精练	98
suo ni gong si	索尼公司	98
xian wei hua	纤维化	98
zhi bao	纸包	98
fang chui xing	纺锤形	98
niu yue zhou	纽约州	98
xian zhuang	线状	98
jie chang	结肠	98
hui tu	绘图	98
yuan yu	缘于	98
zui da e ji	罪大恶极	98
mei guo shi chang	美国市场	98
ju xian an	聚酰胺	98
lian tang	脸膛	98
fei ni ji	腓尼基	98
zhi bao	至宝	98
liang jia	良家	98
kou	芤	98
qi	芪	98
cang shan	苍山	98
yao gao	药膏	98
guan cha zhe	观察者	98
yan zhong	言中	98
su qiu	诉求	98
gai ju	该局	98
gai lei	该类	98
zhu bao kun	诸保昆	98
zhu sheng	诸生	98
xie yin	谐音	98
hao she	豪奢	98
fu yu wan kang	负隅顽抗	98
bai jia zi	败家子	98
fei jia luo	费加罗	98
ze	赜	98
zou jiang hu	走江湖	98
shu wang	输往	98
liao dai	辽代	98
qian nu	迁怒	98
yun fei	运费	98
jin di	近地	98
fan cheng	返程	98
jin bu dang	进步党	98
xiao yao pai	逍遥派	98
dao bai	道白	98
jin yue lan	金月兰	98
luan	銮	98
niu	钮	98
pu lu	铺路	98
xi shan	锡山	98
chang pao	长跑	98
ruan shi zhong	阮士中	98
yang xu	阳虚	98
nan chan	难产	98
shi wu lian	食物链	98
shou qu yi zhi	首屈一指	98
shou qi	首期	98
ma yuan li	马元利	98
ma la wei	马拉维	98
gao cheng	高成	98
kui bei ke	魁北克	98
hei yi ren	黑衣人	98
yi wan duo	一万多	97
yi ge da	一个打	97
yi kou yao ding	一口咬定	97
yi pie	一撇	97
yi tiao jie	一条街	97
yi ban xing	一般性	97
san nong	三农	97
san shi liu nian	三十六年	97
shang ti	上体	97
shang hao	上好	97
diu kai	丢开	97
liang hui	两回	97
liang suo	两所	97
ge ren zhu yi	个人主义	97
zhong shang	中上	97
zhu jiang	主讲	97
wu fang	五方	97
ya ma sun	亚马孙	97
you	亴	97
ren min chu ban she	人民出版社	97
dai ming ci	代名词	97
dai xiao	代销	97
yi shen zuo ze	以身作则	97
fu er jia	伏尔加	97
fu xi	伏羲	97
fu	伕	97
bo er ni	伯尔尼	97
dan ding	但丁	97
ning	佞	97
bei gan	倍感	97
seng ni	僧尼	97
ru jiao	儒教	97
xian zhao	先兆	97
guang hua xue	光化学	97
guang ming ri bao	光明日报	97
ke li mu lin gong	克里姆林宫	97
tu wa	兔娃	97
quan shen xin	全身心	97
ba qian	八千	97
gong fen	公分	97
liu qi	六七	97
mao shi	冒失	97
rong	冗	97
nong hui	农会	97
liang yi	凉意	97
chu ren tou di	出人头地	97
ke bu rong huan	刻不容缓	97
fu shi pin	副食品	97
bei jiang	北江	97
shi qi ba sui	十七八岁	97
dan qi	单骑	97
hou ai	厚爱	97
yan	厭	97
fan tan ke pao	反坦克炮	97
fa suan	发酸	97
qu yang	取样	97
shou chong ruo jing	受宠若惊	97
bian hua duo duan	变化多端	97
kou bai	叩拜	97
tai shan	台山	97
tong xin xie li	同心协力	97
tong xing	同性	97
tong bei	同辈	97
ming mu fan duo	名目繁多	97
bi	吡	97
han shui liang	含水量	97
wu jiang	吴江	97
zhou qi biao	周期表	97
hu shao	呼哨	97
yan bu	咽部	97
ai yuan	哀怨	97
xiang dang dang	响当当	97
shan shi	善事	97
si she	四射	97
guo jia tong ji ju	国家统计局	97
guo wen	国文	97
guo fang ke gong wei	国防科工委	97
guo ji ao wei hui	国际奥委会	97
zai ye dang	在野党	97
jun tian zhi	均田制	97
tan ke shi	坦克师	97
di shang	堤上	97
rang tu	壤土	97
da xiao bian	大小便	97
da lve	大略	97
tian shan nan bei	天山南北	97
tian yi wu feng	天衣无缝	97
cun liu	存留	97
xiao wen di	孝文帝	97
xue she	学社	97
shou ye	守夜	97
an di si	安第斯	97
ding gou	定购	97
mi zhi	密旨	97
er ya	尔雅	97
ba na ma yun he	巴拿马运河	97
ba sa	巴萨	97
gan jin	干劲	97
fei qi wu	废弃物	97
yi xiang tian kai	异想天开	97
xian yue	弦乐	97
wan dao	弯刀	97
peng chu zheng	彭楚政	97
xin ping qi he	心平气和	97
zhi shi	志士	97
zhong xiao	忠孝	97
nian song	念诵	97
zong she	总社	97
zong zhuang	总装	97
min	悯	97
zhan cheng	战成	97
zhi bi	执笔	97
e shou	扼守	97
chou dong	抽动	97
chai jie	拆借	97
la ge lang	拉格朗	97
zhi dao xing	指导性	97
pai wu	排污	97
cuo ci	措词	97
mo di	摸底	97
zhuan gao ren	撰稿人	97
gong sha	攻杀	97
fang shao	放哨	97
gu jiu	故旧	97
shu xue xi	数学系	97
shu bai li	数百里	97
fang xing wei ai	方兴未艾	97
fang cun	方寸	97
pang men zuo dao	旁门左道	97
hao	昊	97
hun jue	昏厥	97
xian xing	显性	97
jing ge	晶格	97
ben nian	本年	97
ji xie shi	机械式	97
du wei	杜威	97
lai tou	来头	97
ban zhuang	板状	97
he wei she	核威慑	97
gen chu	根除	97
mo hu bu qing	模糊不清	97
heng duan shan mai	横断山脉	97
xin xin xiang rong	欣欣向荣	97
qian jiu	歉疚	97
zheng dian	正电	97
si hui	死灰	97
yong shi	永世	97
yong ning	永宁	97
wu gou	污垢	97
mei liang xin	没良心	97
hong	泓	97
huo lao dong	活劳动	97
lin ba liu	淋巴瘤	97
dan ya	淡雅	97
gan	淦	97
qing ya	清雅	97
wen fang da	温方达	97
guo	濄	97
han	瀚	97
ling guang	灵光	97
tang shang	烫伤	97
re hu hu	热乎乎	97
re liu	热流	97
re hong hong	热烘烘	97
re shen sai	热身赛	97
you	狖	97
du ju	独居	97
du lan	独揽	97
lie qu	猎取	97
zhen zhong	珍重	97
lao	珯	97
yong ci	用词	97
bing shi	病势	97
bai fen	白粉	97
bai fen	百分	97
duan tu	短途	97
shi dui	石堆	97
kan tou	砍头	97
za lan	砸烂	97
liu suan yan	硫酸盐	97
mo ya	磨牙	97
li jiao	礼教	97
zuo	祚	97
fu da shuai	福大帅	97
ji bi	积弊	97
tong gong	童工	97
xiao ma	笑骂	97
zhen	箴	97
mi lei	米勒	97
mi er	米尔	97
mi	粎	97
zi jiao	紫胶	97
zhi bu ji	织布机	97
beng jin	绷紧	97
lv cheng	绿城	97
lv se zhi wu	绿色植物	97
yi	翊	97
fan an	翻案	97
lao fu zi	老夫子	97
kao fen	考分	97
kao shi ti	考试题	97
wei ye	胃液	97
wei yan	胃炎	97
bei xiang	背向	97
jiao juan	胶卷	97
zi qu	自取	97
fang ting	芳烃	97
fan zhong yan	范仲淹	97
mao tai	茅台	97
cao dui	草堆	97
yao ye	药液	97
ying li	营里	97
meng bi	蒙蔽	97
bang ke	蚌壳	97
biao xian zhu yi	表现主义	97
cai jian	裁剪	97
zhuang dian	装点	97
guan shang zhi wu	观赏植物	97
yan guan	言官	97
ji jian gong zi	计件工资	97
ji jia	计价	97
yi	诣	97
diao hui	调回	97
mi tuan	谜团	97
hao	貉	97
tan yu	贪欲	97
lai te	赖特	97
qi li	起立	97
shen xian	身陷	97
shu sha liang	输沙量	97
xuan yu	选育	97
ye shi	野史	97
tong ling	铜铃	97
ge tie kuang	铬铁矿	97
yin lian	银联	97
xian san	闲散	97
yin yu	阴郁	97
a su	阿苏	97
mian ru tu se	面如土色	97
ding ceng	顶层	97
shi dao	食道	97
jia shi zheng	驾驶证	97
tuo niao	鸵鸟	97
hei yun	黑云	97
long ju	龙驹	97
yi chen bu ran	一尘不染	96
yi ban lai jiang	一般来讲	96
wan ci	万次	96
san jin	三晋	96
shang yi nian	上一年	96
bu san bu si	不三不四	96
bu man ni shuo	不瞒你说	96
bu jue yu er	不绝于耳	96
bu gou yan xiao	不苟言笑	96
ye jing	业经	96
liang bai	两百	96
zhong deng jiao yu	中等教育	96
dan shen	丹参	96
zhu ren jia	主人家	96
wu lan ba tuo	乌兰巴托	96
cheng xu	乘虚	96
shi guan zhong da	事关重大	96
er shi san ri	二十三日	96
er shi er	二十二	96
wu ti tou di	五体投地	96
jiao yu	交与	96
qin li	亲历	96
jia zhi lian cheng	价值连城	96
hui ke shi	会客室	96
di wei	低位	96
e hai e zhou	俄亥俄州	96
bao nuan	保暖	96
xin jian	信笺	96
bei jia	倍加	96
tan	倓	96
ting zhi bu qian	停滞不前	96
gong tui	公推	96
liu shi sui	六十岁	96
jue chu	决出	96
ji zhu	几株	96
chu jia	出价	96
chu mou hua ce	出谋划策	96
fen lu	分路	96
sha che	刹车	96
qian jiao	前脚	96
jian cai	剪裁	96
zhu xing	助兴	96
hua xue xian wei	化学纤维	96
shi er ri	十二日	96
shi shu	十数	96
shi zhong	十种	96
qian zhang	千丈	96
qian bai wan	千百万	96
sheng tian	升天	96
bei bi wu chi	卑鄙无耻	96
xia men da xue	厦门大学	96
fa qia	发卡	96
kou xie	叩谢	96
ke tan	可叹	96
ke he	可贺	96
tan fu	叹服	96
he fei shi	合肥市	96
ji ye	吉野	96
ji long po	吉隆坡	96
tong ji	同济	96
hou si	后嗣	96
hou shang	后晌	96
hou lu	后路	96
ya kou wu yan	哑口无言	96
tang zhan kui	唐占魁	96
si yuan	四元	96
zai suo nan mian	在所难免	96
dui qi	堆砌	96
wai zhou	外周	96
wai xian	外线	96
duo li	多利	96
duo tang	多糖	96
ye ban	夜半	96
da ban tian	大半天	96
da jiao	大脚	96
feng pei	奉陪	96
ru	孺	96
xuan shi	宣示	96
dui kai	对开	96
dui liu ceng	对流层	96
feng luan	峰峦	96
chong shan jun ling	崇山峻岭	96
zhou li	州立	96
gong ye guo	工业国	96
gong nong hong jun	工农红军	96
bu ji na fa suo	布基纳法索	96
xi qi gu guai	希奇古怪	96
xing xi	幸喜	96
jian gong li ye	建功立业	96
yi xiang	异乡	96
yi yu	异域	96
yin liu	引流	96
fu luo yi de	弗洛伊德	96
de shu	得数	96
yu bi	御笔	96
yu lan	御览	96
xing guan xi	性关系	96
qie qie	怯怯	96
song	悚	96
qing yi	情义	96
qing fen	情分	96
cai qing	才情	96
da pin	打拼	96
zhi wei hui	执委会	96
yang ming	扬名	96
bao en	报恩	96
ya zu	押租	96
chou yang diao cha	抽样调查	96
tuo che	拖车	96
zhao shang yin hang	招商银行	96
bai shou	拜寿	96
jie ju	拮据	96
zhi shou hua jiao	指手划脚	96
an jian	按键	96
hui quan	挥拳	96
shou yu	授与	96
tan cha	探查	96
jie he	接合	96
tui shuo	推说	96
rou cuo	揉搓	96
mo ni jiao	摩尼教	96
cheng chi	撑持	96
zhuang si	撞死	96
jiao xi	教习	96
fang ge	方格	96
wu di zi rong	无地自容	96
chun yun	春运	96
yue mo	月末	96
you xiao lv	有效率	96
you gui	有鬼	96
zha zha	查查	96
cha zheng	查证	96
zhu zhou	株洲	96
liang wu di	梁武帝	96
li yuan	梨园	96
shu zi	梳子	96
ci zhang	次长	96
ou meng wei yuan hui	欧盟委员会	96
bu bing tuan	步兵团	96
wai wai xie xie	歪歪斜斜	96
mu ru	母乳	96
mei tong	每桶	96
min feng	民风	96
qi xiang	气相	96
shui ba	水坝	96
shui zhai	水寨	96
hui he chu	汇合处	96
hui shi	汇市	96
han mao	汗毛	96
sha tuo	沙陀	96
pao cha	泡茶	96
yin hui	淫秽	96
qing zheng	清正	96
dian xi	滇西	96
luan he	滦河	96
yong	灉	96
huo che piao	火车票	96
chi lie	炽烈	96
kao rou	烤肉	96
re bing	热病	96
zhao xiang guan	照相馆	96
yao	爻	96
te luo yi	特洛伊	96
du ge er	独个儿	96
wang yong ji	王永吉	96
huan jiao	环礁	96
li fa dian	理发店	96
li gong ke	理工科	96
sheng fa	生发	96
sheng li xue jia	生理学家	96
sheng li xing	生理性	96
bai ren	白刃	96
bai bai di	白白地	96
jie da huan xi	皆大欢喜	96
xiang guo	相国	96
xiang pu	相扑	96
yan mu	眼目	96
mo li	磨砺	96
shen shan	神山	96
shen jing zhi	神经质	96
kong tan	空谈	96
jian ming e yao	简明扼要	96
fen bi	粉笔	96
jing qi	精气	96
huan ji	缓急	96
liao	缭	96
luo de dao	罗得岛	96
lao hong jun	老红军	96
lao she	老舍	96
nai re	耐热	96
rou yu	肉欲	96
ji jian	肌腱	96
fei bing	肺病	96
pang pang de	胖胖的	96
yi xian	胰腺	96
yao shen	腰身	96
xi xia	膝下	96
zi mou	自谋	96
ku tong	苦痛	96
luo huang er tao	落荒而逃	96
cang bei	藏北	96
she tou	蛇头	96
hang wu	行伍	96
xing zheng quan	行政权	96
jie xin	街心	96
lian	褳	96
yao fan	要饭	96
jie huo	解惑	96
ji fen	记分	96
ping wei hui	评委会	96
zhu lu	诛戮	96
jian zu	谏阻	96
fu zhi	赋值	96
sai pao	赛跑	96
zan li	赞礼	96
lu jun	路军	96
bei fen	辈分	96
bian bo	辩驳	96
guo ji	过激	96
yuan zou gao fei	远走高飞	96
chi zhi	迟滞	96
tou liang	透亮	96
zhu ci	逐次	96
jiu chang	酒厂	96
jiu shui	酒水	96
chong bo	重播	96
jin jun wen	金俊文	96
tie lu ju	铁路局	96
se	铯	96
pu kai	铺开	96
jin nang	锦囊	96
men jing	门径	96
yan luo	阎罗	96
fang yu xing	防御性	96
a er tai	阿尔泰	96
fu yong	附庸	96
xiang fu	降服	96
huo luan	霍乱	96
han wen chong	韩文冲	96
gu quan	顾全	96
fei teng	飞腾	96
shou fu	首富	96
xiang ke	香客	96
jia shi shi	驾驶室	96
hei hu hu	黑乎乎	96
chu	黜	96
yi ge ban	一个班	95
yi wu suo huo	一无所获	95
yi qi he cheng	一气呵成	95
san gu	三股	95
xia ya	下压	95
bu chi	不齿	95
shi jie mao yi zu zhi	世界贸易组织	95
qiu nao	丘脑	95
liang wan yu	两万余	95
zhu lou	主楼	95
ping ping pang pang	乒乒乓乓	95
ru zhi pin	乳制品	95
wu lu	五路	95
jing shui	井水	95
ya tai	亚太	95
wang yi	亡佚	95
jiao tong xian	交通线	95
jia kuan	价款	95
fang zao	仿造	95
chuan re	传热	95
hou sai yin	侯赛因	95
bian fu	便服	95
xin bu guo	信不过	95
ting xi	停息	95
chang ming	偿命	95
guan xi	关西	95
qi si	其四	95
yang fu	养父	95
nei zhai	内宅	95
zai fan	再犯	95
jun tong	军统	95
bing mian	冰面	95
chong ya	冲压	95
leng chao re feng	冷嘲热讽	95
ji nei ya wan	几内亚湾	95
ji duan	几段	95
chu sheng di	出生地	95
fen zi sheng wu xue	分子生物学	95
fen chai	分拆	95
fen bo	分拨	95
chu shi hua	初始化	95
shan qu	删去	95
qian ye	前夜	95
jia fa	加法	95
dong chan	动产	95
qin yu	勤于	95
qin kuai	勤快	95
bao han	包涵	95
bei hai jian dui	北海舰队	95
shi duo tian	十多天	95
juan xin cai	卷心菜	95
hou bo	厚薄	95
shuang zuo	双座	95
fan zhuan	反转	95
ke bu ke yi	可不可以	95
ke lian jian	可怜见	95
han hu qi ci	含糊其辞	95
ting wen	听闻	95
wu wu ye ye	呜呜咽咽	95
guo nei fa	国内法	95
po dao	坡道	95
tan ke pao	坦克炮	95
chui si	垂死	95
tang huang	堂皇	95
lei	壘	95
fu yi	复议	95
wai zu	外族	95
duo xiang shi	多项式	95
da shi suo wang	大失所望	95
da di dang qian	大敌当前	95
da xing xing	大行星	95
tao zi	套子	95
tao yong	套用	95
ao gu si	奥古斯	95
hao shu	好书	95
hao duo nian	好多年	95
miao ling	妙龄	95
wei he	威吓	95
gui	宄	95
an xian	安闲	95
song mei ling	宋美龄	95
ding jin	定金	95
xiao qi	小气	95
xiao ling tong	小灵通	95
xiao niu dui	小牛队	95
shao wei	少尉	95
wei qi	尾气	95
niao suan	尿酸	95
shan hai	山海	95
zhang mu	帐目	95
dai qiu	带球	95
chang bei	常备	95
ying yan	应验	95
kai jue	开掘	95
yin xian	引线	95
gui bing	归并	95
lian zhan	恋战	95
re huo	惹祸	95
gan ji bu jin	感激不尽	95
cheng yin	成瘾	95
fang shan	房山	95
da zuo	打坐	95
sao shi	扫视	95
yang mei tu qi	扬眉吐气	95
bao yi	报以	95
la pu jie fu	拉普捷夫	95
zhuo lie	拙劣	95
chi jie	持节	95
pai shan dao hai	排山倒海	95
tui xin zhi fu	推心置腹	95
cao ban	操办	95
pan zhi hua	攀枝花	95
gong ji xing	攻击性	95
qiao ding	敲定	95
xin kuan	新款	95
fang cha	方差	95
pei	旆	95
wu zheng fu	无政府	95
ji shi	既是	95
ben ben	本本	95
cun wai	村外	95
cun she	村社	95
yang jia	杨家	95
guo jiang	果酱	95
liu zong yuan	柳宗元	95
he zi	核子	95
heng	桁	95
ti xing	梯形	95
zao	棗	95
rong shu	榕树	95
si wu zang shen zhi di	死无葬身之地	95
xun nan	殉难	95
du jian	毒箭	95
mao kong	毛孔	95
qi hou dai	气候带	95
ke	氪	95
shui guan	水管	95
wang wang	汪汪	95
bo luo xing	波罗星	95
yang fang	洋房	95
hong ze hu	洪泽湖	95
liu bian	流变	95
you ji dui yuan	游击队员	95
di shui bu lou	滴水不漏	95
yan zou jia	演奏家	95
chan chan	潺潺	95
zhuo zhuo	灼灼	95
gui	炔	95
ai kan	爱看	95
fan shang zuo luan	犯上作乱	95
wang jin bao	王进宝	95
dian wu	玷污	95
zhu lian	珠帘	95
ban chao	班超	95
sheng shi	生事	95
sheng chan guo sheng	生产过剩	95
dian zu lv	电阻率	95
bing du xing	病毒性	95
gai yi ming	盖一鸣	95
sheng run	盛润	95
mu lu xue	目录学	95
zhen xin shi yi	真心实意	95
jiao jie	矫捷	95
po pian	破片	95
ji	禨	95
xi shi	稀世	95
jia	稼	95
mu lei	穆勒	95
shu jing	竖井	95
di er qi	第二期	95
deng bu ji	等不及	95
fu	箙	95
zi cai	紫菜	95
xiu	繍	95
na liang	纳粮	95
fang che	纺车	95
bian nian shi	编年史	95
feng he	缝合	95
suo ju	缩聚	95
fou	缶	95
jian	翦	95
lao zi hao	老字号	95
lao shen	老身	95
zi wei	自慰	95
yu lun jie	舆论界	95
wu bi	舞弊	95
hua bu	花布	95
cang jing	苍劲	95
cha shang	茶商	95
mo ce	莫测	95
zhu shu	著书	95
shu han	蜀汉	95
fei sheng	蜚声	95
yi shan lan lv	衣衫褴褛	95
chu yuan hai	褚元海	95
qiang bao	襁褓	95
xi chang	西昌	95
xi he	西河	95
yao shu	要数	95
yu bei	豫北	95
bei ke	贝克	95
jian min	贱民	95
fei shi	费事	95
he ka	贺卡	95
lin	赁	95
she	赊	95
ci jiao	赐教	95
zan song	赞颂	95
zeng yu	赠与	95
fu ren	赴任	95
chao sheng	超生	95
che zhe	车辙	95
che su	车速	95
zhuan zhi	转制	95
bei fen	辈份	95
ying hou	迎候	95
jin dai hua	近代化	95
jin zhan	进占	95
jin xiao	进校	95
song si	送死	95
song zang	送葬	95
ni xiang	逆向	95
di gui	递归	95
tong zhi	通志	95
guo sheng tong	郭圣通	95
jiu yi	酒意	95
zhong zui	重罪	95
zhong gu	钟鼓	95
gang qin jia	钢琴家	95
cuo shi	错失	95
chang liu	长流	95
gui ge	闺阁	95
que	阕	95
ruan xiao qi	阮小七	95
ya li an	雅利安	95
yin liang	音量	95
yin gao	音高	95
feng ping lang jing	风平浪静	95
shi yan	食言	95
fan ju	饭局	95
xiang cao	香草	95
ma zi	麻子	95
hei bu	黑布	95
shu lei	鼠类	95
yi bi gou xiao	一笔勾销	93
yi cha	一茬	93
san dao	三刀	93
bu jia si suo	不假思索	93
bu ke tong ri er yu	不可同日而语	93
dong xiang xi	东向西	93
zhong jian pai	中间派	93
wu he zhi zhong	乌合之众	93
wu la er shan mai	乌拉尔山脉	93
cheng yi	乘以	93
cheng xi	乘隙	93
mai piao	买票	93
shi ye xin	事业心	93
er shi yi ri	二十一日	93
kui kong	亏空	93
yun hai	云海	93
wu di	五帝	93
ren lai ren wang	人来人往	93
cong zhong	从重	93
dai chang	代偿	93
yang zhang	仰仗	93
zhong shuo fen yun	众说纷纭	93
you sheng zhe	优胜者	93
chuan xun	传讯	93
shen kai	伸开	93
su jia	俗家	93
pian fang	偏方	93
ke di	克敌	93
quan yuan	全员	93
quan guo fu lian	全国妇联	93
gong min quan	公民权	93
liu bai	六百	93
nei hua da zhou	内华达州	93
nong ye yin hang	农业银行	93
xiong shen e sha	凶神恶煞	93
chuang xin xing	创新型	93
fu ben	副本	93
fu you xiang	副油箱	93
shi zai bi xing	势在必行	93
mian wei qi nan	勉为其难	93
shi ba dao	十八道	93
shi kuai	十块	93
qian ming	千名	93
hua yuan	华源	93
dan che	单车	93
nan jing lin shi zheng fu	南京临时政府	93
yuan chan di	原产地	93
shuang hui fa zhan	双汇发展	93
shou	収	93
fa cai zhi fu	发财致富	93
shu zu	叔祖	93
shou ya	受压	93
kou tou chan	口头禅	93
si ma lin	司马林	93
ge de qi suo	各得其所	93
ji ao sen	吉奥森	93
ji ri	吉日	93
hou hua yuan	后花园	93
hou fang	后防	93
hu hao	呼号	93
hu shao	唿哨	93
si xing ji	四星级	93
hu lun	囫囵	93
yuan zhuo	圆桌	93
yuan tong	圆筒	93
sheng bu	声部	93
wai xiang	外相	93
wai yuan	外缘	93
duo mei	多枚	93
duo nan	多难	93
da ge da	大哥大	93
da xing	大姓	93
da shu	大数	93
da bai	大白	93
da e	大额	93
tai chang	太常	93
kong fu zi	孔夫子	93
xue za fei	学杂费	93
xuan chuan dui	宣传队	93
su ming	宿命	93
xiao jie	小街	93
chen feng	尘封	93
shan dong dui	山东队	93
shan fu	山腹	93
ba la	巴拉	93
xi zi	席子	93
chang yan shuo	常言说	93
kang tuo er	康托尔	93
kai chuang xing	开创性	93
yi zhong	异种	93
zhang ming bi	张明弼	93
bin bin you li	彬彬有礼	93
zheng guan	征管	93
xin ji geng si	心肌梗死	93
hen zhi ru gu	恨之入骨	93
ti	惕	93
ju se	惧色	93
re nao	惹恼	93
yi zhong ren	意中人	93
shen yong	慎用	93
xu	戌	93
xi ban zi	戏班子	93
cai xue	才学	93
da bao bu ping	打抱不平	93
da ke shui	打瞌睡	93
tuo er si tai	托尔斯泰	93
kuo bian	扩编	93
ban dao	扳倒	93
tuo ni dai shui	拖泥带水	93
na gei	拿给	93
an li	按理	93
huan cheng	换乘	93
peng de	捧得	93
pai ru	排入	93
ti yao	提要	93
mo na ge	摩纳哥	93
gai zuo	改作	93
jiao yan	教研	93
dou li	斗笠	93
xie ni	斜睨	93
chi ma	斥骂	93
wu guo	无果	93
shi jian duan	时间段	93
ying chen	映衬	93
zhi lv	智虑	93
qu pu	曲谱	93
geng xin huan dai	更新换代	93
mu chai	木柴	93
wei hun qi	未婚妻	93
za fei	杂费	93
quan men	权门	93
jia bu zhu	架不住	93
he	柇	93
qi xi di	栖息地	93
tao hong	桃红	93
leng jiao	棱角	93
zheng ding	正定	93
si lu yi tiao	死路一条	93
mao li ren	毛利人	93
min zu zhu yi zhe	民族主义者	93
shui jing hong	水敬洪	93
shui huo	水货	93
han si	汉斯	93
chi zi	池子	93
yuan jiang	沅江	93
li	涖	93
ye xiang	液相	93
shen hu xi	深呼吸	93
shen shui gang	深水港	93
you yi	游弋	93
you lun	游轮	93
hua tou	滑头	93
man huai xin xin	满怀信心	93
bin wei	濒危	93
huo dian chang	火电厂	93
pao bing tuan	炮兵团	93
lan shu	烂熟	93
yan jiu	烟酒	93
ai jiang	爱将	93
du ba	独霸	93
zhu tou	猪头	93
yu men	玉门	93
wang jia xiang	王稼祥	93
shan hu dao	珊瑚岛	93
ou	瓯	93
yong you	用友	93
yong zhi	用纸	93
you ci kan lai	由此看来	93
shen qing shu	申请书	93
pi yu ben ming	疲于奔命	93
ai bian	癌变	93
bai xi	白皙	93
yan tu	盐土	93
xiang dui xing	相对性	93
yan di	眼底	93
zhuo yan dian	着眼点	93
man	睌	93
zhi ji zhi bi	知己知彼	93
shi jia zhuang shi	石家庄市	93
sha shi	砂石	93
zhuan yao	砖窑	93
tan suan qing na	碳酸氢钠	93
shi li	示例	93
she hui fen gong	社会分工	93
kong kong dang dang	空空荡荡	93
jian zhang lao	简长老	93
cu ye	粗野	93
hong shi zi	红十字	93
ban dao	绊倒	93
jue mi	绝密	93
tong zhan bu	统战部	93
wei ke te	维克特	93
zhan kai	绽开	93
mei se	美色	93
gao yang	羔羊	93
lao mai	老迈	93
lian cheng	联成	93
ju jing hui shen	聚精会神	93
su fan	肃反	93
nao dian tu	脑电图	93
tuo ke	脱壳	93
teng kong er qi	腾空而起	93
zi yu	自娱	93
zi you min	自由民	93
ku wei	苦味	93
mo li	茉莉	93
mo li hua	茉莉花	93
cha fan	茶饭	93
sha che	莎车	93
ying pan	营盘	93
luo wu	落伍	93
pu tao ya yu	葡萄牙语	93
meng mei	蒙昧	93
biao	裱	93
yao qiang	要强	93
ding piao	订票	93
zheng quan fa	证券法	93
hua ju tuan	话剧团	93
tan pan zhuo	谈判桌	93
bai xue zheng	败血症	93
gui yang shi	贵阳市	93
zang	赃	93
zeng gei	赠给	93
zhao qi xian	赵齐贤	93
chao di kong	超低空	93
yue guo	跃过	93
nie	蹑	93
qian yan	迁延	93
jin jin chu chu	进进出出	93
wei jin	违禁	93
di si ni le yuan	迪斯尼乐园	93
tou gu	透骨	93
tong rong	通融	93
ao you	遨游	93
du shi bao	都市报	93
jin sha	金沙	93
tie zhi	铁制	93
mei	镅	93
fu yang	阜阳	93
a mu he	阿姆河	93
lin	霖	93
ling shi guan	领事馆	93
feng yun bian huan	风云变幻	93
feng neng	风能	93
feng sao	风骚	93
ma dui	马队	93
jie	骱	93
gao song nian	高松年	93
hun fei tian wai	魂飞天外	93
long wei	龙尾	93
long yi	龙椅	93
yi wang wu ji	一望无际	92
yi da	一沓	92
qi wu	七五	92
wan gu	万古	92
wan zuo you	万左右	92
san liang	三两	92
shang shou	上首	92
xia chun	下唇	92
bu ze shou duan	不择手段	92
bu zhi hao dai	不知好歹	92
liang fen zhong	两分钟	92
zhong du	中度	92
zhu ke	主客	92
ya te lan da	亚特兰大	92
qin peng	亲朋	92
bo	亳	92
yi qian wa	亿千瓦	92
cong ci yi hou	从此以后	92
yi li	仪礼	92
ren nei	任内	92
xiu yang sheng xi	休养生息	92
hui ji	会集	92
dian ke	佃客	92
yang zhuang	佯装	92
yi yi bu she	依依不舍	92
zhen tan	侦探	92
jun xiu	俊秀	92
dao huan	倒换	92
zhi ban shi	值班室	92
yun nuo	允诺	92
guang liu liu	光溜溜	92
mian yi	免役	92
ru gu	入骨	92
quan ju xing	全局性	92
ba yi dui	八一队	92
gong tang	公堂	92
gong yong shi ye	公用事业	92
liu dao	六道	92
mian	冕	92
xie jing	写景	92
ji tao	几套	92
qie ru dian	切入点	92
lie si	列斯	92
li jing tu zhi	励精图治	92
shi li	势利	92
shi er fen	十二分	92
hua er jie ri bao	华尔街日报	92
hua yu	华语	92
yan	厣	92
can tian	参天	92
can guan zhe	参观者	92
fa mei	发霉	92
pan tao	叛逃	92
ju shi	句式	92
ke zeng	可憎	92
tong xin tong de	同心同德	92
tong li	同理	92
tong meng zhe	同盟者	92
qi shi	启事	92
hu qi	呼气	92
zhe ren	哲人	92
ke	嗑	92
si sui	四岁	92
si zuo	四座	92
kun dun	困顿	92
sheng xiang	圣像	92
di ya	地亚	92
di zhen dai	地震带	92
cheng guan zhen	城关镇	92
ji ben dian	基本点	92
duo zi duo cai	多姿多彩	92
da kai yan jie	大开眼界	92
da yuan li	大院里	92
tian bu pa	天不怕	92
tian qing	天青	92
qi wen	奇闻	92
gu zi	姑子	92
wei quan	威权	92
hun sha	婚纱	92
zi nang	子囊	92
luan sheng	孪生	92
shou ze	守则	92
shi li pai	实力派	92
chong chen	宠臣	92
xiao dong xi	小东西	92
ju wai ren	局外人	92
zhan kuan	展宽	92
gong shang jie	工商界	92
zuo guang dou	左光斗	92
ba la ke	巴拉克	92
gan jing li luo	干净利落	92
ku shen	库什	92
yan bian	延边	92
jian she zhe	建设者	92
gong jian shou	弓箭手	92
zhang wei ying	张维迎	92
qiang heng	强横	92
gui yin	归隐	92
dang quan zhe	当权者	92
xu yuan wen	徐元文	92
xu guo qiang	徐国强	92
xin luan ru ma	心乱如麻	92
ren rang	忍让	92
chang wang	怅惘	92
zong zheng	总政	92
lun	惀	92
yi qu	意趣	92
ge shan	戈珊	92
shou jin	手劲	92
shou chao ben	手抄本	92
niu shang	扭伤	92
ji zhan shu	技战术	92
pi tou san fa	披头散发	92
la li	拉力	92
zhao yao	招摇	92
bo dong	拨动	92
tiao dan	挑担	92
tui wei	推诿	92
liu	旈	92
shi shi	时势	92
you xin ren	有心人	92
mu mian	木棉	92
wei jue	未决	92
li deng hui	李登辉	92
song zan gan bu	松赞干布	92
ge lu pai	格鲁派	92
an ban	案板	92
xie xing wen zi	楔形文字	92
xie su	歇宿	92
dan qi	氮气	92
chi shui	池水	92
wang tie e	汪铁鹗	92
you qi cang	油气藏	92
zhi ben	治本	92
fa xi si zhu yi	法西斯主义	92
hong shui qi	洪水期	92
liu xing bing xue	流行病学	92
hai wang xing	海王星	92
hai shi	海蚀	92
jiao	湫	92
yi jia	溢价	92
hua tang pao	滑膛炮	92
man tang	满堂	92
re du	热度	92
wan ting	烷烃	92
jiao zuo	焦作	92
li zi	狸子	92
xuan miao	玄妙	92
sheng sheng de	生生的	92
shen neng	申能	92
jie nei	界内	92
liao yang yuan	疗养院	92
bing li xing	病理性	92
bai yue	百越	92
cun	皴	92
xiang shu	相熟	92
yan quan er	眼圈儿	92
zhao mi	着迷	92
duan qiang	短枪	92
mo lian	磨炼	92
shen jing xing	神经性	92
shen cai fei yang	神采飞扬	92
ke jiao xing guo	科教兴国	92
gao fei	稿费	92
qiong jin	穷尽	92
yu	窬	92
li zu zhi di	立足之地	92
yu	竽	92
mang	笀	92
di wu wei	第五位	92
deng wei	等位	92
jian bu	箭步	92
mi li dou	米利都	92
cu qi	粗气	92
na gong	纳贡	92
fen yun	纷纭	92
wen lu	纹路	92
niu fen lan	纽芬兰	92
bian xuan	编选	92
suo tou	缩头	92
er gen	耳根	92
nie shi cheng	聂士成	92
rou shen	肉身	92
wei kui yang	胃溃疡	92
sheng zhe	胜者	92
tuo chan	脱产	92
fu nei	腹内	92
fu shui	腹水	92
ge	膈	92
zi ba	自拔	92
chou ma	臭骂	92
zhi cheng	至诚	92
zhi xin	致信	92
wu dao	舞刀	92
hang zhan	航展	92
yi shu guan	艺术馆	92
xiang	芗	92
pie	苤	92
cao suan	草酸	92
luo dao shi chu	落到实处	92
xu bao	虚报	92
xue qin	血亲	92
xue han	血汗	92
xue zhi	血脂	92
yi gui	衣柜	92
biao shu	表叔	92
ji chao	讥嘲	92
yi jue	议决	92
qing jian	请柬	92
tiao pin	调频	92
zhe	谪	92
fu dian	负电	92
gui fu	贵妇	92
sai hui	赛会	92
he la ke	赫拉克	92
zhao xin mei	赵辛楣	92
lu xiang	路向	92
yu	迂	92
guo de qu	过得去	92
huan su	还俗	92
jin kou shang pin	进口商品	92
lian bai	连败	92
xuan kuang	选矿	92
tong zheng si	通政司	92
yu ji	郁积	92
yun	酝	92
zhong jian	重剑	92
jin xiang	金象	92
keng	鍞	92
pu mian	铺面	92
chang qi xing	长期性	92
wen xun	问讯	92
yan xi shan	阎锡山	92
a la bo hai	阿拉伯海	92
a ji ge	阿济格	92
a li ba ba	阿里巴巴	92
lu xiang	陆相	92
chen si fu	陈寺福	92
jiang xue	降雪	92
sui mo	隋末	92
qing hao	青蒿	92
ge chu	革除	92
wei de	韦德	92
gu mei sheng	顾媚生	92
zhuan xu	颛顼	92
shi liao	食疗	92
xian bing	馅饼	92
sou	馊	92
ma shao	马勺	92
gao lou da sha	高楼大厦	92
gao meng suan jia	高锰酸钾	92
bao sang ni	鲍桑尼	92
yuan yang dao	鸳鸯刀	92
lu er dao	鹿儿岛	92
ma sheng li gong xue yuan	麻省理工学院	92
huang qi	黄旗	92
bi xue	鼻血	92
qi ba nian	七八年	91
wan zhong	万众	91
wan mei	万枚	91
wan fu	万福	91
san die	三叠	91
san bu zou	三步走	91
shang rao	上饶	91
xia bai	下摆	91
xia e	下颚	91
bu hao guo	不好过	91
bu jin bu man	不紧不慢	91
bu xun	不逊	91
chou ba guai	丑八怪	91
dong ba	东巴	91
liang ju	两局	91
liang zhan	两盏	91
liang zhen	两阵	91
zhong guo zuo jia xie hui	中国作家协会	91
zhong guo wang tong	中国网通	91
zhong guo yu mao qiu dui	中国羽毛球队	91
zhong jie	中街	91
li li	丽丽	91
jiu duan	九段	91
er ben	二本	91
jing pen	井喷	91
chan you guo	产油国	91
ren shou bao xian	人寿保险	91
yi du	亿度	91
xiu zhan	休战	91
jie shi	借势	91
pian po	偏颇	91
ting ban	停办	91
jiang zhi	僵直	91
yuan yue	元月	91
xian feng dui	先锋队	91
xian qu zhe	先驱者	91
quan shen xing	全身性	91
guan she	关涉	91
guan lian	关连	91
zai ze	再则	91
ji shi mi	几十米	91
ji bai ge	几百个	91
dao qiao	刀鞘	91
fen nei	分内	91
hua zhuan	划转	91
liu chu xuan	刘处玄	91
liu jian ye	刘建业	91
liu bu chan	刘步蟾	91
gua lian	刮脸	91
ke ban	刻板	91
jia feng	加封	91
bei hui gui xian	北回归线	91
bei guo	北国	91
yi shu	医书	91
sheng guan fa cai	升官发财	91
hua qiao cheng	华侨城	91
ka er ji	卡尔基	91
ka men	卡门	91
wo dao	卧倒	91
wei guo zhan zheng	卫国战争	91
wei sheng bu men	卫生部门	91
fa ming zhe	发明者	91
shou xun	受训	91
bian lian	变脸	91
gu jiu	古旧	91
gu shu	古树	91
shi wu qian li	史无前例	91
he zi	合子	91
ming xia	名下	91
gu	呱	91
he fu	和服	91
he long	和龙	91
hui	哕	91
si xing	四行	91
si bian	四边	91
si mian ti	四面体	91
guo nan	国难	91
yuan lian	圆脸	91
di xue	地穴	91
fen tou	坟头	91
zhuang dan	壮胆	91
xia hou yuan	夏侯渊	91
duo zi	多姿	91
da hao	大号	91
da du zi	大肚子	91
da chang gan jun	大肠杆菌	91
tai gu	太古	91
jiang pin	奖品	91
ao si lu	奥斯陆	91
cun zhe	存折	91
shou shi	守势	91
shou xing	寿星	91
feng suo xian	封锁线	91
jian zi	尖子	91
jin ru ren yi	尽如人意	91
jin zhi	尽职	91
cha zi	岔子	91
ji	嵴	91
bu liao	布料	91
gan zhi liu	干支流	91
ku er lei	库尔勒	91
ku cang	库藏	91
pang jia lai	庞加莱	91
jian gong	建功	91
kai wai	开外	91
qiang xue hui	强学会	91
cai qi	彩旗	91
che gu	彻骨	91
lv shi	律诗	91
huai te	怀特	91
zong ze	总则	91
gong qin wang	恭亲王	91
e yan	恶言	91
yi da li yu	意大利语	91
gan hua	感化	91
gan ran xing	感染性	91
fen ji	愤激	91
fang di chan ye	房地产业	91
shou fu tuo la ji	手扶拖拉机	91
da han	打鼾	91
pi yue	批阅	91
bao jie	报捷	91
mo sha	抹杀	91
chai diao	拆掉	91
pai mai hui	拍卖会	91
shi yi	拾遗	91
an cha shi	按察使	91
tiao ming	挑明	91
hui shi	挥师	91
ai ma	挨骂	91
dian liang	掂量	91
jie xia	接下	91
zheng jiao	政教	91
shu qian ming	数千名	91
shu zhong	数种	91
fang xiang xing	方向性	91
yi shi	易事	91
pu tuo	普陀	91
an he	暗河	91
bao feng	暴风	91
geng you shen zhe	更有甚者	91
geng yi	更衣	91
yue yu	月余	91
ben ti	本题	91
zhu bai shi	朱白氏	91
li ming xin	李明心	91
yang gui fei	杨贵妃	91
bei zhong	杯中	91
song liao	松辽	91
fang	枋	91
fan	柉	91
mou ri	某日	91
you	柚	91
cha yi huang	查伊璜	91
chai hu	柴胡	91
qiao kong	桥孔	91
mei jia la	梅加拉	91
duan	椴	91
chu di ju	楚地居	91
zun	樽	91
zheng fang xing	正方形	91
wu xia	武侠	91
gu	毂	91
qi shi pang bo	气势磅礴	91
qi dao	气道	91
shui wen xue	水文学	91
shui zhu	水柱	91
shui xi	水洗	91
hui yan	汇演	91
gong zhu	汞柱	91
tang yao	汤药	91
huo si ren	活死人	91
jiao guan	浇灌	91
fu bing	浮冰	91
dan wang	淡忘	91
qing xian	清闲	91
xiang cai	湘财	91
ni ai	溺爱	91
hua xian	滑县	91
huo jian dui	火箭队	91
ling yin si	灵隐寺	91
re re nao nao	热热闹闹	91
dao	焘	91
te jia	特价	91
yu zhuo	玉镯	91
wang guan	王冠	91
wang jian jie	王剑杰	91
qiu yi	球衣	91
li xiang hua	理想化	91
li cha de	理查德	91
wa liang ge	瓦良格	91
ji bian	畸变	91
tan ruan	瘫软	91
ying	瘿	91
deng feng	登封	91
bai sha	白沙	91
wan bei	皖北	91
yan jian	盐碱	91
sheng yu	盛誉	91
zhen chuan	真传	91
mi feng	眯缝	91
zhao shu	着数	91
xiao ji ben	硝基苯	91
ying mu	硬木	91
shen yong	神勇	91
bing fu	禀赋	91
yi bu	移步	91
chuan tou li	穿透力	91
li xian pai	立宪派	91
jian dan hua	简单化	91
jin shen	紧身	91
jin bi	紧逼	91
qin	綅	91
zhong shen da shi	终身大事	91
xiu hua xie	绣花鞋	91
zong he ti	综合体	91
yuan qi	缘起	91
yang gao	羊羔	91
mei sai ni ya	美塞尼亚	91
ling	羚	91
yu mao qiu sai	羽毛球赛	91
fan pan	翻盘	91
lao jun	老君	91
gan ying hua	肝硬化	91
zi bian	自编	91
fen qi	芬奇	91
xian	苋	91
su men da la dao	苏门答腊岛	91
ke qiu	苛求	91
cui	萃	91
jiao long	蛟龙	91
shu zhong	蜀中	91
bei qiu	被囚	91
xi shi	西式	91
hu	觳	91
ping shu	评书	91
hua yu quan	话语权	91
xiang xing wen zi	象形文字	91
qi tiao	起跳	91
lu xian tu	路线图	91
shen duan	身段	91
ruan huo	软和	91
qing qu	轻取	91
da ji ya na	达吉亚娜	91
yun chou wei wo	运筹帷幄	91
huan dai	还贷	91
lian huan hua	连环画	91
chi wu	迟误	91
you xiang	邮箱	91
ku re	酷热	91
yang	钖	91
men zhu	门柱	91
yang xian	阳线	91
yin mai	阴霾	91
xiang shun	降顺	91
shan gan ning	陕甘宁	91
yin qing	隐情	91
ling luan	零乱	91
lei guan	雷管	91
fei gong you zhi	非公有制	91
kuo	韕	91
wei	韪	91
dun ran	顿然	91
gao yuan	高远	91
gao gao di	高高地	91
lin chi mu	鳞翅目	91
huang rang	黄壤	91
hei mu ya	黑木崖	91
yi bian dao	一边倒	90
san jiao	三焦	90
san dui	三队	90
shang yin	上瘾	90
bu zhi tian gao di hou	不知天高地厚	90
zhuan che	专车	90
dong nan fang	东南方	90
liang qian duo nian	两千多年	90
yan dong	严冬	90
zhong ji	中继	90
zhong lian bu	中联部	90
chuan lian	串连	90
wei ban	为伴	90
zhu ci	主次	90
qiao dan	乔丹	90
ru jiao	乳胶	90
er shi yu li	二十余里	90
hu lian	互连	90
wu deng	五等	90
dai ci	代词	90
ling qi	令旗	90
hui pai	会派	90
ci fu	伺服	90
di di de	低低的	90
zuo fei	作废	90
zuo an	作案	90
xiu shen	修身	90
ba jiu	八九	90
guan diao	关掉	90
ji zhong	冀中	90
jue ding lun	决定论	90
chu huo liang	出货量	90
fen men bie lei	分门别类	90
li kong	利空	90
bie yang	别样	90
shua ka	刷卡	90
shi gen	十根	90
ban cun	半寸	90
ban si bu huo	半死不活	90
hua wei dian zi	华微电子	90
yin du ban dao	印度半岛	90
shuang bei	双倍	90
fan she jing	反射镜	90
fa ling	发令	90
fa dian zhan	发电站	90
hao zi	号子	90
tong ren	同人	90
tong ling	同龄	90
hou ban sheng	后半生	90
wu han	吴晗	90
wu ai zhen	吴爱珍	90
zhou qi si	周琦思	90
xian shui hu	咸水湖	90
ku nao	哭闹	90
zhe xue xi	哲学系	90
chuai	啜	90
sang	嗓	90
si liu ji	四六级	90
si mu	四目	90
yuan zhou	圆周	90
quan quan	圈圈	90
sheng dian	圣殿	90
di di dao dao	地地道道	90
zuo wei	坐位	90
chui liu	垂柳	90
xia li	夏历	90
da han lin li	大汗淋漓	90
da ma	大马	90
tian yuan	天元	90
tou gai gu	头盖骨	90
jiao xiu	娇羞	90
niang zi jun	娘子军	90
zi ji	子集	90
an meng	安盟	90
song ming	宋明	90
rong gui fang	容桂芳	90
mi tan	密谈	90
xiao chou	小丑	90
xiao qiu	小丘	90
xiao shuo ji	小说集	90
jian ke	尖刻	90
jin xing	尽兴	90
zhan wei	展位	90
tu fu	屠夫	90
shan cha	山茶	90
shan yao	山药	90
jue	崛	90
xun you	巡游	90
ping liang	平凉	90
ping shan	平山	90
fu di	府第	90
kai ju	开具	90
yi wei	异味	90
yi xing	异形	90
chi xie	弛懈	90
dang ren bu rang	当仁不让	90
zhong zhen	忠贞	90
si chao qi fu	思潮起伏	90
zong chan	总产	90
qing shu	情书	90
guan yu	惯于	90
cheng pi	成批	90
suo jian suo wen	所见所闻	90
zha ye de	扎耶德	90
da kua	打垮	90
tuo qi	托起	90
ba wan	把玩	90
qiang yan	抢眼	90
zhi hui jia	指挥家	90
lve qu	掠取	90
ti hua	提花	90
zhi	搱	90
bai du	摆渡	90
mo quan ca zhang	摩拳擦掌	90
gong xin	攻心	90
fang pao	放炮	90
jiao yu gong zuo zhe	教育工作者	90
liao shi ru shen	料事如神	90
lv she	旅社	90
ang yang	昂扬	90
chang sheng	昌盛	90
pu lin si	普林斯	90
pu tong gu	普通股	90
ti ren	替人	90
you kui	有愧	90
za shi	杂食	90
li guo xing	李国兴	90
li cheng	李成	90
li cheng wan	李承晚	90
qiang tou	枪头	90
ge er mu	格尔木	90
liang wan jun	梁万俊	90
mei xi na	梅西纳	90
leng jing	棱镜	90
qiu	楸	90
cheng se	橙色	90
chun	櫄	90
yu jue	欲绝	90
shui li fa dian	水力发电	90
shui gou	水沟	90
han yu yan	汉语言	90
chen chen de	沉沉的	90
zhu xiao	注销	90
xi xi	洗洗	90
liu du	流毒	90
liu yang	浏阳	90
hai dan	海胆	90
hai long	海龙	90
run zhou	润州	90
rong hua	溶化	90
di liu liu	滴溜溜	90
hui shu	灰鼠	90
kang yan	炕沿	90
shao shui	烧水	90
chao	焯	90
zhao li	照理	90
zhao ya	爪牙	90
niu peng	牛棚	90
zhuang zi	状子	90
gou tou	狗头	90
bo li wa er	玻利瓦尔	90
qi	琪	90
wa dang	瓦当	90
shen huo	甚或	90
bai lu zhen	白鹿镇	90
mu ji	目击	90
xiang bang	相帮	90
mei yu	眉宇	90
shi xia	石匣	90
jian jin shu	碱金属	90
tan suan yan yan	碳酸盐岩	90
ci tou	磁头	90
ci tie kuang	磁铁矿	90
shen jing shuai ruo	神经衰弱	90
xiang yun	祥云	90
ke huan	科幻	90
ji he	稽核	90
kong di dao dan	空地导弹	90
kong men	空门	90
qie qie si yu	窃窃私语	90
dou tai hou	窦太后	90
di san ceng	第三层	90
ji nian di	纪念地	90
chun jin	纯金	90
jie an	结案	90
lv shu	绿树	90
lan che	缆车	90
wang luo	网罗	90
zhi ye	置业	90
qun qing	群情	90
fan an feng	翻案风	90
ju san	聚散	90
cong ying	聪颖	90
zhong tong	肿痛	90
mai men	脉门	90
nao xue guan	脑血管	90
wu dao jia	舞蹈家	90
ying guo guo fang bu	英国国防部	90
teng luo	藤萝	90
ya chong	蚜虫	90
xue niao	血尿	90
tan	袒	90
xiu zhen	袖珍	90
lie hen	裂痕	90
zhuang yun	装运	90
yan ting ji cong	言听计从	90
yi hui zhi	议会制	90
nuo hua	诺华	90
yu ling	谕令	90
bang	谤	90
zhen yuan	贞元	90
fu dian he	负电荷	90
bai jiang	败将	90
shang yue	赏月	90
ying jia	赢家	90
chi shui	赤水	90
zou huo ru mo	走火入魔	90
zhao ben shan	赵本山	90
cai ta	踩踏	90
shen xian shi zu	身先士卒	90
lun zuo	轮作	90
nian	辗	90
qian hui	迁回	90
yu fu	迂腐	90
yun shu che	运输车	90
jin tui liang nan	进退两难	90
tong dian	通电	90
tong guo lv	通过率	90
qian san	遣散	90
na lao seng	那老僧	90
lao	酪	90
xun	醺	90
shi ran	释然	90
li ying wai he	里应外合	90
ye gou	野狗	90
zuan ji	钻机	90
tie huan	铁环	90
lian qiu jun	链球菌	90
chang tu ba she	长途跋涉	90
yin nang	阴囊	90
a ka	阿卡	90
a liu shen	阿留申	90
xian jia	限价	90
lei she	雷射	90
zhen zhong	震中	90
lu su	露宿	90
gu de shang	顾得上	90
han shou	颔首	90
fei yu	飞鱼	90
tang	饧	90
xiang pen pen	香喷喷	90
ma si	马嘶	90
ma la song	马拉松	90
ma lai ya	马来亚	90
piao qi	骠骑	90
peng	髼	90
ji	麂	90
ma pi a	麻皮阿	90
yi li	一力	89
yi zhao yi xi	一朝一夕	89
san tian liang tou	三天两头	89
san xing dian zi	三星电子	89
bu tong fan xiang	不同凡响	89
bu zhuo bian ji	不着边际	89
bu su zhi ke	不速之客	89
zhong yong zhi dao	中庸之道	89
lin chao	临朝	89
dan ni si	丹尼斯	89
luan lun	乱伦	89
shi quan	事权	89
yun gui gao yuan	云贵高原	89
chan pin xian	产品线	89
jing hua	京华	89
dan	亶	89
fu tuo	付托	89
xian dan	仙丹	89
ling jian	令箭	89
chuan yang	传扬	89
di ping	低平	89
ti cha	体察	89
he le er bu wei	何乐而不为	89
yu re	余热	89
ni lai wo wang	你来我往	89
bian dao	便道	89
bao hu guo	保护国	89
xin xi guan li	信息管理	89
dao tai	倒台	89
qing tu	倾吐	89
pian xin	偏心	89
guang jie	光洁	89
ke lei si	克勒斯	89
ba tiao	八条	89
liu pan shan	六盘山	89
gong mou	共谋	89
ji nan	冀南	89
nong ye guo	农业国	89
guan mian tang huang	冠冕堂皇	89
bing qi lin	冰淇淋	89
diao	凋	89
ling bo wei	凌波微	89
ji li	几里	89
ji men	几门	89
chu na	出纳	89
chu shen	初审	89
qian yin hou guo	前因后果	89
jia quan	加权	89
lie ji	劣迹	89
xun jue	勋爵	89
qin mian	勤勉	89
shi wan huo ji	十万火急	89
dan zi	单字	89
mai yi	卖艺	89
wei shu	卫戍	89
ya suo ji	压缩机	89
yuan zhuang	原状	89
can xuan	参选	89
shuang sheng	双生	89
fan bing du	反病毒	89
fa shou	发售	89
fa she chang	发射场	89
bian tong	变通	89
tai er zhuang	台儿庄	89
ji shi	吉士	89
yin chang	吟唱	89
ting zheng	听证	89
wu liang fu	吴良辅	89
wu hu	呜呼	89
ha yi da er yuan	哈医大二院	89
chuo qi	啜泣	89
xin	噺	89
si zhang	四张	89
bi hu	壁虎	89
duo fu	多夫	89
duo duan	多端	89
da ya wan	大亚湾	89
da fo si	大佛寺	89
da fa lei ting	大发雷霆	89
da ting guang zhong	大庭广众	89
da mu da yang	大模大样	89
jia feng	夹缝	89
ji bao	季报	89
gu ku	孤苦	89
ding shu	定数	89
ke yun zhan	客运站	89
xuan hua	宣化	89
rong guang huan fa	容光焕发	89
zun zhang	尊长	89
xiao er yi	小尔依	89
shan yan	山岩	89
gong ye bu	工业部	89
gan bu liao	干不了	89
ping jin zhan yi	平津战役	89
ping xi bo	平西伯	89
bing tun	并吞	89
guang gao pai	广告牌	89
gong xian	弓弦	89
zhang tai lei	张太雷	89
xing ying bu li	形影不离	89
zheng liang	征粮	89
wei bo lu	微波炉	89
nian nian you ci	念念有词	89
yang yang	怏怏	89
zi yi	恣意	89
huan bing lv	患病率	89
ao	懊	89
jia	戛	89
fang yan	房檐	89
suo xiang	所向	89
shou zhang	手杖	89
da ma	打骂	89
yang bian	扬鞭	89
hu shen fu	护身符	89
bao song	报送	89
shi duo	拾掇	89
an ji hua	按计划	89
zhi ai	挚爱	89
ai e	挨饿	89
chan huo	掺和	89
sa ma er han	撒马尔罕	89
zhuan gao	撰稿	89
chu	敊	89
zheng tao	整套	89
zheng liu zhao	整流罩	89
xin dong fang	新东方	89
yang	旸	89
ang qi	昂起	89
nuan yi	暖意	89
zui you hua	最优化	89
shuo feng	朔风	89
mu gao feng	木高峰	89
wei yu	未愈	89
ji dui	机队	89
yang bu hui	杨不悔	89
yang ting lin	杨廷麟	89
lin xing zhu	林兴珠	89
guo jiao	果胶	89
jia shi	架式	89
shu ding	树顶	89
yang ban	样板	89
tan mu	檀木	89
huan xin gu wu	欢欣鼓舞	89
zheng ze	正则	89
zheng li zi	正离子	89
mei qi	每期	89
qi ji	气急	89
qi hua	气话	89
tang yuan	汤圆	89
fen jiu	汾酒	89
mei kong	没空	89
fa shu	法术	89
zhu wen	注文	89
tai he	泰和	89
yang gui zi	洋鬼子	89
shen kong	深恐	89
shen gou	深沟	89
huang shui	湟水	89
kui tui	溃退	89
zi yin	滋阴	89
ta he	漯河	89
xiao	潇	89
qian zhi	潜质	89
huo shan hui	火山灰	89
pao lou	炮楼	89
lie xing	烈性	89
fan luan	烦乱	89
han	焓	89
niu gui she shen	牛鬼蛇神	89
cai zhong	猜中	89
wan wu	玩物	89
sheng qi	生漆	89
dian liang	电量	89
dian	癫	89
bai mo	白沫	89
bai mi	白米	89
bai hua wen	白话文	89
bai ji	百济	89
pi jiang	皮匠	89
yan tie shi	盐铁使	89
xiang ren	相认	89
zhen ji	真迹	89
yan er	眼儿	89
zhi shi	知事	89
shi tan ji	石炭纪	89
fu di	福地	89
li he qi	离合器	89
si sheng huo	私生活	89
du	秺	89
jiong jing	窘境	89
jing zheng xing	竞争性	89
tiao	笤	89
di san jian	第三件	89
di shi san	第十三	89
di shi er zhang	第十二章	89
bo ji	簸箕	89
jing yan	精研	89
cao	糙	89
hong liu jun tuan	红六军团	89
jie za	结扎	89
wei qi	维奇	89
bian pei	编配	89
chan dou	缠斗	89
wang tong	网通	89
fei dong mai	肺动脉	89
hu chui	胡吹	89
hu tao	胡桃	89
jiao sai	胶塞	89
neng shi	能事	89
tuo qing	脱氢	89
pi xing	脾性	89
fei	腓	89
chen liao	臣僚	89
zi shu	自述	89
cao	艹	89
hua lan	花篮	89
ping guo gong si	苹果公司	89
fan bang zhu	范帮主	89
mao she	茅舍	89
huang yin	荒淫	89
he zai	荷载	89
cang yi	藏医	89
xu huo	虚火	89
dai shu	袋鼠	89
xi wang mu	西王母	89
jie zhi	解职	89
zhou	詋	89
ren gu quan zheng	认股权证	89
nuo fu	诺夫	89
du qu	读取	89
tiao liao	调料	89
bai jun	败军	89
gou mai zhe	购买者	89
he hai	贺海	89
fu shi	赋诗	89
fu tang dao huo	赴汤蹈火	89
chao du	超度	89
chao qiang	超强	89
jiao jin	较劲	89
jin cun	进村	89
tou she	透射	89
tong shen	通身	89
zao chuan ye	造船业	89
qiong	邛	89
you bao	邮报	89
pei shou	配售	89
zhong tuo	重托	89
jin gen	金根	89
dui	鐓	89
ya	铔	89
zhui zi	锥子	89
chang kong	长空	89
zhang sheng	长绳	89
a po	阿婆	89
tuo luo yi	陀螺仪	89
yuan xi	院系	89
nan zhe	难者	89
lei bao	雷暴	89
lei yan zuo	雷演祚	89
ding tou shang si	顶头上司	89
shun dao	顺道	89
yu shou	预售	89
dian san dao si	颠三倒四	89
feng feng yu yu	风风雨雨	89
fei hu	飞狐	89
ma ming de	马明德	89
xiao yong	骁勇	89
gao ai	高矮	89
yu long	鱼龙	89
an chun	鹌鹑	89
mai cao	麦草	89
huang wen bing	黄文炳	89
qi she	齐射	89
long tan	龙潭	89
yi shi	一师	88
yi dian yi di	一点一滴	88
yi zou liao zhi	一走了之	88
qi shi sui	七十岁	88
san wu	三五	88
san shi ba nian	三十八年	88
shang chun	上唇	88
shang hai ren min chu ban she	上海人民出版社	88
xia ban shi	下半时	88
xia po	下坡	88
liang qi	两期	88
ge ti jing ying	个体经营	88
zhong liu	中流	88
lin shi gong	临时工	88
zheng xiong	争雄	88
er dui	二队	88
ya tai qu	亚太区	88
ren ming	人名	88
ren ji han zhi	人迹罕至	88
sa	仨	88
kuai ji xue	会计学	88
e wen	俄文	88
jie gu	借故	88
seng pao	僧袍	88
zan	儹	88
ba chi	八尺	88
ba dao	八道	88
gong yi	公议	88
liu shi si	六十四	88
gong chan zhu yi zhe	共产主义者	88
yang shen	养神	88
jun quan	军权	88
leng leng	冷冷	88
dao fu shou	刀斧手	88
chuang zuo zhe	创作者	88
zhi yan	制盐	88
jian qi	剑气	88
gong hao	功耗	88
dong wu xue	动物学	88
nu zui	努嘴	88
bo fa	勃发	88
qin gong jian xue	勤工俭学	88
bei he	北河	88
shi duo ming	十多名	88
dan he	单核	88
nan bei zhan zheng	南北战争	88
li lian	历练	88
shuang mian	双面	88
fan hua	反华	88
kou feng	口风	88
hao zhao li	号召力	88
he yi	合意	88
ji er ji si	吉尔吉斯	88
tong zong	同宗	88
hou zuo	后坐	88
lv meng	吕蒙	88
ting ping	听凭	88
se	啬	88
die die bu xiu	喋喋不休	88
suo	嗍	88
tu ti	土体	88
di jia	地价	88
di bao	地堡	88
mai she	埋设	88
tang xiong di	堂兄弟	88
duo tai	堕胎	88
chu shen	处身	88
da wei	大位	88
da ling he	大凌河	88
da jia zu	大家族	88
da en da de	大恩大德	88
da yu	大禹	88
da zang sheng	大藏省	88
tian shu	天书	88
tian zhu	天柱	88
tou yun mu xuan	头晕目眩	88
nv ban	女伴	88
wei lian mu si	威廉姆斯	88
jing	婧	88
ning dou	宁都	88
song zhen zong	宋真宗	88
shi chu	实处	88
ke jia	客家	88
ke yun liang	客运量	88
jia pin	家贫	88
mi shu	密书	88
fu guo	富国	88
han wen dai	寒温带	88
gua tou zheng zhi	寡头政治	88
xun huan zuo le	寻欢作乐	88
she pin	射频	88
tu long	屠龙	88
shan yang	山阳	88
yao	崾	88
xun hui yan chu	巡回演出	88
gong zuo dui	工作队	88
ba er	巴尔	88
zhang fang	帐房	88
nian huo	年货	88
you fa la di he	幼发拉底河	88
kai tian pi di	开天辟地	88
ruo hua	弱化	88
dan gong	弹弓	88
gui qu	归去	88
cai xia	彩霞	88
bi de da di	彼得大帝	88
dai ye	待业	88
dai xu	待续	88
xu li li	徐力里	88
yu shi zhong cheng	御史中丞	88
xun huan xi tong	循环系统	88
mang mang lu lu	忙忙碌碌	88
zen nai	怎奈	88
guai zhao	怪招	88
man you you	慢悠悠	88
cheng gong zhe	成功者	88
jie ju	戒惧	88
da shou	打手	88
pi dou	批斗	88
cheng dang	承当	88
ba zhu	把住	88
zhua bu	抓捕	88
zhi hui che	指挥车	88
zhi ri ke dai	指日可待	88
tao yao bao	掏腰包	88
ling	掕	88
wo jin	握紧	88
she ying ji	摄影机	88
shou pan jia	收盘价	88
yi	敼	88
wen fang si bao	文房四宝	88
si ta fu	斯塔夫	88
wu chan zhe	无产者	88
wu shi wu ke	无时无刻	88
wu guo	无过	88
ming jing	明净	88
yi bo la xin	易卜拉欣	88
ni	昵	88
zan shi xing	暂时性	88
zui xin xing	最新型	88
ben mo	本末	88
lai lai qu qu	来来去去	88
ku si	枯死	88
he ji hua	核计划	88
sang shu	桑树	88
lou jia	楼价	88
heng man	横蛮	88
zheng ti	正题	88
ci bing	此病	88
si fa	死法	88
si hai	死海	88
dan	殫	88
mao an ying	毛岸英	88
mao fang zhi	毛纺织	88
min ge	民革	88
shui jing gong	水晶宫	88
wen	汶	88
huo ti	活体	88
yu xue fen zhan	浴血奋战	88
hai xiang	海象	88
wo liu	涡流	88
zhang chao	涨潮	88
dan bo	淡泊	88
shen chang	深长	88
wen run	温润	88
wei nan	渭南	88
hua shi	滑石	88
hua xiang ji	滑翔机	88
qian shui ting	潜水艇	88
ji guang shu	激光束	88
lai	瀬	88
yang	烊	88
yan qi	烟气	88
shao jiao	烧焦	88
ran mei zhi ji	燃眉之急	88
wu zheng	物证	88
qian yin shi	牵引式	88
fan shang	犯上	88
di la ke	狄拉克	88
shou	狩	88
du sheng	独生	88
yu quan	玉泉	88
li liao	理疗	88
sheng wu wu qi	生物武器	88
dian ji	电击	88
dian xian gan	电线杆	88
chang tong wu zu	畅通无阻	88
ji mang	疾忙	88
bing tong	病痛	88
lai	癞	88
pi bian	皮鞭	88
gai fang	盖房	88
zhi hang	直航	88
xiang dui er yan	相对而言	88
sheng gang da ba gong	省港大罢工	88
yan jian de	眼见得	88
shun xi wan bian	瞬息万变	88
meng	矇	88
cha	碴	88
lei	磊	88
she hui shi	社会史	88
zhu jia zhuang	祝家庄	88
shen gui	神鬼	88
qin hong mian	秦红棉	88
qiong xiong ji e	穷凶极恶	88
chuang ge	窗格	88
di yi yan	第一眼	88
di shi yi zhang	第十一章	88
tiao	粜	88
zi jing	紫荆	88
xi bao qi	细胞器	88
jing du	经度	88
fei hong	绯红	88
zong he zheng	综合症	88
wang luo ban	网络版	88
ji ya	羁押	88
mei guo ke xue yuan	美国科学院	88
lian ji	联机	88
cong min	聪敏	88
zhi han	致函	88
jiu ma	舅妈	88
she zhan	舌战	88
yan wu shuang	艳无双	88
yao fen	药粉	88
luo shan	落山	88
shuo	蒴	88
rong hui guan tong	融会贯通	88
mang she	蟒蛇	88
zhuang shi xing	装饰性	88
xi ha nu ke	西哈努克	88
xi ya tu	西雅图	88
jiao men	角门	88
jiang tan	讲坛	88
lun zui	论罪	88
shi jian	识见	88
ci yuan	词源	88
shuo chuan	说穿	88
diao shi	调式	88
shi hao	谥号	88
yu zhou	豫州	88
tie tu	贴图	88
qi zhong ji	起重机	88
chao chang	超常	88
zu qiu chang	足球场	88
dian	踮	88
yi shi	轶事	88
pi	邳	88
suan zao	酸枣	88
zui yi	醉意	88
tong cheng	铜城	88
xi ye na	锡耶纳	88
chang ci yi wang	长此以往	88
men ke	门客	88
kang	闶	88
yang guan	阳关	88
a la bo wen	阿拉伯文	88
xian tan	险滩	88
long xiong	隆胸	88
nan bian	难辨	88
piao miao	飘渺	88
fei ru	飞入	88
ma li ang	马里昂	88
gui men guan	鬼门关	88
huang pao	黄袍	88
hei guo	黑锅	88
ken	龈	88
yi ge dian	一个点	87
yi nian dao tou	一年到头	87
yi bai ming	一百名	87
san fen	三份	87
san shi er	三十二	87
san fan	三反	87
xia ti	下体	87
xia zhou	下周	87
bu da bu xiao	不大不小	87
bu sheng mei ju	不胜枚举	87
bu neng zi ba	不能自拔	87
dong yi	东移	87
si lu	丝路	87
liang shou kong kong	两手空空	87
zhong yang su qu	中央苏区	87
zhong wen ban	中文版	87
zhong tiao shan	中条山	87
zhong jian ren	中间人	87
shu ti	书体	87
zheng quan	争权	87
er shi liu ri	二十六日	87
er shi tian	二十天	87
wang gu	亡故	87
jiao fei	交费	87
cong xiao dao da	从小到大	87
zhong jia	众家	87
si ceng xiang shi	似曾相识	87
he teng jiao	何腾蛟	87
yu guan zhu	余观主	87
gong re	供热	87
qin lve	侵掠	87
bao zhi	保值	87
bao shan	保山	87
bao fei	保费	87
dao shui	倒水	87
yi zhang	倚仗	87
ting ye	停业	87
xian yan	先验	87
guang shan	光栅	87
quan chang	全厂	87
ba xiang	八项	87
liu cheng	六成	87
ju ti shuo lai	具体说来	87
nei meng gu gao yuan	内蒙古高原	87
jun shi ke xue	军事科学	87
kai er te	凯尔特	87
chu xun	出巡	87
dang	凼	87
qie chi	切齿	87
chu	刍	87
yue	刖	87
zhi dao xi tong	制导系统	87
jian ji	剪辑	87
jia zai	加载	87
bo gen di	勃艮第	87
hua nong	化脓	87
bei da xi yang gong yue zu zhi	北大西洋公约组织	87
shi si ge	十四个	87
ban tu er fei	半途而废	87
xie li	协力	87
luan xi bao	卵细胞	87
xie qu	卸去	87
xie zhuang	卸妆	87
e er ni nuo	厄尔尼诺	87
shuang shu	双数	87
fa she ji	发射机	87
gu yuan	古猿	87
hou qin bu	后勤部	87
dun ji	吨级	87
chui feng	吹风	87
ha te	哈特	87
wei nai	喂奶	87
xi nu	喜怒	87
zhe	嗻	87
jue	噘	87
si deng	四等	87
xin	囟	87
guo chan hua	国产化	87
di li	地利	87
ji zhan	基站	87
sai wei li ya	塞维利亚	87
mo zhi	墨汁	87
duo fen	多分	87
da bu yi yang	大不一样	87
da sheng chan	大生产	87
tian luo di wang	天罗地网	87
she mi	奢靡	87
nv se	女色	87
po suo	婆娑	87
zi li hang jian	字里行间	87
cun zhu	存贮	87
song ren zong	宋仁宗	87
jia si	家私	87
han dong	寒冬	87
xiao bu	小步	87
gan	尴	87
chong de	崇德	87
gong xue	工学	87
zuo you wei nan	左右为难	87
ba ba duo si	巴巴多斯	87
ba jie zu zhi	巴解组织	87
bu xia	布下	87
xi la ke	希拉克	87
dai bing	带病	87
bang ban	帮办	87
ping xing guan	平型关	87
lin	廪	87
qiang ji ji	强击机	87
gui lei	归类	87
yu han	御寒	87
wei hu qi wei	微乎其微	87
de lei si dun	德累斯顿	87
nian nian	念念	87
guai jiao	怪叫	87
zong bian	总编	87
zi si	恣肆	87
can ju	惨剧	87
yi zhong	意中	87
xi ban	戏班	87
cheng jiao e	成交额	87
cheng dui	成堆	87
pu su su	扑簌簌	87
qiang duan	抢断	87
la xi de	拉希德	87
la si	拉斯	87
hui fa xing	挥发性	87
dao dan	捣蛋	87
shou fen	授粉	87
bo yin	播音	87
fang kuan	放款	87
jiao gai	教改	87
qiao men sheng	敲门声	87
wen ju	文具	87
xin hui	新会	87
xin bao	新报	87
fang jun	方军	87
fang shan	方山	87
wu xing sheng zhi	无性生殖	87
yi ming	易名	87
zhao di	昭帝	87
cao guo wei	曹国伟	87
fu du	服毒	87
lang du	朗读	87
ben xi	本息	87
sha ren mie kou	杀人灭口	87
za ta	杂沓	87
li jing	李靖	87
ji le	极乐	87
lin chan pin	林产品	87
biao chu	标出	87
shu qi	树起	87
jiao dian	校点	87
sang hong yang	桑弘羊	87
jian chu	检出	87
bang zhuang	棒状	87
bang qiu	棒球	87
heng bin	横滨	87
mei zhang	每张	87
mao nang	毛囊	87
hao wu ban fa	毫无办法	87
min bu liao sheng	民不聊生	87
han jian	汉简	87
wang wen yan	汪文言	87
xi yi fen	洗衣粉	87
ji pin	济贫	87
hai tu	海图	87
hai jiao	海角	87
she ji mian	涉及面	87
chu zhou	滁州	87
pan han nian	潘汉年	87
liao cao	潦草	87
ling zhang lei	灵长类	87
zhi shou ke re	炙手可热	87
gu	牯	87
pao	狍	87
wang chong	王充	87
huan shi	环视	87
sheng yang	生养	87
yong guang	用光	87
jia qiao dong wu	甲壳动物	87
dian ying jie	电影界	87
bai zhao shi	白赵氏	87
jian li	监理	87
pan huo	盘活	87
mei jian	眉间	87
yan bo	眼波	87
zhuo se ji	着色剂	87
jian	睑	87
yan jiu bu	研究部	87
po xie	破鞋	87
que ding xing	确定性	87
zhu mu	竹木	87
bi hua	笔划	87
ben dan	笨蛋	87
di yi zhi	第一支	87
gao	筶	87
suan zi	算子	87
zhuan shu	篆书	87
lei gu chun	类固醇	87
cu xin	粗心	87
xi tong dui	系统对	87
hong tai yang	红太阳	87
ji yuan	纪元	87
wen yin	纹银	87
zu zu	组组	87
jie he bing	结核病	87
rao xing	绕行	87
luo sai hu zi	络腮胡子	87
lei	缧	87
lao jiang hu	老江湖	87
lao hu li	老狐狸	87
neng gan	能干	87
wan	脘	87
zi ai	自爱	87
shu shu fu fu	舒舒服服	87
jie wai sheng zhi	节外生枝	87
chang	苌	87
su dong po	苏东坡	87
xun	荨	87
yao xiang	药箱	87
cai shu	菜蔬	87
ying li	营利	87
cang jing ge	藏经阁	87
chi	蚩	87
ku jiao	裤脚	87
di hui	诋毁	87
wu ru	误入	87
du ben	读本	87
jin fang	谨防	87
bei lu te	贝鲁特	87
zou hou men	走后门	87
chao fu he	超负荷	87
tiao yuan	跳远	87
zhe me xie	这么些	87
jin xing xing	进行性	87
mi cai	迷彩	87
zhu ri	逐日	87
dao ting tu shuo	道听途说	87
yi jing	遗精	87
yun cheng xian	郓城县	87
guo xiao tian	郭啸天	87
e wen ke	鄂温克	87
zhuo qing	酌情	87
zhen zhuang	针状	87
po	钋	87
qian feng lan	钱凤览	87
tie qiao	铁锹	87
yin lian ka	银联卡	87
de	锝	87
xi hua	锡华	87
qiang	锵	87
men ya	门牙	87
wen zui	问罪	87
jian xie xing	间歇性	87
fu xin	阜新	87
yang jiang	阳江	87
yin rou	阴柔	87
a nuo si	阿诺斯	87
chen jia	陈家	87
sui di	随地	87
yan men	雁门	87
wei jue ye	韦爵爷	87
shun kou liu	顺口溜	87
ling qing	领情	87
ti shi	题诗	87
ma san po	马三婆	87
gao jun	高峻	87
qiu	鳅	87
long cheng	龙城	87
yi ge ming	一个名	86
yi piao	一瓢	86
yi tong tian xia	一统天下	86
bu ke duo de	不可多得	86
bu zai shao shu	不在少数	86
qiu zhen	丘疹	86
dong bei fang	东北方	86
zhong xia xun	中下旬	86
wei zhi yi zhen	为之一振	86
zhu xiu	主修	86
yi yong	义勇	86
cheng wu yuan	乘务员	86
wu bu	五部	86
jia zhi xing shi	价值形式	86
fu er tai	伏尔泰	86
fu te	伏特	86
bo li zi	伯利兹	86
yu jia	余架	86
xiu lian	修练	86
dao liu	倒流	86
zhai zhu	债主	86
mian shou	免收	86
ru qiu	入球	86
gong jia jian	共价键	86
yang nv	养女	86
jue jue	决绝	86
leng leng qing qing	冷冷清清	86
ji pian	几篇	86
ji lu	几路	86
chu hai kou	出海口	86
fen fang	分房	86
liu li hua	刘丽华	86
liu feng yun	刘凤云	86
chu ye	初叶	86
bie wu xuan ze	别无选择	86
jian chu	剪除	86
shi bu liang li	势不两立	86
hua xue neng	化学能	86
shi wan liang	十万两	86
qian bai	千百	86
sheng xian	升限	86
nan yuan	南院	86
wei hai xing	危害性	86
can gu	参股	86
fa bao	发报	86
fa dian ji zu	发电机组	86
bian fu	变幅	86
ke xun	可循	86
ji si	吉斯	86
han han hu hu	含含糊糊	86
wu song	吴淞	86
zhou mu wang	周穆王	86
he yan yue se	和颜悦色	86
hong chuan	哄传	86
geng	哽	86
shou lou	售楼	86
xi qi	喜气	86
si ceng	四层	86
guo tai	国泰	86
tu la	图拉	86
long duan xing	垄断性	86
xia guo xiang	夏国相	86
ye cha	夜叉	86
da yi tong	大一统	86
da zhong hua qu	大中华区	86
da shi sai	大师赛	86
da feng da lang	大风大浪	86
tai shang lao jun	太上老君	86
shi shen	失神	86
tao jian	套间	86
ta lia	她俩	86
zi zhen ju zhuo	字斟句酌	86
zhai di	宅邸	86
ke dao	客道	86
shou xian	寿县	86
jiang xi	将息	86
xiao ming	小名	86
xiao gu	小姑	86
xiao tong	小童	86
shan mao	山猫	86
gong ye yong	工业用	86
gong cheng bing	工程兵	86
bu jia lei si te	布加勒斯特	86
bu fang	布防	86
gan xiao	干校	86
ping fan zhao xue	平反昭雪	86
ying shou	应手	86
xie	廨	86
kai dao	开道	86
mi san	弥散	86
ruo zhi	弱智	86
guo	彉	86
tu sun	徒孙	86
de shi	得势	86
bi you zhi lu	必由之路	86
qia ru qi fen	恰如其分	86
bei chuang	悲怆	86
bei huan	悲欢	86
gong	愩	86
mu rong jing yue	慕容景岳	86
chong	憧	86
cheng shu qi	成熟期	86
shu xie	抒写	86
bao tou	抱头	86
ao xian	拗陷	86
zhao shu	招术	86
chi zhi yi heng	持之以恒	86
zhi shi ji	指示剂	86
tan xian zhe	探险者	86
can ru	掺入	86
gao qing	搞清	86
shuai jiao	摔交	86
jiao an	教案	86
gan si dui	敢死队	86
shu yi shu er	数一数二	86
zheng tiao	整条	86
wen hua zhan	文化站	86
wen ci	文辞	86
ban bo	斑驳	86
duan hou	断后	86
si da lin ge lei	斯大林格勒	86
si luo pu	斯罗普	86
wu xiu zhi	无休止	86
wu shu ge	无数个	86
wu jing da cai	无精打采	86
ming mu zhang dan	明目张胆	86
shi fei qu zhi	是非曲直	86
jin shu	晋书	86
pu lin si dun da xue	普林斯顿大学	86
zeng sun	曾孙	86
yue zhi	月氏	86
mu tiao	木条	86
mu ma	木马	86
sha du ruan jian	杀毒软件	86
za huan	杂环	86
za shua	杂耍	86
za ji	杂记	86
quan dang	权当	86
ran bing	染病	86
jiao zhu	校注	86
yang ji	样机	86
bang chui	棒槌	86
lou ti kou	楼梯口	86
xin	歆	86
zheng dian he	正电荷	86
can pian	残片	86
bi ji	比及	86
min zhu lian meng	民主联盟	86
shui shen huo re	水深火热	86
qiu zhi	求治	86
han xian	汗腺	86
wang bang zhu	汪帮主	86
xiong xiong	汹汹	86
qi di	汽笛	86
er hai	洱海	86
lang tao	浪涛	86
yu se	淤塞	86
huai nan zi	淮南子	86
shen se	深色	86
hun yong	混用	86
qing mai	清迈	86
xiang gui	湘桂	86
lou shui	漏税	86
qian cang	潜藏	86
chao jian dai	潮间带	86
guan zhu	灌注	86
jiong jiong you shen	炯炯有神	86
shao fan	烧饭	86
xi	熹	86
liao yuan	燎原	86
ai duo	爱多	86
ai xin jue luo	爱新觉罗	86
ya shua	牙刷	86
ji jiao	犄角	86
you cun	犹存	86
du xing	独行	86
mao er	猫儿	86
jue	獗	86
liao ya	獠牙	86
wang hua zhen	王化贞	86
wang zhi tan	王志坦	86
wang dun	王敦	86
wang ying	王英	86
gan yu	甘于	86
sheng xiu	生锈	86
yong che	用车	86
jia ben	甲苯	86
chang yin	畅饮	86
tong chu	痛处	86
bai yun yan	白云岩	86
bai di	白地	86
jian ting zhan	监听站	86
dao mu zhe	盗墓者	86
zhi li ren	直立人	86
zhen la	真腊	86
shi lei	石勒	86
po ti wei xiao	破涕为笑	86
gui zhi	硅质	86
qing	磬	86
qi	祁	86
shen ji miao suan	神机妙算	86
shui e	税额	86
fen ci	粉刺	86
liang jia	粮价	86
zong	粽	86
pi	紕	86
hong he	红河	86
hong he se	红褐色	86
chun jie xing	纯洁性	86
jing zhuan	经传	86
jue xue	绝学	86
wei na si	维纳斯	86
lv fei	绿肥	86
yu hua	羽化	86
nai huo cai liao	耐火材料	86
yu cheng	育成	86
shen	胂	86
dan xiao gui	胆小鬼	86
tuo wei	脱位	86
she xia	舍下	86
chuan ban	船板	86
chuan ting	船艇	86
jie zhi dong wu	节肢动物	86
qian	芡	86
hua gang shi	花岗石	86
hua niao hua	花鸟画	86
fang xin	芳心	86
tai yuan	苔原	86
yi	苡	86
cao fang	草房	86
zheng liu shui	蒸馏水	86
mi	藌	86
chong cao	虫草	86
fen	蚡	86
han	蚶	86
yi zuo	译作	86
zhu mie	诛灭	86
you di	诱敌	86
dou zhi pin	豆制品	86
huo jia	货架	86
gui zai	贵在	86
zi ge sai	资格赛	86
shang fa	赏罚	86
tiao gao	跳高	86
ta qing	踏青	86
zhuan xing qi	转型期	86
ruan zhuo lu	软着陆	86
ci xing	辞行	86
da guan gui ren	达官贵人	86
da lu hua chi	达鲁花赤	86
guo yang hua ben jia xian	过氧化苯甲酰	86
yun chou	运筹	86
tong tu	通途	86
jun shou	郡守	86
shan shan	鄯善	86
ye ya	野鸭	86
jin mian fu	金面佛	86
qian ming jing	钱明经	86
bo	钹	86
xiao sheng ni ji	销声匿迹	86
zhang ping	长平	86
zhang bai	长白	86
gui fang	闺房	86
fang yi	防疫	86
zhen tong	阵痛	86
nan nai	难耐	86
xiong jian	雄健	86
ya dian na	雅典娜	86
ci xiong yi ti	雌雄异体	86
ai	霭	86
jing mi	静谧	86
gu quan da ju	顾全大局	86
yu zhi	预知	86
guan she	馆舍	86
ma zha	马扎	86
gao gan	高干	86
gao tu	高徒	86
gao zhan yuan zhu	高瞻远瞩	86
mo fa	魔法	86
e luan shi	鹅卵石	86
ma huang	麻黄	86
hei tu	黑土	86
yi ji	一季	84
yi zong	一宗	84
yi er zai	一而再	84
qi zhong quan hui	七中全会	84
qi ba ming	七八名	84
qi ba li	七八里	84
wan yi	万亿	84
wan ke	万科	84
san si tian	三四天	84
san si nian	三四年	84
shang gan ling	上甘岭	84
xia hui	下回	84
bu wen ding xing	不稳定性	84
shi ji zhi jiao	世纪之交	84
ge bie ren	个别人	84
zhong ju	中举	84
zhong guo xiang gang	中国香港	84
zhong shui	中水	84
zhong li guo	中立国	84
zhong qing lv	中青旅	84
cheng ren zhi wei	乘人之危	84
ru pin	乳品	84
er shi ji ge	二十几个	84
wu liu shi	五六十	84
wu zhi	五只	84
wu jin	五金	84
xie wei	些微	84
da	亣	84
yi fan	伊凡	84
you ling	优伶	84
hui meng	会盟	84
wei ge	伟哥	84
wei jun zi	伪君子	84
di ceng	低层	84
fo tang	佛堂	84
jia hua	佳话	84
shi yu shi	侍御史	84
zuo ai	做爱	84
er ge	儿歌	84
xian xia shou wei qiang	先下手为强	84
guang dian xiao ying	光电效应	84
mian yi xing	免疫性	84
ru jing zhe	入境者	84
ru hai kou	入海口	84
ba gu wen	八股文	84
gong fang	公房	84
liu fen	六分	84
guan qia	关卡	84
feng guo zhang	冯国璋	84
ji cheng	几成	84
chu yang	出洋	84
chu feng tou	出风头	84
chu chuang	初创	84
dong wu xing	动物性	84
bei jing guo an	北京国安	84
shi jia	十家	84
qian cha wan bie	千差万别	84
qian li ma	千里马	84
ban zhang	半张	84
hua dong shi fan da xue	华东师范大学	84
hua shuo	华硕	84
hua xi	华西	84
nan jing jun qu	南京军区	84
nan qi	南齐	84
yuan shi gong she	原始公社	84
yuan shi ji lei	原始积累	84
yuan gu	原故	84
yuan yang	原样	84
yuan mao	原貌	84
fan zhan	反战	84
fa hen	发狠	84
shou yi zhe	受益者	84
gu dai ren	古代人	84
gu cha	古刹	84
tai zi	台子	84
he qing he li	合情合理	84
tong fang	同方	84
tong gan gong ku	同甘共苦	84
ming fen	名分	84
ming tie	名帖	84
fou jue quan	否决权	84
zhou zhuan lv	周转率	84
xi bu zi sheng	喜不自胜	84
ga er dan	噶尔丹	84
si juan	四卷	84
si kou	四口	84
si ti	四蹄	84
yin shi li dao	因势利导	84
guo wu yuan ban gong ting	国务院办公厅	84
guo fang da xue	国防大学	84
yuan hua	圆滑	84
tu chan	土产	84
di mai	地脉	84
tan ke tuan	坦克团	84
zeng pai	增派	84
sheng se ju li	声色俱厉	84
chu fang yao	处方药	84
xia hou ai	夏侯蔼	84
wai lun	外轮	84
duo te meng de	多特蒙德	84
da er	大二	84
da shou bi	大手笔	84
da yan	大烟	84
da zang jing	大藏经	84
da qi da luo	大起大落	84
da du hui	大都会	84
feng jie	奉节	84
nv huang	女皇	84
hao dou	好斗	84
wei yuan	威远	84
zi ye	子夜	84
kong you de	孔有德	84
xue shu hui yi	学术会议	84
rong shen	容身	84
su qian	宿迁	84
ji ju	寄居	84
mi zhao	密诏	84
dui li tong yi	对立统一	84
xun xin	寻衅	84
feng jian li jiao	封建礼教	84
she jing	射精	84
xiao yuan ying	小袁营	84
shao nian ren	少年人	84
er de	尔德	84
wu wa	屋瓦	84
shan ren	山人	84
ren	屻	84
feng zhi	峰值	84
cui li fan	崔立凡	84
gong ju shu	工具书	84
ba xi li ya	巴西利亚	84
bu bao	布包	84
pa mi er gao yuan	帕米尔高原	84
gan rao su	干扰素	84
guang ning	广宁	84
kai ba	开拔	84
yi jun tu qi	异军突起	84
yin zheng	引证	84
de zui ren	得罪人	84
tan te	忐忑	84
you se	忧色	84
xuan ya qiao bi	悬崖峭壁	84
yi qi feng fa	意气风发	84
zhan dou dui	战斗队	84
shou xia liu qing	手下留情	84
shou ben	手本	84
shou qiu	手球	84
qian cha	扦插	84
sao mang	扫盲	84
kang yang hua	抗氧化	84
ju fu fang bian	拒腐防变	84
kuo yue ji	括约肌	84
zhi hui quan	指挥权	84
zhuo mi cang	捉迷藏	84
shao dai	捎带	84
huan huan	换换	84
bai kai	掰开	84
chuai ce	揣测	84
lan gong	揽工	84
bin	摈	84
shuai da	摔打	84
cuo he	撮合	84
zheng ti xing	整体性	84
duan chang cao	断肠草	84
duan tui	断腿	84
wu ren qu	无人区	84
wu yuan wu chou	无冤无仇	84
wu yan mei	无烟煤	84
chun yi	春意	84
cao gang chuan	曹刚川	84
ti tian xing dao	替天行道	84
mu qi	木器	84
mu xie	木屑	84
yang shi guang	杨世光	84
song zhi	松脂	84
ku shu	枯树	84
cha chao	查抄	84
ge la si ge	格拉斯哥	84
shu zhuang	梳妆	84
yan	椼	84
heng guo	横过	84
ge wu ju	歌舞剧	84
wu hang	武行	84
wai xie	歪斜	84
si ji ying bei	死记硬背	84
si gui	死鬼	84
mu xiao	母校	84
mao li	毛利	84
min fu	民夫	84
min jin	民进	84
shui ya	水压	84
shui yu	水浴	84
qiu ou	求偶	84
he bei ping yuan	河北平原	84
you liao zuo wu	油料作物	84
fa li xue	法理学	84
ni pen ji	泥盆纪	84
nong cha	浓茶	84
hai she	海蛇	84
di lun	涤纶	84
shen geng ban ye	深更半夜	84
qing ming shang he tu	清明上河图	84
zhan lan	湛蓝	84
guan shui	灌水	84
zha diao	炸掉	84
yan hui	烟灰	84
ai fu	爱抚	84
pian pian	片片	84
niu jia zhuang	牛家庄	84
mou qu	牟取	84
wu mei	物美	84
te wei hui	特委会	84
kuang bao	狂暴	84
kuang huan jie	狂欢节	84
kuang feng bao yu	狂风暴雨	84
du dao	独岛	84
li	狸	84
dai mao	玳瑁	84
zhen shi	珍视	84
yong wu zhi di	用武之地	84
jia deng	甲等	84
nan nv lao you	男女老幼	84
lou	瘘	84
deng an	登岸	84
bai lu cang	白鹿仓	84
hao	皥	84
yan jian di	盐碱地	84
zhi zhi di	直直地	84
xiang zhi	相知	84
sheng ren da	省人大	84
sheng bu ji	省部级	84
zhen pi	真皮	84
yan bing	眼病	84
mo ceng	磨蹭	84
she ke yuan	社科院	84
qiu yu	秋雨	84
qin er shi	秦二世	84
ji cun	积存	84
su	窣	84
kui si	窥伺	84
zhang tai yan	章太炎	84
di jiu ci	第九次	84
chou kuan	筹款	84
zan zi	簪子	84
lin	粦	84
zuan xiu	纂修	84
hong wa dian	红瓦店	84
hong jiu	红酒	84
sha xian	纱线	84
xi ruo	细弱	84
jie mo	结膜	84
fan yi jia	翻译家	84
hao shi	耗时	84
song ren ting wen	耸人听闻	84
zhi xian	职衔	84
ju bian	聚变	84
fei te lie	腓特烈	84
yao zhui	腰椎	84
teng yun jia wu	腾云驾雾	84
xi tou	膝头	84
chou chong	臭虫	84
jian ku zhuo jue	艰苦卓绝	84
jie ling	节令	84
hua yuan li	花园里	84
hua quan	花圈	84
hua zhi	花枝	84
fei	芾	84
miao da xia	苗大侠	84
mu xu	苜蓿	84
tie	萜	84
lan chou	蓝筹	84
mie	蔑	84
ma zha	蚂蚱	84
yang	蛘	84
zhe	蛰	84
biao yan yi shu jia	表演艺术家	84
jian liang	见谅	84
yan jian yi gai	言简意赅	84
ji suan ji bing du	计算机病毒	84
ding yue	订阅	84
lun cong	论丛	84
yu yan xue jia	语言学家	84
shuo ci	说辞	84
wei	诿	84
bai bing	败兵	84
ben	贲	84
zhao wen hua	赵文华	84
gan jin sha jue	赶尽杀绝	84
yue ju	越剧	84
yue gui	越轨	84
lie qie	趔趄	84
shen wai	身外	84
tang dao	躺倒	84
zhuan shun jian	转瞬间	84
qing shou qing jiao	轻手轻脚	84
pi yao	辟谣	84
jin zhan	近战	84
tao ben	逃奔	84
tao yi	逃逸	84
xuan mei	选美	84
tong du	通读	84
dao tong	道统	84
yi xiang	遗像	84
gang qin qu	钢琴曲	84
an	铵	84
chang bo	长波	84
zhang bian	长鞭	84
chang jing lu	长颈鹿	84
men ling	门铃	84
yin chen chen	阴沉沉	84
zhen lie	阵列	84
zhen yu	阵雨	84
a lan	阿兰	84
fu jia fei	附加费	84
chen ying feng	陈应凤	84
pei zang pin	陪葬品	84
yin hui	隐晦	84
ya er ta	雅尔塔	84
zhen yuan	震源	84
qing song	青松	84
jing guo shen she	靖国神社	84
jing guan	静观	84
mian bao che	面包车	84
yun mu	韵母	84
shun yi	顺义	84
gu da sao	顾大嫂	84
lu nei	颅内	84
ling jiang tai	领奖台	84
zhan li	颤栗	84
feng lei	风雷	84
fei pu	飞瀑	84
shi guan ai	食管癌	84
jin	馑	84
xun fu	驯服	84
zhou yu	骤雨	84
gao wen duo yu	高温多雨	84
gao re	高热	84
gao zhe	高者	84
gao qi qian	高起潜	84
gao tong gong si	高通公司	84
yuan	鸳	84
huang jin	黄巾	84
hei nu	黑奴	84
hei chao	黑潮	84
shu yi	鼠疫	84
qi xin he li	齐心合力	84
yi zhe	一折	83
san die ji	三叠纪	83
san can	三餐	83
xia zhu	下注	83
bu rong le guan	不容乐观	83
zhong yang ren min guang bo dian tai	中央人民广播电台	83
zhong jian jian	中间件	83
wan zi	丸子	83
dan ding he	丹顶鹤	83
zhu gu	主顾	83
wu di nei	乌迪内	83
xiang nong	乡农	83
er shou	二手	83
er bai nian	二百年	83
wu qian liang	五千两	83
wu tai	五台	83
jiao hang	交行	83
qin shu	亲疏	83
ren yan xi shao	人烟稀少	83
fu luo li da zhou	佛罗里达州	83
zhen cha yuan	侦察员	83
bian xie	便携	83
bao dan	保单	83
bao liu di	保留地	83
dao li	倒立	83
zhao he	兆赫	83
ke ji fu li	克己复礼	83
gong shang	共商	83
xing wei	兴味	83
nei luo bi	内罗毕	83
zai jin yi bu	再进一步	83
jun wei	军威	83
chong lang	冲浪	83
chu tou zhi ri	出头之日	83
dao pian	刀片	83
fen de	分得	83
qie wo	切沃	83
chu jiu	初九	83
qian qi	前妻	83
jia ban fei	加班费	83
bei ya	北亚	83
yi dao	医道	83
shi wei	十位	83
shi shu ge	十数个	83
qian qi bai guai	千奇百怪	83
ban shuai qi	半衰期	83
hua na	华纳	83
mai di	卖地	83
mai shen	卖身	83
lu pu si	卢普斯	83
li shu	历书	83
li li zai mu	历历在目	83
li nian lai	历年来	83
cuo	厝	83
yuan liao yao	原料药	83
shuang jian	双键	83
fan you	反右	83
shou hui	受惠	83
gu shi hou	古时候	83
gu sheng wu xue	古生物学	83
gu yin	古音	83
gu feng	古风	83
ke ge ke qi	可歌可泣	83
tai hou	台后	83
shi xiang yun	史湘云	83
ye xian	叶县	83
ji ji	叽叽	83
ge zu	各组	83
he zuo yi liao	合作医疗	83
tong ban	同班	83
yin song	吟诵	83
chao xing	吵醒	83
ge deng	咯噔	83
ai tan	哀叹	83
bu ru qi	哺乳期	83
shou huo yuan	售货员	83
sha zi	啥子	83
kui	喟	83
hui shou	回手	83
wei yan	围岩	83
tu beng wa jie	土崩瓦解	83
di mian zhan	地面站	83
chang bian	场边	83
huai fen zi	坏分子	83
shi lin	士林	83
shi min	士民	83
wai bin	外宾	83
wai yu	外遇	83
da shi ji	大事记	83
da qi quan	大气圈	83
da ya	大牙	83
ben yong	奔涌	83
hao jia huo	好家伙	83
e nuo	婀娜	83
shen niang	婶娘	83
piao chang	嫖娼	83
an dong	安东	83
ding dan	定单	83
ding xing	定形	83
bao shan	宝山	83
ke guan xing	客观性	83
kuan fan	宽泛	83
ji liao	寂寥	83
xun ren	寻人	83
dao dian xing	导电性	83
xiao huo	小火	83
xiao yan	小眼	83
xiao cai	小菜	83
shan liang	山梁	83
chong bai zhe	崇拜者	83
xun luo ting	巡逻艇	83
fu	巿	83
bu zheng si	布政司	83
bu dao	布道	83
gan qun	干群	83
jian wu	建武	83
kai zha	开闸	83
dang jie	当街	83
ying ying chuo chuo	影影绰绰	83
chen	忱	83
nao xiu cheng nu	恼羞成怒	83
cheng qian cheng wan	成千成万	83
shou gong yi	手工艺	83
da zi	打字	83
zhao kuang	找矿	83
qiang bai	抢白	83
pi yi	披衣	83
chou jin	抽筋	83
la fu	拉夫	83
jie yin	接引	83
tui tu ji	推土机	83
tui rang	推让	83
tui chen chu xin	推陈出新	83
cao kong	操控	83
di tai	敌台	83
jiu shi zhu	救世主	83
san zhuang	散装	83
shan	敾	83
wen jing	文静	83
shi jiu	施救	83
kuang ri chi jiu	旷日持久	83
kun lun shan mai	昆仑山脉	83
ming wan	明晚	83
chun se	春色	83
jing kuang	景况	83
an ying	暗影	83
bao feng zhou yu	暴风骤雨	83
yue ya	月牙	83
zhao xi xiang chu	朝夕相处	83
ben tu hua	本土化	83
zhu cheng ju	朱成矩	83
za luan wu zhang	杂乱无章	83
du zhuan	杜撰	83
zhi ya	枝桠	83
song	枩	83
ku shui	枯水	83
rou xing	柔性	83
chai yun zhen	柴云振	83
qi meng	欺蒙	83
ge er	歌儿	83
si bu ming mu	死不瞑目	83
si dui tou	死对头	83
du da	毒打	83
dong	氡	83
ru zhou	汝州	83
tang fu ren	汤夫人	83
you jing	油井	83
pao pao	泡泡	83
tao	洮	83
shen you gan chu	深有感触	83
qing pin	清贫	83
lou diao	漏掉	83
zhen	潧	83
huo ji	火鸡	83
deng ju	灯具	83
lao bing	烙饼	83
yan yin	烟瘾	83
shao guang	烧光	83
re fu she	热辐射	83
ye er lia	爷儿俩	83
te zhong bing	特种兵	83
quan chi	犬齿	83
fan chou	犯愁	83
wang shi zhen	王世贞	83
wa de xi	瓦德西	83
ping sai	瓶塞	83
beng guan	甭管	83
tian zhuang	田庄	83
bai zhong ren	白种人	83
jiao jie	皎洁	83
zhi shuang	直爽	83
xiang si xing	相似性	83
xiang ju shen yuan	相距甚远	83
zhuan kuai	砖块	83
po kong	破空	83
di	碲	83
di	磾	83
shi ren	示人	83
zhi	祗	83
jin shi	禁食	83
tu zi	秃子	83
ke wei	科委	83
ke kao	科考	83
ke long dian qi	科龙电器	83
chuan jia	穿甲	83
deng xiao	等效	83
zhan zhe	粘着	83
tang jing na	糖精钠	83
jiu jie	纠结	83
ren	纫	83
wei xian	纬线	83
jue zheng	绝症	83
sao	缫	83
jiao xie	缴械	83
luo suo	罗嗦	83
lao ye ye	老爷爷	83
song dong	耸动	83
geng wan zhong	耿万钟	83
ji liu	肌瘤	83
yu ren	育人	83
zi bei	自备	83
hang kong xian	航空线	83
hua gu	花鼓	83
cha ye	茶业	83
cha zhong	茶盅	83
ying ye shui	营业税	83
pu shan	蒲扇	83
sou	薮	83
na	衲	83
xi nan yi	西南夷	83
jiao su du	角速度	83
yi	诒	83
shi yan	试演	83
shi xuan	诗选	83
cheng huang cheng kong	诚惶诚恐	83
tiao xiao	调笑	83
gong fu	贡赋	83
huo bi hua	货币化	83
chi pin	赤贫	83
chao da	超大	83
yue ye che	越野车	83
zan	趱	83
zu jian	足尖	83
pa xia	趴下	83
ta ban	踏板	83
cu	蹴	83
shen yun	身孕	83
che ding	车顶	83
zhuan song	转送	83
shu you	输油	83
shu zhu	输注	83
po jiang	迫降	83
tui wu jun ren	退伍军人	83
na zhen zi	那阵子	83
shao jia yi	邵佳一	83
chou lao	酬劳	83
cai yi	采邑	83
liang zi hua	量子化	83
jin guang shan shan	金光闪闪	83
tie gun	铁棍	83
chang tan	长谈	83
men ba	门巴	83
xian xin	闲心	83
qian	阡	83
fang kong	防控	83
fang dao	防盗	83
yin ji she xian	阴极射线	83
a gu bai	阿古柏	83
a te la si	阿特拉斯	83
jiang xia	降下	83
yin yu	隐喻	83
yin yin zuo tong	隐隐作痛	83
yu tian	雨天	83
yu lin	雨林	83
ling pei jian	零配件	83
mian jian	面见	83
qian	顅	83
gu pan	顾盼	83
feng yun ren wu	风云人物	83
piao san	飘散	83
xiang he	香河	83
xiang zhu	香烛	83
wen	駇	83
mo yu	魔芋	83
huang di nei jing	黄帝内经	83
qi shua shua	齐刷刷	83
wo chuo	龌龊	83
yi liang ci	一两次	82
yi zhuan yan	一转眼	82
yi zhong	一重	82
wan yu yuan	万余元	82
wan duo gong qing	万多公顷	82
san qian liang	三千两	82
shang yuan	上元	82
shang gong	上工	82
shang bai	上百	82
xia yan	下咽	82
xia pin	下品	82
bu qiao	不巧	82
sang fu	丧父	82
zhong hua wang	中华网	82
zhong chang	中长	82
yue yin	乐音	82
cheng xu er ru	乘虚而入	82
shu tong	书童	82
er shi er ri	二十二日	82
er shou fang	二手房	82
er ci da zhan	二次大战	82
wu bei	五倍	82
ren chuan	仁川	82
dai cheng	代称	82
ren xuan	任选	82
hui shang	会商	82
wei shu	位数	82
he xu	何须	82
zuo xi	作息	82
shi jun	使君	82
bao an tuan	保安团	82
bao hu di	保护地	82
dao ying	倒影	82
zuo mei	做媒	82
chong se	充塞	82
xian ji	先机	82
guang min	光敏	82
liu shen wu zhu	六神无主	82
xing hua	兴化	82
bing zhan	兵站	82
rong chang	冗长	82
jian ban	减半	82
ji pi	几匹	82
chu ge	出阁	82
fen guang	分光	82
fen shui	分水	82
pan li	判例	82
zhi pian ren	制片人	82
dong yin	动因	82
hua wei wu you	化为乌有	82
yi yao fei	医药费	82
shi ji mi	十几米	82
shi bu	十步	82
hua shang	华商	82
dan ning	单宁	82
dan qiang pi ma	单枪匹马	82
nan fang ren	南方人	82
shuang gou	双钩	82
shou shen	受审	82
shou yao	受邀	82
ji te	吉特	82
tong zu	同族	82
ming ju	名句	82
ming hua	名画	82
xia pao	吓跑	82
ting jiang	听讲	82
na han sheng	呐喊声	82
zhou er fu shi	周而复始	82
zhou zhuan liang	周转量	82
zi wen	咨文	82
tang yin	唐寅	82
shang que	商榷	82
si ji du	四季度	82
gu ding shi	固定式	82
di xia tie dao	地下铁道	82
di dui kong	地对空	82
zeng chou ji	增稠剂	82
chu zhi	处治	82
fu huo jie	复活节	82
su	夙	82
duo chan	多产	82
duo fa xing	多发性	82
ye xi	夜袭	82
da long	大龙	82
tian yi shu	天义叔	82
nai lao	奶酪	82
ru chu yi zhe	如出一辙	82
wang dong	妄动	82
chi	媸	82
zi zi	字字	82
cun zai zhu yi	存在主义	82
fu	孚	82
meng jin	孟津	82
shou xin	守信	82
an fen shou ji	安分守己	82
an mian yao	安眠药	82
ding zuo	定做	82
wan ruo	宛若	82
ji sheng chong bing	寄生虫病	82
ju xin	居心	82
shan dao ren	山道人	82
shan yin	山阴	82
sui ru	岁入	82
yan chuang	岩床	82
sheng	嵊	82
gong qi	工期	82
zuo xuan	左旋	82
dai xiao	带笑	82
ping an li	平安里	82
nian chan zhi	年产值	82
nian fu yi nian	年复一年	82
nian shu	年数	82
nian qi	年期	82
nian lun	年轮	82
di shu	底数	82
di xin	底薪	82
fu xian	府县	82
yi xin	异心	82
wei dong	微动	82
wei xi	微细	82
de bi	德比	82
xin zhao bu xuan	心照不宣	82
xin yin	心音	82
zhong liang	忠良	82
zong hou	总后	82
dong he	恫吓	82
dian	惦	82
xi wen	戏文	82
dong	戙	82
shou zhang xin	手掌心	82
pao wu xian	抛物线	82
bao han	抱憾	82
bao bao	抱抱	82
di jing	抵京	82
la da	拉达	82
zhao shang yin zi	招商引资	82
quan dao	拳道	82
chi you ren	持有人	82
gua huai	挂怀	82
bu jing	捕鲸	82
ju wei ji you	据为己有	82
pai bian	排便	82
ya	掗	82
jue jin	掘进	82
mo deng	摩登	82
shu bu sheng shu	数不胜数	82
wen xue jie	文学界	82
lv xing tuan	旅行团	82
wu yan yi dui	无言以对	82
jiu qing	旧情	82
xian yao	显要	82
pu ji lv	普及率	82
qing kong	晴空	82
you yuan	有源	82
shuo fang	朔方	82
ben di hua	本地化	82
ji xiang	机箱	82
li shan zhang	李善长	82
hang de fang	杭得放	82
chai da guan ren	柴大官人	82
gen mao	根毛	82
ge li	格力	82
qiao lan gan	桥栏杆	82
suo zi	梭子	82
jian shi	检视	82
zhi min jun	殖民军	82
du ci	毒刺	82
du jiu	毒酒	82
bi shang	毙伤	82
hao bu liu qing	毫不留情	82
min zu suo	民族所	82
qi zhi	气滞	82
qi liang	气量	82
shui lian dong	水帘洞	82
shui ta	水獭	82
qiu zheng	求证	82
jiang nan di qu	江南地区	82
qi you ji	汽油机	82
fei shi	沸石	82
xie hong	泄洪	82
po fu	泼妇	82
pai xi	派息	82
lin ba guan	淋巴管	82
dan hong	淡红	82
hu dong	湖东	82
re shen	热身	82
zhao bi	照壁	82
yan jiao	燕郊	82
niu huang	牛黄	82
te she	特设	82
kuang yan	狂言	82
meng da	猛打	82
yuan ren	猿人	82
li qi	理气	82
liu li chang	琉璃厂	82
piao chong	瓢虫	82
ci	甆	82
gan zhou	甘州	82
sheng fen	生分	82
dian hua hui yi	电话会议	82
yu	瘉	82
bai la	白蜡	82
bai mu	百亩	82
pen qiang	盆腔	82
pan dian	盘点	82
sheng dian	盛典	82
xiang xing zhi xia	相形之下	82
sheng li	省力	82
mei kai yan xiao	眉开眼笑	82
zhen cai shi xue	真才实学	82
yan jing she	眼镜蛇	82
shi deng	石凳	82
sha li	砂砾	82
shen hun dian dao	神魂颠倒	82
jin yan	禁烟	82
qiu hou	秋后	82
ke chang	科场	82
ke er duo fan	科尔多凡	82
shui hou	税后	82
mu yi	穆易	82
xue ju	穴居	82
kong kong ru ye	空空如也	82
tu fa xing	突发性	82
zhu sun	竹笋	82
di yi zhao	第一招	82
bo	箔	82
lou	篓	82
zhan he	粘合	82
chen	綝	82
hong wai guang	红外光	82
zhou wang	纣王	82
zu qu	组曲	82
wang lu	网路	82
luo wen	罗文	82
luo bing hui	罗炳辉	82
mei ming	美名	82
mei guo ha fu da xue	美国哈佛大学	82
lao nai nai	老奶奶	82
lao ling hua	老龄化	82
nai han	耐旱	82
rou ma	肉麻	82
dan han	胆寒	82
bei dao er chi	背道而驰	82
tuo yang	脱氧	82
zi zhu xing	自主性	82
zi zai	自在	82
chuan yun	船运	82
wan	芄	82
mang xiao	芒硝	82
cang song	苍松	82
cha hua hui	茶话会	82
qiu	虬	82
xian	蚬	82
xue zi	血渍	82
xing tou	行头	82
ku tui	裤腿	82
ku dang	裤裆	82
fu zhe	覆辙	82
pi yu	譬喻	82
ji wu shi	计无施	82
lun diao	论调	82
shi zhi	试纸	82
ke shui	课税	82
diao yun	调运	82
chen wei	谶纬	82
huo ran kai lang	豁然开朗	82
hao fu	豪富	82
gou fang zhe	购房者	82
zan zhu shang	赞助商	82
zhao guo	赵国	82
qi pao xian	起跑线	82
shen huan	身患	82
che jia	车驾	82
lun zhi	轮值	82
ruan jian xi tong	软件系统	82
fu he	辐合	82
xin qi ji	辛弃疾	82
xin ge	辛格	82
jin can	进餐	82
wei fa luan ji	违法乱纪	82
lian zuo	连坐	82
zhui hui	追回	82
tui piao	退票	82
tao zhi yao yao	逃之夭夭	82
tao bing	逃兵	82
tao shui	逃税	82
tou bu guo qi	透不过气	82
tong bao	通宝	82
cheng qiang	逞强	82
xia xiang	遐想	82
yi feng	遗风	82
na yang de hua	那样的话	82
e er duo si	鄂尔多斯	82
zhong su	重塑	82
jin ku	金库	82
xi bo	锡伯	82
xi lan	锡兰	82
zhuo	镯	82
wen xin wu kui	问心无愧	82
long fu si	隆福寺	82
ci xiong tong zhu	雌雄同株	82
yong rong	雍容	82
huo ke	霍克	82
qing yan	青烟	82
jing li xue	静力学	82
lu gu	颅骨	82
feng shuang	风霜	82
ma chao xing	马超兴	82
bo chuan	驳船	82
gao er fu qiu chang	高尔夫球场	82
mo shu shi	魔术师	82
lu te dan	鹿特丹	82
hei shi	黑市	82
hei mai	黑麦	82
yi chuan	一传	81
yi yi gu xing	一意孤行	81
wan da	万达	81
san wu ge	三五个	81
san fen zhong	三分钟	81
san shi si nian	三十四年	81
san shi ri	三十日	81
bu zi liang li	不自量力	81
yu sheng ju lai	与生俱来	81
shi wai tao yuan	世外桃源	81
dong xiang	东乡	81
dong jing cheng	东京城	81
dong qu	东区	81
dong hang	东航	81
si zhi ye	丝织业	81
sang fu	丧服	81
zhong hua quan guo zong gong hui	中华全国总工会	81
zhong lao nian	中老年	81
yi ji	乙级	81
jiao xiang hui ying	交相辉映	81
jing jin	京津	81
qin niang	亲娘	81
cong ming	从命	81
cong zao dao wan	从早到晚	81
zuo pei	作陪	81
wa zu	佤族	81
tou qie	偷窃	81
ao qi	傲气	81
chai	儕	81
yuan shou	元狩	81
chong fen fa hui	充分发挥	81
ba tian	八天	81
ba bai li	八百里	81
yang zun chu you	养尊处优	81
jun li	军礼	81
kou	冦	81
bing yue	冰月	81
chong kou er chu	冲口而出	81
chu ting	出庭	81
qin jian	勤俭	81
qin gong zhu xue	勤工助学	81
yi xue jie	医学界	81
hua shan lun jian	华山论剑	81
yuan wei	原位	81
can zheng yi zheng	参政议政	81
fa wen	发问	81
shou de le	受得了	81
gu jing	古井	81
tai bao	台胞	81
tong meng jun	同盟军	81
xiang shan	向善	81
chui fu	吹拂	81
zhou chu	周初	81
shang luo	商洛	81
shi shui	嗜睡	81
chuai	嘬	81
guo jia yao jian ju	国家药监局	81
tu gai yun dong	土改运动	81
di lao	地牢	81
zuo shi	坐视	81
chui tou	垂头	81
jiong	埛	81
ji ti	基体	81
ji xing yan	基性岩	81
ji ban	基板	81
su jiao	塑胶	81
beng	塴	81
wai wu	外侮	81
su yuan	夙愿	81
da zao	大枣	81
da du shi	大都市	81
da qing shan	大青山	81
tian bing	天兵	81
tian xing	天幸	81
tian xuan di zhuan	天旋地转	81
fu cha	夫差	81
shi huo	失火	81
tou po xue liu	头破血流	81
fen	奮	81
mei fu	妹夫	81
wei yi	委以	81
yao ping zhong	姚平仲	81
wei yi	威仪	81
gu pi	孤僻	81
xue xi	学系	81
ning bo shi	宁波市	81
an de lie	安德烈	81
guan tian	官田	81
guan jie	官阶	81
dui lei	对垒	81
dui kang sai	对抗赛	81
dui zheng xia yao	对症下药	81
dao yan jiang	导演奖	81
feng sha	封杀	81
you li	尤里	81
shan gang	山冈	81
zhan lu tou jiao	崭露头角	81
gong shang lian	工商联	81
zuo si you xiang	左思右想	81
zuo lin you she	左邻右舍	81
ba er de mo	巴尔的摩	81
jin guo	巾帼	81
gan se	干涩	81
you gu	幽谷	81
miao qian	庙前	81
miao ping	庙坪	81
fu yin	府尹	81
pang za	庞杂	81
fei liao	废料	81
lian jie zi lv	廉洁自律	81
kuo er ka	廓尔喀	81
kai jiang tuo tu	开疆拓土	81
kai zou	开走	81
gong nu shou	弓弩手	81
zhang ke wang	张可旺	81
zhang jing xuan	张敬轩	81
zhang wen ming	张文明	81
zheng gou	征购	81
de jiang	得奖	81
hui zhang	徽章	81
xin hui yi leng	心灰意冷	81
hui hong	恢宏	81
e meng	恶梦	81
xuan shang	悬赏	81
qing si	情思	81
jing shi hai su	惊世骇俗	81
cheng fu	成佛	81
zhan wu bu sheng	战无不胜	81
jie liu	截流	81
pu shuo mi li	扑朔迷离	81
zhe ru	折辱	81
pai mai hang	拍卖行	81
zhao zhao shou	招招手	81
bai wang	拜望	81
yong jun	拥军	81
guai	摑	81
shu xia	数下	81
zheng bu	整部	81
si ba da ke	斯巴达克	81
fang jin	方巾	81
ri ben dui	日本队	81
zhao xue	昭雪	81
mo wei	末尾	81
li xue qin	李学勤	81
li si	李斯	81
ban yan	板岩	81
zhan	枬	81
chai da mu	柴达木	81
bang wen	榜文	81
zheng qiao	正巧	81
zheng han	正酣	81
wu fu	武夫	81
zhan mao	毡帽	81
min yue	民乐	81
min yi ce yan	民意测验	81
shui wu	水务	81
shui mo hua	水墨画	81
han xue jia	汉学家	81
han yu pin yin	汉语拼音	81
bian zhou	汴州	81
qin yuan xian	沁源县	81
you men	油门	81
si shui	泗水	81
bo shu	波束	81
nong mei	浓眉	81
hai ji	海基	81
tao jin	淘金	81
hun ji	混迹	81
rong shi	溶蚀	81
tan tou	滩头	81
huo quan	火圈	81
lu tou	炉头	81
pao zhang	炮仗	81
dian po	点破	81
yan mu	烟幕	81
ya feng	牙缝	81
niu shu dao	牛书道	81
te deng jiang	特等奖	81
bei	狈	81
xuan tie jian	玄铁剑	81
wang dao	王导	81
wa nu a tu	瓦努阿图	81
sheng ming xian	生命线	81
sheng si you guan	生死攸关	81
sheng zhang su	生长素	81
chang xiao shu	畅销书	81
bai tou	白头	81
yi qi	益气	81
xiang zhong	相中	81
kan qi	看齐	81
shui yi	睡衣	81
ying peng ying	硬碰硬	81
ai yu	碍于	81
wan kou	碗口	81
nian pan	碾盘	81
li jie	离解	81
li sao	离骚	81
gao zhi	稿纸	81
kong wu yi ren	空无一人	81
xiao rong ke ju	笑容可掬	81
guan zhu	管住	81
li	篱	81
jiu cha dui	纠察队	81
hong ta	红塔	81
hong shan	红杉	81
xi bao xue	细胞学	81
jue dui zhi	绝对值	81
jue re	绝热	81
jian	缣	81
weng bo yi	翁波意	81
pian pian	翩翩	81
lao cheng qu	老城区	81
gan huo	肝火	81
tuo guang	脱光	81
tuo tai	脱胎	81
fu bei shou di	腹背受敌	81
zi dong ji	自动机	81
ai lun	艾伦	81
ji	芨	81
hua xiao	花销	81
miao mu	苗木	81
ying qi	英气	81
cao kou	草寇	81
li	莅	81
mo li si	莫里斯	81
mang mang	莽莽	81
sa te	萨特	81
xu ji	蓄积	81
hui	蕙	81
xu shu	虚数	81
ji	虮	81
yin	蚓	81
xing zheng guan yuan	行政官员	81
yi liao	衣料	81
xiu jian	袖箭	81
bei dan	被单	81
xi ren	西人	81
guan shang xing	观赏性	81
shi dian	视点	81
jie re	解热	81
gai zhong	该种	81
xie mu	谢幕	81
hao shen	豪绅	81
yu ju	豫剧	81
fu shu	负数	81
cai da qi cu	财大气粗	81
bai zhen	败阵	81
lun du	轮渡	81
hong ming sheng	轰鸣声	81
zhou xin guo	轴心国	81
la zi	辣子	81
da ma la	达玛拉	81
guo dong	过冬	81
yun chou xue	运筹学	81
jin huo	进货	81
xuan cai	选材	81
dou xiao	逗笑	81
tong yong dian qi	通用电气	81
tong huo peng zhang lv	通货膨胀率	81
zao xing yi shu	造型艺术	81
zheng chong jian	郑崇俭	81
dou yu shi	都御史	81
jin bei	金杯	81
tie fan wan	铁饭碗	81
yin si	银丝	81
xuan	镟	81
chang tiao	长条	81
wen yan	闻言	81
a ma ni	阿妈妮	81
a tai si	阿泰斯	81
chen fu ren	陈夫人	81
dou jun	陡峻	81
xue bao	雪豹	81
huo er mu zi hai xia	霍尔木兹海峡	81
lu ying	露营	81
jing yang	静养	81
fu	頫	81
han	颔	81
feng qi yun yong	风起云涌	81
fei hong	飞红	81
bo bo	饽饽	81
guan nei	馆内	81
guan tao	馆陶	81
shou ri	首日	81
xiao jiang	骁将	81
gao fen bian lv	高分辨率	81
gao li dai zhe	高利贷者	81
gao fa	高发	81
ying quan	鹰犬	81
gu zu	鼓足	81
bi yi	鼻翼	81
yi ke qi	一刻起	80
yi zi yi ju	一字一句	80
yi qi	一汽	80
yi lan	一览	80
yi zhen jian xie	一针见血	80
qi lv	七律	80
shang wei	上位	80
shang hai pu dong	上海浦东	80
zhuan jia xi tong	专家系统	80
shi jie shi	世界史	80
shi xing	世行	80
dong de	东德	80
liang yi	两伊	80
zhong jun zhang	中军帐	80
zhong yang mei shu xue yuan	中央美术学院	80
zhong pan	中盘	80
zhong ji wei	中纪委	80
zhong lian	中联	80
zhong ju li	中距离	80
jiu ju	久居	80
er shi si ri	二十四日	80
er shi duo ge	二十多个	80
er yang hua gui	二氧化硅	80
wu yan	五言	80
ya xiao an	亚硝胺	80
jiao zhan guo	交战国	80
xiang nian	享年	80
ren sheng ding fei	人声鼎沸	80
ren ju	人居	80
ren lei xue jia	人类学家	80
ren shen zi you	人身自由	80
dai yi zhi	代议制	80
yang tian da xiao	仰天大笑	80
jia ge bi	价格比	80
lun chang	伦常	80
wei zheng	伪证	80
bian min	便民	80
bao shou zhu yi	保守主义	80
bei shou	倍受	80
pian dian	偏殿	80
zuo huo	做活	80
hao	儫	80
xian xian	先贤	80
ru xi	入席	80
quan ming	全名	80
gong xin li	公信力	80
xing shi dong zhong	兴师动众	80
qi qi	其妻	80
jian rong xing	兼容性	80
leng bing qi	冷兵器	80
zhun yu	准予	80
ji zhou	几周	80
ji bai mi	几百米	80
ping diao	凭吊	80
kan ke	刊刻	80
lie zhen	列阵	80
liu fu tong	刘福通	80
liu biao	刘表	80
liu gui fei	刘贵妃	80
chu she	初涉	80
dao xiao	到校	80
zhi zao zhe	制造者	80
qian zhi	前置	80
sheng fan	剩饭	80
pi kai	劈开	80
bao gan	包干	80
hua xue bian hua	化学变化	80
hua xue shi	化学式	80
bei jing shi lv you ju	北京市旅游局	80
bei ting	北庭	80
qu li	区里	80
yi huan	医患	80
qian chuang bai kong	千疮百孔	80
hua gong	华工	80
nan jing lu	南京路	80
li shu	历数	80
you xie	友协	80
shuang xiu ri	双休日	80
fan zhi	反制	80
gu yu	古语	80
ke lian ba ba	可怜巴巴	80
ke shi	可视	80
he shen	合身	80
han shui	含水	80
chao chao nao nao	吵吵闹闹	80
gu gu	呱呱	80
wa la	哇啦	80
shao tan	哨探	80
qiang	唴	80
xi le	喜乐	80
jia nian hua	嘉年华	80
si lei	四类	80
si lin	四邻	80
tuan tuan zhuan	团团转	80
tu er	图尔	80
tu jie	图解	80
tu di miao	土地庙	80
tu sheng tu zhang	土生土长	80
di zhi	地支	80
di gua	地瓜	80
jian ting	坚挺	80
ao	坳	80
sheng qi	声气	80
wai huan	外患	80
wai sheng nv	外甥女	80
duo yi	多亿	80
duo bei	多倍	80
da pu jiao	大堡礁	80
da da fang fang	大大方方	80
da wan	大宛	80
da gan	大干	80
da xian shen shou	大显身手	80
da xiong	大熊	80
tian fang ye tan	天方夜谭	80
nai niang	奶娘	80
na la	娜拉	80
po luo	婆罗	80
wu yuan	婺源	80
sun wu	孙武	80
ji yu lin	季雨林	80
xue ren	学人	80
hong yuan	宏远	80
guan neng tuan	官能团	80
ding ze	定则	80
bao zhu	宝珠	80
shi ye jia	实业家	80
shi dan she ji	实弹射击	80
mi shang	密商	80
han mao	寒毛	80
dui guang	对光	80
dui chong	对冲	80
dui kang xing	对抗性	80
dui xi tong	对系统	80
xiao bo er	小博尔	80
wu yu	屋宇	80
shan qiong shui jin	山穷水尽	80
feng hui	峰会	80
lao shan	崂山	80
chuan bei	川北	80
shi zun	师尊	80
tang	帑	80
di guo zhu yi zhe	帝国主义者	80
yin li chang	引力场	80
zhang tie nan	张铁男	80
wan zi	弯子	80
dang quan pai	当权派	80
hen duo hen duo	很多很多	80
de er	德尔	80
de chuan	德川	80
si xiang jie	思想界	80
ji zhen	急诊	80
zong mu	总目	80
ken qing	恳请	80
yi you wei jin	意犹未尽	80
yong	慵	80
shu bian	戍边	80
cheng guo jiang	成果奖	80
dai er gong si	戴尔公司	80
da pen ti	打喷嚏	80
zhi mi bu wu	执迷不悟	80
sao lei qi	扫雷器	80
tou ji shang	投机商	80
tou piao xi tong	投票系统	80
pi jian	披肩	80
la nuo	拉诺	80
bai tian di	拜天地	80
zhi you	挚友	80
bu feng zhuo ying	捕风捉影	80
yan bi	掩蔽	80
jie po	揭破	80
jue	攫	80
zhi shi	支使	80
shou na	收纳	80
di lou	敌楼	80
wen yuan	文苑	80
dou zhi	斗智	80
xie yang	斜阳	80
zhan cao chu gen	斩草除根	80
xin nian yi shi	新年伊始	80
xin sheng shi wu	新生事物	80
shi te lao si	施特劳斯	80
wu qing wu yi	无情无义	80
ri yue xing chen	日月星辰	80
shi xing	时兴	80
bing	昞	80
yun tou zhuan xiang	晕头转向	80
pu lin si dun	普林斯顿	80
yue ye	月夜	80
wang chen mo ji	望尘莫及	80
zhao qi	朝气	80
zhu li ye	朱丽叶	80
sha sheng	杀生	80
li yu	李煜	80
yang jing yu	杨靖宇	80
li	梩	80
mo tai	模态	80
qian zhai	欠债	80
yu qiu	欲求	80
zhi tong yao	止痛药	80
shui han	水旱	80
wu zhuo	污浊	80
wu ru	污辱	80
shen jun ru	沈钧儒	80
sha bao	沙暴	80
you qu	油区	80
bo dao	波导	80
hong fu	洪福	80
hai yang fa	海洋法	80
hun cheng	混成	80
wen ting	温庭	80
wen ge	温格	80
man mu	满目	80
lou shui	漏水	80
yan yan	炎炎	80
tan ju	炭疽	80
re teng teng	热腾腾	80
zhao wa dao	爪哇岛	80
lao kao	牢靠	80
te you zhong	特有种	80
kuang hu	狂呼	80
gou guan	狗官	80
lang gou	狼狗	80
lie gou	猎狗	80
bo li xian wei	玻璃纤维	80
jia zhuang pang xian	甲状旁腺	80
ju	疽	80
deng ji biao	登记表	80
bai ling	白令	80
bai si bu de qi jie	百思不得其解	80
jian gong	监工	80
dao qu	盗取	80
xiang yu	相与	80
xiang dui shi du	相对湿度	80
shi shi	矢石	80
dian que fa bing	碘缺乏病	80
lao	磱	80
she hui xin li xue	社会心理学	80
qi	祇	80
si ben	私奔	80
ke fu	科夫	80
kong jian zhan	空间站	80
wo cang	窝藏	80
zhu gao	竹篙	80
di er pan	第二盘	80
di er xiang	第二项	80
di shi er jie	第十二届	80
di shi si zhang	第十四章	80
jian du	简牍	80
luo kuang	箩筐	80
gui	簋	80
cu shu	粗疏	80
jing yao	精要	80
hong dou shan	红豆杉	80
pi lou	纰漏	80
zhi ye	纸业	80
xi xi di	细细地	80
wei er shi	维尔士	80
feng bu	缝补	80
luo shen	罗什	80
qun xing	群星	80
fan ban	翻版	80
geng niu	耕牛	80
lian he gong bao	联合公报	80
lian mei	联袂	80
gan nao tu di	肝脑涂地	80
ye wo	腋窝	80
mo bai	膜拜	80
zhi bing jun	致病菌	80
shu xin	舒心	80
hua ban	花斑	80
su gong zhong yang	苏共中央	80
ying guo huang jia hai jun	英国皇家海军	80
cao chuang	草创	80
huang mo hua	荒漠化	80
yao xue	药学	80
wan	菀	80
jing	菁	80
sa la	萨拉	80
sa man jiao	萨满教	80
man yi	蛮夷	80
lian	蠊	80
yi mao	衣帽	80
xi rao	袭扰	80
xi you	西游	80
ji fei	计费	80
yi lun wen	议论文	80
du shu	读数	80
tan xiao feng sheng	谈笑风生	80
zi	谘	80
dou fu kuai	豆腐块	80
xiang xing	象形	80
fu zhai biao	负债表	80
cai kuai	财会	80
zhang hu ka	账户卡	80
zou diao	走掉	80
chao xian shi zhu yi	超现实主义	80
chao gao ya	超高压	80
yue sheng	跃升	80
die po	跌破	80
shu yun	输运	80
wei xian	违宪	80
tui bu	退步	80
tou feng	透风	80
su she	速射	80
dao ge la si	道格拉斯	80
li	醴	80
li ke	里克	80
li si	里斯	80
zhong li chang	重力场	80
liang xing	量刑	80
zong	錝	80
zhen tou	针头	80
gang gui	钢轨	80
tie lu wang	铁路网	80
ming ke	铭刻	80
yin kuang	银矿	80
suo lian	锁链	80
men ting	门厅	80
a ba la qi ya	阿巴拉契亚	80
sui	隧	80
sui dong	隧洞	80
ji zi	集子	80
yong zhou	雍州	80
yu zi	雨子	80
yu xue	雨雪	80
xue pian	雪片	80
xiao	霄	80
lu gu	露骨	80
bian ta	鞭挞	80
bian chi	鞭笞	80
han cheng	韩城	80
yin cheng	音程	80
xiang mu guan li	项目管理	80
ling you	领有	80
jing xiang	颈项	80
pin dai	频带	80
feng tu	风土	80
feng chen pu pu	风尘仆仆	80
biao	飙	80
fei di	飞抵	80
ma er sa si	马尔萨斯	80
di	骶	80
gao sheng	高升	80
gao yan chao	高彦超	80
hun ling	魂灵	80
lu neng tai shan	鲁能泰山	80
hei se su	黑色素	80
hei long tan	黑龙潭	80
gu jiao	鼓角	80
qu chi	龋齿	80
yi ge tou	一个头	79
ding ji	丁基	79
wan nian ju hui	万念俱灰	79
wan ban wu nai	万般无奈	79
san san liang liang	三三两两	79
san qing	三清	79
shang hai jiao da	上海交大	79
shang hai di qu	上海地区	79
shang gou	上钩	79
xia ye	下野	79
bu ke gu liang	不可估量	79
bu ke yu yue	不可逾越	79
dong hua	东华	79
liang jin	两斤	79
liang duo	两朵	79
sang qi	丧气	79
zhong dong zhan zheng	中东战争	79
zhong zhou	中轴	79
yi nv	义女	79
er bai liang	二百两	79
qi	亓	79
wu yuan	五元	79
wu liu nian	五六年	79
wu cheng	五城	79
jing dong	京东	79
qin ben	亲本	79
ren shou	仁寿	79
zuo ke	作客	79
jia mu si	佳木斯	79
chou	俦	79
jian wang	健忘	79
tou du	偷渡	79
xian qian	先遣	79
ke li si	克利斯	79
quan zhi	全职	79
quan zhen	全镇	79
gong gan	公干	79
gong suo	公所	79
xing ye	兴业	79
xing wang fa da	兴旺发达	79
zi man	兹曼	79
mao xian jia	冒险家	79
nong huo	农活	79
yuan chou	冤仇	79
liang kuai	凉快	79
ji ye	几页	79
fen ke	分科	79
kan yin	刊印	79
liu bo wen	刘伯温	79
zhi chu	制出	79
zhu tui qi	助推器	79
lao shi zi	劳什子	79
yong wang zhi qian	勇往直前	79
bao yi	包衣	79
shi zi jie tou	十字街头	79
sheng xi	升息	79
dan ming	单名	79
nan ning shi	南宁市	79
bo er dun	博尔顿	79
ka si te luo	卡斯特罗	79
yin xing	印行	79
zhi	厔	79
shuang ren jian	双刃剑	79
bian pin	变频	79
shi di	史地	79
ge xiang yi xing	各向异性	79
he yi	合议	79
ji ao ke si	吉奥克斯	79
ji hong chang	吉鸿昌	79
hou zhi	后置	79
hou jiao	后脚	79
han hun	含混	79
han tan liang	含碳量	79
dai zuo	呆坐	79
ha ma si	哈马斯	79
shao sheng	哨声	79
chang ci	唱词	79
tuo ma	唾骂	79
zhuo mu niao	啄木鸟	79
shang hu	商户	79
shan ben	善本	79
shan zhong	善终	79
hou bu	喉部	79
ga ga	嘎嘎	79
si ming	嘶鸣	79
ye zhu	噎住	79
si shi qi nian	四十七年	79
si huan su	四环素	79
yuan mu	圆木	79
di zhen bo	地震波	79
zuo yi	坐椅	79
kuai jing	块茎	79
ta er	塔尔	79
sai bei	塞北	79
tian ci	填词	79
fu xing	复姓	79
duo chang	多场	79
da li yan	大理岩	79
da tong	大统	79
da xue shan	大雪山	79
nv wa	女娲	79
nv ni	女尼	79
zhou	妯	79
shi fa	始发	79
shi mo	始末	79
ji hen	嫉恨	79
chan ruo	孱弱	79
an quan dai	安全带	79
ding shi	定势	79
ding gao	定稿	79
bao er ye	宝二爷	79
shi ji	实绩	79
shi yan chang	实验场	79
xuan wei si	宣慰司	79
mi bao	密报	79
cun bu bu li	寸步不离	79
xiao xing an ling	小兴安岭	79
xiao qiang	小强	79
kao	尻	79
zhan qu	展区	79
yan feng	岩缝	79
xiao	崤	79
wei ran	巍然	79
shi zhuan	师专	79
shi jie	师姐	79
pa er ma	帕尔玛	79
di jun	帝君	79
yan shou	延寿	79
kai tuo jin qu	开拓进取	79
kai yuan	开源	79
yi xiang	异香	79
zhang a sheng	张阿生	79
nu jian	弩箭	79
gui xin	归心	79
cai deng	彩灯	79
wang jie	往届	79
zheng di	征地	79
zong lan	总揽	79
zong zhan	总站	79
lan yao	懒腰	79
zhan bao	战报	79
suo sheng wu ji	所剩无几	79
shou bi	手笔	79
shou ji	手记	79
shou ji	手迹	79
che dan	扯淡	79
e yao	扼要	79
dou sou jing shen	抖擞精神	79
la he er	拉合尔	79
tuo ye	拖曳	79
bai bie	拜别	79
quan da jiao ti	拳打脚踢	79
gua duan	挂断	79
tiao dou	挑逗	79
wa keng	挖坑	79
ting xiong	挺胸	79
ju shi	据实	79
jiao dong	搅动	79
gao luan	搞乱	79
yao gun yue	摇滚乐	79
liao kai	撩开	79
cao zuo fu	操作符	79
lve	擽	79
zheng fu jun	政府军	79
zheng gang	政纲	79
jiu sheng ting	救生艇	79
zheng ren	整人	79
ban ma	斑马	79
si te la si bao	斯特拉斯堡	79
xin wen xue	新文学	79
an jiao	暗礁	79
an hong	暗红	79
an yu	暗语	79
pu	曝	79
you sheng yi lai	有生以来	79
li de	李德	79
xing zi	杏子	79
xing huang	杏黄	79
jiao chang	校场	79
sang fei hong	桑飞虹	79
jie geng	桔梗	79
zhi wu xue jia	植物学家	79
lou tou	楼头	79
zhang nao	樟脑	79
ge hou	歌喉	79
zheng dian zi	正电子	79
duan gong zi	段公子	79
qi shu	气数	79
qi xiang tai	气象台	79
shui di	水地	79
shan	汕	79
mei cuo	没错	79
you guang	油光	79
zhu she ji	注射剂	79
xi wei	洗胃	79
luo ke fei lei	洛克菲勒	79
luo chuan	洛川	79
hai sha	海沙	79
run hua ji	润滑剂	79
dan lan	淡蓝	79
shen lan se	深蓝色	79
liu da	溜达	79
man tian fei	满天飞	79
huang	潢	79
pu yang	濮阳	79
re cheng	热诚	79
ran shao dan	燃烧弹	79
ai li si	爱丽丝	79
di de luo	狄德罗	79
du yan long	独眼龙	79
zhu you	猪油	79
sheng zhang qi	生长期	79
jia zhou	甲胄	79
dian chuan	电传	79
dian ying ju ben	电影剧本	79
dian lu ban	电路板	79
shu yu	疏于	79
bai mu da	百慕大	79
jian kao	监考	79
he gai	盒盖	79
zhi bu luo tuo	直布罗陀	79
po po lan lan	破破烂烂	79
xiao ji	硝基	79
bi yan	碧眼	79
zhi	礩	79
shen jiao	神交	79
shen qi	神器	79
shen hu	神户	79
shen jing wai ke	神经外科	79
dao zhu	祷祝	79
li xi	离席	79
chuang feng	窗缝	79
jing du	竞渡	79
di yi suo	第一所	79
jin mai	筋脉	79
zhu lu	筑路	79
shai zi	筛子	79
guan li zhong xin	管理中心	79
guan li fa	管理法	79
liang piao	粮票	79
ju	粷	79
tang fen	糖分	79
xi tong fen xi	系统分析	79
ji nian tang	纪念堂	79
jing shou	经手	79
lan sheng	缆绳	79
shu zhang	署长	79
lao gan bu	老干部	79
liao tian shi	聊天室	79
ju yi xi	聚乙烯	79
ju ju di	聚居地	79
ju zhi	聚酯	79
zhao qing	肇庆	79
xiao bang	肖邦	79
ang	肮	79
pei tai xue	胚胎学	79
jiao he ban	胶合板	79
yao gan	腰杆	79
teng nuo	腾挪	79
zi bu bi shuo	自不必说	79
zi ao	自傲	79
zi qiang bu xi	自强不息	79
zi you dian zi	自由电子	79
zi jue	自绝	79
zi jian	自荐	79
jian nan kun ku	艰难困苦	79
du	芏	79
xin pian zu	芯片组	79
qin	芹	79
su zhou ren	苏州人	79
ruo shi	若是	79
ying ge lan dui	英格兰队	79
mao lu	茅庐	79
long	茏	79
cha wen hua	茶文化	79
cao bao	草包	79
xu shui chi	蓄水池	79
lan ling	蓝领	79
bao ceng	薄层	79
hao	蚝	79
yan	蜒	79
cai che	裁撤	79
zhuang ding	装订	79
xi bo lin	西柏林	79
xi zang di qu	西藏地区	79
jian gui	见鬼	79
jie ke	解渴	79
xu xian chun	许显纯	79
lun li	论理	79
shi xiang	识相	79
yu se	语塞	79
shuo po	说破	79
zhu zi bai jia	诸子百家	79
zhen zai	赈灾	79
zou ma deng	走马灯	79
pao ma	跑马	79
kua bu	跨步	79
lu kuang	路况	79
bi	跸	79
che hang	车行	79
ruan ni	软泥	79
ruan yu	软语	79
zhe	辙	79
ru mo	辱没	79
yun cheng	运城	79
fan guo	返国	79
zhe xia zi	这下子	79
tong xin wang	通信网	79
zao ci	造次	79
guo jing jing	郭晶晶	79
zhong ya	重压	79
jin guang liang	金光亮	79
qian xue sen	钱学森	79
tie xin	铁心	79
tong gu	铜鼓	79
chan zi	铲子	79
zhang nv	长女	79
zhang bi	长臂	79
wen	阌	79
fang ai	防癌	79
yang gang	阳刚	79
yang chun	阳春	79
lu cheng feng	陆乘风	79
sui yuan	随员	79
sui fang	随访	79
yu di	雨滴	79
xue shang jia shuang	雪上加霜	79
lou lian	露脸	79
qing tian bai ri	青天白日	79
qing lou	青楼	79
jing ji	静寂	79
wei da ren	韦大人	79
yin zhi	音质	79
ling hang	领航	79
feng feng huo huo	风风火火	79
yu	饫	79
xiang xiang	香香	79
ma ding nei si	马丁内斯	79
ma lan yu	马兰峪	79
jiao ren	骄人	79
gu zhen	骨针	79
gao lun	高论	79
gao nan du	高难度	79
xian liang	鲜亮	79
xiao	鸮	79
yu	鹆	79
wo	龌	79
yi cu er jiu	一蹴而就	78
qi qi shi bian	七七事变	78
qi ye	七夜	78
qi jue	七绝	78
san shi duo ge	三十多个	78
bu xing ren shi	不省人事	78
bu dao de	不道德	78
shi jie bao	世界报	78
dong lu jun	东路军	78
liang shuang	两双	78
liang ping	两瓶	78
liang shui	两税	78
ge jiu	个旧	78
zhong lao nian ren	中老年人	78
feng gong wei ji	丰功伟绩	78
zhu ren weng	主人翁	78
nai man	乃蛮	78
wu lao da	乌老大	78
yue ge	乐歌	78
cheng sheng zhui ji	乘胜追击	78
jiu ceng	九层	78
jiu xi	九溪	78
er san bai	二三百	78
er shi jiu ri	二十九日	78
qin er	亲耳	78
ren gong hu xi	人工呼吸	78
xian he	仙鹤	78
ling pai	令牌	78
jiao	侥	78
jun ya	俊雅	78
su ren	俗人	78
bao hu xing	保护性	78
bao xian jin	保险金	78
dao mai	倒卖	78
dao bi	倒毙	78
gan	倝	78
tou qing	偷情	78
quan zi	全资	78
liu qi ge	六七个	78
guan an ji	关安基	78
mao huo	冒火	78
bing jing	冰晶	78
ji bai li	几百里	78
ji liang	几辆	78
chu ren ming	出人命	78
hua bo	划拨	78
chuang ji lu	创纪录	78
ke xia	刻下	78
qian zhan xing	前瞻性	78
da	剳	78
bao gong tou	包工头	78
bei jing yuan ren	北京猿人	78
bei dao	北道	78
yi liao fei	医疗费	78
nan jing chang jiang er qiao	南京长江二桥	78
wo bing	卧病	78
ya si	压死	78
can kao xi	参考系	78
cha shou	叉手	78
fan guo lai shuo	反过来说	78
jia	叚	78
gu miao	古庙	78
ke geng di	可耕地	78
ke du xing	可读性	78
ge xing qi shi	各行其是	78
ming wen	名闻	78
wu ge	吴哥	78
xi xue gui	吸血鬼	78
pen yong	喷涌	78
si shi si nian	四十四年	78
si shi duo nian	四十多年	78
guo jia jing mao wei	国家经贸委	78
sheng an dong ni ao	圣安东尼奥	78
jian ren	坚忍	78
guang	垙	78
mai ru	埋入	78
pu	埔	78
ji chu ke xue	基础科学	78
sai na he	塞纳河	78
yi	墿	78
fu jian	复检	78
duo mu	多姆	78
da chang	大厂	78
da he chang	大合唱	78
da gua	大褂	78
da jin	大襟	78
hao yang	好样	78
qi nv	妻女	78
hun su	婚俗	78
xi pi xiao lian	嬉皮笑脸	78
sun er	孙儿	78
ning si bu qu	宁死不屈	78
shou hu shen	守护神	78
zong zhu guo	宗主国	78
fu shi shan	富士山	78
dao yu	导语	78
xiao gui mo	小规模	78
niao bu	尿布	78
wu liang	屋梁	78
tun ken	屯垦	78
ji ji ke wei	岌岌可危	78
han	崡	78
gong fen	工分	78
gong shang hu	工商户	78
gong kuang ye	工矿业	78
chang ya	常压	78
ping chang xin	平常心	78
you men	幽门	78
guang han	广汉	78
zhang jia gang	张家港	78
gui yin yu	归因于	78
gui tian	归天	78
lu xiang dai	录像带	78
ying xing	影星	78
wang huai	忘怀	78
bei cong zhong lai	悲从中来	78
ci he	慈和	78
wei lao	慰劳	78
zhan li	战例	78
zhan shen	战神	78
fang qian	房前	78
da cha	打岔	78
tuo li ya	托利亚	78
yang chang bi duan	扬长避短	78
chou she	抽射	78
ta pian	拓片	78
ba gao	拔高	78
gong qiao	拱桥	78
gua hao	挂号	78
tiao dong	挑动	78
hui sa	挥洒	78
zhen hua	振华	78
tan tou tan nao	探头探脑	78
tan wen	探问	78
tui ru	推入	78
ti shi xing	提示性	78
jiu xin	揪心	78
shou zhi ping heng	收支平衡	78
gai liang pai	改良派	78
gong lve	攻掠	78
lian cai	敛财	78
san san xin	散散心	78
shu qian li	数千里	78
shu shu	数术	78
si tu ya	斯图亚	78
xin ze xi zhou	新泽西州	78
ri jing	日经	78
an liu	暗流	78
bao die	暴跌	78
you xi	有喜	78
you guo zhi er wu bu ji	有过之而无不及	78
ying	朠	78
li xian sheng	李先生	78
shu shou	束手	78
yang yu fei	杨宇飞	78
lin yin	林荫	78
cha dian	查点	78
ke er ke zi	柯尔克孜	78
zhu shi	柱石	78
shu ying	树影	78
shu shen	树身	78
sang ji zhuo	桑吉卓	78
ya	桠	78
mian ku	棉裤	78
xie xing	楔形	78
wu qi ku	武器库	78
can bing	残兵	78
can que bu quan	残缺不全	78
duan shi	段氏	78
mei mu	每亩	78
min jian wu	民间舞	78
qi xiang wei xing	气象卫星	78
dao	氘	78
shui quan	水圈	78
shui xi	水螅	78
yong bie	永别	78
han shi	汉室	78
tang you bei	汤尤杯	78
qi cha	沏茶	78
zhan zhan zi xi	沾沾自喜	78
yong zhuang	泳装	78
liu xing	流形	78
hai shi	海狮	78
hai jin	海禁	78
hai nan	海难	78
hun xue	混血	78
qing xiang	清乡	78
kui tao	溃逃	78
su	潥	78
chao shan	潮汕	78
chao hong	潮红	78
hui hei se	灰黑色	78
lan tan zi	烂摊子	78
ai qie	爱妾	78
ai lian	爱恋	78
hen ming	狠命	78
xuan wu men	玄武门	78
yu ji zi	玉玑子	78
yu xi	玉玺	78
wan ou	玩偶	78
zhen yi	珍异	78
qin pu	琴谱	78
cui	璀	78
wa fang	瓦房	78
wa yao bu hui yi	瓦窑堡会议	78
yong chang	用场	78
yong liao	用料	78
tian han	田汉	78
bing ti	病体	78
sha	痧	78
bai tang	白糖	78
pi ao	皮袄	78
ying kui	盈亏	78
mang mu xing	盲目性	78
kan men	看门	78
duan pian	短片	78
duan qun	短裙	78
duan lu	短路	78
shi hui shui	石灰水	78
shi qi	石砌	78
min	砇	78
ying gu tou	硬骨头	78
ci tong	磁通	78
ji bai	祭拜	78
huo guo yang min	祸国殃民	78
jin jue	禁绝	78
rang	禳	78
hu	笏	78
di yi dian	第一点	78
di si ming	第四名	78
di si tiao	第四条	78
zhan fu	粘附	78
jing fang	精纺	78
zao po	糟粕	78
fang	紡	78
chong	緟	78
jing ban	经办	78
xuan lan	绚烂	78
xiu qiu	绣球	78
que zhen	缺阵	78
mei rong yuan	美容院	78
mei zheng fu	美政府	78
mei yu	美玉	78
yu mao qiu dui	羽毛球队	78
lao sheng	老生	78
lao bao	老鸨	78
kao cha dui	考察队	78
geng zhi	耿直	78
long zi	聋子	78
lian fang	联防	78
ken gan	肯干	78
xiong gu	胸骨	78
hang chuan	航船	78
lu hui	芦荟	78
hua shi	花式	78
cao ye	草叶	78
ju ke	菊科	78
kui	虁	78
fu she	蝮蛇	78
huo	蠖	78
biao zi	表字	78
niao	袅	78
pao fu	袍服	78
jian cheng	见称	78
gui quan	规劝	78
gui ding xing	规定性	78
shui	誰	78
ya yi	讶异	78
gai she	该社	78
xiang jie	详解	78
zhu gong	诸公	78
nuo wei ci ji	诺维茨基	78
du jing	读经	78
ke yi	课以	78
gu lei	谷类	78
huo lun	货轮	78
pin jian	贫贱	78
gou hui	购汇	78
zan bi xi he	赞比西河	78
yue nan zhan zheng	越南战争	78
shen zi gu	身子骨	78
che zhou	车轴	78
zhuan jiao	转角	78
qing xing tan ke	轻型坦克	78
da wo er	达斡尔	78
di jin	递进	78
dao men	道门	78
yi chuan bing	遗传病	78
zun hua	遵化	78
niang zhi	酿制	78
zhong ze	重责	78
jin de dui	金德队	78
tie ling	铁岭	78
zhang ju li	长距离	78
zhang shun	长顺	78
chang qu zhi ru	长驱直入	78
men chi	门齿	78
fang shai shuang	防晒霜	78
yang li	阳历	78
a er fa	阿尔法	78
fu er	附耳	78
xue shui	雪水	78
huo fu man	霍夫曼	78
fei bao li	非暴力	78
ding yong	顶用	78
yu gao	预告	78
ling dao li	领导力	78
shi pu	食谱	78
fan shi	饭食	78
xiang bin jiu	香槟酒	78
ma ma hu hu	马马虎虎	78
gu dong	骨董	78
gao neng wu li	高能物理	78
gao yang	高阳	78
bao da chu	鲍大楚	78
ji yu	鲫鱼	78
chun	鹑	78
ma mu bu ren	麻木不仁	78
mo nian	默念	78
chuo	龊	78
long juan feng	龙卷风	78
long jiang	龙江	78
yi liang ju	一两句	76
yi qian nian	一千年	76
yi yan yi xing	一言一行	76
yi zhang zhi	一长制	76
wan jian	万件	76
wan e	万恶	76
wan jin	万金	76
shang xia ji	上下级	76
shang ban shen	上半身	76
shang tui	上推	76
xia shi	下士	76
bu pa xi sheng	不怕牺牲	76
bu wu guan xi	不无关系	76
bu neng zi ji	不能自己	76
cong kan	丛刊	76
zhong wei	中卫	76
zhong guo wen lian	中国文联	76
zhong yang chu li qi	中央处理器	76
zhong ba	中巴	76
zhu ye	主页	76
jiu quan zhi xia	九泉之下	76
ru ai	乳癌	76
zheng guang	争光	76
er zhang	二丈	76
er qian liang	二千两	76
er sao	二嫂	76
er ba shou	二把手	76
kang long you hui	亢龙有悔	76
ren gong shou jing	人工授精	76
yi duo	亿多	76
fu niu	伏牛	76
zuo xie	作协	76
zuo nong	作弄	76
su wu	俗务	76
xin fang	信访	76
jie ru	借入	76
jie kuan ren	借款人	76
qing xiang xing	倾向性	76
zuo ban	做伴	76
fu quan you	傅全有	76
yuan xun	元勋	76
liu jia	六甲	76
gang bi ya	冈比亚	76
jun shu	军属	76
zhun jiang	准将	76
liu xiao bo	刘晓波	76
chu qi	初七	76
fu shou	副手	76
jia la jia si	加拉加斯	76
jia dian	加点	76
bao yue	包月	76
yi xue hui	医学会	76
shi quan shi mei	十全十美	76
shi juan	十卷	76
hua dong di qu	华东地区	76
hua te er	华特尔	76
mai ming	卖命	76
bo wu	博物	76
zhan you	占优	76
ji mo	即墨	76
si hun	厮混	76
shuang hui	双汇	76
fan qian ji	反潜机	76
fan guan	反观	76
fa pang	发胖	76
zhuo	叕	76
bian huai	变坏	76
bian huan mo ce	变幻莫测	76
kou shou	口授	76
ye jia	叶家	76
ye ye	叶腋	76
he gui	合规	76
tong zhuo	同桌	76
tong mou	同谋	76
jun shi tan ding	君士坦丁	76
qi hang	启航	76
gao jie	告捷	76
ha ni	哈尼	76
tang wu de	唐武德	76
chen guai	嗔怪	76
die	嗲	76
hui mou	回眸	76
tuan bu	团部	76
guo ti	国体	76
guo ji zu lian	国际足联	76
di ceng xue	地层学	76
cheng huang miao	城隍庙	76
zhuang zhi	壮志	76
duo mi ni jia	多米尼加	76
ye shi yi	夜视仪	76
da jiu	大久	76
da ji	大吉	76
da shi	大士	76
da ding	大定	76
da kuan	大款	76
tian ci	天赐	76
jian shang	奸商	76
zhuang lian	妆奁	76
jie di	姐弟	76
ya	娅	76
song pei qi	宋培起	76
xiao jiao che	小轿车	76
jian er	尖儿	76
jin li er wei	尽力而为	76
jin shan jin mei	尽善尽美	76
wei shu	尾数	76
ceng liu	层流	76
shan ao	山凹	76
shan xi	山溪	76
an ji	岸基	76
zuo quan xian	左权县	76
cha yi xing	差异性	76
ba te lei	巴特勒	76
gan han qu	干旱区	76
ku fu man	库夫曼	76
xiang	庠	76
kang guang ling	康广陵	76
jian xiao	建校	76
xing tong xu she	形同虚设	76
che tou che wei	彻头彻尾	76
wei ke	微克	76
de zhi shi	德之士	76
bi xiu	必修	76
kai	慨	76
cheng bu liao	成不了	76
cheng du ping yuan	成都平原	76
fang shi	房室	76
pu da	扑打	76
niu kui	扭亏	76
chen	抻	76
pai an er qi	拍案而起	76
zhi dao jia	指导价	76
han	捍	76
pai jie	排解	76
ti su	提速	76
jiao huo	搅和	76
zhai chu	摘除	76
ma sa	摩挲	76
zhuang dao	撞倒	76
lei tai sai	擂台赛	76
zhi mai	支脉	76
shou shui	收税	76
jiao wu zhang	教务长	76
dun hou	敦厚	76
shu ju fen xi	数据分析	76
fu she	敷设	76
wen chou	文丑	76
wen mo	文墨	76
xie wen	斜纹	76
chi zi	斥资	76
xin pin zhong	新品种	76
xin shou	新手	76
wu yi wu kao	无依无靠	76
wu zhu yu	无助于	76
wu shen lun	无神论	76
ji de	既得	76
ri wen	日文	76
jiu ju	旧居	76
yi xian	易县	76
xian ming	显明	76
jin jiang	晋江	76
yue zu fei	月租费	76
shu shou dai bi	束手待毙	76
tiao tiao	条条	76
mou nian	某年	76
ge la	格拉	76
meng you	梦游	76
cheng	棦	76
zhao	棹	76
ye	椰	76
tang	樘	76
gan lan you	橄榄油	76
ou shi	欧式	76
kuan zi	款子	76
qian shou	歉收	76
zheng da guang ming	正大光明	76
shui jia	水价	76
shui jing shi	水晶石	76
shui ni chang	水泥厂	76
shui zhang chuan gao	水涨船高	76
shui niao	水鸟	76
qiu qin	求亲	76
tang mu sun	汤姆孙	76
fan guang deng	泛光灯	76
fan mei	泛美	76
xi di ji	洗涤剂	76
fu hua	浮华	76
fu chen	浮沉	76
hai luo	海螺	76
fu	涪	76
qi	湇	76
yan	湮	76
yuan dai ma	源代码	76
xi kou	溪口	76
pan	溿	76
man shan bian ye	漫山遍野	76
huo yan shan	火焰山	76
huo yao wei	火药味	76
yan yun	烟云	76
yan he	烟盒	76
re shui qi	热水器	76
pian mian xing	片面性	76
wu yu	物语	76
qian niu	牵牛	76
te da xing	特大型	76
te xiao	特效	76
wang chu yi	王处一	76
xian dai xi	现代戏	76
zhu yu	珠玉	76
qiong ya	琼崖	76
sheng cun lv	生存率	76
yong zuo	用做	76
shen chi	申斥	76
hua shi	画室	76
liu ren	留任	76
lao bing	痨病	76
bai miao	白描	76
bai ai xing	白矮星	76
bai dan bai	白蛋白	76
yan chi	盐池	76
gai qi	盖起	76
dao han	盗汗	76
sheng zan	盛赞	76
xu yi	盱眙	76
xiao suan yan	硝酸盐	76
ying ke	硬壳	76
mo fang	磨坊	76
she hui xue xi	社会学系	76
zu mu lv	祖母绿	76
bing gong	秉公	76
ke en	科恩	76
shao hou	稍候	76
du xin	笃信	76
bi ting	笔挺	76
da xie	答谢	76
dian	簟	76
mi de er si bao	米德尔斯堡	76
lei shu	类书	76
li du	粒度	76
jing ming qiang gan	精明强干	76
hong ren	红人	76
tao chong	绦虫	76
di yue	缔约	76
bian ci	编次	76
lao wu	老五	76
er ru mu ran	耳濡目染	76
lian bo	联播	76
gan ying bian	肝硬变	76
jiao zhang	脚掌	76
yao zhan	腰斩	76
zi kong	自控	76
yi shu jie	艺术界	76
jie du	节度	76
jie qi	节气	76
cang cang	苍苍	76
cao pi	草皮	76
luo nan	落难	76
zheng zhu	蒸煮	76
mang	蠎	76
jie bian	街边	76
jie mian	街面	76
yi shi zhu xing	衣食住行	76
dan	褝	76
jian mian li	见面礼	76
jiang gao	讲稿	76
shi she	诗社	76
cheng ru	诚如	76
wu shi	误事	76
mi yu	谜语	76
bai ji	败绩	76
zhi xin	质心	76
shang xin yue mu	赏心悦目	76
zan bu jue kou	赞不绝口	76
qi zhong	起重	76
die da	跌打	76
lu fei	路费	76
tiao lou	跳楼	76
ruan mu	软木	76
ci cheng	辞呈	76
ying ke	迎客	76
jin wei jun	近卫军	76
tui shui	退税	76
xuan song	选送	76
su cheng	速成	76
wei yi	逶迤	76
qiu jing	遒劲	76
guo zi xing	郭子兴	76
lao	醪	76
cai shou	采收	76
li ao	里奥	76
chong qi	重启	76
gang sheng	钢绳	76
ming ji	铭记	76
chang chun ya tai dui	长春亚泰队	76
chang pian da lun	长篇大论	76
yu	閾	76
tian	阗	76
yin yang guai qi	阴阳怪气	76
zhen di zhan	阵地战	76
long hai tie lu	陇海铁路	76
xiong bian	雄辩	76
ci xiong yi zhu	雌雄异株	76
yu hou chun sun	雨后春笋	76
fei zheng chang	非正常	76
mian mo	面膜	76
wei shi	韦氏	76
shao guan	韶关	76
gu zhun	顾准	76
yan a gu	颜阿骨	76
shi yu bu zhen	食欲不振	76
bing zi	饼子	76
ma shao er	马绍尔	76
qi shu	骑术	76
sao	髞	76
man li	鳗鲡	76
shan	鳝	76
pi	鼙	76
yi si yi hao	一丝一毫	75
yi ju liang de	一举两得	75
yi jiu jiu qi nian	一九九七年	75
yi dao qie	一刀切	75
yi jian ru gu	一见如故	75
san zhen	三镇	75
shang guan	上官	75
shang qi	上期	75
shang jin	上进	75
bu ran de hua	不然的话	75
shi gu	世故	75
liang jie	两节	75
ge ren suo de shui	个人所得税	75
zhong guo shi	中国史	75
zhong zhuan zhan	中转站	75
zhu chan qu	主产区	75
zhu yin	主因	75
qiao zhuang gai ban	乔装改扮	75
jiu si yi sheng	九死一生	75
luan fa	乱发	75
shi yu yuan wei	事与愿违	75
er ba	二八	75
er shi yi sui	二十一岁	75
wu jia	五家	75
ren qing wei	人情味	75
ren min ri bao she	人民日报社	75
jin wen	今文	75
yi ma mu	伊玛目	75
xiu xue	休学	75
hui kao	会考	75
shang bing	伤兵	75
wei shu	伪书	75
hou shen	候审	75
jia xing xing	假惺惺	75
jian min	健民	75
tou sheng	偷生	75
sha yan	傻眼	75
zai er san	再而三	75
jun dai biao	军代表	75
dao bing	刀兵	75
fen dian	分店	75
kan chu	刊出	75
chuang sheng	创生	75
li you	利诱	75
bie kai sheng mian	别开生面	75
qian yi zhen zi	前一阵子	75
dong bi	动笔	75
gou da	勾搭	75
bao zhu	包住	75
bao xiao	包销	75
bei ji xiong	北极熊	75
shi liu qi sui	十六七岁	75
shi ji wei	十几位	75
shi ji ming	十几名	75
ban shan yao	半山腰	75
hua gai	华盖	75
yin jun	印军	75
wei zai dan xi	危在旦夕	75
wei fang	危房	75
ji di	及第	75
shuang qu xian	双曲线	75
qu fa	取法	75
shou chong	受宠	75
shou rang	受让	75
bian fen fa	变分法	75
pan guo	叛国	75
kou shi	口试	75
ke jing	可敬	75
tai deng	台灯	75
shi bo wei	史伯威	75
shi shu gang	史叔刚	75
ye ni sai he	叶尼塞河	75
ji er bo te	吉尔伯特	75
tong chuang	同窗	75
ting xie	听写	75
lao lao dao dao	唠唠叨叨	75
shang sha	商厦	75
shang gang	商港	75
hui xiang	回响	75
yuan ding	园丁	75
gu dan	固氮	75
tu shan	土山	75
kuai gen	块根	75
mu yuan	墓园	75
mu zhi ming	墓志铭	75
mu qun	墓群	75
zhuang shi	壮实	75
wai jing mao bu	外经贸部	75
da chi da he	大吃大喝	75
da an	大安	75
da yao da bai	大摇大摆	75
da zang	大藏	75
da lian shi de dui	大连实德队	75
tai xu	太虚	75
tai yang feng	太阳风	75
shi qiu	失球	75
jia zhu tao	夹竹桃	75
nv nu	女奴	75
ru gu	如故	75
ru hua si yu	如花似玉	75
ren	妊	75
miao chu	妙处	75
wei qu	委曲	75
po xi	婆媳	75
yuan	媴	75
sun ji hai	孙继海	75
xiao dao	孝道	75
xue qian jiao yu	学前教育	75
shou tu	守土	75
an li hui chang ren li shi guo	安理会常任理事国	75
ding zhou	定州	75
dui yi	对弈	75
dui jin	对襟	75
ju lu shi	居鲁士	75
tun zhu	屯驻	75
ling shang	岭上	75
luan	峦	75
zuo zhang	左掌	75
ba te	巴特	75
ba ma	巴马	75
bu lu ke si	布鲁克斯	75
ping ping an an	平平安安	75
di ban	底板	75
dian men	店门	75
jian yan	建炎	75
fu lan ke	弗兰克	75
zhang kuang	张狂	75
xin ji ru fen	心急如焚	75
xin you yu ji	心有余悸	75
xin xue lai chao	心血来潮	75
xin ling shen hui	心领神会	75
ji dai	急待	75
peng ran xin dong	怦然心动	75
can bu ren du	惨不忍睹	75
xiang dang ran	想当然	75
qian	愆	75
yu xiong	愚兄	75
kui dui	愧对	75
kang kai chen ci	慷慨陈词	75
jie liu	截留	75
da zhan	打颤	75
rao min	扰民	75
kang zai	抗灾	75
la lian	拉链	75
ju zhi men wai	拒之门外	75
pin sha	拼杀	75
zhi shou hua jiao	指手画脚	75
luan	挛	75
pai wei	排位	75
miao jin	描金	75
she ying jia	摄影家	75
yao yao bai bai	摇摇摆摆	75
cuan	撺	75
han dong	撼动	75
fang da jing	放大镜	75
fang sheng	放生	75
fang xian jun	放线菌	75
zheng zhi xing	政治性	75
san hui	散会	75
dun huang xue	敦煌学	75
wen yuan	文员	75
dou shi	斗士	75
xin zhi	新制	75
xin lang chao	新浪潮	75
fang zhi	方志	75
fang zhou	方舟	75
ji de li yi	既得利益	75
ri ka ze	日喀则	75
ri zeng	日增	75
zao qian	早前	75
zui di ceng	最底层	75
yue er	月儿	75
li xi hua	李西华	75
cun gu	村姑	75
du zhen yu	杜震宇	75
yang mei	杨梅	75
yang xing mi	杨行密	75
jie ke	杰克	75
ya	枒	75
guo gan	果敢	75
guo rou	果肉	75
ran zhi	染指	75
di	柢	75
shu cha	树杈	75
shu yin	树荫	75
an tou	案头	75
mao	楙	75
lv	榈	75
heng sheng	横生	75
tan xiang shan	檀香山	75
huan yue	欢悦	75
bu chu	步出	75
hao bu ke qi	毫不客气	75
qi er	气儿	75
lv hua qing	氯化氢	75
shui li bu	水利部	75
qi hua	汽化	75
pei xian	沛县	75
ni tan	泥潭	75
lei ru yu xia	泪如雨下	75
dong cha li	洞察力	75
dong fang hua zhu	洞房花烛	75
liu li shi suo	流离失所	75
liu lian	流连	75
zhang shi	涨势	75
yuan di	源地	75
rong xue	溶血	75
qi hei yi tuan	漆黑一团	75
lao	潦	75
ao yuan	澳元	75
shao zhi	烧纸	75
shao jie	烧结	75
re hu	热乎	75
shu shi	熟食	75
te bie jiang	特别奖	75
te la si	特拉斯	75
mao ni	猫腻	75
yu zan	玉簪	75
wang chu	王储	75
zhu jiang kou	珠江口	75
liu zhu	留驻	75
chu sheng	畜牲	75
tong ku liu ti	痛哭流涕	75
bai chi	白吃	75
bai ban	白斑	75
duan shi qi	短时期	75
po shang feng	破伤风	75
po kou	破口	75
wan die	碗碟	75
peng tou	碰头	75
mo ca	磨擦	75
she hui min zhu zhu yi	社会民主主义	75
hu	祜	75
shen si	神思	75
zhu lan	竹篮	75
zhu	竺	75
di san nian	第三年	75
di san bu	第三部	75
di liu tiao	第六条	75
deng shi	等式	75
deng	簦	75
mi te	米特	75
su	粛	75
jin suo	紧锁	75
hong song	红松	75
zhi zhi	纸质	75
jiao jin nao zhi	绞尽脑汁	75
tong yi xing	统一性	75
wei ta ming	维他命	75
ji si	缉私	75
mei zhou hu	美洲虎	75
gao zi	羔子	75
qun	羣	75
suo	羧	75
lao lian	老脸	75
gua zao	聒噪	75
chang yan	肠炎	75
zi xiu	自修	75
wu nv	舞女	75
hua dan	花旦	75
hua qi	花期	75
yun xiang	芸香	75
miao tou	苗头	75
ku xing	苦行	75
yao dou	药都	75
mo luo tuo fu	莫洛托夫	75
you yan	蚰蜒	75
she wen shi	蛇纹石	75
feng qi	蜂起	75
rong tong	融通	75
li	蠡	75
xue han qian	血汗钱	75
yi bo	衣钵	75
biao yan dui	表演队	75
ji xu	记叙	75
hui yan	讳言	75
xu duo ci	许多次	75
shi yun	诗云	75
diao chu	调出	75
lu you	路由	75
tiao shen	跳神	75
shen wai zhi wu	身外之物	75
tang yi	躺椅	75
lian suo fan ying	连锁反应	75
shi ying zheng	适应症	75
tao ke	逃课	75
tong ling	通令	75
tong shi	通式	75
zao shan yun dong	造山运动	75
deng da hai	邓大海	75
bang jiao	邦交	75
zou you gen	邹侑根	75
cai yang	采样	75
cai you	采油	75
jin rong jie	金融界	75
jian	釼	75
liu	鎏	75
jue	钁	75
na yan	钠盐	75
gang kui	钢盔	75
tie gan	铁杆	75
yin qi	银器	75
suo gu	锁骨	75
guo di	锅底	75
a	锕	75
bin tie	镔铁	75
jue tou	镢头	75
chang jiu yi lai	长久以来	75
bi qi	闭气	75
fa men	阀门	75
a la shan	阿拉善	75
tao tu	陶土	75
ge re	隔热	75
yu guo	雨果	75
ling shou jia	零售价	75
wu shui	雾水	75
qing xi	青溪	75
jing mai qu zhang	静脉曲张	75
jing chui bing	颈椎病	75
ma ke si	马科斯	75
yi dao	驿道	75
fei	鲱	75
mai ke si	麦克斯	75
yi er ri	一二日	74
yi dai ren	一代人	74
yi shao	一勺	74
yi hu er	一忽儿	74
yi yan ji chu	一言既出	74
ding guan gen	丁关根	74
ding ling	丁玲	74
san shi ge	三十个	74
san tai	三台	74
san ye	三夜	74
san jiao	三教	74
san ju qing an	三聚氰胺	74
san lian guan	三连冠	74
shang hai gang	上海港	74
xia wang	下网	74
bu chu suo liao	不出所料	74
bu cheng hua	不成话	74
shi xiong	世兄	74
bing xi	丙烯	74
dong bei hu	东北虎	74
zhong bao	中保	74
zhong xin zheng quan	中信证券	74
zhong guo nong ye yin hang	中国农业银行	74
zhong guo min zhu jian guo hui	中国民主建国会	74
zhong tie	中铁	74
feng du	丰度	74
le ci bu pi	乐此不疲	74
le yi	乐艺	74
le guan zhu yi	乐观主义	74
ru lao	乳酪	74
wu shi duo sui	五十多岁	74
wu cun	五寸	74
wu zhou	五洲	74
ren gong liu chan	人工流产	74
yi gong qing	亿公顷	74
ling hu zhang men	令狐掌门	74
ren mai	任脉	74
fen zi	份子	74
fang gu	仿古	74
yu	伃	74
shen yuan	伸冤	74
fu de jiao	佛得角	74
zuo ban	作伴	74
xin zhi	信纸	74
ting ji	停机	74
sha hu hu	傻乎乎	74
jun	儁	74
ke lang	克朗	74
ru xiao	入校	74
quan zhen dao	全真道	74
quan su	全速	74
nei er	内耳	74
jun gong	军功	74
yuan nie	冤孽	74
dong xiao mai	冬小麦	74
feng tie jiang	冯铁匠	74
ji bai ming	几百名	74
ji li	几粒	74
dao qiang bu ru	刀枪不入	74
lie zu lie zong	列祖列宗	74
gong bu ke mei	功不可没	74
jia hou	加厚	74
jia de man dou	加德满都	74
jia wen	加温	74
dong bing	动兵	74
jing she	劲射	74
lao dong fa	劳动法	74
bei jing xie he yi yuan	北京协和医院	74
shi san ling	十三陵	74
ban zhi	半只	74
hua tuo	华佗	74
dan ri	单日	74
dan tie sheng	单铁生	74
nan tian men	南天门	74
wo pu	卧铺	74
fa zhan ju	发展局	74
fa wen	发文	74
kou chuan	口传	74
gu song	古松	74
gu li	古里	74
ding yao	叮咬	74
ye er qiang	叶尔羌	74
ji ji zha zha	叽叽喳喳	74
he bi	合璧	74
tong yi	同义	74
hou chen	后尘	74
hou ji	后继	74
wu zhang lao	吴长老	74
hu he hao te shi	呼和浩特市	74
he ge	和歌	74
yao yao ya	咬咬牙	74
ha gong da	哈工大	74
xiang qi	响器	74
shou piao yuan	售票员	74
ze	啧	74
ai	嗌	74
piao	嘌	74
si liang	四两	74
quan li	圈里	74
tu ku man	土库曼	74
sheng yu	圣谕	74
di pi	地痞	74
ba tou	坝头	74
fu he	复核	74
xia ling ying	夏令营	74
duo tai	多台	74
ye feng	夜风	74
da qian shi jie	大千世界	74
da ben	大本	74
tai shen	太甚	74
hang shi	夯实	74
shi fen	失分	74
hao ji wei	好几位	74
ru yue	如约	74
shen	妽	74
gu fu	姑夫	74
jia	婽	74
piao ke	嫖客	74
jin	嫤	74
sun er niang	孙二娘	74
xiao lian	孝廉	74
ji kan	季刊	74
ning hai xian	宁海县	74
shou kou ru ping	守口如瓶	74
an bu	安布	74
zong jiao jie	宗教界	74
dui wei	对位	74
dao huo suo	导火索	74
dao gui	导轨	74
jiang xiang	将相	74
xiao qun	小群	74
shang fang jian	尚方剑	74
jiu zuo	就座	74
shan dong ren	山东人	74
shan xiang	山乡	74
shan quan	山泉	74
xia wan	峡湾	74
lin xun	嶙峋	74
wei wei	巍巍	74
cha fen	差分	74
ba zhong	巴中	74
shuai ge	帅哥	74
shuai qi	帅气	74
gan she yi	干涉仪	74
nian gao	年糕	74
bing lian	并联	74
ku qu	库区	74
pang pei	庞培	74
kai he	开合	74
kai qiu	开球	74
yi ti	异体	74
dan ya	弹压	74
dan chang	弹唱	74
dai ji	待机	74
xin fu kou fu	心服口服	74
xin qi	心气	74
zhong yong	忠勇	74
ji zhou	急骤	74
xing qi guan	性器官	74
yuan fen	怨愤	74
chou men	愁闷	74
gan nian	感念	74
hui yan	慧眼	74
cheng xin	成心	74
jie du	戒毒	74
zhan jing jing	战兢兢	74
hu cong	扈从	74
da zhi	打制	74
da gong zhe	打工者	74
tuo yun	托运	74
sao miao yi	扫描仪	74
yang fan	扬帆	74
cheng meng	承蒙	74
kang ming	抗命	74
ya yun	押韵	74
chai xie	拆卸	74
ban zui	拌嘴	74
ba di er qi	拔地而起	74
zhao hang	招行	74
pai kai	排开	74
wei	撱	74
jiao yu she	教育社	74
gan dang	敢当	74
shu mi	数米	74
fu zi	斧子	74
duan jiao	断交	74
si wei shi lan	斯威士兰	74
fang bo qian	方伯谦	74
fang xiang pan	方向盘	74
lv you jie	旅游界	74
wu chi zhi tu	无耻之徒	74
wu qu	无趣	74
wu lu ke zou	无路可走	74
shi ling	时令	74
shi yun	时运	74
xing he	星河	74
qu fei yan	曲非烟	74
you he mian mu	有何面目	74
mu men	木门	74
ben ti lun	本体论	74
li li san	李立三	74
yang jia zhuang	杨家庄	74
song xiang	松香	74
ban fu	板斧	74
lin li	林里	74
qiang gan	枪杆	74
gen xu	根须	74
sang tuo si	桑托斯	74
dang an xue	档案学	74
jian cha zu	检查组	74
huan xin	欢欣	74
wu yong zhi yi	毋庸置疑	74
mu niu	母牛	74
mei shi mei ke	每时每刻	74
bi li niu si	比利牛斯	74
pu lu	氆氇	74
qi yun	气韵	74
shui jing zhu	水经注	74
hui liu	汇流	74
wo er ma	沃尔玛	74
you ku	油库	74
you chuan	油船	74
fa yi	法意	74
ci	泚	74
hai wan di qu	海湾地区	74
xiao xuan	消旋	74
yong quan	涌泉	74
qing yi	清议	74
qing tui	清退	74
wen hou	温厚	74
wen bing	温病	74
mian	湎	74
xiang lian	湘莲	74
kui lan	溃烂	74
ni shui	溺水	74
hua pao	滑跑	74
gun lun	滚轮	74
yu	漁	74
qian shui qi	潜水器	74
li shui	澧水	74
ying	濙	74
huo keng	火坑	74
huo shen	火神	74
zha lei	炸雷	74
dian jiang	点将	74
yan guan	烟管	74
mei shan	煤山	74
fan cuo	犯错	74
kuang biao	狂飙	74
hu li jing	狐狸精	74
du dao zhi chu	独到之处	74
yu li	狱吏	74
lang tun hu yan	狼吞虎咽	74
cu ran	猝然	74
nao	猱	74
xuan xu	玄虚	74
yu xi	玉溪	74
huan bao ju	环保局	74
huan lu	环路	74
xian xiang xue	现象学	74
gong tong	珙桐	74
qiu jing	球茎	74
li dang	理当	74
bu	瓿	74
tian zu	田租	74
dian re	电热	74
nan dui	男队	74
ji	畸	74
bai qu	白区	74
bai shi	百事	74
bai hu	百户	74
bai se	百色	74
gai mao	盖帽	74
xiang yi	相依	74
xiang de yi zhang	相得益彰	74
mei qing mu xiu	眉清目秀	74
zhen xin hua	真心话	74
duan chu	短处	74
shi po tian jing	石破天惊	74
sha kuang	砂矿	74
yan jiu xing	研究型	74
zhen	砧	74
ci li xian	磁力线	74
shen bu zhi gui bu jue	神不知鬼不觉	74
shen tong	神童	74
piao hao	票号	74
zhen	祯	74
fu li yuan	福利院	74
li dao	离岛	74
mi ji	秘籍	74
qiong guang dan	穷光蛋	74
dou kai yuan	窦开远	74
xiao tan	笑谈	74
xiao zhu yan kai	笑逐颜开	74
di wu ge	第五个	74
di shi san zhang	第十三章	74
guan feng qin	管风琴	74
xiang long	箱笼	74
liang zhan	粮站	74
zong yu	纵欲	74
zhi nv	织女	74
wei xi	维希	74
lv yin	绿荫	74
feng ren	缝纫	74
jiao fei	缴费	74
luo wang	罗网	74
lao zhai	老宅	74
lao zhuang	老庄	74
er fang	耳房	74
dan da wang wei	胆大妄为	74
hu zhi ming shi	胡志明市	74
hu zhou	胡诌	74
jiao dai	胶带	74
zhi lei	脂类	74
nao mo yan	脑膜炎	74
yao ban	腰板	74
zi zuo zhu zhang	自作主张	74
zi man	自满	74
zi you gang	自由港	74
wu zi	舞姿	74
hang yu	航宇	74
ting zhang	艇长	74
se mang	色盲	74
hua tuan jin cu	花团锦簇	74
ku bu kan yan	苦不堪言	74
ku hai	苦海	74
huo jiu	获救	74
yan	萒	74
ying si	营私	74
dong fang zhuo	董方卓	74
meng yu	蒙语	74
tai	薹	74
xu ci	虚词	74
qi	蛴	74
shu guo	蜀国	74
feng qun	蜂群	74
fu wang	蝠王	74
shi cha	视差	74
ren zhun	认准	74
jiang dao	讲道	74
su song fa	诉讼法	74
gai wen	该文	74
shuo lai hua chang	说来话长	74
shuo li	说理	74
shuo shuo xiao xiao	说说笑笑	74
shui liao	谁料	74
tiao wei pin	调味品	74
wei ci	谓词	74
yan	谚	74
yu nan	豫南	74
huo zhan	货栈	74
fei er ba ha	费尔巴哈	74
chi feng	赤峰	74
chao sheng su	超声速	74
pao bian	跑遍	74
lu shu	路数	74
zhuan an mei	转氨酶	74
fu dao shu	辅导书	74
da ka	达卡	74
da er	达尔	74
ying mian er lai	迎面而来	74
huan yuan ji	还原剂	74
jin xi	进袭	74
yuan yang	远扬	74
chi chi yi yi	迟迟疑疑	74
na ye hao	那也好	74
dou da jin	都大锦	74
jiu si	酒肆	74
shi yi	释疑	74
zhong tou xi	重头戏	74
jin yin	金印	74
jin niu	金牛	74
tie shan	铁杉	74
tie luo han	铁罗汉	74
tie mao	铁锚	74
tong yuan	铜元	74
ru	铷	74
ke	锞	74
qie er bu she	锲而不舍	74
zhang chuan	长传	74
chang long	长龙	74
men shan	门扇	74
nao hong hong	闹哄哄	74
yue lan	阅览	74
lang	阆	74
zhen fa xing	阵发性	74
a er ji er	阿尔及尔	74
chen yi fei	陈逸飞	74
gu yong jun	雇佣军	74
sha	霎	74
lou tou	露头	74
ba qi	霸气	74
bei	鞴	74
ren pi bu	韧皮部	74
gu wen tuan	顾问团	74
feng wu	风物	74
feng chi dian che	风驰电掣	74
fan qian	饭前	74
mo mo	馍馍	74
ma shan	马山	74
ma peng	马棚	74
ma bu jun	马步军	74
ma deng	马灯	74
gu jie	骨节	74
lie	鬣	74
yu guan	鱼贯	74
yu ying	鱼鹰	74
fu	鲋	74
lin ci zhi bi	鳞次栉比	74
hui	麾	74
hei che	黑车	74
yi bai yuan	一百元	73
yi xiang	一箱	73
yi ma dang xian	一马当先	73
wan bei	万倍	73
wan fen zhi yi	万分之一	73
san quan	三拳	73
san jin	三斤	73
shang ban	上半	73
shang ban shi	上半时	73
shang bu	上步	73
shang hai da xue	上海大学	73
bu cheng qi	不成器	73
bu mou er he	不谋而合	73
dong da	东大	73
liang quan qi mei	两全其美	73
liang dao	两刀	73
zhong gong zhong yang shu ji chu	中共中央书记处	73
zhong guo min zhu cu jin hui	中国民主促进会	73
zhong guo mei shu jia xie hui	中国美术家协会	73
feng rao	丰饶	73
lin zhan	临战	73
zhu cun	主存	73
wu long	乌龙	73
guai li	乖戾	73
cheng	乗	73
xi lian	习练	73
xiang huan	乡宦	73
zheng lun bu xiu	争论不休	73
er ren zhuan	二人转	73
wu wei	五味	73
wu hua da bang	五花大绑	73
wu zhu qian	五铢钱	73
ren hou	仁厚	73
jie hu	介乎	73
jie ci	介词	73
xian qi	仙气	73
dai biao zuo pin	代表作品	73
ling ai	令爱	73
yi ke zhao meng	伊克昭盟	73
chuan chang	传唱	73
shen shou bu jian wu zhi	伸手不见五指	73
zuo liao	佐料	73
ting yong	停用	73
guang qiang	光强	73
guang pu fen xi	光谱分析	73
guang liang zi	光量子	73
quan tuan	全团	73
quan cun ren	全村人	73
gong shi guan	公使馆	73
gong an ren yuan	公安人员	73
gong kai xin	公开信	73
guan ping	关平	73
nei fu	内府	73
nei ge da chen	内阁大臣	73
yuan hun	冤魂	73
ji qian wan	几千万	73
chu kou shang	出口商	73
liu hai	刘海	73
qian zhao	前兆	73
qian hu hou yong	前呼后拥	73
pi tou gai lian	劈头盖脸	73
li bao	力保	73
qian ye	千叶	73
ban tiao	半条	73
ban tu	半途	73
hua guang	华光	73
nan jing zheng fu	南京政府	73
lu yuan wai	卢员外	73
shuang bao tai	双胞胎	73
fa kuang	发狂	73
fa xiao	发笑	73
kou qin	口琴	73
gu dai shi	古代史	73
tai qiu	台球	73
ge dang	各党	73
ge hu	各户	73
he pai	合拍	73
ting xi	听戏	73
ou xin li xue	呕心沥血	73
ming gen zi	命根子	73
ai gao	哀告	73
shan jie ren yi	善解人意	73
zha	喳	73
ceng	噌	73
si pi	四匹	73
si chang	四场	73
si yi	四溢	73
tuan zu zhi	团组织	73
guo jia ke wei	国家科委	73
yuan zhu bi	圆珠笔	73
sheng yue han	圣约翰	73
sheng ma li nuo	圣马力诺	73
di xin	地心	73
ai tuo ao	埃托奥	73
ji du tu	基督徒	73
sai la li ang	塞拉利昂	73
qiang jiao	墙脚	73
wai xiang ren	外乡人	73
gou yi si	够意思	73
da peng che	大篷车	73
da yan bu can	大言不惭	73
da can	大餐	73
shi zhong	失重	73
nai liang	奈良	73
nv ban nan zhuang	女扮男装	73
ru meng chu xing	如梦初醒	73
wang yan	妄言	73
tuo tie	妥贴	73
dong	姛	73
hun yue	婚约	73
mei zhi	媒质	73
yi lan	宜兰	73
jia yang	家养	73
rong ke	容克	73
mi ling	密令	73
mi dian	密电	73
she lie	射猎	73
jin xin jin li	尽心尽力	73
shan li ren	山里人	73
wai	崴	73
bu er ren	布尔人	73
zhang mu	帐幕	73
ping shi	平视	73
you hui	幽会	73
you jin	幽禁	73
guang chang	广昌	73
yu	庾	73
kai fang qu	开放区	73
kai tang	开膛	73
yi qu tong gong	异曲同工	73
zhang xu	张旭	73
xing tong	形同	73
xing shen	形神	73
wei mo	微末	73
xin li	心力	73
qing fu	情妇	73
yi yi	意译	73
man man shuo	慢慢说	73
cheng tuan	成团	73
zhan pao	战袍	73
hu san niang	扈三娘	73
niu kui wei ying	扭亏为盈	73
niu duan	扭断	73
fu zheng	扶正	73
pai an	拍案	73
ba tui	拔腿	73
tuo la	拖拉	73
zhao kao ban	招考办	73
bu lie	捕猎	73
pai you jie nan	排忧解难	73
bo sha	搏杀	73
sang	搡	73
tian	搷	73
bin qi	摈弃	73
tan pai	摊牌	73
sa tui	撒腿	73
wen wu quan cai	文武全才	73
wen lun	文论	73
xie xian	斜线	73
si bin nuo	斯宾诺	73
xin ze xi	新泽西	73
xin gui	新贵	73
qi gu xiang dang	旗鼓相当	73
wu yuan wu hui	无怨无悔	73
wu hua guo	无花果	73
ri chan	日产	73
shi xiao xing	时效性	73
shi yin shi xian	时隐时现	73
xing tu	星图	73
ying ru yan lian	映入眼帘	73
chen xi	晨曦	73
qing tian pi li	晴天霹雳	73
qu zhi	曲直	73
cao ji xiang	曹吉祥	73
you zeng wu jian	有增无减	73
ji qiao	机巧	73
li jia cheng	李嘉诚	73
li zheng dao	李政道	73
li qing zhao	李清照	73
lai feng	来风	73
song nen ping yuan	松嫩平原	73
lin ming qiu	林铭球	73
qiang jian	枪尖	73
cha shi	查实	73
qi shen	栖身	73
kao jiao	栲胶	73
he tang he suan	核糖核酸	73
he lie bian	核裂变	73
mian tian	棉田	73
qiao fu	樵夫	73
qian kuan	欠款	73
zheng dan	正旦	73
zheng jing shi	正经事	73
min chu	民初	73
qi tian	气田	73
shui li xue	水力学	73
jiang jin	江津	73
he qu	河渠	73
fa bi	法币	73
bo na ba	波拿巴	73
bo pang	波旁	73
liu san	流散	73
ce zi	测字	73
nong mei da yan	浓眉大眼	73
hai yin li xi	海因里希	73
hai ke	海客	73
hai bu	海布	73
hai lao gong	海老公	73
guan	涫	73
ye mian	液面	73
lin yu	淋浴	73
shen shan lao lin	深山老林	73
tian luan	添乱	73
yi yu yan biao	溢于言表	73
tan di	滩地	73
chao cha	潮差	73
guan jiang	灌浆	73
chao gu	炒股	73
kang zhuo	炕桌	73
yan si	烟丝	73
pa sheng	爬升	73
ai di sheng	爱迪生	73
niu du	牛犊	73
xia	狎	73
wang wan ren	王万仞	73
wang de qin	王德勤	73
xian dai wu	现代舞	73
fa lang	珐琅	73
ci	疵	73
bai cheng	白城	73
bai wan fu weng	百万富翁	73
bai zhang	百丈	73
bai fen zhi er	百分之二	73
bai lao hui	百老汇	73
xiang guo si	相国寺	73
xiang an wu shi	相安无事	73
xiang dui gao du	相对高度	73
xiang bei	相悖	73
kan jia	看家	73
suo	睃	73
zhi jiao	知交	73
duan ju li	短距离	73
ci gong zhen	磁共振	73
li jing	礼敬	73
she hui huo dong jia	社会活动家	73
wu	祦	73
li chang	离场	73
li xin li	离心力	73
li shi	离石	73
xiu qi	秀气	73
xi li hu tu	稀里糊涂	73
bi jian	笔尖	73
di er xing	第二性	73
di wu tiao	第五条	73
di shi yi juan	第十一卷	73
di shi wu zhang	第十五章	73
guan xian yue dui	管弦乐队	73
nian tu kuang	粘土矿	73
xian	粯	73
xi lie hua	系列化	73
zi yun	紫云	73
zhong liao	终了	73
zhong shen	终审	73
jie ba	结巴	73
tong zhan	统战	73
mian yang	绵阳	73
lv deng	绿灯	73
bian mu	编目	73
zeng	缯	73
que yi bu ke	缺一不可	73
wang luo xi tong	网络系统	73
luo mi ou	罗密欧	73
mei guo gong si	美国公司	73
di	羝	73
qun feng	群峰	73
lao zhang	老丈	73
lao	耂	73
nai mo xing	耐磨性	73
zhao shi	肇事	73
rou jiang	肉酱	73
ken de ji	肯德基	73
yu ling	育龄	73
jiao zhou wan	胶州湾	73
cui xing	脆性	73
nao li	脑力	73
tuo tai huan gu	脱胎换骨	73
tian	腆	73
xing qi	腥气	73
zi jue	自决	73
zi yuan qi shuo	自圆其说	73
jiu ye	舅爷	73
ba jiao shan	芭蕉扇	73
hua wan zi	花万紫	73
hua si	花丝	73
hua qi yin hang	花旗银行	73
gou qie	苟且	73
ku gan	苦干	73
ku xin jing ying	苦心经营	73
hu	苸	73
cao wu	草屋	73
yao ping	药瓶	73
bi	蓖	73
qian jing	虔敬	73
rui	蚋	73
mou	蛑	73
e mei	蛾眉	73
tang lang	螳螂	73
lie hua	裂化	73
chu shi jian	褚时健	73
yan tan ju zhi	言谈举止	73
xu yu ming	许予明	73
zou	诹	73
tiao qing	调情	73
mi	谧	73
zhang fang	账房	73
huo chuan	货船	73
tan lian	贪恋	73
zou hong	走红	73
chao fan	超凡	73
gen feng	跟风	73
lu nan	路南	73
che liu	车流	73
da luo	达罗	73
deng ying chao	邓颖超	73
jiao ye	郊野	73
han chang	酣畅	73
li er	里尔	73
zhong zai qu	重灾区	73
jin ling	金领	73
qian wu	钱物	73
tie mian	铁面	73
nao	铙	73
wen juan diao cha	问卷调查	73
xian za	闲杂	73
chu quan	除权	73
lei nuo	雷诺	73
fei li	非礼	73
yin su	音速	73
shun shui	顺水	73
shun shui tui zhou	顺水推舟	73
yu zhi	预制	73
xiang yin	饷银	73
ma bu	马步	73
qu dong qi	驱动器	73
gao gu	高估	73
gao pan	高攀	73
bin fa	鬓发	73
kui xing	魁星	73
xian rou	鲜肉	73
huang yang	黄杨	73
huang men	黄门	73
qi ci	七次	72
wan shou wu jiang	万寿无疆	72
san tou liu bi	三头六臂	72
san cai	三才	72
san ba	三把	72
san jiang ping yuan	三江平原	72
san pan	三盘	72
shang jin	上劲	72
shang zhou wu	上周五	72
shang hai dui	上海队	72
dong la xi che	东拉西扯	72
liang bai nian	两百年	72
zhong ken	中肯	72
feng nian	丰年	72
lin chang fa hui	临场发挥	72
zhu zhan chang	主战场	72
yi ju	义举	72
shu tong	书僮	72
shu zha	书札	72
ru ye	乳液	72
wu guang shi se	五光十色	72
jing tai	井台	72
chan zhuang	产状	72
qin dai	亲代	72
ren shi ju	人事局	72
fu yu	付与	72
you xian quan	优先权	72
you yu	优裕	72
chuan hui	传回	72
di xue tang	低血糖	72
jia pin	佳品	72
zhu ru	侏儒	72
dao xuan	倒悬	72
ting ji ping	停机坪	72
xian sheng	先声	72
ru dong	入冬	72
quan ke	全科	72
gong ju wu	共聚物	72
nei jing	内经	72
mao han	冒汗	72
nong ren	农人	72
nong nu zhu	农奴主	72
bing feng	冰封	72
dong shang	冻伤	72
diao bi	凋敝	72
ji suo	几所	72
chu chu	出出	72
chuang shi	创世	72
jian cai	剪彩	72
jia kai	加开	72
jia sha	加沙	72
dong wu suo	动物所	72
lao lu	劳碌	72
gou xin dou jiao	勾心斗角	72
hua yuan	化缘	72
bei jing li gong da xue	北京理工大学	72
bei jiang	北疆	72
qu duan	区段	72
shi wu wan	十五万	72
shi wu liu sui	十五六岁	72
shi ba dai	十八代	72
shi e bu she	十恶不赦	72
shi jin zhi	十进制	72
qian yu nian	千余年	72
qian pian yi lv	千篇一律	72
qian ban	千般	72
qian yan wan yu	千言万语	72
nan zheng bei zhan	南征北战	72
bo er shu	博尔术	72
ka li	卡利	72
ya dao xing	压倒性	72
ya jing	压境	72
hou yi	厚意	72
qu xian	取现	72
qu chang bu duan	取长补短	72
kou fu ye	口服液	72
kou shou	叩首	72
ke kong	可控	72
you jiang	右江	72
ge you suo chang	各有所长	72
he cheng an	合成氨	72
he gu	合股	72
xiang xie	向斜	72
lv shi dong	吕始东	72
lv liang	吕梁	72
wu jue nong	吴觉农	72
chui dong	吹动	72
chui xiao	吹箫	72
ai tong	哀痛	72
na yang	哪样	72
na li hua	哪里话	72
tang tu	唐突	72
ka cha	喀嚓	72
si yi er	四一二	72
si qi	四期	72
si chong zou	四重奏	72
gu jie	固结	72
guo ji lian meng	国际联盟	72
yuan xin	圆心	72
di xian cun	地仙村	72
ba shang	坝上	72
sai er wei ya ren	塞尔维亚人	72
dui	塠	72
qiang mian	墙面	72
zhuang jian	壮健	72
bei ke	备课	72
duo xin	多心	72
ye zhong	夜中	72
tai shi ci	太史慈	72
shi zhen	失真	72
shi jin	失禁	72
dian ji zhe	奠基者	72
hao dong	好动	72
jiao xiao	娇小	72
jiao rou	娇柔	72
nen ye	嫩叶	72
ying	嬴	72
jie yi	孑遗	72
xue yi	学医	72
an an wen wen	安安稳稳	72
an xiao hui	安小慧	72
song shi ye	宋师爷	72
song lian	宋濂	72
wan hao wu sun	完好无损	72
wan zhuan	宛转	72
gong diao	宫调	72
cha ju	察举	72
cha yan guan se	察言观色	72
feng tao	封套	72
xiao gong	小工	72
xiao xi	小戏	72
ju bai sai	居柏塞	72
shan jing	山径	72
shan ji	山鸡	72
shi	崼	72
chuan jiang	川江	72
zuo lian	左联	72
cha chi	差池	72
ba si	巴斯	72
bu lai ke	布莱克	72
xi qiu	希求	72
pa jin sen	帕金森	72
bang qiang	帮腔	72
ping shi	平实	72
zhuang jia han	庄稼汉	72
chuang ban	床板	72
ying ji	应激	72
kai fa zhe	开发者	72
kai huai	开怀	72
kai hu	开户	72
kai fang ri	开放日	72
kai fang	开方	72
zhang wan nian	张万年	72
zhang li sheng	张利胜	72
zhang lan	张澜	72
dan pian	弹片	72
gui yun zhuang	归云庄	72
gui kou	归口	72
xing xiang	形相	72
ying shi ju	影视剧	72
xin han	心寒	72
si guo	思过	72
en chong	恩宠	72
gong he	恭贺	72
ji	悸	72
bei	惫	72
gan kai wan qian	感慨万千	72
xi fa	戏法	72
cheng jian	成见	72
suo luo men qun dao	所罗门群岛	72
yi zhi	抑止	72
qiang du	抢渡	72
bao ming dian	报名点	72
bao guan	报馆	72
la ji ya	拉基亚	72
zhao gu	招股	72
pin yin wen zi	拼音文字	72
zhi zheng	指正	72
huan qi	换气	72
peng chang	捧场	72
tao kong	掏空	72
pai yin	排印	72
pai qian	排遣	72
tan zhen	探针	72
kong zhi li	控制力	72
cheng zhu	撑住	72
pan tan	攀谈	72
shou gui	收归	72
ge	敋	72
qiao zha	敲诈	72
wen zhong	文种	72
fei ran	斐然	72
dou ji	斗鸡	72
xie yi	斜倚	72
duan qi	断气	72
mao	旄	72
wu du you ou	无独有偶	72
han ba	旱魃	72
ming chong zhen	明崇祯	72
ming fan	明矾	72
jin wu di	晋武帝	72
bao fu	暴富	72
qu gun qiu	曲棍球	72
ti si gui	替死鬼	72
mu ban	木版	72
quan yi zhi ji	权宜之计	72
gang zi	杠子	72
bei sai	杯赛	72
ku jing	枯井	72
bo lin qiang	柏林墙	72
kao	栲	72
ge lin ni zhi	格林尼治	72
tao hua yuan	桃花源	72
wu tong shu	梧桐树	72
zhi mian	植棉	72
mo leng liang ke	模棱两可	72
gan lan qiu	橄榄球	72
qi ru	欺辱	72
zheng ting	正厅	72
bu xing zhe	步行者	72
wu hui liang	武惠良	72
si qi chen chen	死气沉沉	72
min su xue	民俗学	72
yong xing	永兴	72
qiu suo	求索	72
sha shi	沙石	72
you song	油松	72
you yan	油盐	72
zhi bing jiu ren	治病救人	72
yan bian	沿边	72
fa zhi hua	法制化	72
fa lei ya	法勒亚	72
luo ke li	洛克里	72
liu ti	流涕	72
qian xian	浅显	72
ji shi	济世	72
hun hun e e	浑浑噩噩	72
lang dang	浪荡	72
fu kua feng	浮夸风	72
hai shou	海兽	72
xiao jian	消减	72
yin luan	淫乱	72
shen tan	深谈	72
shen mou yuan lv	深谋远虑	72
qing dao	清道	72
gang wu	港务	72
shi qi	湿气	72
piao bai	漂白	72
yan ju	演剧	72
ao ke ma	澳柯玛	72
zhuo	濯	72
pao jian	炮舰	72
lie jiu	烈酒	72
shao tan	烧炭	72
jiao ju	焦距	72
sha qi	煞气	72
ai bi dan	爱庇丹	72
wu xing	物性	72
te ke	特科	72
cu si	猝死	72
xuan zhen dao ren	玄贞道人	72
zhu jiang liu yu	珠江流域	72
li xing zhu yi	理性主义	72
pa	琶	72
huang	璜	72
jia suan	甲酸	72
dian yong	电泳	72
nan pu	男仆	72
hua zuo	画作	72
hua shi	画师	72
yi shen yi gui	疑神疑鬼	72
nve yuan chong	疟原虫	72
deng ding	登顶	72
bai ming chuan	白明川	72
bai ci	白瓷	72
de di que que	的的确确	72
huang fu	皇甫	72
jian cha bu	监察部	72
sheng chuan	盛传	72
mu jing	目镜	72
xiang qin	相亲	72
sheng shu	省属	72
sheng zheng xie	省政协	72
zhi nan er tui	知难而退	72
po luo	破落	72
bi hai	碧海	72
nian mi	碾米	72
ci zhen	磁针	72
she hui ke xue yuan	社会科学院	72
she min dang	社民党	72
huo luan	祸乱	72
tu jue yu	突厥语	72
jiao cang	窖藏	72
jing zou	竞走	72
di ba juan	第八卷	72
di shi liu zhang	第十六章	72
di si ri	第四日	72
guan qu	管区	72
jian shi	箭石	72
lou zi	篓子	72
cu hao	粗豪	72
zhan jiao	粘胶	72
jing jin	精进	72
ting	綎	72
yao	繇	72
xian xia	线下	72
xian xing	线形	72
jing bu zhu	经不住	72
jing shi	经世	72
jing yan lun	经验论	72
xiao	绡	72
luo ai cen	罗埃岑	72
zhi xin	置信	72
fan dao	翻倒	72
lao lei zong heng	老泪纵横	72
lao mou shen suan	老谋深算	72
hao yong	耗用	72
sheng ju	胜局	72
hu ma	胡麻	72
xu	胥	72
nao li lao dong	脑力劳动	72
nao chui ti	脑垂体	72
jiao bei	脚背	72
tuo tao	脱逃	72
zi kua	自夸	72
zi cha	自查	72
zi you pai	自由派	72
zi xu	自诩	72
zi gong	自贡	72
zhi bing xing	致病性	72
chuan di	船底	72
jie gu yan	节骨眼	72
hua jian	花剑	72
cha ke	茶客	72
cha fang	茶房	72
cha pan	茶盘	72
rong ying	荣膺	72
jun lei	菌类	72
pu	菩	72
pu ti shu	菩提树	72
luo ji	落基	72
luo dian	落点	72
suo yi	蓑衣	72
teng pai	藤牌	72
chun chun yu dong	蠢蠢欲动	72
xiang cheng	襄城	72
xi ji xiong	西基雄	72
xi hai	西海	72
xi wang	西王	72
jian guai bu guai	见怪不怪	72
jiao er	角儿	72
jie pin	解聘	72
yi	觺	72
shen	訷	72
jing li	警力	72
zhu zhi si	诸职司	72
tiao chu	调处	72
chan yu	谄谀	72
xie he	谐和	72
xie bo	谐波	72
tan xin	贪心	72
tan zang wang fa	贪赃枉法	72
gui qi	贵戚	72
du ke	赌客	72
pei bu shi	赔不是	72
pei qian	赔钱	72
zhao song shou	赵松寿	72
chao da gui mo	超大规模	72
yue xiu	越秀	72
zhuan yi	转义	72
ci diao	辞掉	72
la shou	辣手	72
jin yan	进言	72
jin xiang	进香	72
song ming	送命	72
xuan ze quan	选择权	72
tong guan	通关	72
deng shi chang	邓世昌	72
lin ren	邻人	72
yu jie	郁结	72
jiao	酵	72
zhong li zi	重离子	72
jin gui hua	金桂华	72
jin yan	金焰	72
qian bao cong	钱宝琮	72
tie ren	铁人	72
tie chan	铁铲	72
tie xiu	铁锈	72
guo gai	锅盖	72
rui yi	锐意	72
jia	镓	72
jing kuang	镜框	72
wei	闱	72
jian zuo	间作	72
xi	阋	72
fang bo di	防波堤	72
a qi lao si	阿契劳斯	72
fu zhi	附肢	72
chen xuan feng	陈玄风	72
shan nan	陕南	72
fei jing tai	非晶态	72
mian shi	面食	72
ding tian li di	顶天立地	72
yu she	预设	72
tui shi	颓势	72
shi he	食盒	72
shi liang	食量	72
ma ha mu	马哈木	72
gao ta	高塔	72
yu gu	鱼骨	72
lu xi nan	鲁西南	72
chi	鸱	72
mai miao	麦苗	72
ma hua	麻花	72
li min	黎民	72
hei xin	黑心	72
hei xian	黑线	72
mo mo wu yan	默默无言	72
long wang miao	龙王庙	72
yi duo ban	一多半	71
yi yan wei ding	一言为定	71
shang bi	上臂	71
yu qi shuo	与其说	71
shi jiao	世交	71
shi dai jiao ti	世代交替	71
shi zu	世祖	71
dong sheng	东胜	71
dong xi bu	东西部	71
dong men wai	东门外	71
zhong nong	中农	71
zhong guo nv pai	中国女排	71
zhong yang ban gong ting	中央办公厅	71
feng yu	丰腴	71
zhu zhan pai	主战派	71
yi suan yi zhi	乙酸乙酯	71
yi quan	乙醛	71
mai hao	买好	71
er pi	二批	71
kui xin shi	亏心事	71
ya xing	亚行	71
wei	亹	71
jie shao suo	介绍所	71
lun	仑	71
he jiu shu	何九叔	71
li hui	例会	71
xin shi dan dan	信誓旦旦	71
zhi qin	值勤	71
jia shou	假手	71
chong er bu wen	充耳不闻	71
zhao wa	兆瓦	71
xian ru wei zhu	先入为主	71
ba wei	八位	71
ba li	八里	71
gong guan bu	公关部	71
gong di	公敌	71
yang can	养蚕	71
jun tun	军屯	71
nong ke yuan	农科院	71
zhun sheng	准绳	71
ji shou	几手	71
chu ben	出奔	71
dao shan	刀山	71
fen dao yang biao	分道扬镳	71
xing shi fan zui	刑事犯罪	71
chu zhan	初战	71
ke zi	刻字	71
qian lie xian ai	前列腺癌	71
jian ba nu zhang	剑拔弩张	71
pi chai	劈柴	71
dong tai ping heng	动态平衡	71
lao dong bu men	劳动部门	71
bei jing da xue chu ban she	北京大学出版社	71
shi ji li	十几里	71
qian chui bai lian	千锤百炼	71
qian nan wan nan	千难万难	71
sheng ji huan dai	升级换代	71
ban mi	半米	71
dan shu	单数	71
dan fang	单方	71
nan yuan	南苑	71
bo cai	博彩	71
yuan mu	原木	71
shou zhi	受制	71
ke qin	可亲	71
tai zhang	台长	71
ge duan	各段	71
tong yu	同于	71
tong zhi	同质	71
bi ding	吡啶	71
ai le	哀乐	71
hong tang da xiao	哄堂大笑	71
shao zi	哨子	71
shang dui	商队	71
du nong	嘟哝	71
si shu wu jing	四书五经	71
guo jiu	国舅	71
zhi	垁	71
chui zhi dai	垂直带	71
chui qing	垂青	71
juan	埍	71
tang di	堂弟	71
mo lv se	墨绿色	71
bei xuan	备选	71
wai she	外设	71
duo jian	多件	71
duo jiao du	多角度	71
duo bian xing	多边形	71
da ban	大办	71
da yuan	大圆	71
da lin	大林	71
tian lai	天籁	71
yang gao	央告	71
shi shen	失身	71
jia ban	夹板	71
nv xing hua	女性化	71
nai zhi pin	奶制品	71
yao shu	妖术	71
shi chuang	始创	71
jiao mei	娇美	71
hun jian	婚检	71
luan	孪	71
an bao	安保	71
an dao quan	安道全	71
hai chu	害处	71
jia fa	家法	71
jia zhang zhi	家长制	71
mi yao	密钥	71
feng du	封堵	71
xiao ren wu	小人物	71
xiao mao	小帽	71
jiu shi lun shi	就事论事	71
bing qi	屏气	71
shan tang	山塘	71
qi shan	岐山	71
lan	岚	71
yan tu	岩土	71
gong shang	工伤	71
bu xu man	布须曼	71
xi lei	席勒	71
xi di er zuo	席地而坐	71
gan wan	干完	71
gan guo	干果	71
gan dao	干道	71
ping si	平四	71
xing shen	幸甚	71
pang wen dao	庞文道	71
kai lie	开列	71
kai chuan	开船	71
yi cai	异彩	71
yin zi	引子	71
yin jian	引荐	71
hong guang huang di	弘光皇帝	71
tan li	弹力	71
yue	彟	71
peng he shang	彭和尚	71
zhong	彸	71
bi de ge lei	彼得格勒	71
xu da ge	徐大哥	71
xin gong neng	心功能	71
gai	忋	71
xing ling	性灵	71
cheng kuang zuo yong	成矿作用	71
cheng yao dong	成耀东	71
jie sha	截杀	71
fang gai	房改	71
pu ke	扑克	71
zhi xing zhe	执行者	71
qiang gou	抢购	71
hu chi	护持	71
bao cheng	报称	71
dan jing shou pa	担惊受怕	71
la wa xi	拉瓦锡	71
pai pian	拍片	71
ba jian	拔尖	71
tuo ru	拖入	71
zhi hui ta	指挥塔	71
wa kong xin si	挖空心思	71
zhen zhen you ci	振振有词	71
ba	捌	71
bo dong	搏动	71
bai lie	摆列	71
bo zhou	播州	71
gai cuo	改错	71
wen xue xi	文学系	71
dou shi	斗室	71
si rui ke	斯瑞克	71
xin an jiang	新安江	71
xin xian shi	新鲜事	71
fang kuai	方块	71
wu ming xiao zu	无名小卒	71
ri sheng	日盛	71
xi	晞	71
pu tuo shan	普陀山	71
geng shang yi ceng lou	更上一层楼	71
yue gong zi	月工资	71
you he bu ke	有何不可	71
ben dui	本队	71
sha jie	杀戒	71
li xiao zhong	李孝忠	71
ban qiao	板桥	71
guo jiu	果酒	71
mou shi	某事	71
biao you	标有	71
ge sa er	格萨尔	71
chui jian pan	椎间盘	71
wu duan	武断	71
si you yu gu	死有余辜	71
hui qi	毁弃	71
hao wu yong chu	毫无用处	71
min sheng zhu yi	民生主义	71
fu hua wu	氟化物	71
an shui	氨水	71
shui lun ji	水轮机	71
he man tan	河漫滩	71
bo bo fu	波波夫	71
bo wen	波纹	71
ce kong	测控	71
hai xiang	海相	71
tu ceng	涂层	71
wo shan	涡扇	71
qing cha	清茶	71
zhan	湛	71
shi zhen	湿疹	71
hua tie lu	滑铁卢	71
lv bo	滤波	71
lou wang	漏网	71
pan du ao	潘独鳌	71
peng hu lie dao	澎湖列岛	71
huo ji	火急	71
deng hui	灯会	71
zha yao bao	炸药包	71
dian wei	点位	71
kao ya	烤鸭	71
shan huo	煽惑	71
kao lao	犒劳	71
lie shou	猎手	71
zhang zi	獐子	71
xian qian	现钱	71
li xiang zhu yi	理想主义	71
li suo ying dang	理所应当	71
liu qiu	琉球	71
gan ning	甘宁	71
sheng li si bie	生离死别	71
dian wen	电文	71
dan	疍	71
shu mi	疏密	71
bing yuan jun	病原菌	71
bai bai de	白白的	71
bai wan xiong shi	百万雄师	71
bai fen zhi san	百分之三	71
bai fen zhi wu	百分之五	71
di ge	的哥	71
huang jun	皇军	71
yi fa	益发	71
shui xing	睡醒	71
zhi cuo	知错	71
kuang wu xue	矿物学	71
jian ji	碱基	71
tan suan na	碳酸钠	71
mo liao	磨料	71
qiu hao wu fan	秋毫无犯	71
kong qiang	空腔	71
bao	窇	71
zhan bu zhu jiao	站不住脚	71
shan	笘	71
di er shi	第二十	71
jian er yan zhi	简而言之	71
guan li fei	管理费	71
xiang nei	箱内	71
jing pi li jin	精疲力尽	71
san	糁	71
xi tong lun	系统论	71
zi tan	紫檀	71
xiang	緗	71
bian	編	71
hong dou	红豆	71
jing wei yi	经纬仪	71
tong chou jian gu	统筹兼顾	71
lv yi	绿意	71
jian	缄	71
bian	缏	71
man	缦	71
ba chu	罢黜	71
mei mei	美美	71
nai jiu	耐久	71
hao san	耗散	71
yi ye	肄业	71
rou xing	肉刑	71
hu tong kou	胡同口	71
hu zhi ming	胡志明	71
nao shen jing	脑神经	71
nong xue	脓血	71
tai	臺	71
wu bu	舞步	71
zhou zi	舟子	71
qiong	芎	71
hua guo	花果	71
cang qiong	苍穹	71
cang cui	苍翠	71
su yi shi	苏伊士	71
ku chu	苦处	71
ju	苴	71
dang ping	荡平	71
yao dian	药典	71
xiao shan	萧山	71
cong ling	葱岭	71
teng ben	藤本	71
hu ju	虎踞	71
xue ben	血本	71
xing shu	行书	71
xing chuan	行船	71
biao yan sai	表演赛	71
xi nan fang	西南方	71
xi can	西餐	71
guan cha suo	观察所	71
lun heng	论衡	71
she se	设色	71
su zhuang	诉状	71
zhou	诌	71
gui jue	诡谲	71
gai kan	该刊	71
yu gan	语感	71
shuo san dao si	说三道四	71
hao hua tuan	豪华团	71
yan pin	赝品	71
chi cheng	赤诚	71
zhao nan xing	赵南星	71
zhao liang dong	赵良栋	71
qi bao	起爆	71
yue yu	越狱	71
qu tong	趋同	71
zhi gao qi yang	趾高气扬	71
bo zi	跛子	71
shen jia	身家	71
che fei	车费	71
ren	轫	71
zhuan lu	转炉	71
zhou xin	轴心	71
lian zhan	连战	71
zhu xiang	逐项	71
su xie	速写	71
huang	遑	71
dao xi	道喜	71
deng zhong xia	邓中夏	71
bi ren	鄙人	71
jiu se	酒色	71
zui xiang	醉乡	71
jin shi xue	金石学	71
zhen jian	针尖	71
qian zhi	钳制	71
lv fan tu	铝矾土	71
lve	锊	71
biao	镳	71
min zhe	闽浙	71
qu	阒	71
kuo bie	阔别	71
kuo chuo	阔绰	71
yin liang	阴凉	71
yin cao	阴曹	71
zhen xing	阵型	71
a bei er	阿贝尔	71
fu zhu	附注	71
chen lie shi	陈列室	71
xian keng	陷坑	71
yu yan	雨燕	71
qing shi	青史	71
qing miao	青苗	71
jing ge ge	靖哥哥	71
bian ce	鞭策	71
xiang cheng	项城	71
song ge	颂歌	71
ling jun ren wu	领军人物	71
feng shi bing	风湿病	71
feng che	风车	71
shi yong jun	食用菌	71
guan li	馆里	71
ma jiu	马厩	71
ma jia	马甲	71
ma deng	马镫	71
gao huan	高欢	71
wei xiao wen di	魏孝文帝	71
mo shou	魔兽	71
niao ming	鸟鸣	71
ji tou	鸡头	71
mo xiang	默想	71
yi wan ge	一万个	70
yi ge yang	一个样	70
yi tuo	一拖	70
yi jian zhong qing	一见钟情	70
wan zhang	万张	70
san si shi	三四十	70
shang hu	上户	70
shang cang	上苍	70
bu chi	不啻	70
bu ji	不羁	70
yan cha	严查	70
zhong guo zheng fa da xue	中国政法大学	70
zhong di	中地	70
wu mu	乌木	70
jiu xing	九姓	70
zheng sheng	争胜	70
er er ba	二二八	70
er hua mei shuo	二话没说	70
er jie	二阶	70
bo zhou	亳州	70
jin shi	今世	70
jin chun	今春	70
xian shan	仙山	70
fu bi	伏笔	70
you sheng lie tai	优胜劣汰	70
wei shan	伪善	70
ban er	伴儿	70
zhu dian	住店	70
yu shou	余首	70
gong da yu qiu	供大于求	70
bao shi	保湿	70
jing	儆	70
xian shi	先世	70
ru shi	入仕	70
quan shu	全属	70
quan pian	全篇	70
quan jin fa	全金发	70
ba gua dao	八卦刀	70
gong an ting	公安厅	70
gong chu	共处	70
gong gong	共工	70
xing an ling	兴安岭	70
dian yu	典狱	70
yang feng	养蜂	70
nei fen mi xian	内分泌腺	70
nei jian	内奸	70
leng gong	冷宫	70
zhun jun shi	准军事	70
zhun que du	准确度	70
ji zhang	几丈	70
ji dao	几刀	70
feng ya tou	凤丫头	70
chu sai	出塞	70
chu bang	出榜	70
chu zhen	出诊	70
dao geng huo zhong	刀耕火种	70
fen bu shi	分布式	70
gang ying	刚硬	70
chu shi	初十	70
qian qu	前驱	70
gong kui yi kui	功亏一篑	70
jia yuan	加元	70
lao shen	劳神	70
hua xian wei yi	化险为夷	70
bei guan	北关	70
bei yang jun	北洋军	70
yi zhu	医嘱	70
shi jiu sui	十九岁	70
qian dao	千岛	70
ban po	半坡	70
dan zhi	单质	70
bo cai	博采	70
yuan sheng zhi	原生质	70
yuan gao	原稿	70
can yue	参阅	70
fan ji zhan	反击战	70
fan ri	反日	70
si ma shi	司马氏	70
chi he wan le	吃喝玩乐	70
chi ku nai lao	吃苦耐劳	70
tong ren tang	同仁堂	70
hou pai	后排	70
han shui ceng	含水层	70
ting tong	听筒	70
ting er bu wen	听而不闻	70
zhou zhuan qi	周转期	70
chang he	唱和	70
tuo qi	唾弃	70
ti xiao jie fei	啼笑皆非	70
si shi san nian	四十三年	70
hui gui nian	回归年	70
wei lie	围猎	70
gu yuan	固原	70
guo jia suo you	国家所有	70
guo jia jiao yu bu	国家教育部	70
guo qi hu wei dui	国旗护卫队	70
guo ji gong chan zhu yi yun dong	国际共产主义运动	70
chang qiang	场强	70
zuo zi	坐姿	70
beng	埄	70
fu zhi pin	复制品	70
ye shi	夜市	70
da chu xue	大出血	70
da li shen	大力神	70
da wei	大尉	70
da diao	大调	70
da ji	大集	70
tian hua	天华	70
shi jing	失敬	70
qi xiang	奇想	70
ben sang	奔丧	70
ao tao ji	奥陶纪	70
hun yan	婚宴	70
di chuan	嫡传	70
gu li wu yuan	孤立无援	70
gu ku ling ding	孤苦伶仃	70
xue shu tuan ti	学术团体	70
shou wang	守望	70
zong zi	宗子	70
jia yan	家宴	70
liao	寥	70
dui gong	对攻	70
feng tiao	封条	70
zun feng	尊奉	70
xiao cheng zhen	小城镇	70
jian shi	尖石	70
qu ju	屈居	70
tun zha	屯扎	70
cui cheng xiu	崔呈秀	70
zuo pie zi	左撇子	70
cha zhi	差值	70
fen	帉	70
qi	帺	70
gan ba ba	干巴巴	70
nian qing hua	年轻化	70
zhuang yuan	庄院	70
qing li	庆历	70
lang fang	廊坊	70
zhang zhong jing	张仲景	70
dan zi	弹子	70
dan dao xue	弹道学	70
qiang jian	强碱	70
jiang	彊	70
peng xiang xiang	彭湘湘	70
zhang xian	彰显	70
de cai jian bei	德才兼备	70
xin kan	心坎	70
xin an	心安	70
zhi de yi man	志得意满	70
kuai ban	快板	70
huai chuai	怀揣	70
peng	怦	70
heng xin	恒心	70
tian jing	恬静	70
e gou	恶狗	70
hui gai	悔改	70
qing yuan	情缘	70
xiang dang chu	想当初	70
gan zhao	感召	70
gan yan	感言	70
duo	憜	70
zhan lve jia	战略家	70
fang di chan shang	房地产商	70
shou dao qin lai	手到擒来	70
da yuan chang	打圆场	70
da li	打理	70
cheng ya	承压	70
ba er	把儿	70
kang huai xue suan	抗坏血酸	70
zhe jia	折价	70
la ke	拉克	70
la sa shi	拉萨市	70
guai dian	拐点	70
ba chu	拔除	70
yong hu zhe	拥护者	70
gua dao	挂到	70
zhi yin	指印	70
an na	按捺	70
wa dong	挖洞	70
zhuo jin jian zhou	捉襟见肘	70
zhang deng	掌灯	70
pai ban	排版	70
jue jin	掘金	70
jie ban	接班	70
tan zhu	摊主	70
si che	撕扯	70
gai chao huan dai	改朝换代	70
gai ban	改版	70
fang fei	放飞	70
san xin	散心	70
san wen jia	散文家	70
zheng chang	整场	70
si tan fu da xue	斯坦福大学	70
si jin si	斯金斯	70
xin xiang	新乡	70
fang la	方腊	70
wu ke wan hui	无可挽回	70
wu yong	无庸	70
wu ju wu shu	无拘无束	70
wu qiong wu jin	无穷无尽	70
wu xian dian tong xin	无线电通信	70
ji wang bu jiu	既往不咎	70
ri ying	日影	70
xing xiang	星象	70
zhao wang	昭王	70
jin sui	晋绥	70
yue tai	月台	70
you ji suan	有机酸	70
li li shi	李力世	70
li ding guo	李定国	70
lai shi	来世	70
long	栊	70
li gai tu	栗钙土	70
jiao yan	校验	70
qi	桤	70
ye zao	椰枣	70
gui	槼	70
tong	樋	70
tan xiang	檀香	70
jiu	欍	70
ge nv	歌女	70
she	歙	70
zheng bei	正北	70
wu shi xiong di	武氏兄弟	70
si guang	死光	70
yin yin	殷殷	70
hui yu yi dan	毁于一旦	70
mei dui	每队	70
bi ye zheng	毕业证	70
pi shi nu	毗湿奴	70
yin yun	氤氲	70
shui dao qu cheng	水到渠成	70
zhi ping	治平	70
fa lv xi	法律系	70
fa tong	法统	70
yang yang de yi	洋洋得意	70
qian huang se	浅黄色	70
bo	浡	70
hai dao	海道	70
hun xiang	混响	70
du jiang zhan yi	渡江战役	70
huo li dian	火力点	70
re chuan dao	热传导	70
re xiao	热销	70
yan huo	焰火	70
shu an	熟谙	70
kun	熴	70
niu wa	牛蛙	70
du mu zhou	独木舟	70
wang ru yi	王如一	70
wang li	王砾	70
qiu xie	球鞋	70
li kui	理亏	70
li qing	理清	70
gan bai xia feng	甘拜下风	70
tian yan mi yu	甜言蜜语	70
sheng hui	生辉	70
dian ying shi	电影史	70
hua tan	画坛	70
shan	疝	70
tong bu yu sheng	痛不欲生	70
chi xin wang xiang	痴心妄想	70
deng zai	登载	70
bai tu	白兔	70
bai ta	白塔	70
bai xiao wu	白孝武	70
bai fa bai zhong	百发百中	70
bai zhan bai sheng	百战百胜	70
bai huo gong si	百货公司	70
de li bo li	的黎波里	70
xiang qu shen yuan	相去甚远	70
sheng yuan	省院	70
kan ke	看客	70
xi	矖	70
duan pao	短跑	70
shi jing tang	石敬瑭	70
shi tan	石炭	70
po jia dan	破甲弹	70
po fei	破费	70
xiao shi	硝石	70
mo pan	磨盘	70
shen ji	神机	70
qin shi huang ling	秦始皇陵	70
kong dui di	空对地	70
tu jin	突进	70
di yi pan	第一盘	70
zhu di	筑堤	70
tong zi	筒子	70
lan qiu dui	篮球队	70
fen se	粉色	70
cu liang	粗粮	70
nian jie	粘结	70
dan	紞	70
su shi	素食	70
kun	綑	70
fan zhi qi	繁殖期	70
hong hong huo huo	红红火火	70
zhi ban	纸板	70
rong xian	绒线	70
que de	缺德	70
zhi bei	置备	70
mei guo cai zheng bu	美国财政部	70
xi	羲	70
weng shi fu	翁师傅	70
xi	翕	70
lao zhang ren	老丈人	70
lao shi fu	老师傅	70
nai xing	耐性	70
ju can	聚餐	70
rou niu	肉牛	70
gu dong hui	股东会	70
bei zhe	背着	70
hu fei xiao	胡斐笑	70
niao	脲	70
zhi qian	致歉	70
hang biao	航标	70
shao	芍	70
su li nan	苏里南	70
ku gua	苦瓜	70
lai zhou	莱州	70
wei mi	萎靡	70
luo mo	落寞	70
luo kuan	落款	70
chong hai	虫害	70
tui pi	蜕皮	70
cha	衩	70
ken	裉	70
xi bei jun	西北军	70
gui mo hua	规模化	70
jie ma	解码	70
jiang jing	讲经	70
ya	讶	70
shi yan shi	试验室	70
shi xue	诗学	70
shuo bu guo qu	说不过去	70
qing bian	请便	70
zhu gong diao	诸宫调	70
nuo bei er hua xue jiang	诺贝尔化学奖	70
ke yu	课余	70
tiao zhi	调治	70
chan yan	谗言	70
xian wang	贤王	70
zhang dan	账单	70
jia bao yu	贾宝玉	70
shang wan	赏玩	70
zou di	走低	70
die jia	跌价	70
lu yi shi si	路易十四	70
zhuan lu	转录	70
ruan ying jian	软硬件	70
bian guan	边关	70
qian chu	迁出	70
guo fen	过份	70
guo yang hua wu	过氧化物	70
zao zuo	造作	70
zao qiao	造桥	70
dao lu jiao tong	道路交通	70
han gou	邗沟	70
qiu si mao	邱四毛	70
yu yu cong cong	郁郁葱葱	70
bu zhang ji	部长级	70
zui han	醉汉	70
li zhang	里长	70
zhong xie	重写	70
chong chong die die	重重叠叠	70
jin yi nan	金一南	70
tong ding	铜鼎	70
guo zi	锅子	70
zhang shi	长势	70
yue	閱	70
men kan	门坎	70
men dang hu dui	门当户对	70
men mei	门楣	70
jie ti zhuang	阶梯状	70
a dong	阿东	70
fu she	附设	70
lu lu xu xu	陆陆续续	70
chen zai zhu	陈在竹	70
xiong xin zhuang zhi	雄心壮志	70
xu yao liang	需要量	70
mei bian	霉变	70
mian wu ren se	面无人色	70
nie	颞	70
sa ran	飒然	70
sa sa	飒飒	70
xiang gang zhong wen da xue	香港中文大学	70
ma ke ni	马可尼	70
gao ceng ci	高层次	70
bin jiao	鬓角	70
mai sui	麦穗	70
bi zu	鼻祖	70
yi wan yuan	一万元	69
yi xia zi ba	一下子把	69
yi liao bai liao	一了百了	69
yi du	一睹	69
yi gu lu	一骨碌	69
wan ban	万般	69
wan bu	万部	69
san shi jiu nian	三十九年	69
san huan	三环	69
san bai liang	三百两	69
shang bin	上宾	69
xia chen	下臣	69
bu ding shi	不定式	69
shi qing	世情	69
dong bei min zhu lian jun	东北民主联军	69
si dai	丝带	69
liang shu	两束	69
gun	丨	69
zhong ke	中科	69
zhu li jian	主力舰	69
zhu bi	主笔	69
zhu fa	主罚	69
wu si cang	乌思藏	69
jiu wei	九尾	69
jiu tiao	九条	69
er cun	二寸	69
jiao hu shi	交互式	69
jiao tou	交投	69
jiao jie	交结	69
jiao tong wang	交通网	69
jiao dao	交道	69
jing hu gao su tie lu	京沪高速铁路	69
ren lun	人伦	69
dai dai xiang chuan	代代相传	69
ling ren xin fu	令人信服	69
ling ren dan you	令人担忧	69
yi shang zhe	以上者	69
yi li xiang dai	以礼相待	69
yi zheng	仪征	69
yi si lan bao	伊斯兰堡	69
pi	伓	69
hui xin	会心	69
shang feng	伤风	69
lun qin	伦琴	69
shen shen	伸伸	69
si dong fei dong	似懂非懂	69
yu qiu yu	余秋雨	69
zuo tu	作图	69
xin xi gong cheng	信息工程	69
xin yong zheng	信用证	69
xiu pei	修配	69
dao ying	倒映	69
hou che shi	候车室	69
jie zhai	借债	69
ting dian	停电	69
ru shu	儒术	69
guang wu di	光武帝	69
guang dian zi	光电子	69
quan ju	全剧	69
quan guo zong gong hui	全国总工会	69
quan yuan	全院	69
ba wan	八万	69
ba jiu ge	八九个	69
bing lin	兵临	69
yang jia	养家	69
jian er you zhi	兼而有之	69
nei wai jiao kun	内外交困	69
jun hui	军徽	69
bing he	冰河	69
leng ran	冷然	69
jian zai	减灾	69
jian fu	减负	69
ji si	几丝	69
ji shi zhong	几十种	69
ji wan	几碗	69
chu zhen	出阵	69
dao guang jian ying	刀光剑影	69
xing ju	刑具	69
liu gong dao	刘公岛	69
gang qiang	刚强	69
pan ming	判明	69
zhi biao	制表	69
ke shi	刻石	69
jian ke	剑客	69
quan jiu	劝酒	69
bao pi	包皮	69
hua xue yao pin	化学药品	69
bei dao	北岛	69
yi xue jiang	医学奖	69
shi ba ge	十八个	69
shi zhi	十只	69
wu shui	午睡	69
lu shui	卤水	69
wei ji si fu	危机四伏	69
can chan	参禅	69
fan bai wei sheng	反败为胜	69
fa hui	发回	69
fa leng	发愣	69
fa xian zhe	发现者	69
fa che	发车	69
qu bao	取保	69
gu hua	古画	69
ke cao zuo xing	可操作性	69
ke you ke wu	可有可无	69
tai mian	台面	69
si li xiao	司隶校	69
hou zuo li	后坐力	69
hou lai ju shang	后来居上	69
xi shun	吸吮	69
hu luo shan	呼罗珊	69
shang dou	商都	69
chi	啻	69
shan xin	善心	69
jia li	嘉里	69
ai	噯	69
si mei	四枚	69
guo shu	国书	69
guo jia ji wei	国家计委	69
guo shou	国手	69
guo tong hui	国统会	69
tu ke	图克	69
tu qiang	图强	69
tu dui	土堆	69
tu bu	土布	69
tu hao lie shen	土豪劣绅	69
sheng wu	圣物	69
jun xian	均线	69
long	垅	69
lei qiu	垒球	69
cheng zi	城子	69
dui ji wu	堆积物	69
kan pei la	堪培拉	69
zhuang mei	壮美	69
fu shen	复审	69
wai xie	外泄	69
duo ba ge	多巴哥	69
duo wei	多维	69
da la ma	大喇嘛	69
da shu xia	大树下	69
da lang	大浪	69
tian rang zhi bie	天壤之别	69
tian gan	天干	69
tian lang xing	天狼星	69
tian dou	天都	69
tou jing bu	头颈部	69
jia zi	夹子	69
qi yang	奇痒	69
jian dang	奸党	69
ru ying sui xing	如影随形	69
fu you	妇幼	69
fu	姇	69
mei	媺	69
zi shu	字书	69
sun wu	孙吴	69
zong zhu	宗主	69
shen yue	审阅	69
jia di	家底	69
su wei	宿卫	69
mi mi ceng ceng	密密层层	69
mi mi de	密密的	69
shou ning gong	寿宁宫	69
shou li	寿礼	69
feng jian mi xin	封建迷信	69
xiao nong jing ji	小农经济	69
xiao fang	小房	69
xiao qi hou	小气候	69
ni he lu	尼赫鲁	69
shan dong da xue	山东大学	69
lin	嶙	69
ba ku	巴库	69
ba bei qi	巴贝奇	69
gan re feng	干热风	69
ping yi	平移	69
di cang	底舱	69
fei chi	废弛	69
kang pu dun	康普顿	69
liao zhong kai	廖仲恺	69
kai fan	开饭	69
zhang san ye	张三爷	69
qiang ling	强令	69
gui dui	归队	69
xu cai hou	徐才厚	69
xin fei	心扉	69
xin xue guan bing	心血管病	69
zhi zai bi dei	志在必得	69
yuan tian you ren	怨天尤人	69
zong zhuang bei bu	总装备部	69
tian	恬	69
ba la	扒拉	69
da you ji	打游击	69
da che	打车	69
zhi xing ji gou	执行机构	69
zhua zou	抓走	69
hu shi zhang	护士长	69
bao xi	报喜	69
pi san	披散	69
la man	拉曼	69
fu	拊	69
ba zhuo	拔擢	69
bai lun	拜伦	69
gong men	拱门	69
ji ji	挤挤	69
da hua	搭话	69
cao zuo xing	操作性	69
fang niu	放牛	69
jiao ke wen	教科文	69
jiao gui	教规	69
shu zhe	数着	69
wen xiong	文胸	69
fang xiao ru	方孝孺	69
xuan bi	旋臂	69
wu dang pai	无党派	69
wu cun	无存	69
wu ji hua xue	无机化学	69
wu li shu	无理数	69
wu tong	无痛	69
ri shai	日晒	69
ri yue shen jiao	日月神教	69
jiu yue	旧约	69
zao nian jian	早年间	69
shi guo jing qian	时过境迁	69
hun hei	昏黑	69
chun fen	春分	69
chun nuan hua kai	春暖花开	69
jing zha guan	晶闸管	69
geng shi	更始	69
peng dang	朋党	69
zhao yang men	朝阳门	69
mu jia	木架	69
li ji qian	李继迁	69
du mu	杜牧	69
lin xia	林下	69
guo tang	果糖	69
rou ren	柔韧	69
gen you	根由	69
ge lin	格林	69
tao shu	桃树	69
an fa	案发	69
hua shu	桦树	69
meng xiang	梦乡	69
yi	棭	69
huai hua	槐花	69
chu	樗	69
huan du	欢度	69
huan ju	欢聚	69
xin xi ruo kuang	欣喜若狂	69
she xian	歙县	69
zheng li	正理	69
wu san niang	武三娘	69
si ji	死寂	69
yang	殃	69
can ju	残局	69
min zhai	民宅	69
min jin dang	民进党	69
shui cai hua	水彩画	69
shui lun	水轮	69
qiu xin	求新	69
han jin	汗巾	69
he shan	河山	69
fa yi	法医	69
fa lun gong	法轮功	69
bo li ni xi ya ren	波利尼西亚人	69
bo tao xiong yong	波涛汹涌	69
xi pai	洗牌	69
luo ning	洛宁	69
luo shui	洛水	69
hong bao	洪堡	69
liu yun	流云	69
liu xian xing	流线型	69
qian qian de	浅浅的	69
hai niu	海牛	69
qing lang	清朗	69
ji	済	69
su yuan	溯源	69
hua ni	滑腻	69
peng	澎	69
guan chang	灌肠	69
dian bo	点播	69
tang shou	烫手	69
xuan	煊	69
ai qi	爱妻	69
fu quan	父权	69
shuang li	爽利	69
niu gu	牛股	69
fan zui ren	犯罪人	69
wang zhi ren	王之仁	69
wang xu ming	王旭明	69
wang yang ming	王阳明	69
ji	玑	69
ma na si	玛纳斯	69
zhu mu	珠母	69
dian zi yuan jian	电子元件	69
jiang chang	疆场	69
bing huan zhe	病患者	69
shou rou	瘦肉	69
bai fen zhi jiu	百分之九	69
sheng ji yi shi	盛极一时	69
mu ji zhe	目击者	69
xiang ruo	相若	69
xiang zeng	相赠	69
zhi xi	知悉	69
zhi shi mian	知识面	69
ying han	硬汉	69
dian yan	碘盐	69
she hui dang ren	社会党人	69
shen cai yi yi	神采奕奕	69
ke mo luo	科摩罗	69
ke luo la duo	科罗拉多	69
yi qing	移情	69
kong tiao qi	空调器	69
jing ji chang	竞技场	69
tong yao	童谣	69
di yi guo ji	第一国际	69
di qi tiao	第七条	69
di er ju	第二句	69
di shi ge	第十个	69
da ti ka	答题卡	69
guan bi	管壁	69
cuan quan	篡权	69
mi zhou	米粥	69
cu cu	粗粗	69
jing suan shi	精算师	69
jin qiao	紧俏	69
wei sha	纬纱	69
lun	纶	69
zu cheng yuan	组成员	69
jing ji xi	经济系	69
jue hao	绝好	69
mian zhang	绵长	69
wang xiao	网校	69
yang zhi	羊脂	69
ye fu si ji	耶夫斯基	69
du qi	肚脐	69
pi zang	脾脏	69
fu huai	腐坏	69
yong	臃	69
zi fu ying kui	自负盈亏	69
ju	苣	69
ying de	英德	69
huang tan	荒滩	69
xu wang	虚妄	69
dan bai niao	蛋白尿	69
hu die gu	蝴蝶谷	69
rong hui	融汇	69
xue xi bao	血细胞	69
bu pin	补品	69
chu hong liu	褚红柳	69
ding zheng	订正	69
ding yue	订约	69
she fu	设伏	69
shi tan	诗坛	69
diao jiu shi	调酒师	69
tan ying zhou	谈瀛洲	69
xie da xia	谢大侠	69
cai shen	财神	69
tan de wu yan	贪得无厌	69
zan ge	赞歌	69
chi se	赤色	69
chao zai	超载	69
shen zi	身姿	69
che zhu	车主	69
hong dong yi shi	轰动一时	69
zhou tu	轴突	69
ci shi	辞世	69
liao nan	辽南	69
yun dong liang	运动量	69
lian yi qun	连衣裙	69
tong shun	通顺	69
zao nan	遭难	69
zun ji shou fa	遵纪守法	69
zou jia hua	邹家华	69
yu jin xiang	郁金香	69
chong jian tian ri	重见天日	69
liang zi hua xue	量子化学	69
jin si yan	金丝燕	69
jin hong shi	金红石	69
zuan ying	钻营	69
ling dang	铃铛	69
yin xing shu	银杏树	69
yin gen	银根	69
yin hua	银花	69
yin ding	银锭	69
duan ya	锻压	69
nao zhong	闹钟	69
a la bo lian he qiu zhang guo	阿拉伯联合酋长国	69
a dou	阿斗	69
fu ze	附则	69
fu gao	附睾	69
pei shi	陪侍	69
ge sheng	隔声	69
huo hua de	霍华德	69
fei fen	非分	69
kao bei	靠背	69
ju gong jin cui	鞠躬尽瘁	69
yi zhi qi shi	颐指气使	69
yan zong bi	颜宗弼	69
pin	颦	69
xiao	骁	69
gao yuan qu	高原区	69
ba	魃	69
niao que	鸟雀	69
ji wei jiu	鸡尾酒	69
lu	鹭	69
huang guang yu	黄光裕	69
yi si bu gua	一丝不挂	67
yi dao liang duan	一刀两断	67
yi wei	一尾	67
qi ba cheng	七八成	67
qi chi	七尺	67
san shi yu nian	三十余年	67
san guan miao	三官庙	67
san ben	三本	67
shang dai	上代	67
shang shou	上手	67
shang huo	上火	67
shang xi tian	上西天	67
xia shi ji	下世纪	67
bu xiang hua	不像话	67
bu zhou	不周	67
dong yang	东阳	67
zhong guo ke xie	中国科协	67
zhong shan zhuang	中山装	67
zhong xin qu	中心区	67
zhong zhi	中直	67
feng fu duo cai	丰富多采	67
wei shu bu shao	为数不少	67
zhu dong mai	主动脉	67
jiu shi nian dai	九十年代	67
mai duan	买断	67
er shi si jie qi	二十四节气	67
yun ling	云岭	67
yun bao	云豹	67
ya er	亚尔	67
ren ren jie zhi	人人皆知	67
fu qing	付清	67
ling hu xiong	令狐兄	67
ren qing	任情	67
hui fei	会费	67
ni	伲	67
wei ci	位次	67
fo shi	佛事	67
gong zhuo	供桌	67
bao hu fa	保护法	67
zhi de yi ti	值得一提	67
pian zhi	偏执	67
ting yun	停运	67
jian quan ren	健全人	67
tou ren	偷人	67
tou ji mo gou	偷鸡摸狗	67
li su zu	傈僳族	67
guang pu xue	光谱学	67
ke er	克尔	67
dou shou	兜售	67
ba ci	八次	67
guan han qing	关汉卿	67
jun shi xue shu	军事学术	67
jun di	军地	67
nong gong shang	农工商	67
chong cheng	冲程	67
jing e	净额	67
zhun ru	准入	67
ji shi bei	几十倍	67
ji mi	几米	67
gang yu	刚玉	67
chuang ju	创举	67
chuang xin xing	创新性	67
qian gong jin qi	前功尽弃	67
piao qie	剽窃	67
lao dong gai zao	劳动改造	67
gou gu ding li	勾股定理	67
bei shi da	北师大	67
shi san dao	十三道	67
shi wu jie	十五届	67
qian tou wan xu	千头万绪	67
qian shan	千山	67
qian sui	千岁	67
qian zai	千载	67
qian long wang	千龙网	67
hua qing chi	华清池	67
xie he yi yuan	协和医院	67
zhan qu	占去	67
lu shi	卢氏	67
luan pao	卵泡	67
yuan xing	原形	67
xian fen	县份	67
fan ying qi	反应器	67
fa tiao	发条	67
fa huan	发还	67
qu kuan	取款	67
bian dian suo	变电所	67
ke su xing	可塑性	67
ye ka jie	叶卡捷	67
chi da kui	吃大亏	67
he ge zhe	合格者	67
cun	吋	67
ming man tian xia	名满天下	67
chao zui	吵嘴	67
xi jin	吸进	67
zhou xuan wang	周宣王	67
he hui mei	和慧梅	67
xiao chuan bing	哮喘病	67
wei wu bian zheng fa	唯物辩证法	67
shang hao	商号	67
xiao tong	啸桐	67
dan	啿	67
pen tu	喷涂	67
qin	嗪	67
sheng shou	圣手	67
di he	地核	67
zuo deng	坐等	67
jian ding xing	坚定性	67
lv	垏	67
dian fu	垫付	67
ji ben mao dun	基本矛盾	67
ta ke la ma gan sha mo	塔克拉玛干沙漠	67
ta cheng	塔城	67
sheng lang	声浪	67
duo kuai	多块	67
da da lie lie	大大咧咧	67
da bang	大棒	67
da duan	大段	67
da qing he	大清河	67
tian ran lin	天然林	67
tai yang cheng	太阳城	67
tou zhuang hua xu	头状花序	67
kua kou	夸口	67
feng hua	奉化	67
ao lin pi ya	奥林匹亚	67
nv wa	女娃	67
ru shang suo shu	如上所述	67
ru qian suo shu	如前所述	67
ru yi suan pan	如意算盘	67
fu dao ren jia	妇道人家	67
miao yong	妙用	67
shi liao bu ji	始料不及	67
yao guang xiao	姚广孝	67
ji xiao feng	姬晓峰	67
hun wai qing	婚外情	67
ma	嬷	67
zi min	子民	67
yun ji su	孕激素	67
sun jian	孙坚	67
zhai di	宅第	67
an suo zi	安锁子	67
hai bing	害病	67
jia xiong	家兄	67
kuan hong da liang	宽宏大量	67
she liu	射流	67
xiao shang	小商	67
ni mi zi	尼米兹	67
yan shi xue	岩石学	67
zhou mu	州牧	67
gong zhi	工质	67
ba de	巴德	67
shi chang zhun ru	市场准入	67
xi mian	席面	67
fu yuan	幅员	67
gan bie	干瘪	67
ping yi jin ren	平易近人	67
guang kai	广开	67
ying zhao	应召	67
di ben	底本	67
jian ye dui	建业队	67
jian yan	建言	67
kai chun	开春	67
yin wen	引文	67
zhang xue wen	张学文	67
jiang	弶	67
dang shi	当事	67
hui	彗	67
xu bei hong	徐悲鸿	67
xu tai lai	徐泰来	67
de guo she hui min zhu dang	德国社会民主党	67
xin ji huo liao	心急火燎	67
xin shen	心身	67
chan	忏	67
zhong cheng du	忠诚度	67
da	怛	67
si lai xiang qu	思来想去	67
yi hong yuan	怡红院	67
qing you du zhong	情有独钟	67
qing zhi	情致	67
gan jue qi guan	感觉器官	67
shu shou	戍守	67
xi shua	戏耍	67
xi xue	戏谑	67
cheng shu	成数	67
qiang	戗	67
zhan dou jian	战斗舰	67
suo luo men	所罗门	67
sao huang	扫黄	67
yang wei	扬威	67
ji shu gai zao	技术改造	67
fu xu jin	抚恤金	67
bao wu yuan	报务员	67
bao gao tuan	报告团	67
dan dai	担待	67
la fei er	拉斐尔	67
pai zi	拍子	67
ju yi	拘役	67
zhao qin	招亲	67
jie li	捷利	67
tan xun	探询	67
jie gu	接骨	67
bai ping	摆平	67
liao xia	撂下	67
zhuo sheng	擢升	67
gai tou huan mian	改头换面	67
xiao ming	效命	67
jiu qi	救起	67
zheng jun	整军	67
wen tai	文泰	67
wu di dong	无底洞	67
jiu di	旧地	67
ming xin pian	明信片	67
yi ran	易燃	67
chun ri	春日	67
yun jue	晕厥	67
wei	暐	67
ji nan da xue	暨南大学	67
ceng ji he shi	曾几何时	67
ji bu ke shi	机不可失	67
za shi	杂事	67
li shang yin	李商隐	67
li ning	李宁	67
li xiao ya	李小芽	67
yang yi zhi	杨溢之	67
pi	枇	67
bi	枈	67
jia zi che	架子车	67
rou mei	柔美	67
cha kan	查勘	67
liu jiang	柳江	67
tao li	桃李	67
meng yan	梦魇	67
ye dao	椰岛	67
xuan	楦	67
shuang	樉	67
heng cai	横财	67
zheng jin wei zuo	正襟危坐	67
du wu	毒雾	67
bi qiu	比丘	67
min zhu zhi	民主制	67
dan hua he wu	氮化合物	67
han jing di	汉景帝	67
tang shui	汤水	67
fen yang	汾阳	67
you zhi	油纸	67
quan zhou shi	泉州市	67
fa chang	法场	67
ling	泠	67
hong lao bang	洪老帮	67
liu xing ge qu	流行歌曲	67
hai lu kong	海陆空	67
hai niao	海鸟	67
tu gai	涂改	67
wei	涠	67
run ze	润泽	67
zi	淄	67
xi	淅	67
huai yang	淮扬	67
huai hai lu	淮海路	67
xiang xiang	湘乡	67
xu	溆	67
hua lun	滑轮	67
re xiao ying	热效应	67
ai si ji mo	爱斯基摩	67
te li	特例	67
te zhi	特指	67
kao shang	犒赏	67
fan bing	犯病	67
hen jin	狠劲	67
zhu gan	猪肝	67
yu men guan	玉门关	67
wang meng	王猛	67
wang wei	王维	67
di	珶	67
li lun jie	理论界	67
li pei	理赔	67
shen wei	甚微	67
sheng si	生丝	67
tian jing yun dong	田径运动	67
tian hai min	田海民	67
shen qing zhe	申请者	67
lve zuo	略作	67
bing ta	病榻	67
zheng hou	症候	67
zhang qi	瘴气	67
bai wu liao lai	百无聊赖	67
yan kuang	盐矿	67
jian shi qi	监视器	67
pan shan	盘山	67
sheng jun qu	省军区	67
zhen jun xing	真菌性	67
long	眬	67
ying cheng	硬撑	67
ai shou ai jiao	碍手碍脚	67
ci chang qiang du	磁场强度	67
shi fan xing	示范性	67
qu feng	祛风	67
shen mi mo ce	神秘莫测	67
fu er ma lin	福尔马林	67
si fang	私房	67
ke ji ren yuan	科技人员	67
cheng kong	程控	67
li gan jian ying	立竿见影	67
duan wu	端午	67
zhu bian	竹编	67
bi yan	笔砚	67
di yi qiang	第一枪	67
di er shi zhang	第二十章	67
di shi jiu lu	第十九路	67
di nie bo he	第聂伯河	67
deng zhi	等值	67
zhen yan	箴言	67
gan	粓	67
cu xin da yi	粗心大意	67
jing da xi suan	精打细算	67
ran	繎	67
hong liu	红柳	67
hong deng qu	红灯区	67
hong ling jin	红领巾	67
jing ji xue shuo	经济学说	67
jing wei	经纬	67
tong yi ti	统一体	67
wei guan shu	维管束	67
que wei	缺位	67
luo han tang	罗汉堂	67
yang jiao	羊角	67
lao ke la	老克腊	67
lao xiu cai	老秀才	67
lao fan	老范	67
zhi shou	职守	67
ju long	聚拢	67
rou ya zhong	肉芽肿	67
wei bu	胃部	67
dan guan	胆管	67
bei qi	背弃	67
xiong yi	胸臆	67
tuo gao	脱稿	67
la ba	腊八	67
fu xin	腹心	67
tui gu	腿骨	67
zi qi qi ren	自欺欺人	67
zi zhi zhi ming	自知之明	67
zi wen	自问	67
she sheng wang si	舍生忘死	67
she fu qin ke	舍甫琴科	67
cang kou	舱口	67
ku guo	苦果	67
cha tang	茶汤	67
cha dian	茶点	67
lai te	莱特	67
ying bu	营部	67
sa ha fu	萨哈夫	67
bi ma	蓖麻	67
xu han	虚寒	67
pi	蚍	67
gu huo	蛊惑	67
man bu jiang li	蛮不讲理	67
shuai	蟀	67
zhuang sha	装傻	67
ru zi	褥子	67
lan	襕	67
xi gong	西贡	67
xi liao	西辽	67
fu wang	覆亡	67
jing bei qu	警备区	67
jing jie xian	警戒线	67
ren zui	认罪	67
yi ming	译名	67
gai xian	该县	67
wei yu	谓语	67
qian xu jin shen	谦虚谨慎	67
hao zu	豪族	67
cai chan quan	财产权	67
bai su	败诉	67
zang wu	赃物	67
chao zhong	超重	67
yue zhou	越州	67
zu huai	足踝	67
tuo	跎	67
fu	跗	67
xian	跣	67
chi chu	踟蹰	67
che lie	车裂	67
zhuan gang	转岗	67
zhuan lun	转轮	67
bian yuan hua	边缘化	67
huan yuan xing	还原性	67
zhe fang	这方	67
bu	逋	67
qiu	逑	67
yi hen	遗恨	67
yi min	遗民	67
zun feng	遵奉	67
zun xing	遵行	67
bi yun tao	避孕套	67
cu yi	醋意	67
li qi	里奇	67
jin she jian	金蛇剑	67
jin yin hua	金银花	67
cang	鑶	67
tie long	铁笼	67
yin shan	银山	67
jing po hu	镜泊湖	67
men suo	门锁	67
jian bing qi	间冰期	67
nao bie niu	闹别扭	67
nao ge ming	闹革命	67
nao gui	闹鬼	67
yin hun bu san	阴魂不散	67
a bo du la	阿卜杜拉	67
lu jun hang kong bing	陆军航空兵	67
lu hai jun	陆海军	67
chen gong bo	陈公博	67
chen yong ming	陈永明	67
pei du	陪都	67
nan chan	难缠	67
nan yan zhi yin	难言之隐	67
xiong ying	雄鹰	67
xiong huang	雄黄	67
yu lu	雨露	67
huo qu bing	霍去病	67
xian	霰	67
qing zi	青紫	67
qing niao	青鸟	67
ti zi	题字	67
fan qian	饭钱	67
tuo feng	驼峰	67
gao bu ke pan	高不可攀	67
xian shi	鲜食	67
niao chao	鸟巢	67
huang rong tan	黄蓉叹	67
gu jin	鼓劲	67
yi shi wu cheng	一事无成	66
yi ri san can	一日三餐	66
ding fu ren	丁夫人	66
san jing	三井	66
san yuan	三员	66
san zi qi ye	三资企业	66
shang gao	上告	66
shang zhou mo	上周末	66
shang hu xi dao	上呼吸道	66
xia ban ye	下半夜	66
xia xian	下线	66
xia chuan	下船	66
bu kan zhong fu	不堪重负	66
bu ju yi ge	不拘一格	66
zhuan ze	专责	66
zhuan ji	专集	66
liang qian duo	两千多	66
liang tuan	两团	66
liang cun	两寸	66
zhong guo hua	中国化	66
lin chuan	临川	66
lin tao	临洮	66
dan dong shi	丹东市	66
zhu mou	主谋	66
wu li	乌力	66
le shou tang	乐寿堂	66
jiu jiu	九九	66
xi zuo	习作	66
luan bing	乱兵	66
er san shi nian	二三十年	66
er mu	二亩	66
er lian	二连	66
wu juan	五卷	66
chan xia	产下	66
jie shao xin	介绍信	66
cong xiao er	从小儿	66
xiu xi ri	休息日	66
zhong pan qin li	众叛亲离	66
dian quan	佃权	66
di san xia si	低三下四	66
ce xiang	侧向	66
bao ming	保命	66
bao xian gui	保险柜	66
xin hao dan	信号弹	66
yi kao	倚靠	66
jia tuo	假托	66
jian wang	健旺	66
ni	儗	66
xian duan	先端	66
dang wei jun	党卫军	66
dang shi	党史	66
dang gang	党纲	66
ru hui	入会	66
ba shi sui	八十岁	66
gong yun	公允	66
bing yuan	兵源	66
bing fu	兵符	66
jun shi shi	军事史	66
leng yu	冷遇	66
ji lun	几轮	66
chu kou zhi	出口值	66
dao shang	刀伤	66
fen ting kang li	分庭抗礼	66
liu an	刘安	66
gang du	刚度	66
chuang li	创利	66
pan jue shu	判决书	66
bie jia	别家	66
bie li	别离	66
bie jian guai	别见怪	66
qian suo	前所	66
qian sheng	前生	66
lao dong suo	劳动所	66
bei wen dai	北温带	66
bei zhen	北镇	66
yi de	医德	66
shi san jia	十三家	66
shi liu da	十六大	66
shi zi xing	十字形	66
qian ge	千个	66
hua luo geng	华罗庚	66
dan tang	单糖	66
nan xian	南线	66
zhan you lv	占有率	66
ce	厠	66
can wu	参悟	66
fan guang	反光	66
gu se gu xiang	古色古香	66
gu xun	古训	66
zhi du	只读	66
jiao ban	叫板	66
zhao mu	召募	66
shi bao lin	史保林	66
hou ji zhe	后继者	66
lv wei qi	吕维祺	66
wu meng ming	吴孟明	66
wu chang shuo	吴昌硕	66
tie	呫	66
tang bo hu	唐伯虎	66
wei wei nuo nuo	唯唯诺诺	66
hou she	喉舌	66
yin	噾	66
si wu shi	四五十	66
si shi li	四十里	66
si lun	四轮	66
hui jiao	回教	66
hui wang	回望	66
guo jia tu shu guan	国家图书馆	66
tu wa lu	图瓦卢	66
yuan hu	圆弧	66
di tan	地摊	66
di jie	地界	66
jian cheng	坚城	66
jian ren bu ba	坚韧不拔	66
ba ti	坝体	66
fen qiu	坟丘	66
da	垯	66
chu nv zuo	处女作	66
xia bu	夏布	66
duo wan dun	多万吨	66
duo si	多斯	66
duo ji	多极	66
duo shou	多首	66
da ci da bei	大慈大悲	66
da peng	大棚	66
da lu po	大陆坡	66
da xian du	大限度	66
tian ya	天呀	66
tian mu	天幕	66
tian ding	天顶	66
tai zai	太宰	66
yi wei ping di	夷为平地	66
huan	奂	66
ao er mei ke	奥尔梅克	66
ao wei er si	奥维尔斯	66
jian fu	奸夫	66
ru yu de shui	如鱼得水	66
miao shou	妙手	66
jiang chun yun	姜春云	66
wei shi ji	威士忌	66
po luo men jiao	婆罗门教	66
nen ya	嫩芽	66
gu jun fen zhan	孤军奋战	66
yu zhou xue	宇宙学	66
an yuan	安源	66
zong ka ba	宗喀巴	66
ding ju dian	定居点	66
mi su li	密苏里	66
han wu	寒武	66
jiang ji jiu ji	将计就计	66
xiao hao	小号	66
xiao hu	小湖	66
xiao dian	小点	66
zhong	尰	66
sui mo	岁末	66
cen	岑	66
yue zhen li	岳贞黎	66
zuo you liang	左右两	66
xi tu	希图	66
guang gao shang	广告商	66
zhuang jia di	庄稼地	66
ying jiao	应交	66
di pian	底片	66
kai man	开曼	66
huang	徨	66
xin xian	心弦	66
hu ming hu an	忽明忽暗	66
huai shang	怀上	66
huai biao	怀表	66
zheng chong	怔忡	66
qing tai	情态	66
ci mu	慈母	66
man zou	慢走	66
lin	懔	66
zhan mu	战幕	66
suo xiang wu di	所向无敌	66
yang zi e	扬子鳄	66
cheng jian	承建	66
pao sa	抛撒	66
la er sen	拉尔森	66
wa tu	挖土	66
hui hao	挥毫	66
huan ban	换班	66
pai bi	排比	66
jie qiu	接球	66
jie chu mian	接触面	66
xie dai zhe	携带者	66
xie cheng	携程	66
mo ca li	摩擦力	66
di qiang wo ruo	敌强我弱	66
zheng dui	整队	66
wen jian xi tong	文件系统	66
xin chuang	新创	66
xin gan xian	新干线	66
xin ying ge lan	新英格兰	66
wu kong bu ru	无孔不入	66
wu si feng xian	无私奉献	66
ri yuan	日圆	66
xian xiang guan	显像管	66
pu tong fa	普通法	66
nuan yang yang	暖洋洋	66
qu qu zhe zhe	曲曲折折	66
zhu chang luo	朱常洛	66
ji yi	机宜	66
ji ding he	机顶盒	66
sha ren fan	杀人犯	66
quan jian	权奸	66
cun cun	村村	66
yang guo zhong	杨国忠	66
yang ting he	杨廷和	66
he jun bei	核军备	66
he tang	核糖	66
he neng li	核能力	66
gui lin shi	桂林市	66
shao gong	梢公	66
suo zi yu	梭子鱼	66
ye gan	椰干	66
gan lan shi	橄榄石	66
ci sheng lin	次生林	66
dai	殆	66
dan jing jie lv	殚精竭虑	66
bi zuo	比做	66
hao fa	毫发	66
min fen	民愤	66
qi bu guo	气不过	66
shui mo	水磨	66
shui se	水色	66
yong zhou	永州	66
sha pan	沙盘	66
sha zhi	沙质	66
fa li	法力	66
pao tong	泡桐	66
bo te	波特	66
tai zhou shi	泰州市	66
luo li ya	洛里亚	66
zhuo liu	浊流	66
hai lang	海狼	66
hai kong jun	海空军	66
hai xuan	海选	66
pi	淠	66
yu	淯	66
shen shui zha dan	深水炸弹	66
qing ke	清客	66
qing jie ji	清洁剂	66
yu weng	渔翁	66
shen lou	渗漏	66
wen fang yi	温方义	66
hua tang	滑膛	66
tan shui	潭水	66
che	澈	66
jun	濬	66
ling wu	灵武	66
sha fei ku xin	煞费苦心	66
zhao chao	照抄	66
xi huo	熄火	66
xun ran	熏染	66
pian ji	片剂	66
niu qun	牛群	66
zi	牸	66
gou dong xi	狗东西	66
xuan huan qing	玄幻情	66
yu pei	玉佩	66
fa	珐	66
xia ci	瑕疵	66
yao chi	瑶池	66
ao	璈	66
ping kou	瓶口	66
tian gua	甜瓜	66
sheng shui	生水	66
tian gui hua	田桂花	66
jia fang	甲方	66
dian bing xiang	电冰箱	66
bai ma si	白马寺	66
bai wan mei yuan	百万美元	66
zhou zhe	皱褶	66
dao fei	盗匪	66
dao jue	盗掘	66
zhuo zhong dian	着重点	66
shi pian	石片	66
po fu chen zhou	破釜沉舟	66
gui zao	硅藻	66
sui shi wan duan	碎尸万段	66
peng peng	碰碰	66
she hui min zhu gong dang	社会民主工党	66
piao shu	票数	66
chan si	禅寺	66
shan rang	禅让	66
ji de	积德	66
cheng bing	称病	66
li ti sheng	立体声	66
duan duan zheng zheng	端端正正	66
xiao ao	笑傲	66
di yi deng	第一等	66
zhan tie	粘贴	66
hu hu	糊糊	66
su cai	素菜	66
mi	縻	66
hong xue	红学	66
fang sha ji	纺纱机	66
zu zhi sheng huo	组织生活	66
xi jun xing	细菌性	66
jie dian	结点	66
luo he wu	络合物	66
tong he	统合	66
xu bian	续编	66
xu pin	续聘	66
bian wei hui	编委会	66
bian shen	编审	66
fan chuan	翻船	66
yun	耘	66
liao liao tian	聊聊天	66
lian luo yuan	联络员	66
hu fei jian	胡斐见	66
hu yong he	胡永合	66
lian shang wu guang	脸上无光	66
wan zu	腕足	66
yao zhi	腰肢	66
fu qiang jing	腹腔镜	66
biao	膘	66
zi liu di	自留地	66
xi	舃	66
pa	舥	66
lu	舻	66
liang ren	良人	66
yan	芫	66
ying guo niu jin da xue	英国牛津大学	66
mao dun wen xue jiang	茅盾文学奖	66
cao tu	草图	66
yao jian ju	药监局	66
mo ruo	莫若	66
luo jiao dian	落脚点	66
dong fu xiang	董福祥	66
zheng zheng ri shang	蒸蒸日上	66
cang jia	藏家	66
she du	蛇毒	66
rong hui	融会	66
chun shi	蠢事	66
xing shang	行商	66
biao mian ji	表面积	66
zhuang ju	装具	66
zhuang shen nong gui	装神弄鬼	66
zhuang long zuo ya	装聋作哑	66
xi nan lian da	西南联大	66
xi cheng qu	西城区	66
xi tou	西头	66
shi jie	视界	66
xun jie	训诫	66
jue bie	诀别	66
tan wang song	谭望嵩	66
fu ji	负极	66
cai jing lei	财经类	66
zhi liao	质料	66
gou piao	购票	66
du tu	赌徒	66
shu mai	赎买	66
chao duan qun	超短裙	66
chao die	超跌	66
da	跶	66
qu qiao	躯壳	66
zhuan mai	转卖	66
ruan tan	软瘫	66
zai liu zi	载流子	66
xun ji	迅疾	66
yun suan qi	运算器	66
wei xin	违心	66
di nan	迪南	66
mi zhu	迷住	66
mi wu	迷误	66
su hua	速滑	66
feng ying	逢迎	66
dun	遯	66
la ta	邋遢	66
na xiao gai	那小丐	66
guo shou jing	郭守敬	66
cu suan	醋酸	66
zhong shang zhu yi	重商主义	66
chong qing dui	重庆队	66
na	鎿	66
ao	鏊	66
qian zi	钳子	66
ta	铊	66
yin jian hui	银监会	66
ta	闼	66
ruan yuan hai	阮圆海	66
huo pu jin si da xue	霍普金斯大学	66
qing si	青丝	66
qing gong	青工	66
jing kang	靖康	66
mian sheng	面生	66
mian yu	面谕	66
han jia	韩家	66
han jiang	韩江	66
shun qi zi ran	顺其自然	66
shi tang	食糖	66
fan shi	饭时	66
shou fu	首付	66
ma de la si	马德拉斯	66
gu ke	骨科	66
gao deng ji	高等级	66
diao	鲷	66
ji pi ge da	鸡皮疙瘩	66
hei zhi	黑痣	66
long hu	龙虎	66
yi si si	一丝丝	65
yi fan chang tai	一反常态	65
yi wang wu qian	一往无前	65
yi tiao xin	一条心	65
qi cai	七彩	65
qi shou ba jiao	七手八脚	65
wan bu de yi	万不得已	65
wan lai ju ji	万籁俱寂	65
shang xia zuo you	上下左右	65
shang po	上坡	65
shang zhuo	上桌	65
shang lian	上联	65
xia jia	下嫁	65
bu yi bu rao	不依不饶	65
bu yan qi fan	不厌其烦	65
bu fei chui hui zhi li	不费吹灰之力	65
bu ci er bie	不辞而别	65
zhuan ke sheng	专科生	65
yan yun jing	严云京	65
zhong guo qi yuan	中国棋院	65
zhong zi xing	中子星	65
zhong xiao xue xiao	中小学校	65
zhong wei du	中纬度	65
zhong yuan	中远	65
jiu bie chong feng	久别重逢	65
le he he	乐呵呵	65
xiang dang	乡党	65
luan fen fen	乱纷纷	65
shi wu bu	事务部	65
wu shi ming	五十名	65
wu hao	五号	65
wu wei zi	五味子	65
qin zu	亲族	65
ren zhi chang qing	人之常情	65
ren yi	人意	65
ren fan zi	人贩子	65
ren yi dao de	仁义道德	65
ren ai	仁爱	65
jin xia	今夏	65
jin sheng jin shi	今生今世	65
ling ren zhu mu	令人瞩目	65
you xuan	优选	65
ti wei	体位	65
yu suo	余所	65
ming	佲	65
shi tu	使徒	65
li xing gong shi	例行公事	65
bao jian shi pin	保健食品	65
bao an ting	保安厅	65
bao yu	保育	65
chu	俶	65
dao guan	倒灌	65
dao zhi	倒置	65
zuo xi	做戏	65
jiang si	僵死	65
xian jian	先见	65
ba men	八门	65
lan xi	兰溪	65
guan shang men	关上门	65
qi zhi	其职	65
jian shou	兼收	65
xie shi zhu yi	写实主义	65
jun zhen	军阵	65
nong ken	农垦	65
feng zi ying	冯紫英	65
chong duan	冲断	65
liang cha	凉茶	65
chu er fan er	出尔反尔	65
qie fu si ji	切夫斯基	65
liu ze qing	刘泽清	65
chu xuan	初选	65
zhi yao chang	制药厂	65
bei fang di qu	北方地区	65
yi jia	医家	65
shi zhang	十丈	65
wu jiao	午觉	65
hua nan di qu	华南地区	65
hua yue	华约	65
hua yang	华阳	65
dan yan	单眼	65
bo lan qun shu	博览群书	65
yin shua pin	印刷品	65
yin di an yu	印第安语	65
yuan yuan ben ben	原原本本	65
shuang qiang	双枪	65
fan chun xiang ji	反唇相讥	65
fan tan ju	反贪局	65
fa ming ren	发明人	65
fa yan	发烟	65
shou tuo	受托	65
xu jiu	叙旧	65
ke ran	可燃	65
shi dao lin	史道邻	65
ye jing lin	叶景林	65
tong liu he wu	同流合污	65
ming su	名宿	65
wu dao tong	吴道通	65
gao cheng	告成	65
chun she	唇舌	65
shou mai	售卖	65
wei wu zhu yi zhe	唯物主义者	65
shang pin lv	商品率	65
shan ba gan xiu	善罢甘休	65
pen wu	喷雾	65
sang zi yan	嗓子眼	65
si shi wan	四十万	65
si shi ba nian	四十八年	65
tuan shan	团扇	65
guo jia wen wu ju	国家文物局	65
guo jia yin hang	国家银行	65
yuan huan	圆环	65
sheng nv	圣女	65
huai zhang	坏帐	65
kuai er	块儿	65
gui	垝	65
fu yin ji	复印机	65
xia qiu ji	夏秋季	65
xia yan	夏衍	65
duo ke	多克	65
duo guan xian shi	多管闲事	65
ye xiao	夜校	65
ye sheng huo	夜生活	65
ye lang	夜郎	65
da keng	大坑	65
da si	大寺	65
da mu	大木	65
da xi	大西	65
fu si	夫斯	65
shi pei	失陪	65
qi shu	奇书	65
feng huan	奉还	65
ao si te	奥斯特	65
hao zhao	好找	65
miao ce	妙策	65
heng	姮	65
wan yue	婉约	65
an da niang	安大娘	65
wan xing	完形	65
shi ming	实名	65
xuan wei	宣慰	65
kuan hong	宽宏	65
kuan zhai	宽窄	65
su she lou	宿舍楼	65
xiao xing hua	小型化	65
jian rui hua	尖锐化	65
ni ya jia la	尼亚加拉	65
ni cai	尼采	65
wei duan	尾端	65
shan yu	山雨	65
cha dao	岔道	65
min shan	岷山	65
chong	崈	65
gong ye jie	工业界	65
gong zuo zhi	工作制	65
gong shang bu men	工商部门	65
shi bo si	市舶司	65
pa ti ya	帕提亚	65
bo shu	帛书	65
nian zhong jiang	年终奖	65
bing long	并拢	65
xing hui	幸会	65
you ming	幽冥	65
ku zi nie zuo wa	库兹涅佐娃	65
miao hao	庙号	65
lian chi	廉耻	65
gui er niang	归二娘	65
lu qu xian	录取线	65
ying ju yuan	影剧院	65
de zheng	德政	65
zhong jun	忠君	65
kuai dao	快刀	65
xin	忻	65
huai hen zai xin	怀恨在心	65
en zhun	恩准	65
qia feng	恰逢	65
ti	悌	65
qing xing	情性	65
jing xin	惊心	65
jing qi	惊起	65
xiang ding	想定	65
cheng pin you	成品油	65
cheng cai	成材	65
suo zai guo	所在国	65
suo gan	所感	65
cheng shou li	承受力	65
yi yang dun cuo	抑扬顿挫	65
la deng	拉登	65
la li	拉里	65
hen	拫	65
gong wei	拱卫	65
zhi huan	指环	65
zhi cheng	指称	65
pai ding	排定	65
tui tu	推土	65
tui dai	推戴	65
tui che	推车	65
miao shu fu	描述符	65
ye yu	揶揄	65
si sui	撕碎	65
zhi pei quan	支配权	65
di jian	敌舰	65
qiao qiao	敲敲	65
duan dai shi	断代史	65
duan tou	断头	65
xin hua shu dian	新华书店	65
xin ka li duo ni ya	新喀里多尼亚	65
xin pai	新派	65
lv you ye jie	旅游业界	65
wu hui	无悔	65
wu xia	无瑕	65
ri ji yue lei	日积月累	65
han zuo	旱作	65
yi nu	易怒	65
chun bo	春播	65
an he	暗合	65
ru	曘	65
qu jing	曲靖	65
you li shu	有理数	65
you gui	有轨	65
ben yuan	本源	65
wu	杌	65
cun bian	村边	65
lai sheng	来生	65
ban cai	板材	65
ji you	极右	65
zhen mu	枕木	65
guo ge li	果戈理	65
ke er ke zi zu	柯尔克孜族	65
xiao feng	校风	65
jian ce qi	检测器	65
mei	楣	65
ning	檸	65
huang	櫎	65
qi ren tai shen	欺人太甚	65
qi jun	欺君	65
ge jue	歌诀	65
qi xing	气性	65
qing	氰	65
shui huan	水患	65
shui yan	水淹	65
yong xing dao	永兴岛	65
qiu sheng	求胜	65
han xian di	汉献帝	65
jiang zhu xi	江主席	65
he qu	河曲	65
he li	河狸	65
you fang	油坊	65
quan yong	泉涌	65
ni zhao	泥沼	65
po mo	泼墨	65
jing he	泾河	65
guang	洸	65
huo xing ji	活性剂	65
huo jian	活检	65
lang tou	浪头	65
hai xing	海星	65
xiao hao liang	消耗量	65
zhang die	涨跌	65
shen an	深谙	65
qing xi ke jian	清晰可见	65
pai	湃	65
hu guang shan se	湖光山色	65
tang	溏	65
ying tai	瀛台	65
huo mao san zhang	火冒三丈	65
huo li fa dian	火力发电	65
huo bing	火并	65
hui meng meng	灰蒙蒙	65
hui fei yan mie	灰飞烟灭	65
zhuo shang	灼伤	65
re shui ping	热水瓶	65
yan	焱	65
mei you deng	煤油灯	65
niu fen	牛粪	65
mu niu	牧牛	65
te la wei fu	特拉维夫	65
fan zui lv	犯罪率	65
du dang yi mian	独当一面	65
du bai	独白	65
du li tuan	独立团	65
yi	猗	65
wang yuan ba	王元霸	65
wang bao shan	王宝山	65
qiu lei	球类	65
li xue yuan	理学院	65
sheng cun qi	生存期	65
dian ci tie	电磁铁	65
pi	疋	65
nve	疟	65
bai xiong	白熊	65
bai ma shan	白马山	65
bai sheng	百胜	65
mu xuan	目眩	65
mang cong	盲从	65
kan bao	看报	65
zhen yi	真意	65
yan jian	眼尖	65
yan pi zi	眼皮子	65
zhi shi jing ji	知识经济	65
yan tai	砚台	65
xiao suan yin	硝酸银	65
liu suan tong	硫酸铜	65
shi fan dian	示范点	65
shen guai	神怪	65
shen fu	神甫	65
shen hun	神魂	65
xiang rui	祥瑞	65
fu bu si	福布斯	65
ke xue shi	科学史	65
mi chuan	秘传	65
zhi xu jing ran	秩序井然	65
xi tu yuan su	稀土元素	65
bai	稗	65
xi	穸	65
kong jun yi hao	空军一号	65
kong luo luo	空落落	65
kong che	空车	65
xun	窨	65
duan yang jie	端阳节	65
zhu lou	竹篓	65
di san xi	第三系	65
di shi qi zhang	第十七章	65
fu	筟	65
yue ju	粤剧	65
tang jing	糖精	65
jiu cha	纠察	65
hong mian	红棉	65
hong shao rou	红烧肉	65
sha mao	纱帽	65
zhi pai	纸牌	65
jing yan zhu yi	经验主义	65
ling luo	绫罗	65
huan bing zhi ji	缓兵之计	65
bian nian ti	编年体	65
luo hai	罗海	65
luo na er duo	罗纳尔多	65
ji ban	羁绊	65
kao wu	考务	65
hao jie	耗竭	65
er chui	耳垂	65
lian he wang guo	联合王国	65
fei shui zhong	肺水肿	65
shen xu	肾虚	65
dan dao	胆道	65
hu yan	胡言	65
neng ge shan wu	能歌善舞	65
zang hua	脏话	65
tuo yang he tang he suan	脱氧核糖核酸	65
teng chu	腾出	65
zi can xing hui	自惭形秽	65
jie zou gan	节奏感	65
jie di	芥蒂	65
hua zhu	花柱	65
hua yan	花眼	65
ku quan	苦劝	65
ku ao	苦熬	65
ben yi xi	苯乙烯	65
ying guo jian qiao da xue	英国剑桥大学	65
li	荔	65
rong ba chi	荣八耻	65
pu tian	莆田	65
you	莸	65
cai yuan zi	菜园子	65
cai hua	菜花	65
ye	葉	65
wei lan	蔚蓝	65
yun	蕓	65
bao yi bo	薄一波	65
zang yao	藏药	65
hu zi	虎子	65
shu di	蜀地	65
nv	衄	65
bu zhui	补缀	65
xiu tong	袖筒	65
xi bei mian	西北面	65
xi yue	西岳	65
jie xi ji he	解析几何	65
teng	誊	65
ren gou zheng	认购证	65
ji ru	记入	65
lun wen ji	论文集	65
she shen chu di	设身处地	65
shi shi wu	识时务	65
gai chang	该厂	65
jin yan	谨严	65
pin min ku	贫民窟	65
he xin	贺信	65
zi liao shi	资料室	65
fu xian	赋闲	65
chi shen luo ti	赤身裸体	65
chao zi ran	超自然	65
qu wei xing	趣味性	65
che chuang	车床	65
guo yang hua qing	过氧化氢	65
jin cang	进藏	65
die qi	迭起	65
zhui ren	追认	65
xuan ze di	选择地	65
tou guang	透光	65
tong liang	通量	65
zao nie	造孽	65
yi zhu	遗著	65
yu yu gua huan	郁郁寡欢	65
bu fu	部副	65
pei yao	配药	65
ye wu	野物	65
jin gang jing	金刚经	65
chun	錞	65
wei	鍡	65
zuan tou	钻头	65
tie zhi	铁质	65
zhu jian	铸件	65
cuo hua	错划	65
yi	镒	65
liao kao	镣铐	65
chang mian	长眠	65
zhang feng	长风	65
men gun	闷棍	65
yan jing ming	阎敬铭	65
yin zhai	阴宅	65
yin gou	阴沟	65
bei	陂	65
xian ling	限令	65
dou ya	陡崖	65
yuan fang	院方	65
sui ji shu	随机数	65
yin tong	隐痛	65
ya long jiang	雅砻江	65
ling shi	零时	65
jing	靓	65
fei fen zhi xiang	非分之想	65
ye	靥	65
shao	韶	65
gu jun en	顾君恩	65
yu zhu	预祝	65
pin pu	频谱	65
fei xue	飞雪	65
shou ju	首局	65
shi lai	驶来	65
gu qi	骨器	65
bao wei er	鲍威尔	65
xian yu	鲜鱼	65
lin jia	鳞甲	65
huang jin hai an	黄金海岸	65
yi zhi ban jie	一知半解	64
san si bai	三四百	64
san huang	三皇	64
san lian shu dian	三联书店	64
shang da	上达	64
xia lian	下联	64
xia he gu	下颌骨	64
bu yi er zu	不一而足	64
bu wen bu wen	不闻不问	64
zhuan gao	专稿	64
dong fang ren	东方人	64
zhong guo ren min wai jiao xue hui	中国人民外交学会	64
zhong zhi	中职	64
zhong ying wen	中英文	64
zhong dui zhang	中队长	64
ju yi fan san	举一反三	64
jiu fu sheng ming	久负盛名	64
shu fang	书坊	64
er bu	二部	64
yun tian	云天	64
wu hu si hai	五湖四海	64
wu lun	五轮	64
ya ding	亚丁	64
ya dang si	亚当斯	64
ya zhou bei	亚洲杯	64
jiao ban	交办	64
ren cai guan	人才观	64
ling ren xian mu	令人羡慕	64
jia ma	价码	64
huo shi fei	伙食费	64
hui she	会社	64
wei jing yan	伟晶岩	64
ga ma	伽马	64
di sheng xia qi	低声下气	64
di neng	低能	64
ti xu	体恤	64
yu jian	余件	64
zuo jia	作假	64
zuo wei zuo fu	作威作福	64
zu	俎	64
bao zhi qi	保质期	64
ting zhi	停职	64
tou zou	偷走	64
chong yi	充溢	64
guang guang	光光	64
ke er te	克尔特	64
dang ba gu	党八股	64
quan mao	全貌	64
ba gua zhang	八卦掌	64
ba zhi	八只	64
ba jia	八家	64
gong yi	公意	64
gong zheng chu	公证处	64
gong tong yu yan	共同语言	64
gong du	共度	64
gong qing tuan yuan	共青团员	64
guan xi shi	关系式	64
xing qing	兴庆	64
bing yong	兵勇	64
jun shi hua	军事化	64
jun hao	军号	64
ming ming zhong	冥冥中	64
leng yin	冷饮	64
jian zhen qi	减振器	64
ji jia	几架	64
fan er deng	凡尔登	64
feng guan	凤冠	64
kai mo er	凯末尔	64
fen zhan	分站	64
liu yi si	刘易斯	64
gang lie	刚烈	64
bie ji	别集	64
jia kuan	加宽	64
jia gao	加高	64
li ci	励磁	64
lao dong jie	劳动节	64
bei xiang nan	北向南	64
qian jia	千家	64
ban bi jiang shan	半壁江山	64
ban qi	半期	64
hua he gen	华赫艮	64
xie yue	协约	64
yin shua ji	印刷机	64
yin xiang pai	印象派	64
yan qi	厌弃	64
yuan zi jie gou	原子结构	64
yuan zhi yuan wei	原汁原味	64
shuang fa	双发	64
shuang yi	双翼	64
fan fu chang lian	反腐倡廉	64
fa re liang	发热量	64
bian su	变速	64
jiao ku bu die	叫苦不迭	64
tai wan da xue	台湾大学	64
ye yi xin	叶亦心	64
hao tao da ku	号啕大哭	64
hao yi	号衣	64
tong jiang	同江	64
ming shi	名实	64
tu si	吐丝	64
lin xi	吝惜	64
han xiu	含羞	64
chui da	吹打	64
wu	呒	64
ci	呲	64
zan cun	咱村	64
ge lia	哥俩	64
shao suo	哨所	64
shang lu	商路	64
zhou	喌	64
ku	喾	64
lei	嘞	64
qiu che	囚车	64
si shu	四书	64
hui su	回溯	64
kun nan chong chong	困难重重	64
tu jing	图景	64
tu fang	土方	64
di shui	地税	64
gan guo	坩埚	64
shou	垨	64
ji luo	基洛	64
wai yun	外运	64
da zhuan sheng	大专生	64
da ren wu	大人物	64
da bie shan qu	大别山区	64
da nan lin tou	大难临头	64
tai jun	太君	64
fu jun	夫君	64
tou tian	头天	64
jia ao	夹袄	64
duo kui	夺魁	64
ao ke lan	奥克兰	64
ao lan duo	奥兰多	64
ru chun	如春	64
wei qu qiu quan	委曲求全	64
wei de	威德	64
xue zhang	学长	64
nao	孬	64
wan shi	完事	64
yi bi si	宜必思	64
bao di	宝地	64
bao jie	宝洁	64
gong qian	宫前	64
rong gu	容姑	64
xiao jiu zi	小舅子	64
wei lv	尾闾	64
long	屸	64
zheng rong	峥嵘	64
qi	崎	64
chuan jun	川军	64
cha jin	差劲	64
xi wang gong cheng	希望工程	64
mo	帓	64
di shi	帝师	64
gan dian chi	干电池	64
nian guan	年关	64
bing jia qi qu	并驾齐驱	64
xing fu gan	幸福感	64
qing yuan	庆元	64
kai da	开打	64
yin hao	引号	64
yin tui	引退	64
zhang guan yu	张关羽	64
qiang suan	强酸	64
gui zui	归罪	64
xing shi hua	形式化	64
xu jia hui	徐家汇	64
de bing	得病	64
chang yang	徜徉	64
xin ji geng se	心肌梗塞	64
zong gang	总纲	64
hen si	恨死	64
en chou	恩仇	64
en ze	恩泽	64
e gun	恶棍	64
qing hua	情话	64
hui ying sao	惠英嫂	64
yi wai xian	意外险	64
lan jiao	懒觉	64
cheng zai	成灾	64
cheng shuo	成说	64
fang zhu	房主	64
fang xuan ling	房玄龄	64
hu	扈	64
pu ke pai	扑克牌	64
da geng	打更	64
da huo	打火	64
tou qi suo hao	投其所好	64
kang wo	抗倭	64
fu qin	抚琴	64
qiang shou	抢手	64
la pu la ta	拉普拉塔	64
pai pin	拍品	64
shi lei	拭泪	64
tiao bo li jian	挑拨离间	64
huan neng qi	换能器	64
kong zhi ji shu	控制技术	64
tui sang	推搡	64
bai tan	摆摊	64
mo tian da lou	摩天大楼	64
shu ju jie gou	数据结构	64
shu tiao	数条	64
qiao zha le suo	敲诈勒索	64
qiao luo da gu	敲锣打鼓	64
wen wu shuang quan	文武双全	64
xie chang shi	斜长石	64
duan an	断案	64
fang dui	方队	64
wu jia zhi bao	无价之宝	64
wu suo gu ji	无所顾忌	64
tan hua yi xian	昙花一现	64
xing zu	星族	64
pu te	普特	64
pu li	普里	64
zhi nang	智囊	64
xian	暹	64
cao zhi	曹植	64
man lu dao	曼璐道	64
zeng zu	曾祖	64
you sun yu	有损于	64
wei shi	未始	64
pu ci mao si	朴茨茅斯	64
li da ge	李大哥	64
qi ren you tian	杞人忧天	64
lai gao	来稿	64
hang jia hu	杭嘉湖	64
qiang gan zi	枪杆子	64
he fu she	核辐射	64
shu zhuang tai	梳妆台	64
mian zhi pin	棉织品	64
gui	槻	64
huan sheng	欢声	64
huan song	欢送	64
zheng fu	正负	64
zheng xie	正邪	64
wu yi	武夷	64
wu xue zhi	武学之	64
mei kuang yu xia	每况愈下	64
qi dian	气垫	64
shui zha	水闸	64
wu mie	污蔑	64
tang xian zu	汤显祖	64
wo dun	沃顿	64
fa hui	法会	64
pao ying	泡影	64
pai qian jun	派遣军	64
hai lun	海伦	64
hai bei	海北	64
hai si	海斯	64
xiao mi	消弭	64
xiao xi bao	消息报	64
hun fan chi	混饭吃	64
xiang e gan	湘鄂赣	64
man zhou guo	满洲国	64
yan zou zhe	演奏者	64
zhang he	漳河	64
fan suo	烦琐	64
bei	牬	64
te er si	特尔斯	64
xia lu xiang feng	狭路相逢	64
lang xin gou fei	狼心狗肺	64
mao yan	猫眼	64
xian yin qin	献殷勤	64
yu bei	玉杯	64
bo	瓟	64
sheng yu qi	生育期	64
sheng lu	生路	64
yong shu	用书	64
hua tu	画图	64
hua bi	画笔	64
liu su	留宿	64
xu chan	畜产	64
bing huan	病患	64
xiang cheng	相承	64
zhen zhi	真值	64
zhao	瞾	64
zhi yu zhi en	知遇之恩	64
shi tai	石台	64
kuang hua	矿化	64
qi qiang	砌墙	64
po bing	破冰	64
za sui	砸碎	64
ying zhi	硬质	64
piao mian	票面	64
si yan	私盐	64
tong bai xiong	童百熊	64
ji	笄	64
xiao ye	笑靥	64
bi diao	笔调	64
di yi hui	第一回	64
di san zhao	第三招	64
jian shu	简述	64
guan wei hui	管委会	64
zhou yang	粥样	64
su wen	素问	64
ba	紦	64
zi sha	紫砂	64
bao	緥	64
ji jian wei	纪检委	64
xi yu	细语	64
jing he	经合	64
jing tang	经堂	64
xuan li duo cai	绚丽多彩	64
wei la	维拉	64
mian zhu	绵竹	64
qiang tang	羌塘	64
gan dan xiang zhao	肝胆相照	64
dan da bao tian	胆大包天	64
neng pu	能谱	64
ji suo	脊索	64
nao zu zhi	脑组织	64
jiao liao	脚镣	64
xing wei	腥味	64
zhi ai wu	致癌物	64
cang shi	舱室	64
yi ming	艺名	64
hua zhi zhao zhan	花枝招展	64
ke juan za shui	苛捐杂税	64
ruo yin ruo xian	若隐若现	64
ying mo	英模	64
zhuo zhuang	茁壮	64
fan yi fei	范一飞	64
yao cao	药草	64
ying yang xue	营养学	64
zhu wen	著文	64
ji li	蒺藜	64
teng tiao	藤条	64
xu tuo	虚脱	64
gu	蛄	64
man gan	蛮干	64
pi	蜱	64
rui	蜹	64
yuan	螈	64
xue liu cheng he	血流成河	64
xing wei ren	行为人	64
xing qi	行气	64
yi bei	衣被	64
bu zhu jin	补助金	64
tan lu	袒露	64
ju	裾	64
xi xiang	西乡	64
xi guan	西关	64
guan zhe	观者	64
shi si ru gui	视死如归	64
zheng ming shu	证明书	64
ping ju	评剧	64
cheng xin cheng yi	诚心诚意	64
you di shen ru	诱敌深入	64
ke hou	课后	64
diao yue	调阅	64
zhen cao	贞操	64
cai zhang	财长	64
zi yuan gong xiang	资源共享	64
ruan jian chan pin	软件产品	64
fu she neng	辐射能	64
bian zheng luo ji	辩证逻辑	64
guo lv qi	过滤器	64
guo zai	过载	64
mai ke	迈克	64
jin teng	近藤	64
zhe dian er	这点儿	64
jin qu xin	进取心	64
xuan xiu ke	选修课	64
feng xiong hua ji	逢凶化吉	64
dao jing	道经	64
yi xun	遗训	64
yao ji	邀集	64
bang lian	邦联	64
xie mo	邪魔	64
xie mo wai dao	邪魔外道	64
you dian bu	邮电部	64
lin cun	邻村	64
zheng ke wei	郑科伟	64
jiu wo	酒窝	64
zhong kai	重开	64
ye zhan pao	野战炮	64
jin shu yuan su	金属元素	64
jin luan dian	金銮殿	64
luo	鑼	64
yi	钇	64
liao	钌	64
tie shui	铁水	64
yin chuan shi	银川市	64
guo zao	锅灶	64
chang ku	长裤	64
jian bu rong fa	间不容发	64
zu e	阻遏	64
a er sa si	阿尔萨斯	64
xian xiang huan sheng	险象环生	64
pei shen tuan	陪审团	64
pei ke	陪客	64
tao yong	陶俑	64
tao xing zhi	陶行知	64
xiong cai da lve	雄才大略	64
ji	霁	64
kuo	鞹	64
xiang ying	项英	64
tui sang	颓丧	64
feng gu	风骨	64
ma ke si	马克斯	64
jiao zong	骄纵	64
qia	髂	64
gao zhuan	高专	64
gao mao	高帽	64
gao qing	高清	64
gao feng xian	高风险	64
ji long	鸡笼	64
zhi	鸷	64
huang gong lve	黄公略	64
huang ji guang	黄继光	64
hei gou	黑狗	64
bi tou	鼻头	64
yi ge shen	一个身	63
yi jia lao xiao	一家老小	63
yi ji zhi chang	一技之长	63
yi qi zhi xia	一气之下	63
yi mai xiang cheng	一脉相承	63
yi yan nan jin	一言难尽	63
yi sha	一霎	63
qi qiao	七窍	63
san shi qi nian	三十七年	63
san xin er yi	三心二意	63
shang yu	上虞	63
shang gui mo	上规模	63
xia wei	下位	63
xia ban shen	下半身	63
bu ke li yu	不可理喻	63
yu shi wu zheng	与世无争	63
dong fei da lie gu	东非大裂谷	63
liang nan	两难	63
zhong xia ceng	中下层	63
zhong dong bu	中东部	63
zhong yang qi xiang tai	中央气象台	63
zhong xiao cheng shi	中小城市	63
zhong shan ling	中山陵	63
zhong ping	中平	63
zhong ke da	中科大	63
zhong nao	中脑	63
yi wu jiao yu fa	义务教育法	63
yue lv	乐律	63
cheng feng	乘风	63
er yi wu	二一五	63
er chu	二处	63
yu shi hu	于是乎	63
wu cheng	五成	63
ren man wei huan	人满为患	63
ren long	人龙	63
ling xiong	令兄	63
yi fa	以法	63
zhong cai yuan	仲裁员	63
wei zun	位尊	63
tuo	佗	63
yu hang	余杭	63
zuo zhan bu	作战部	63
qin ran	侵染	63
xiu shi	修史	63
pian shi	偏食	63
yuan gu dai	元古代	63
ru zhu	入驻	63
gong gong qi che	公共汽车	63
gong kai hua	公开化	63
nei zheng bu zhang	内政部长	63
jun dao	军刀	63
ji fen	几份	63
ji ci san fan	几次三番	63
ji shou	几首	63
kai xuan men	凯旋门	63
liu chang rong	刘昌蓉	63
gang jian	刚健	63
gua sha	刮痧	63
zhi hai quan	制海权	63
ti du	剃度	63
qian jin	前襟	63
jian ge	剑阁	63
wu shi	务使	63
jie duo	劫夺	63
lao yi jie he	劳逸结合	63
lao dun	劳顿	63
bei jing dui	北京队	63
bei dou qi xing	北斗七星	63
shi wu ge	十五个	63
shi yuan	十元	63
shi liu ming	十六名	63
qian qiu wan zai	千秋万载	63
sheng ban ma	升班马	63
dan shu mo	单树模	63
dan xian	单线	63
nan te	南特	63
qu wang	去往	63
xian tai ye	县太爷	63
bian hua lv	变化率	63
bian diao	变调	63
gu ta	古塔	63
ke jia	可嘉	63
shi wen gong	史文恭	63
ge ye	各业	63
he bao	合抱	63
tong bing xiang lian	同病相怜	63
tong zhou gong ji	同舟共济	63
tong zhi hua	同质化	63
hou huan wu qiong	后患无穷	63
tu na	吐纳	63
han yuan	含冤	63
chui peng	吹捧	63
gao fu	告负	63
ming fu	命妇	63
yong tan	咏叹	63
ning	咛	63
mie	咩	63
xian yang shi	咸阳市	63
ai chou	哀愁	63
ha er ke fu	哈尔科夫	63
tang shan shi	唐山市	63
tang cai chang	唐才常	63
tang mo	唐末	63
chang qu	唱曲	63
ao ao	嗷嗷	63
si shi yi nian	四十一年	63
si cheng	四成	63
si pai	四派	63
si zhi	四至	63
guo shui ju	国税局	63
tu ba	图巴	63
tu sheng	土生	63
tu shi	土石	63
di zhi bu	地质部	63
di tie zhan	地铁站	63
keng hai	坑害	63
ba ding	坝顶	63
chui zhi sao miao pin lv	垂直扫描频率	63
ji dan	基丹	63
ji yin zu	基因组	63
fu zhi	复职	63
fu sai	复赛	63
wai fu	外敷	63
da zheng fang zhen	大政方针	63
da wu wei	大无畏	63
da xian	大限	63
da bing	大饼	63
tian zhu	天主	63
tian ji	天极	63
tian jin da xue	天津大学	63
tai ping sheng shi	太平盛世	63
tao qu	套曲	63
zi wu xian	子午线	63
zi huang di	子皇帝	63
zi yi	字义	63
ning zhou yi	宁周义	63
yu cheng	宇称	63
guan ya	官衙	63
zhou	宙	63
yi ju	宜居	63
yi yang	宜阳	63
ke chuan	客船	63
xiao hu	小户	63
jian tou	尖头	63
shan li suan jia	山梨酸钾	63
dao jiao	岛礁	63
xun li	巡礼	63
xun luo ji	巡逻机	63
shi li	市立	63
zhang hu ka	帐户卡	63
ping tang	平躺	63
bing	幷	63
ying yong xing	应用型	63
liao si yuan	廖思源	63
jian zhong	建中	63
yin huang	引黄	63
xian yue qi	弦乐器	63
gui tu	归途	63
de yu	得愈	63
yu yi	御医	63
de luo	德罗	63
xin shu	心术	63
xin huo	心火	63
nen ban	恁般	63
e tu	恶徒	63
xuan liang	悬梁	63
bei qi	悲戚	63
bei huan li he	悲欢离合	63
qing shang	情商	63
qing mian	情面	63
man pao	慢跑	63
chu	憷	63
cheng long	成龙	63
dai an na	戴安娜	63
shou fu	手扶	63
pu jiu	扑救	63
da jia jie she	打家劫舍	63
da fan	打翻	63
fu lao xie you	扶老携幼	63
ji xiao	技校	63
zhe die shi	折叠式	63
hu wei dui	护卫队	63
mo diao	抹掉	63
gua chu	挂出	63
zhi ming	指名	63
qie	挈	63
xie dai	挟带	63
ai ge	挨个	63
ai jia ai hu	挨家挨户	63
shou zhi	授职	63
jie shou zhan	接收站	63
ti gan	提干	63
cha zhi	插值	63
cha zuo	插座	63
da qiao	搭桥	63
cheng kai	撑开	63
sa dan	撒旦	63
zhuang ru	撞入	63
ca shang	擦伤	63
gai xing	改性	63
zheng jiao he yi	政教合一	63
jiu ji jin	救济金	63
san huo	散伙	63
shu ming	数名	63
qu	敺	63
wen hua ting	文化厅	63
wen hua ke	文化课	63
wen zi yu	文字狱	63
ban kuai	斑块	63
si ta ke	斯塔克	63
zao shi	早市	63
hun tian hei di	昏天黑地	63
xing dou	星斗	63
zan zhu	暂住	63
an li	暗里	63
shuo wang	朔望	63
chao nan	朝南	63
chao gang	朝纲	63
mu gan	木杆	63
ben cao gang mu	本草纲目	63
ben hang	本行	63
pu shi wu hua	朴实无华	63
sha chong	杀虫	63
li da ren	李大人	63
ke ni si bao	柯尼斯堡	63
he e zha	核讹诈	63
zhuo an	桌案	63
rui	桵	63
chu chang cheng	楚长城	63
di	樀	63
mu zi	模子	63
kan	檻	63
huan huan xi xi	欢欢喜喜	63
zheng ze biao da shi	正则表达式	63
wu dou	武都	63
si huo shan	死火山	63
shu tu tong gui	殊途同归	63
duan yu jian	段誉见	63
hui sun	毁损	63
hui yue	毁约	63
du fu zuo yong	毒副作用	63
mao zhan	毛毡	63
hao bu dong yao	毫不动摇	63
hao wu gu ji	毫无顾忌	63
hao mi bo	毫米波	63
xi	氥	63
shui po ji	水坡集	63
sha zui	沙嘴	63
he ma	河马	63
you ceng	油层	63
fa zhi shi	法制史	63
fa zhi	法旨	63
fan zhou	泛舟	63
bo su	波速	63
zhu she ye	注射液	63
min mie	泯灭	63
sa jia	洒家	63
hong da	洪大	63
hong bang zhu	洪帮主	63
huo hua shi	活化石	63
huo zi	活字	63
liu xing chui	流星锤	63
liu cuan	流窜	63
jiang ye	浆液	63
lian yi	涟漪	63
dan chu	淡出	63
hun he xing	混合型	63
qing jie gong	清洁工	63
wen jia	温家	63
gang shang	港商	63
you shan wan shui	游山玩水	63
xiang e chuan qian	湘鄂川黔	63
jin	溍	63
tao	滔	63
zong	潈	63
huo zhu	火柱	63
dian ming	点明	63
ting lei	烃类	63
yan xia	烟霞	63
shu tou	熟透	63
yan tie mu	燕铁木	63
yan shun	燕顺	63
fu lao xiang qin	父老乡亲	63
shuang shuang kuai kuai	爽爽快快	63
te ke si	特克斯	63
jiao bian	狡辩	63
du lai du wang	独来独往	63
xuan de da	玄德大	63
yu huan	玉环	63
shan hu chong	珊瑚虫	63
jin	琎	63
gun	璭	63
wa la	瓦拉	63
ci tu	瓷土	63
sheng kong	生恐	63
sheng wu zhi pin	生物制品	63
yong	甬	63
lve tu	略图	63
yi dou	疑窦	63
wen shen	瘟神	63
lou	瘺	63
bai da	白搭	63
bai tong	白铜	63
he fan	盒饭	63
zhen ming	真名	63
zi	眦	63
yan jie mao	眼睫毛	63
shi feng	石缝	63
kan dao	砍刀	63
fu	砩	63
mo guang	磨光	63
ke lun po	科伦坡	63
ke ban	科班	63
chen xin	称心	63
wen wen di	稳稳地	63
wo lun	窝轮	63
kui jian	窥见	63
bi hui	笔会	63
di er dian	第二点	63
di shi qi lu	第十七路	63
shai kang	筛糠	63
jian kuo	简括	63
guan zhong	管仲	63
xiang di	箱底	63
mi mian	米面	63
li zi shu	粒子束	63
gao bing	糕饼	63
hong shu	红树	63
niu ka si er	纽卡斯尔	63
xian xing gui hua	线性规划	63
xi mi hua	细密画	63
jing sha	经纱	63
jue huo	绝活	63
xiu hua zhen	绣花针	63
ji ren zhe	继任者	63
ji wang kai lai	继往开来	63
wei er	维尔	63
bian wei	编委	63
que lou	缺漏	63
wang zhuang jie gou	网状结构	63
zhi ruo wang wen	置若罔闻	63
yang xian rong	羊献容	63
lao zhou	老周	63
lao cheng	老成	63
hao cai	耗材	63
pang	耪	63
ye lv chun	耶律淳	63
gan qi	肝气	63
nao shi	脑室	63
jiao hou gen	脚后跟	63
jiao ban	脚板	63
zi zuo zi shou	自作自受	63
zi tou luo wang	自投罗网	63
zi ran guan	自然观	63
wei	艉	63
se guang	色光	63
jie shi	节食	63
ben an	苯胺	63
mao keng	茅坑	63
cai shi chang	菜市场	63
ying	萦	63
luo hua	落花	63
jue lei	蕨类	63
ma huang	蚂蟥	63
fu	蚨	63
mi yuan	蜜源	63
la ran	蜡染	63
yi dou	衣兜	63
xi xiang	西厢	63
xi sa ha la	西撒哈拉	63
fu mo	覆没	63
guan cha shi	观察使	63
jie you	解忧	63
ji sheng	计生	63
ren ming	认命	63
lun shuo	论说	63
shi kan	试看	63
dai kuan ren	贷款人	63
fei lv	费率	63
zhui shu	赘述	63
zhao min xiao	赵敏笑	63
gan zao	赶早	63
chao gao	超高	63
yue er	越儿	63
qu shi	趣事	63
zhong	踵	63
shen jian	身兼	63
zhuan huan qi	转换器	63
lun ju	轮距	63
guo ke	过客	63
guo lai ren	过来人	63
guo huo	过火	63
xuan ba sai	选拔赛	63
xuan xiu	选秀	63
tong bing	通病	63
tong feng bao xin	通风报信	63
cheng neng	逞能	63
han yin	酣饮	63
jiang cai	酱菜	63
suan tian ku la	酸甜苦辣	63
chun he	醇和	63
chong yin	重印	63
zhong pai	重排	63
jin can can	金灿灿	63
jin ding	金顶	63
e	锇	63
zhang si	长丝	63
chang quan	长拳	63
wen lu	问路	63
yu xian	阈限	63
fang zhen	防震	63
yang po	阳坡	63
a bo du lei	阿卜杜勒	63
lu jia zhuang	陆家庄	63
lu yun	陆运	63
sui yi xing	随意性	63
nan shang jia nan	难上加难	63
qing nian hui	青年会	63
qing bai	青白	63
mian dian	面点	63
yun	韫	63
yin wei	音位	63
yun wen	韵文	63
shun liu er xia	顺流而下	63
piao ling	飘零	63
fei qin	飞禽	63
ma le	马勒	63
ma shu	马术	63
gao li	高利	63
gao zhen wu you	高枕无忧	63
gao jia	高架	63
gao wei	高纬	63
xi	鬩	63
wei wei shi	魏巍史	63
lu nan	鲁南	63
bao er mo	鲍尔默	63
gui yu	鲑鱼	63
tong	鲖	63
ji tui	鸡腿	63
hong yan	鸿雁	63
yu	鹬	63
mai ke tang na	麦克唐纳	63
huang dao zhou	黄道周	63
huang ma gua	黄马褂	63
hei tou	黑头	63
an	黯	63
shu bei	鼠辈	63
yi wei	一维	62
san zhi ma	三趾马	62
san pei	三陪	62
shang bang	上榜	62
xia qie	下切	62
xia jie lun	下结论	62
bu gan bu jing	不干不净	62
bu de yao ling	不得要领	62
bu du	不独	62
shi zu	世族	62
dong nan ya di qu	东南亚地区	62
dong lin pai	东林派	62
dong guan shi	东莞市	62
zhong xing tong xun	中兴通讯	62
zhong guan	中观	62
zhu gen	主根	62
yi qi	义旗	62
shu zhai	书斋	62
zheng zhan	争战	62
er bei ti	二倍体	62
yun yang	云阳	62
ya ou da lu	亚欧大陆	62
ya zhou di qu	亚洲地区	62
ren ben zhu yi	人本主义	62
cong su	从速	62
yi lang ren	伊朗人	62
xiu xi qu	休息区	62
di dang	低档	62
yu tiao	余条	62
qin duo	侵夺	62
xin jiao	信教	62
dao fu	倒伏	62
zuo gong	做功	62
cui bi	催逼	62
er tong yi yuan	儿童医院	62
yuan jun	元军	62
quan ri	全日	62
quan yun hui	全运会	62
gong tian	公田	62
liu wei di huang	六味地黄	62
gong ju	共聚	62
xing tan	兴叹	62
xing fen xing	兴奋性	62
rong yuan	冗员	62
jun zi	军资	62
jun che	军车	62
nong fu	农妇	62
bing dian	冰点	62
ji ye	几夜	62
ji miao	几秒	62
chu ge	出格	62
dao tou	刀头	62
xing ming	刑名	62
liu pei sheng	刘培生	62
liu yuan	刘渊	62
dao fang	到访	62
qian che zhi jian	前车之鉴	62
jia shi sai	加时赛	62
wu gong ren yuan	务工人员	62
lie zhong	劣种	62
dong shou dong jiao	动手动脚	62
zhu can	助残	62
qin zheng	勤政	62
bei jing guo an dui	北京国安队	62
shi yi da	十一大	62
shi wan ba qian li	十万八千里	62
ban fen zhong	半分钟	62
dan xing ben	单行本	62
zhan ju	占居	62
zhan ling jun	占领军	62
ka la shen ni ke fu	卡拉什尼科夫	62
pang	厖	62
hou en	厚恩	62
yuan ban	原版	62
qu yong	取用	62
ju fa	句法	62
tai zi	台资	62
ye jing kui	叶景奎	62
hao duan	号段	62
si ma yan	司马炎	62
he huan	合欢	62
ji zhao	吉兆	62
ji bu si	吉布斯	62
hou lai zhe	后来者	62
wu zhuang da	吴壮达	62
fu	呋	62
zhou bo xin	周伯信	62
ming men	命门	62
he shuo	和硕	62
ka fei ting	咖啡厅	62
guang dang	咣当	62
ku sang bang	哭丧棒	62
tang gao zong	唐高宗	62
tuo shou ke de	唾手可得	62
shang ye jie	商业街	62
ka la kun lun shan	喀喇昆仑山	62
xi xing yu se	喜形于色	62
chi zhi yi bi	嗤之以鼻	62
mi ding	嘧啶	62
xun	噀	62
si yuan	四员	62
si chuan ren	四川人	62
si zhi bai hai	四肢百骸	62
si bu cong kan	四部丛刊	62
hui cheng	回程	62
guo jia zi ran ke xue jiang	国家自然科学奖	62
guo jia xing zheng xue yuan	国家行政学院	62
guo ji yuan zi neng ji gou	国际原子能机构	62
tu shuo	图说	62
yuan zhu ti	圆柱体	62
yuan ling	圆领	62
di gou	地沟	62
jun zhi	均值	62
mai dan	埋单	62
cheng yi	城邑	62
tang hui	堂会	62
tang xiong	堂兄	62
sai shang	塞上	62
sai che	塞车	62
sheng dai	声带	62
wai jing	外景	62
duo cai	多彩	62
duo cai duo yi	多才多艺	62
duo qu dao	多渠道	62
da pian da pian	大片大片	62
tian zai ren huo	天灾人祸	62
tou hun	头昏	62
tou chou	头筹	62
feng gao	奉告	62
ji hai tao	姬海涛	62
po mu	婆母	62
sun xue wu	孙学武	62
xue fen zhi	学分制	62
xue shu xing	学术性	62
ning cheng	宁城	62
zong jiao xue	宗教学	62
zong she	宗社	62
guan shang	官商	62
jia zu shi	家族史	62
mi xin	密信	62
xiao ga zi	小嘎子	62
xiao qiao ling long	小巧玲珑	62
xiao bing	小病	62
niao pin	尿频	62
wu qian	屋前	62
yue da zhuang	岳大壮	62
gong ye sheng chan	工业生产	62
gong zuo fu	工作服	62
shi hua	市话	62
chang ke	常客	62
ping ding	平顶	62
di se	底色	62
jian chang	建厂	62
jian she yin hang	建设银行	62
qiang zi	强子	62
xing er shang	形而上	62
xu ke	徐克	62
wei guan	微管	62
de zong	德宗	62
xin li jiao cui	心力交瘁	62
xin hui yi lan	心灰意懒	62
huai gu	怀古	62
ou	怄	62
e guan man ying	恶贯满盈	62
you yuan	悠远	62
huan de huan shi	患得患失	62
dian nian	惦念	62
chou rong	愁容	62
yuan bu yuan yi	愿不愿意	62
yong lan	慵懒	62
wo xing wo su	我行我素	62
zhan huo	战祸	62
jia ran er zhi	戛然而止	62
suo yi ran	所以然	62
shou xie	手写	62
da tou zhen	打头阵	62
da bian tian xia	打遍天下	62
kuo jun	扩军	62
zhao si	找死	62
tou zi shang	投资商	62
qiang guang	抢光	62
la jia	拉加	62
la zi mo	拉子模	62
chi gu shu	持股数	62
gua mian	挂面	62
ji dui	挤兑	62
hui zhi bu qu	挥之不去	62
peng bei	捧杯	62
jie zhong	接踵	62
ti diao	提调	62
ban dong	搬动	62
zhai bian	摘编	62
shou kuan	收款	62
jiao yu zhe	教育者	62
si ren	斯人	62
si tan fu	斯坦福	62
xin le fu	新乐府	62
xin yuan	新元	62
xin ke	新科	62
xin zhu	新竹	62
fang wei jiao	方位角	62
wu li ke tu	无利可图	62
wu xin lian zhan	无心恋战	62
wu suo bu neng	无所不能	62
ji wang	既往	62
hui se	晦涩	62
shu	書	62
man cheng	曼城	62
you jing wu xian	有惊无险	62
you ji ke cheng	有机可乘	62
fu wu sheng	服务生	62
wang er que bu	望而却步	62
zhao qi peng bo	朝气蓬勃	62
mu hua li	木华黎	62
za yin	杂音	62
song zi	松子	62
ji zhi	极值	62
qiang ji	枪击	62
mou sheng	某省	62
you mu	柚木	62
cha jiu	查究	62
xiao guan	校官	62
ge luo si	格罗斯	62
zhi	梽	62
rong	榕	62
heng xing ba dao	横行霸道	62
zheng yi gan	正义感	62
dai yi	歹意	62
qi guan yan	气管炎	62
shan tou shi	汕头市	62
sha wen zhu yi	沙文主义	62
he mu du	河姆渡	62
you pin	油品	62
bo guang	波光	62
bo dong xing	波动性	62
zhu shu	注疏	62
ce liang chuan	测量船	62
hai ming wei	海明威	62
hai pai	海派	62
hai wang	海王	62
tu pian	涂片	62
xiao shou	消受	62
wo xuan	涡旋	62
qing tai zu	清太祖	62
qing yin	清音	62
wen xi	温习	62
wen he pai	温和派	62
wen shi	温湿	62
you le chang	游乐场	62
kui bu cheng jun	溃不成军	62
liu zhi da ji	溜之大吉	62
yan ji	演技	62
huo bao	火暴	62
fan xin	烦心	62
shao hua	烧化	62
xuan he	煊赫	62
mei jiao you	煤焦油	62
fan you	犯有	62
du li	独力	62
yu shi ju fen	玉石俱焚	62
yu xu san	玉虚散	62
wang da ren	王大人	62
wang shou yi	王守义	62
ban zhu	班主	62
ci wan	瓷碗	62
gan nan	甘南	62
gan tian	甘甜	62
fan bang	番邦	62
shu shi	疏失	62
bing zhong	病种	62
bai song	白送	62
bai yu ming	百余名	62
bai yuan	百元	62
pi dai	皮袋	62
gai er	盖尔	62
pan gen cuo jie	盘根错节	62
zhi bu luo tuo hai xia	直布罗陀海峡	62
xiang ying	相映	62
kan xiang	看相	62
zhen shan mei	真善美	62
zhen ding fu	真定府	62
tong	眮	62
shi ji	石级	62
ai	砹	62
ying pin	硬拼	62
ci ji	磁极	62
pan shi	磐石	62
shen xue yuan	神学院	62
fu fen	福分	62
li gong	离宫	62
ke ji jie	科技界	62
ke di lei la	科迪勒拉	62
zu gei	租给	62
cheng yu	称誉	62
shao zong ji shi	稍纵即逝	62
wen dang	稳当	62
qiong zhui bu she	穷追不舍	62
kong hua	空化	62
zhai zhai de	窄窄的	62
wo zi	窝子	62
dan	窞	62
li ti gan	立体感	62
zhan zhu jiao	站住脚	62
zhu qian	竹签	62
bi yi	笔意	62
di yi kuan	第一款	62
di qi chang	第七场	62
di er shi yi zhang	第二十一章	62
di shi san juan	第十三卷	62
di shi ba zhang	第十八章	62
jian yue	简约	62
mi kai lang qi luo	米开朗琪罗	62
lei tong	类同	62
zhan tan xing	粘弹性	62
liang mian	粮棉	62
suo er	索尔	62
fan rong chang sheng	繁荣昌盛	62
yu	纡	62
yue jian	约见	62
fen cheng	纷呈	62
zhi shang tan bing	纸上谈兵	62
fang chui	纺锤	62
jie gou hua	结构化	62
jie mo yan	结膜炎	62
jue se	绝色	62
tong guan	统管	62
bian zu zhan	编组站	62
suo wei	缩微	62
wang qiu sai	网球赛	62
mei jin	美金	62
cui zhu	翠竹	62
lao si	老死	62
hao sun	耗损	62
geng geng	耿耿	62
lian chuang	联创	62
huang	肓	62
hu fei	胡匪	62
jiao jie	胶结	62
jing	腈	62
zi xing	自省	62
zi ruo	自若	62
zhi de	至德	62
yu tou	芋头	62
hua yuan kou	花园口	62
hua hua gong zi	花花公子	62
ku dou	苦斗	62
fan ben	范本	62
cha shi	茶室	62
ru	茹	62
sun	荪	62
yao li	药力	62
mo xie	莫邪	62
lai bu ni zi	莱布尼兹	62
luo cao	落草	62
jue lei zhi wu	蕨类植物	62
bo xing	薄幸	62
xue ding e	薛定谔	62
bi	薜	62
teng wan	藤蔓	62
heng	蘅	62
kuo	蛞	62
wo	蜗	62
ming	螟	62
bei zhuang	被装	62
zhuang jia	装假	62
bi yi	裨益	62
bao bian	褒贬	62
tun qu	褪去	62
xi ning shi	西宁市	62
jian zhu	见诸	62
shi shen jing	视神经	62
xie shu	解数	62
ji suan ji xi tong	计算机系统	62
ji pu	记谱	62
ping hua	评话	62
shi huo	识货	62
shi xun	试训	62
shuo lao shi hua	说老实话	62
tan qing shuo ai	谈情说爱	62
cai bo	财帛	62
xian zhe	贤者	62
fu cun	赋存	62
zan cheng piao	赞成票	62
gan xi nan	赣西南	62
he er	赫尔	62
qu bi	趋避	62
che shui ma long	车水马龙	62
zhuan shun ji shi	转瞬即逝	62
zhou ju	轴距	62
fu dao yuan	辅导员	62
fu she zhuang	辐射状	62
yun zou	运走	62
jin qi	进气	62
tui chang	退场	62
tao fan	逃犯	62
zhu tiao	逐条	62
tong cai	通才	62
yao yao ling xian	遥遥领先	62
bi yu	避雨	62
you dian ju	邮电局	62
shao yang	邵阳	62
guo song dao	郭嵩焘	62
han shui	酣睡	62
zhong zai	重载	62
ye lv	野驴	62
jin wu	金乌	62
gang si sheng	钢丝绳	62
gou zi	钩子	62
qian dai	钱袋	62
tie ti	铁蹄	62
pu zhang	铺张	62
cuo bie zi	错别字	62
men shi	门市	62
min nan	闽南	62
yan shi zhang	阎世章	62
a gong	阿公	62
fu ti	附体	62
lu xian sheng	陆先生	62
lu ao zong	陆奥宗	62
ci xiong tong ti	雌雄同体	62
xian dan	霰弹	62
qing tai	青苔	62
jing xin	静心	62
fei nan	非难	62
wei chun fang	韦春芳	62
jiu	韭	62
yin pin	饮品	62
rao you	饶有	62
zhou zeng	骤增	62
gu pai	骨牌	62
gu ge ji	骨骼肌	62
gao mian	高棉	62
gao jie	高阶	62
zi	髭	62
yu	鬻	62
yu mi zhi xiang	鱼米之乡	62
tun	鲀	62
xiu	鸺	62
hong men yan	鸿门宴	62
mai qi jia	麦其家	62
huang guo shu	黄果树	62
tao	鼗	62
yi xia tou	一下头	61
yi ce	一册	61
yi qing zao	一清早	61
wan quan	万全	61
wan duo ming	万多名	61
wan qing	万顷	61
san ling wu shen	三令五申	61
san tao	三套	61
san xing ji	三星级	61
san jiao han shu	三角函数	61
shang qian	上千	61
shang hai tan	上海滩	61
bu zhi yi ti	不值一提	61
bu zhi zhi zheng	不治之症	61
zhuan men hua	专门化	61
bing wan	丙烷	61
dong lu	东麓	61
sang men	丧门	61
zhong hua yi xue hui	中华医学会	61
wei shi yi wan	为时已晚	61
zhu shi	主使	61
zhu ji	主祭	61
li shui	丽水	61
wu er	乌尔	61
qiao bai nian	乔柏年	61
jiu yi ba	九一八	61
jiu dao	九道	61
xiang ren	乡人	61
ru ming	乳名	61
ru tu	乳突	61
er die	二叠	61
er jian ban	二尖瓣	61
er chong	二重	61
wu niu	五牛	61
wu ji	五级	61
jiao you	交游	61
ren tou cuan dong	人头攒动	61
ren suo gong zhi	人所共知	61
ren sheng zai shi	人生在世	61
yi gang yuan	亿港元	61
ling ren bu an	令人不安	61
cang	仺	61
qi hua	企划	61
wu	伆	61
lun ba	伦巴	61
fu guo	佛国	61
chi	侈	61
cu zhi	促织	61
bao ju	保举	61
jian jiang	健将	61
tou kui	偷窥	61
yuan xiong	元凶	61
yuan shi	元始	61
dui fu	兑付	61
ba kuai	八块	61
xing feng zuo lang	兴风作浪	61
bing lin cheng xia	兵临城下	61
ju ti di shuo	具体地说	61
yang de zhai	养德斋	61
nei si	内斯	61
jian xing	减刑	61
ji bai kuai	几百块	61
fan er sai gong	凡尔赛宫	61
ping ju	凭据	61
zao zi	凿子	61
kan fa	刊发	61
xing jing	刑警	61
liu lv ding	刘履丁	61
qian fu	前夫	61
yi	劓	61
jia li fu ni ya da xue	加利福尼亚大学	61
yun su	匀速	61
shi ji zhong	十几种	61
shi si wu sui	十四五岁	61
qian fu dong	千佛洞	61
qian shou guan yin	千手观音	61
hua wen	华文	61
dan guan	单管	61
nan yu	南隅	61
yin hen	印痕	61
shou di	受敌	61
jiao men	叫门	61
ding dong	叮咚	61
hao ku	号哭	61
he ji	合剂	61
ji qing	吉庆	61
tong tai	同台	61
ming bu jian jing zhuan	名不见经传	61
ming yuan	名园	61
ming yang tian xia	名扬天下	61
hou fang xian	后防线	61
lv wen de	吕文德	61
lv liu liang	吕留良	61
wu dao zi	吴道子	61
xi li	吸力	61
xi shou guang pu	吸收光谱	61
ling	呤	61
ze she	咋舌	61
he ai ke qin	和蔼可亲	61
xian shui	咸水	61
pin xue jian you	品学兼优	61
ha sang	哈桑	61
qi zhi xing	器质性	61
si xiang	四乡	61
kang	囥	61
guo jia ti yu zong ju	国家体育总局	61
tu ling ji	图灵机	61
yuan diao	圆雕	61
sheng tu	圣徒	61
di xue	地学	61
di zhi tu	地质图	61
zuo xiang	坐像	61
ka	垰	61
cheng zhen hua	城镇化	61
tian ping	填平	61
mo tuo	墨脱	61
bei zhu	备注	61
wai sun nv	外孙女	61
duo wan gong qing	多万公顷	61
duo bu shao	多不少	61
ye yan	夜宴	61
da zuo wen zhang	大做文章	61
da ban ye	大半夜	61
da da chu shou	大打出手	61
da ya	大雅	61
tian ri	天日	61
qi he fu	契诃夫	61
ao qi er ba te	奥其尔巴特	61
nai shui	奶水	61
ru lai fo	如来佛	61
ji qing xu	姬清虚	61
jiao ruo	娇弱	61
xian jing	娴静	61
di qin	嫡亲	61
zi gong jing	子宫颈	61
sun tian tian	孙甜甜	61
sun bin	孙膑	61
meng de er	孟德尔	61
xue xi zhe	学习者	61
an shun	安顺	61
song wen di	宋文帝	61
song zhang lao	宋长老	61
ding xian	定县	61
bao xiang	宝象	61
shi zai hua	实在话	61
zai ge	宰割	61
jia pu	家谱	61
dui yin	对饮	61
shou xian	寿险	61
xiao zu	小卒	61
xiao niu er	小妞儿	61
xiao shu	小鼠	61
jin zhong bao guo	尽忠报国	61
jin shou yan di	尽收眼底	61
niao du zheng	尿毒症	61
shu li	属吏	61
shan pao	山炮	61
xun hui sai	巡回赛	61
gong shang qi ye	工商企业	61
zuo you shou	左右手	61
zuo you feng yuan	左右逢源	61
ba er zha ke	巴尔扎克	61
ba la na he	巴拉那河	61
ba si ke	巴斯克	61
juan	巻	61
bang xiong	帮凶	61
chang fu	常服	61
ping ping de	平平的	61
nian xi	年息	61
nian qing ren	年青人	61
you tong	幼童	61
ying shou kuan	应收款	61
di zhi	底质	61
fu bing zhi	府兵制	61
fei tie	废铁	61
zuo you ming	座右铭	61
yan xu xing	延续性	61
kai er wen	开尔文	61
kai yan	开眼	61
yi dong	异动	61
nong quan	弄权	61
ruo xiang	弱项	61
de er fei	德尔斐	61
ji shi	忌食	61
huai tai	怀胎	61
zong ren wu	总任务	61
huang huang hu hu	恍恍惚惚	61
en yi	恩义	61
gong zhu	恭祝	61
bei qie	悲切	61
bei ju xing	悲剧性	61
duo xing qi ti	惰性气体	61
gan ji ti ling	感激涕零	61
meng dong	懵懂	61
cheng ming zuo	成名作	61
cheng zhu zai xiong	成竹在胸	61
cheng ji dan	成绩单	61
qi jia jun	戚家军	61
dai mu lei	戴姆勒	61
hu shu	户数	61
suo li	所里	61
da ji yue qi	打击乐器	61
da ge	打嗝	61
da cao jing she	打草惊蛇	61
da lei	打雷	61
yang sheng qi	扬声器	61
yang qin	扬琴	61
niu da	扭打	61
fu zhou	抚州	61
bao guan	报关	61
bao chu	报出	61
fu xiu er qu	拂袖而去	61
lan wang	拦网	61
kui	揆	61
ti qin	提亲	61
jie mi	揭秘	61
mo hei	摸黑	61
wo	擭	61
zhi zhi wu wu	支支吾吾	61
gong jie	攻讦	61
jiu guo hui	救国会	61
jiao tiao hua	教条化	61
shu wei	数位	61
shu shi zhong	数十种	61
shu shi mi	数十米	61
wen zhi	文治	61
xie shi	斜视	61
jin jin ji jiao	斤斤计较	61
duan kai	断开	61
si tan ni	斯坦尼	61
wu han	无憾	61
wu ji zhi tan	无稽之谈	61
kun ming hu	昆明湖	61
jin wen gong	晋文公	61
jing po zu	景颇族	61
qi	暣	61
cao di fei	曹涤非	61
yue shi	月食	61
wang er sheng wei	望而生畏	61
ben zhou yi	本周一	61
zhu san tai zi	朱三太子	61
zhu zhong ba	朱重八	61
ji bian	机变	61
sha ren zhe	杀人者	61
za ji tuan	杂技团	61
li jin hua	李金华	61
yang jian	杨坚	61
yang da niang	杨大娘	61
ban lan gen	板蓝根	61
guo ying	果蝇	61
ku huang	枯黄	61
liu ye dao	柳叶刀	61
liu ruo fei	柳若菲	61
xiao wu	校务	61
ge lan te	格兰特	61
ge shi hua	格式化	61
ge la ma	格拉玛	61
qiao bian	桥边	61
liang tian zhu	梁天柱	61
zhang shu	樟树	61
qiang	樯	61
zheng tai fen bu	正态分布	61
yang ji	殃及	61
duan yu xin	段誉心	61
duan yu xiao	段誉笑	61
dian ge	殿阁	61
mei tao	每套	61
bi li ya lei	比利亚雷	61
mao ze tan	毛泽覃	61
mao xi guan	毛细管	61
qi ang ang	气昂昂	61
lv hua wu	氯化物	61
shui tou	水头	61
tai	汰	61
wo tu	沃土	61
he yun	河运	61
pao tang	泡汤	61
tai wu shi he	泰晤士河	61
yang yang	洋洋	61
liu han	流汗	61
ji zhou dao	济州岛	61
hao han	浩罕	61
yu chi	浴池	61
hai tang	海塘	61
xiao shi	消释	61
chun xi	淳熙	61
you xue	游学	61
man mian chun feng	满面春风	61
lan sha wu gu	滥杀无辜	61
bin hu	滨湖	61
di luo	滴落	61
liao dao	潦倒	61
zhe	潪	61
ji dong bu yi	激动不已	61
guan ru	灌入	61
huo chang	火场	61
huo yan jin jing	火眼金睛	61
mie ding zhi zai	灭顶之灾	61
deng you	灯油	61
pao bing ying	炮兵营	61
fan rao	烦扰	61
shao jian	烧碱	61
shan feng dian huo	煽风点火	61
te li ni da	特立尼达	61
yun	狁	61
pao zi	狍子	61
lie hu zuo	猎户座	61
zhu quan	猪圈	61
wang gu niang	王姑娘	61
wang sun	王孙	61
xian dai xing	现代性	61
xian chang hui	现场会	61
rui dian dui	瑞典队	61
tian xiang	甜香	61
jia bing	甲兵	61
dian xun bao	电讯报	61
dian du	电镀	61
zai chun	甾醇	61
bing gen	病根	61
hen liang	痕量	61
xuan	癣	61
bai di cheng	白帝城	61
bai tuan da zhan	百团大战	61
bai cao	百草	61
pi fu ke	皮肤科	61
yi dou	益都	61
xiang kan	相看	61
zhen zhen qie qie	真真切切	61
shui dai	睡袋	61
shi zhi	石制	61
shi hua ji tuan	石化集团	61
sha tang	砂糖	61
ding	碇	61
bi lan	碧蓝	61
ci xue	磁学	61
li yi	礼义	61
li he	礼盒	61
si cang	私藏	61
bing fu	秉赋	61
qiu xun	秋汛	61
ke si	科斯	61
wen zha wen da	稳扎稳打	61
mu zong	穆宗	61
kong jun zhi hui xue yuan	空军指挥学院	61
li ti hua	立体化	61
tong nan	童男	61
bi li	笔力	61
da	笪	61
di san xiang	第三项	61
di ba tiao	第八条	61
di shi liu	第十六	61
po	笸	61
da yi	答疑	61
lei tui	类推	61
yue dong	粤东	61
jing ming neng gan	精明能干	61
zi gan	紫绀	61
za	紮	61
chun xi	纯系	61
zu an	组胺	61
jie chang ai	结肠癌	61
jue shao	绝少	61
mian gen	绵亘	61
lv shui	绿水	61
chan zu	缠足	61
wang yin	网瘾	61
li huan	罹患	61
mei li zhi ye	美利纸业	61
yi ri	翌日	61
lao jiu	老九	61
lao gui ju	老规矩	61
nai fu shi	耐腐蚀	61
lian he bao	联合报	61
fei shui	肥水	61
fei fu zhi yan	肺腑之言	61
zi ming	自命	61
zi gan	自感	61
zi xing shi	自行式	61
zi ming zhong	自鸣钟	61
zhi can	致残	61
se gui	色鬼	61
jie jian	节间	61
hua zi	花子	61
hua yao	花药	61
hua gu xi	花鼓戏	61
gou yan can chuan	苟延残喘	61
ying wen ban	英文版	61
mao tai jiu	茅台酒	61
jian ju	荐举	61
rong zhong tang	荣中堂	61
rong yu jiang	荣誉奖	61
mo li sen	莫里森	61
fei er	菲尔	61
ying yang shi	营养师	61
dong du jiang	董渡江	61
xue bao chai	薛宝钗	61
cang jing	藏经	61
dan bai mei	蛋白酶	61
han	螒	61
luo xuan ti	螺旋体	61
qu	蠼	61
xue xi chong	血吸虫	61
xing zheng cun	行政村	61
zhuang biao	装裱	61
jin yi	襟翼	61
xi gao dong	西高东	61
yao bu le	要不了	61
guan qi xing	观其行	61
zha xiang	诈降	61
gui bian	诡辩	61
wu sha	误杀	61
wu yong	误用	61
shuo fa bu yi	说法不一	61
sui	谇	61
jian qie	贱妾	61
jia xiu quan	贾秀全	61
yan	赝	61
gan pao	赶跑	61
zu bu chu hu	足不出户	61
duo duo shan shan	躲躲闪闪	61
fu she yuan	辐射源	61
shu qi	输气	61
shu shui	输水	61
shu jing guan	输精管	61
bian er	边儿	61
guo lu	过路	61
ying song	迎送	61
jin cheng	进呈	61
tui yin	退隐	61
xun yu	逊于	61
su zhan su jue	速战速决	61
na dao ren	那道人	61
guo zi yi	郭子仪	61
jiu shi suan	酒石酸	61
jin fu	金富	61
qian mu zhai	钱牧斋	61
tie xue	铁血	61
qian zhi	铅直	61
xi chuang	铣床	61
feng mian	锋面	61
chang di	长笛	61
zhang ye	长野	61
keng	阬	61
fang dan	防弹	61
jie ji xing	阶级性	61
a li shan	阿里山	61
long dong	陇东	61
xian shi	限时	61
tao fang	陶方	61
tao guan	陶罐	61
sui ji xing	随机性	61
ya yue	雅乐	61
ya ma ha	雅马哈	61
ji zhu	集注	61
gu yong bing	雇佣兵	61
qing she	青蛇	61
qing shan	青衫	61
jing xi	静息	61
ge ming shi	革命史	61
wei chang hui	韦昌辉	61
feng gan	风干	61
feng tiao yu shun	风调雨顺	61
bao yu	鲍鱼	61
lu pi	鹿皮	61
mai shou	麦收	61
huang meng ran	黄梦然	61
hei mu	黑幕	61
bi yan ai	鼻咽癌	61
bi duan	鼻端	61
long yong tu	龙永图	61
yi shang wu	一上午	59
yi duo	一多	59
yi da pi	一大批	59
yi zi yi dun	一字一顿	59
yi lao yi shao	一老一少	59
yi shou ge	一首歌	59
qi ba sui	七八岁	59
zhang mu	丈母	59
zhang mu niang	丈母娘	59
san wu nian	三五年	59
san shui	三水	59
xia ji ceng	下基层	59
bu yan	不厌	59
bu jie zhi yuan	不解之缘	59
bu yan zi ming	不言自明	59
liang quan	两拳	59
liang ma shi	两码事	59
liang mian zhen	两面针	59
yan shi	严实	59
zhong di	中低	59
zhong fa	中发	59
zhong fang	中放	59
ju qi bu ding	举棋不定	59
zha de hu	乍得湖	59
mai de qi	买得起	59
ru ye	乳业	59
yu shi wu bu	于事无补	59
chan pin she ji	产品设计	59
ren xing lun	人性论	59
ren ge hua	人格化	59
ren min yin hang	人民银行	59
cong wu dao you	从无到有	59
cang cu	仓猝	59
dai guan	代管	59
you rou gua duan	优柔寡断	59
huo fang	伙房	59
hui ning	会宁	59
wei man zhou guo	伪满洲国	59
di su	低俗	59
zhu ju	住居	59
he chang gong	何长工	59
yu qian mi	余千米	59
shi li zai	侍立在	59
yi bang	依傍	59
ce wo	侧卧	59
qiao pi	俏皮	59
su qi	俗气	59
tou gong jian liao	偷工减料	59
yuan ming qing	元明清	59
ke si	克斯	59
ru bu fu chu	入不敷出	59
gong fang	公方	59
xie zhen	写真	59
nong mu min	农牧民	59
guan jun sai	冠军赛	59
ye jin xue	冶金学	59
ji fu	几幅	59
chu huo	出货	59
dao kou	刀口	59
hua jiang	划桨	59
chu chao	初潮	59
zhi leng ji	制冷剂	59
xue fa	削发	59
qian zhao	前爪	59
bo xue zhe	剥削者	59
jian ying	剪影	59
pi lian	劈脸	59
quan dao	劝导	59
dong wu xue jia	动物学家	59
lao dong dui xiang	劳动对象	59
meng	勐	59
bei jing shi wei	北京市委	59
bei yun he	北运河	59
ban gong ban du	半工半读	59
nan jing da tu sha	南京大屠杀	59
bo xue duo cai	博学多才	59
zhan kuan	占款	59
ka sai er	卡塞尔	59
ji shi yu	及时雨	59
fan jian ji	反间计	59
ke xin du	可信度	59
ye qiao	叶鞘	59
hao jiao sheng	号角声	59
tong dang	同党	59
ba da	吧嗒	59
wu bei	吾辈	59
he xu	和煦	59
he pan tuo chu	和盘托出	59
tang ji yao	唐继尧	59
shan wei	善为	59
pen guan	喷灌	59
hui fang	回放	59
kun shou	困守	59
wei ken	围垦	59
guo xin	国信	59
yuan kong	圆孔	59
sheng ling	圣灵	59
di di xia	地底下	59
di dao zhan	地道战	59
chang li	场里	59
keng wa	坑洼	59
ba zi	坝子	59
tian tu	填涂	59
zhi	夂	59
fu he wu	复合物	59
duo pai	多派	59
duo xiang	多相	59
duo liang	多辆	59
da shi	大市	59
da mu	大幕	59
da zhong	大钟	59
da cuo te cuo	大错特错	59
da ma zi	大麻子	59
tian han di dong	天寒地冻	59
shi ye zhe	失业者	59
kua kua qi tan	夸夸其谈	59
feng song	奉送	59
ru shu jia zhen	如数家珍	59
tuo tie	妥帖	59
ren	姙	59
niang tai	娘胎	59
mian	娩	59
wu	婺	59
zi wu	子午	59
kong que shi	孔雀石	59
gu lou gua wen	孤陋寡闻	59
xue shi yuan bo	学识渊博	59
an quan fa	安全法	59
an ka la	安卡拉	59
an tai	安泰	59
an ying	安营	59
song jiang bian	宋江便	59
zong wei xia	宗维侠	59
bao gang	宝钢	59
su she qu	宿舍区	59
ji ji	寂寂	59
fu guo qiang bing	富国强兵	59
yu yu	寓于	59
zhi	寘	59
dui zhuang ji	对撞机	59
xiao niang zi	小娘子	59
xiao zhuan	小篆	59
er yu wo zha	尔虞我诈	59
shan hai cheng	山海城	59
jiao	峤	59
ji	嵆	59
chuan liu bu xi	川流不息	59
zuo gu you pan	左顾右盼	59
bu ha la	布哈拉	59
xi luo duo de	希罗多德	59
dai yu	带鱼	59
gan huo er	干活儿	59
ping bai wu gu	平白无故	59
nian zeng zhang lv	年增长率	59
nian jing	年景	59
di er	底儿	59
kai pu lei	开普勒	59
yi	弈	59
fu lang xi si ke	弗朗西斯科	59
wan wan de	弯弯的	59
dan tiao	弹跳	59
qiang quan zheng zhi	强权政治	59
dang shi guo	当事国	59
cai dai	彩带	59
xu zhou shi	徐州市	59
de ke sa si	得克萨斯	59
xin tian	心田	59
xin ji	心迹	59
xin li you shu	心里有数	59
ji hen	忌恨	59
zhong lie	忠烈	59
zong gong	总工	59
qing su	情愫	59
jing gong zhi niao	惊弓之鸟	59
mao	懋	59
cheng shi	成事	59
cheng yi	成衣	59
qiang	戕	59
shou ji you xi	手机游戏	59
yang qi	扬弃	59
bo fu	拨付	59
an gui ding	按规定	59
ji zhan	挤占	59
zhen xing zhong hua	振兴中华	59
zhang duo	掌舵	59
tui que	推却	59
qian	掮	59
she xiang tou	摄像头	59
mo ben	摹本	59
sa ke xun	撒克逊	59
che diao	撤掉	59
shou zhi	收治	59
shou luo	收罗	59
shou gou ren	收购人	59
gai tian	改天	59
gai ding	改订	59
gu zhi	故址	59
jiao shu yu ren	教书育人	59
jiao zhi	教职	59
shu yi bai ji	数以百计	59
shu bai ge	数百个	59
ban zhen	斑疹	59
zhan huo	斩获	59
duan kou	断口	59
xin dang	新党	59
xin qi xiang	新气象	59
fang yue	方越	59
lv ren	旅人	59
ji cheng shi shi	既成事实	59
zao hun	早婚	59
ming yan ren	明眼人	59
chen ming	晨鸣	59
pu shai	暴晒	59
fu wu dui	服务队	59
wang cheng	望城	59
mo duan	末段	59
za nian	杂念	59
li san cai	李三才	59
ku mu	枯木	59
cha li yi shi	查理一世	59
biao yin	标引	59
shu jiao	树胶	59
xiao che	校车	59
he xin qu	核心区	59
zai zang	栽赃	59
meng xi bi tan	梦溪笔谈	59
chu huai wang	楚怀王	59
lou men	楼门	59
huan ju yi tang	欢聚一堂	59
zheng ming	正名	59
wu niang zi	武娘子	59
wu sheng	武生	59
si jie	死结	59
si tai	死胎	59
bi pin	比拼	59
hao bu zai hu	毫不在乎	59
qi yan xiao zhang	气焰嚣张	59
shui yun	水云	59
qiu zhen wu shi	求真务实	59
han zu ren	汉族人	59
qi ting	汽艇	59
mei jin	没劲	59
zhi yu lv	治愈率	59
fa ren dai biao	法人代表	59
hong zai	洪灾	59
ti lei	涕泪	59
huai he liu yu	淮河流域	59
hun he ye	混合液	59
hun cheng lv	混成旅	59
qing qing bai bai	清清白白	59
you zi	游资	59
you yu	游鱼	59
pu	溥	59
ni si	溺死	59
zhi yu	滞育	59
pan ji xun	潘季驯	59
chao tou	潮头	59
zao tang	澡堂	59
ji ling	激灵	59
pao wei	炮位	59
ran shao shi	燃烧室	59
kuang lan	狂澜	59
wei suo	猥琐	59
ao	獒	59
yu long bei	玉龙杯	59
wang ren zhi	王任直	59
wang fu zhi	王夫之	59
wang xiao ti	王小倜	59
qi	玘	59
wan wei	玩味	59
xian shen shuo fa	现身说法	59
shan hu shu	珊瑚树	59
zhen zhu fen	珍珠粉	59
qiu guo	球果	59
ya	琊	59
wa gang jun	瓦岗军	59
tian tian de	甜甜的	59
dian shan	电扇	59
wei zui	畏罪	59
wa	畖	59
liu yong	留用	59
yi bing	疫病	59
tong ding si tong	痛定思痛	59
liu zi	瘤子	59
dian kuang	癫狂	59
deng lin	登临	59
bai lu shu yuan	白鹿书院	59
bai shi ke le	百事可乐	59
yan cheng	盐城	59
sheng qi ling ren	盛气凌人	59
mu bu xia jie	目不暇接	59
zhi dao	直捣	59
duan yi	短衣	59
shi ya	石崖	59
kuang quan	矿泉	59
xiao yan mi man	硝烟弥漫	59
peng mian	碰面	59
ci dao lv	磁导率	59
he cao	禾草	59
tu ding	秃顶	59
bing zhu	秉烛	59
ji mu	积木	59
cheng xiong dao di	称兄道弟	59
sui zhuang hua xu	穗状花序	59
qiong han	穷汉	59
qiong zhui	穷追	59
qiong long	穹窿	59
kong dang	空当	59
li di	立地	59
zhu ye	竹叶	59
jian	笕	59
fu zhou	符咒	59
di san ju	第三局	59
di liu chang	第六场	59
di si ceng	第四层	59
di si bu	第四部	59
fen tiao	粉条	59
yin	粌	59
he	粭	59
hong zhuang	红妆	59
zhi he	纸盒	59
jing shi zhi yong	经世致用	59
jie fa	结发	59
jue jiao	绝交	59
jue yuan ti	绝缘体	59
fei wen	绯闻	59
wang ka	网卡	59
luo jing	罗经	59
yang cheng	羊城	59
lao shang	老尚	59
lao fang zi	老房子	59
lao zao	老早	59
lao lu	老陆	59
hao dian	耗电	59
er shu neng xiang	耳熟能详	59
geng bing wen	耿炳文	59
zhi ye xing	职业性	59
shen yu	肾盂	59
hu ge nuo	胡格诺	59
teng chong	腾冲	59
peng chu	膨出	59
zi cheng yi jia	自成一家	59
hang tian ju	航天局	59
liang shan	良善	59
jian nan xian zu	艰难险阻	59
jie jie sheng li	节节胜利	59
hua xin	花心	59
hua sheng mi	花生米	59
hua mi	花蜜	59
su hang	苏杭	59
cha shan	茶山	59
di	荻	59
lai wu	莱芜	59
ping xiang	萍乡	59
ying yang yuan su	营养元素	59
ying yang pin	营养品	59
sa ke si	萨克斯	59
bao	葆	59
zhu zhe	著者	59
dong cun rui	董存瑞	59
po	蒪	59
zheng mo	蒸馍	59
chi you	蚩尤	59
kui	蝰	59
chun cai	蠢才	59
xing yun liu shui	行云流水	59
bu yi	补遗	59
mei	袂	59
zhuang zhen	装帧	59
da lian	褡裢	59
xi feng dai	西风带	59
jian mian hui	见面会	59
yan ming	言明	59
ji hua wai	计划外	59
zha bai	诈败	59
wu shi	误食	59
tiao jie qi	调节器	59
mou shi	谋事	59
huo kou	豁口	59
dou ya	豆芽	59
ze da	责打	59
bai luo	败落	59
pin hu	贫户	59
he jin long	贺金龙	59
lu	赂	59
zi zheng	资政	59
chi tie kuang	赤铁矿	59
qi diao	起吊	59
qu li bi hai	趋利避害	59
die dang qi fu	跌宕起伏	59
lu biao	路标	59
tiao zao	跳蚤	59
ta xue	踏雪	59
zao dong	躁动	59
shen lin qi jing	身临其境	59
che tou	车头	59
ruan pan	软盘	59
zai bo	载波	59
yun shu chuan	运输船	59
mi huo bu jie	迷惑不解	59
mi meng	迷蒙	59
tong pan	通盘	59
dao xue	道学	59
yao jian	遥见	59
han gang	邯钢	59
zheng xuan	郑玄	59
guo jing ting	郭靖听	59
yan cheng	郾城	59
qiu zhang guo	酋长国	59
jiu xing	酒醒	59
zui yan	醉眼	59
zhong dao	重蹈	59
liang zi lun	量子论	59
jin gui	金龟	59
bo yu	钵盂	59
tie tou	铁头	59
tong chui	铜锤	59
quan	铨	59
yin yuan	银圆	59
lang	锒	59
cha	锸	59
nie zi	镊子	59
wen jin	问津	59
wen jian	闻见	59
fang hua	防化	59
fang hu li	防护力	59
yin po	阴坡	59
a ji nuo	阿基诺	59
a bi rang	阿比让	59
a meng	阿盟	59
chu shi	除湿	59
chu cao	除草	59
tao ye xing qing	陶冶性情	59
ling shou ye	零售业	59
lei shan	雷山	59
zhen qu	震区	59
zhen han ren xin	震撼人心	59
yu ke ban	预科班	59
feng yang	风扬	59
fei ting	飞艇	59
qu dong li	驱动力	59
hou	骺	59
gao ge	高个	59
gao tai gui shou	高抬贵手	59
gao ge meng jin	高歌猛进	59
gao qiang	高腔	59
ge	鬲	59
kui wei	魁伟	59
liang	魉	59
lu xing mu	鲈形目	59
xian jian	鲜见	59
ao shan	鳌山	59
niao long	鸟笼	59
niao dan	鸟蛋	59
ya dan	鸭蛋	59
yang	鸯	59
huang jin qi yi	黄巾起义	59
huang hua cai	黄花菜	59
an ran shen shang	黯然神伤	59
yi ge ban yue	一个半月	58
yi feng	一峰	58
yi bai kuai	一百块	58
yi pan san sha	一盘散沙	58
wan yi yuan	万亿元	58
wan duo yuan	万多元	58
wan li tiao tiao	万里迢迢	58
san shi wu	三十五	58
san mei	三昧	58
san bai ming	三百名	58
san jiao xue	三角学	58
shang hai gu ji chu ban she	上海古籍出版社	58
bu ji shi	不济事	58
bu jing er zou	不胫而走	58
bu guo ru ci	不过如此	58
zhuan gui	专柜	58
dong jing da xue	东京大学	58
dong si	东四	58
zhong yuan jun qu	中原军区	58
zhong er yan	中耳炎	58
zhong yuan	中院	58
zhong gao ceng	中高层	58
wei guo wei min	为国为民	58
zhu zheng zhe	主政者	58
jiu deng	久等	58
jiu chang	久长	58
liao duan	了断	58
zheng nao	争闹	58
er shi si ge	二十四个	58
hu zhu zu	互助组	58
jing xing	井陉	58
ya xiao suan na	亚硝酸钠	58
ji xu	亟需	58
chan xue yan	产学研	58
jing shi da xue tang	京师大学堂	58
yi ying bang	亿英镑	58
yi ya huan ya	以牙还牙	58
yi zhang dui	仪仗队	58
hui dang	会党	58
bo le	伯乐	58
di dian	低点	58
yu dang	余党	58
zuo xi shi jian	作息时间	58
gou lou bing	佝偻病	58
ni yi yan wo yi yu	你一言我一语	58
kan kan	侃侃	58
hou yu ying	侯玉英	58
bian zhuang	便装	58
dao diao	倒掉	58
qing mu	倾慕	58
xi	僖	58
ba jing	八景	58
liu chi	六尺	58
liu ci	六次	58
guan xi shi	关系史	58
nei fen mi ke	内分泌科	58
nong chu	农畜	58
nong xian	农闲	58
jue di	决堤	58
qi huang	凄惶	58
ji he tu xing	几何图形	58
ji duo	几多	58
ji bai yuan	几百元	58
feng wei	凤尾	58
feng lao ye	凤老爷	58
fen beng li xi	分崩离析	58
fen xi hua xue	分析化学	58
liu song	刘宋	58
chu lai zha dao	初来乍到	58
li ma dou	利玛窦	58
gong li zhu yi	功利主义	58
dong yuan ling	动员令	58
bo bo sheng ji	勃勃生机	58
xie	勰	58
bao zheng	包拯	58
bao che	包车	58
shi er wan	十二万	58
shi bu	十部	58
mai guan zi	卖关子	58
bu gua	卜卦	58
luan huang	卵黄	58
juan jin	卷进	58
chang zhu	厂主	58
yuan dian	原点	58
xian zhi	县志	58
can shi	参事	58
shuang zhang qi	双掌齐	58
fa si	发丝	58
fa huo	发货	58
jiao hua zi	叫花子	58
ke xing xing yan jiu	可行性研究	58
chi zha feng yun	叱咤风云	58
you er	右耳	58
qiu	叴	58
zi	吇	58
he jia	合家	58
tong diao	同调	58
hou chuang	后窗	58
tu qi	吐气	58
huo	吙	58
wu yue qin	吴月琴	58
dai ruo mu ji	呆若木鸡	58
zhou yi liang	周一良	58
he shuo te	和硕特	58
ha er bin gong ye da xue	哈尔滨工业大学	58
xiang ma	响马	58
ku qiang	哭腔	58
tang zai jia	唐再加	58
zhuo shi	啄食	58
dan	啖	58
xi ying	喜迎	58
piao ling	嘌呤	58
si jiao	嘶叫	58
pu tong	噗通	58
si shi wu	四十五	58
si shi yu	四十余	58
si ke	四颗	58
hui tu	回吐	58
yin ming	因明	58
di zhong hai di qu	地中海地区	58
di fang dui	地方队	58
an	垵	58
pei yang ji	培养基	58
ta fang	塌方	58
fu jiao	复交	58
wai jiao jia	外交家	58
duo ren wu	多任务	58
ye zong hui	夜总会	58
da du	大度	58
da wang	大网	58
da wan	大腕	58
tian fu	天福	58
shi jing	失惊	58
tou shu	头数	58
ben mang	奔忙	58
yao mo gui guai	妖魔鬼怪	58
shi zuo yong zhe	始作俑者	58
wei er	威尔	58
nen lv	嫩绿	58
kong fu	孔府	58
zi zi bu juan	孜孜不倦	58
an fu si	安抚司	58
an da man	安达曼	58
song xiao zong	宋孝宗	58
jia dao	家道	58
su ming lun	宿命论	58
jiang cuo jiu cuo	将错就错	58
wei liao	尉缭	58
xiao shi gong	小时工	58
xiao jie	小结	58
pi shi	屁事	58
qu qu	屈曲	58
jia jiao	岬角	58
xun xing	巡行	58
ba ha	巴哈	58
shi zheng xie	市政协	58
bu zun dan	布尊丹	58
bang bu liao	帮不了	58
gan ge	干戈	58
huan xiang	幻象	58
you yuan	幽怨	58
guang gao zhu	广告主	58
guang fan xing	广泛性	58
ku ye dao	库页岛	58
kang ding	康定	58
fu ji ni ya zhou	弗吉尼亚州	58
ba	弝	58
xian wai zhi yin	弦外之音	58
wan er	弯儿	58
dan yao ku	弹药库	58
gui shu gan	归属感	58
xing cheng ceng	形成层	58
xu bing he	徐兵河	58
de chong	得宠	58
de yi wang xing	得意忘形	58
de guo zheng fu	德国政府	58
xin xin xiang yin	心心相印	58
xin sui	心碎	58
xin gao qi ao	心高气傲	58
wang hu suo yi	忘乎所以	58
huai hen	怀恨	58
fu	怫	58
jing lei	惊雷	58
min	愍	58
leng zheng	愣怔	58
bie qi	憋气	58
ge bi tan	戈壁滩	58
xi yan	戏言	58
cheng jiao jia	成交价	58
hu zhu	户主	58
fang men kou	房门口	58
shou la shou	手拉手	58
shou bing	手柄	58
cai hua heng yi	才华横溢	58
tuo shou	托收	58
pi wen	批文	58
e zhu	扼住	58
tou qiu	投球	58
tou shu ji qi	投鼠忌器	58
hu fu pin	护肤品	58
bao qing	报请	58
mo sha	抹煞	58
la qi ao	拉齐奥	58
niu bu guo	拗不过	58
ni chu	拟出	58
ze xiao	择校	58
na shou hao xi	拿手好戏	58
chi cang	持仓	58
gua zhi	挂职	58
tiao zi	挑子	58
ai jin	挨近	58
tui mo	推磨	58
miao mo	描摹	58
miao hua	描画	58
cha yan	插言	58
bai ming	摆明	58
yao qian shu	摇钱树	58
mo la wei ya	摩拉维亚	58
zhi lian	支链	58
shou shi lv	收视率	58
fang she xian	放射线	58
fang dang bu ji	放荡不羁	58
zheng lun jia	政论家	58
wen shu	文殊	58
ban bai	斑白	58
zhan luo	斩落	58
xin jiao tu	新教徒	58
xin lang wang	新浪网	58
xin xian gan	新鲜感	58
fang ren zhi	方人智	58
qi kai de sheng	旗开得胜	58
wu wei bu zhi	无微不至	58
wu di yu tian xia	无敌于天下	58
wu ji	无际	58
han lao	旱涝	58
shi cha	时差	58
min	旻	58
ming zhong ye	明中叶	58
ming ni su da	明尼苏达	58
hun hun yu shui	昏昏欲睡	58
yi bo sheng	易卜生	58
yi xue	易学	58
chun xiao mai	春小麦	58
cheng	晟	58
chen hui	晨会	58
geng	暅	58
liao	曢	58
qu yang	曲洋	58
qu jie	曲解	58
qu mei	曲霉	58
you fen cun	有分寸	58
you sheng zhi nian	有生之年	58
fu wu zhong xin	服务中心	58
mu ne	木讷	58
zhu you xiao	朱由校	58
li chun lai	李春来	58
yang bai ye	杨百业	58
yang guo jian	杨过见	58
yao	杳	58
lin pei jie	林培杰	58
qiang jue	枪决	58
bai you	柏油	58
rou shun	柔顺	58
biao ding	标定	58
ge lin na da	格林纳达	58
ge lu men	格鲁门	58
sang tu gong	桑土公	58
gui	桧	58
liang jin xiong	梁金雄	58
qi yi	棋艺	58
zhi wu yao	植物药	58
zhen zi	榛子	58
jue	橛	58
you	櫌	58
ci qing ci jing	此情此景	58
ci qi bi luo	此起彼落	58
wu hou	武侯	58
si hu tong	死胡同	58
yin zhong xiang	殷仲翔	58
mu xing	母性	58
du sha	毒杀	58
bi jian	比肩	58
bi bi	毕比	58
min zheng ju	民政局	58
min zu hua	民族化	58
chuan	氚	58
yang hua tong	氧化铜	58
shui zhan	水战	58
shui qu	水渠	58
shui xian	水线	58
shui zhi	水蛭	58
qiu gao	求告	58
han yi	汉译	58
han ye	汗液	58
qi lun	汽轮	58
sha er ke	沙尔克	58
ni wu	泥污	58
sa lei	洒泪	58
luo fu	洛夫	58
luo yang shi	洛阳市	58
huo beng luan tiao	活蹦乱跳	58
liu shi lv	流失率	58
liu li	流离	58
liu xing bing	流行病	58
nong dan	浓淡	58
hai chan pin	海产品	58
hai la er	海拉尔	58
she xian	涉险	58
shen fa zhan	深发展	58
yu fu	渔夫	58
yu jia	渔家	58
yu lao	渔捞	58
wen sha	温莎	58
wen ruan	温软	58
quan	湶	58
lou dou zhuang	漏斗状	58
ji mei	激酶	58
she	灄	58
huo di dao	火地岛	58
deng jie	灯节	58
hui tou tu lian	灰头土脸	58
dian shu	点数	58
dian dian di di	点点滴滴	58
chao	焣	58
xu	煦	58
xi deng	熄灯	58
xiong ming yu	熊明遇	58
niu guo xing	牛国兴	58
mu dan ting	牡丹亭	58
mu dan hua	牡丹花	58
mu ma	牧马	58
xi jiao	犀角	58
huan cheng	环城	58
qin yin	琴音	58
sheng yi	生疑	58
yong hu shu	用户数	58
dian dao	电导	58
hua xiang shi	画像石	58
chang suo yu yan	畅所欲言	58
yi yun	疑云	58
jia	痂	58
cu	瘯	58
lai ha ma	癞蛤蟆	58
bai gu jing	白骨精	58
bai fen zhi ba	百分之八	58
bai huo shang dian	百货商店	58
pi huo	皮货	58
yan rong ye	盐溶液	58
mu guang jiong jiong	目光炯炯	58
zhi shang zhi xia	直上直下	58
xiang xing jian chu	相形见绌	58
kan po	看破	58
ming	眳	58
du mai	督脉	58
zhi qing ren	知情人	58
shi mo	石磨	58
shi jiu	石臼	58
shi gu	石鼓	58
sha guo	砂锅	58
wa	砙	58
zhai	砦	58
qiao	硗	58
ying zhang	硬仗	58
shi jing	示警	58
li su	礼俗	58
qu tan	祛痰	58
shen jing guan	神经管	58
ji qian	积欠	58
xi qi gu guai	稀奇古怪	58
kong ke	空客	58
jing cai	竞猜	58
jie cheng	竭诚	58
du ding	笃定	58
tiao zhou	笤帚	58
di san chang	第三场	58
jian zhi	笺纸	58
deng xian zhi bei	等闲之辈	58
fan	範	58
lai	籁	58
ji mo	籍没	58
mi ha yi luo fu	米哈伊洛夫	58
tai	粏	58
cu fang xing	粗放型	58
xi tong ruan jian	系统软件	58
chun li run	纯利润	58
xian xing	线型	58
xi sha	细沙	58
xi liang	细粮	58
zhong dian zhan	终点站	58
jie he neng	结合能	58
chou zi	绸子	58
zhi xiao	职校	58
lian chan cheng bao	联产承包	58
dan lve	胆略	58
ji liang gu	脊梁骨	58
nao ji ye	脑脊液	58
zi zuo cong ming	自作聪明	58
zi bao zi qi	自暴自弃	58
fang	舫	58
liang jiu liang jiu	良久良久	58
liang fang	良方	58
liang zhu	良渚	58
se cai ban lan	色彩斑斓	58
hua la zi	花剌子	58
hua tian jiu di	花天酒地	58
hua cha	花茶	58
hua lei	花蕾	58
rong guo fu	荣国府	58
hun xing	荤腥	58
mo wen long	莫文隆	58
gu	菰	58
xin feng	薪俸	58
cang xue	藏学	58
xu she	虚设	58
qi	蚑	58
nao	蛲	58
jie jing	街景	58
xi bei ou	西北欧	58
xi liu	西流	58
yao jia	要价	58
jie shou	解手	58
yan chuan	言传	58
ji fen	计分	58
ding zhi	订制	58
ren ren zhen zhen	认认真真	58
ji qu	记取	58
lun ji	论集	58
yi fa	译法	58
shi ju	诗剧	58
yu wu lun ci	语无伦次	58
nuo yi man	诺伊曼	58
diao zhuan	调转	58
jin xiao shen wei	谨小慎微	58
shi	豕	58
pin kun xian	贫困线	58
gou bing	购并	58
fei xiao tong	费孝通	58
fei xi er	费席尔	58
shang lian	赏脸	58
zhao zi long	赵子龙	58
chao ran	超然	58
tai quan dao	跆拳道	58
die jin	跌进	58
tiao sheng	跳绳	58
qing zhong huan ji	轻重缓急	58
shu chu guo	输出国	58
shu you guan dao	输油管道	58
bian zheng lun zhi	辨证论治	58
bian jing xian	边境线	58
ying qin	迎亲	58
yun shu jian	运输舰	58
yuan zou	远走	58
xuan lu	选录	58
zao shi	造势	58
luo ji tui li	逻辑推理	58
bi shi	逼视	58
bian ye	遍野	58
dao hao	道号	58
na me xie	那么些	58
huo	邩	58
suan liu liu	酸溜溜	58
cai mai	采买	58
zhong zi	重子	58
jin shu na	金属钠	58
ding zhu	钉住	58
zhong kui	钟馗	58
tie jun	铁军	58
tie quan	铁拳	58
tie pian	铁片	58
tong qiang tie bi	铜墙铁壁	58
qiang	锖	58
xi er he	锡尔河	58
juan	锩	58
zhang san	长三	58
chang bi yuan	长臂猿	58
men jie lie fu	门捷列夫	58
wen chang wen duan	问长问短	58
fang dan yi	防弹衣	58
fang huan yu wei ran	防患于未然	58
fang du	防毒	58
a pa qi	阿帕奇	58
a tuo pin	阿托品	58
a mi ba	阿米巴	58
e jiao	阿胶	58
lu hai kong jun	陆海空军	58
chen wen ying	陈文英	58
chen fu	陈腐	58
xiong ju	雄踞	58
diao shi	雕饰	58
zhen tian dong di	震天动地	58
qing chun dou	青春痘	58
qing yue	青跃	58
fei guo you	非国有	58
fei chang gui	非常规	58
man	鞔	58
qiao chi mu	鞘翅目	58
han xin yue	韩新月	58
yin yun xue	音韵学	58
shun shou qian yang	顺手牵羊	58
ling shi cai pan quan	领事裁判权	58
ti ji	题记	58
tie	餮	58
shi	饣	58
ma xuan zan	马宣赞	58
tuo yun	驮运	58
biao	骠	58
bi	髀	58
gao biao zhun	高标准	58
gao nan	高难	58
biao	髟	58
gui cai	鬼才	58
gui hun	鬼混	58
xian guo	鲜果	58
yi	鷁	58
gua	鸹	58
lu he shi	鹿贺氏	58
mai li	麦粒	58
huang rui lan	黄瑞兰	58
huang rong xin	黄蓉心	58
huang jiao feng	黄蕉风	58
li yang	黎阳	58
hei di	黑地	58
shu yao	鼠药	58
bi se	鼻塞	58
long dong	龙洞	58
yi yi	一亿	57
yi ban zuo you	一半左右	57
yi hong er san	一哄而散	57
yi shi ban hui er	一时半会儿	57
yi luo qian zhang	一落千丈	57
yi zhen xiang	一阵响	57
qi li	七里	57
wan zhong yi xin	万众一心	57
wan tao	万套	57
san liang	三辆	57
shang gong	上供	57
shang wu	上屋	57
xia yi chang	下一场	57
xia jie	下届	57
xia jiu	下酒	57
bu zu dao	不足道	57
zhuan yi xing	专一性	57
dong nan feng	东南风	57
liang quan	两圈	57
liang xi	两系	57
zhong fu	中伏	57
zhong gong zhong yang xuan chuan bu	中共中央宣传部	57
zhong yang jun	中央军	57
zhong jing	中经	57
wu lu mu qi shi	乌鲁木齐市	57
yi xian dan jian	乙酰胆碱	57
jiu xiao yun wai	九霄云外	57
xi yong	习用	57
ru hua	乳化	57
wu da lian chi	五大连池	57
wu zhi shan	五指山	57
wu bai ming	五百名	57
wu yan shi	五言诗	57
qin qi jia	亲戚家	57
yi ren ci	亿人次	57
cong kuan	从宽	57
cong jiang	从江	57
ren ke	任课	57
yi lang dui	伊朗队	57
fu an	伏案	57
xiu qi	休憩	57
zhong kou	众口	57
hui yan	会演	57
qie lan	伽蓝	57
ti xiao	体校	57
fo dian	佛殿	57
zuo jia	作价	57
zuo xiu	作秀	57
zhi sun	侄孙	57
bao er	保尔	57
xin xi jian suo	信息检索	57
dao gua	倒挂	57
cai	倸	57
zhi ban yuan	值班员	57
jia yan	假言	57
zuo pai	做派	57
xian sheng	先圣	57
guang pu xian	光谱线	57
ru shi	入室	57
ru zhang	入账	57
quan zhen jian	全真剑	57
gong sun zan	公孙瓒	57
gong ji	公积	57
liu shi duo sui	六十多岁	57
liu zhi	六只	57
lan ka wei	兰卡威	57
nei wu bu	内务部	57
jun da yi	军大衣	57
jun guan	军管	57
jun men	军门	57
yuan yu	冤狱	57
bing ling	冰凌	57
jue ding shu	决定书	57
ji mu	几亩	57
ji qian mi	几千米	57
ji feng	几封	57
fan fu su zi	凡夫俗子	57
feng mao lin jiao	凤毛麟角	57
kai ze si lao	凯泽斯劳	57
chu kou cheng zhang	出口成章	57
chu dao	出道	57
diao zuan gu guai	刁钻古怪	57
fen hua	分划	57
hua jie	划界	57
chu chun	初春	57
bie shi ba li	别失八里	57
qian qing	前清	57
qian zhui	前缀	57
li cu	力促	57
li wan kuang lan	力挽狂澜	57
jia meng dian	加盟店	57
dong mai xue	动脉血	57
dong dang bu an	动荡不安	57
zhu zhen	助阵	57
fang	匚	57
shi ba jiu sui	十八九岁	57
shi ji	十记	57
xun	卂	57
nan feng	南丰	57
nan man	南蛮	57
ka sa bu lan ka	卡萨布兰卡	57
yin shou	印绶	57
li	厤	57
xian wei	县尉	57
can tuan	参团	57
shuang liao	双料	57
fan qie	反切	57
fan fa xi si zhan zheng	反法西斯战争	57
fa chu	发怵	57
fa huo liang	发货量	57
ye mai	叶脉	57
ge zi wei zhan	各自为战	57
tong sheng gong si	同生共死	57
ming chan	名产	57
hou ji	后记	57
lv song dao	吕宋岛	57
he run ye	和润叶	57
yan qi	咽气	57
yi	咿	57
die	喋	57
si shi wu nian	四十五年	57
si wei	四围	57
hui fang	回访	57
guo guang	国光	57
guo qing dui	国青队	57
di yu xing	地域性	57
ban	坂	57
ai mi er	埃米尔	57
cheng shi pin min	城市贫民	57
ta lei	塔勒	57
qiang ti	墙体	57
zeng bai ji	增白剂	57
mo se	墨色	57
fu jiu	复旧	57
wai jiao bu men	外交部门	57
wai bao zhuang	外包装	57
da ren da yi	大仁大义	57
da xue cheng	大学城	57
da zhai	大宅	57
da jia huo	大家伙	57
da ping	大平	57
da shi da fei	大是大非	57
da wen kou	大汶口	57
tian hua luan zhui	天花乱坠	57
tai yuan	太元	57
shi ce	失策	57
qi li	奇丽	57
ji ou	奇偶	57
qi rui	奇瑞	57
qi que	奇缺	57
ao si ding	奥斯丁	57
nv quan	女权	57
shi de	始得	57
lou di	娄底	57
ji e ru chou	嫉恶如仇	57
shan	嬗	57
meng shi wei ke	孟什维克	57
xue fa	学法	57
shou gong	守宫	57
shou di	守敌	57
an de luo	安德罗	57
an man	安曼	57
ding yi yu	定义域	57
ding xian	定弦	57
bao an	宝安	57
shi nei le	室内乐	57
rong ren	容人	57
cun bu nan xing	寸步难行	57
chen ai luo ding	尘埃落定	57
chen fei	尘肺	57
shan xian	山县	57
shan ben	山本	57
yan jiang yan	岩浆岩	57
yue yang lou	岳阳楼	57
zai zi	崽子	57
rong	嵘	57
zuo guang xian	左光先	57
qiao qu hao duo	巧取豪夺	57
ba ren	巴人	57
ba lun zhi hai	巴伦支海	57
bu lai en	布莱恩	57
fu yuan liao kuo	幅员辽阔	57
gan xiao	干笑	57
ping xin jing qi	平心静气	57
nian dai jiu yuan	年代久远	57
nian li	年历	57
nian lv	年率	57
ku er de	库尔德	57
di bi si	底比斯	57
wan wan	弯弯	57
qiang shou	强手	57
dang kong	当空	57
ying ping	影评	57
wei xun huan	微循环	57
xin pi	心脾	57
kuai wei	快慰	57
xin kou	忻口	57
ji xing zi	急性子	57
yuan sheng zai dao	怨声载道	57
zong dun wei	总吨位	57
re ma fan	惹麻烦	57
cheng bai shang qian	成百上千	57
bian tao ti	扁桃体	57
zhi fa zhe	执法者	57
fu yang	扶养	57
cheng zhong	承重	57
ji shu shui ping	技术水平	57
bao ding	抱定	57
zhao yin	招引	57
zhao ren	招认	57
bo hao	拨号	57
diao dui	掉队	57
pai fang liang	排放量	57
kong zhi tai	控制台	57
tui shou	推手	57
yan cang	掩藏	57
yuan zhu guo	援助国	57
mo er gen	摩尔根	57
gu du	故都	57
jiao tuan	教团	57
jiao yu wang	教育网	57
san re qi	散热器	57
shu liang ji	数量级	57
zheng ge er	整个儿	57
liao zi	料子	57
duan he	断喝	57
si la fu si ji	斯拉夫斯基	57
wu yu	无余	57
wu suo bu bao	无所不包	57
wu ri	无日	57
ri yue tan	日月潭	57
ri ben wai wu sheng	日本外务省	57
ri ben hang kong zi wei dui	日本航空自卫队	57
jiu shi qi	旧石器	57
shi tai	时态	57
ming li	明丽	57
chun yao	春药	57
jin ji yu	晋冀豫	57
jin cheng	晋城	57
he	曷	57
zui gao ceng	最高层	57
you gan yu	有感于	57
mu pai	木排	57
mu qiao	木桥	57
ben xiang	本乡	57
ben zhi	本职	57
za wu	杂务	57
li bo ling	李勃玲	57
cun ji	村级	57
lin hai	林海	57
guo bu qi ran	果不其然	57
zao hong	枣红	57
mou ci	某次	57
zhe	柘	57
cha ji zuo	查继佐	57
cha fang	查访	57
shu miao	树苗	57
qi ju	栖居	57
xiao ling dao	校领导	57
lou ceng	楼层	57
mo te er	模特儿	57
heng duan mian	横断面	57
cong	樷	57
huan chang	欢畅	57
xie jiao	歇脚	57
zheng chang zhi	正常值	57
zheng tong pai	正统派	57
duan jia	段家	57
yin ye wang	殷野王	57
bi ya	比亚	57
hao bu chi yi	毫不迟疑	57
qi sheng	气盛	57
qi xiang xue jia	气象学家	57
shui xie	水榭	57
shui piao	水漂	57
shui pao	水疱	57
shui pen	水盆	57
shui long tou	水龙头	57
han guang wu di	汉光武帝	57
han liu jia bei	汗流浃背	57
tang chi	汤匙	57
qi chuan	汽船	57
sha li	沙粒	57
you xing	油性	57
zhan bian	沾边	57
fa ji	法纪	57
ni yan	泥岩	57
pai fa	派发	57
pai shen	派神	57
ce duo	测度	57
zhe nan	浙南	57
fu ping	浮萍	57
hai zhou	海州	57
hai men	海门	57
run fei	润肺	57
tian jia wu	添加物	57
qing chun	清纯	57
wen jing chun	温景春	57
you yuan	游园	57
tao tian	滔天	57
yan bing chang	演兵场	57
mi	瀰	57
guan ding	灌顶	57
re qing yang yi	热情洋溢	57
fen shi lu	焚尸炉	57
jiao wen qi	焦文期	57
jiao yu lu	焦裕禄	57
duan	煅	57
mei hui	煤灰	57
mei qiu	煤球	57
rong lu	熔炉	57
shu lv	熟虑	57
ai er lan ren	爱尔兰人	57
niu yang	牛羊	57
du wu	独舞	57
lang ji	狼藉	57
she li	猞猁	57
xun	獯	57
huan xing shan	环形山	57
xian dai shi	现代史	57
bo li bei	玻璃杯	57
li xing ren shi	理性认识	57
xiu	琇	57
yong de shang	用得上	57
tian yuan shi	田园诗	57
jia zhuang xian zhong	甲状腺肿	57
shen qing biao	申请表	57
dian lu	电炉	57
dian ma	电码	57
pao	疱	57
ji xing	疾行	57
ji zou	疾走	57
chuang	瘡	57
deng bao	登堡	57
bai chi deng	白炽灯	57
bai fen zhi	百分之	57
bai fen zhi shi	百分之十	57
pi ke lin	皮克林	57
ang ge lu	盎格鲁	57
zhi gou gou	直勾勾	57
sheng fu	省府	57
zhen xiang da bai	真相大白	57
xia yan	瞎眼	57
zhi shi xing	知识性	57
duan bing	短柄	57
gan	矸	57
kuang zhong	矿种	57
po bing chuan	破冰船	57
ying ting	硬挺	57
sui kuai	碎块	57
sui yin	碎银	57
tan hua wu	碳化物	57
lin guang	磷光	57
she hui ke xue jia	社会科学家	57
shen bu shou she	神不守舍	57
shen jing zhong shu	神经中枢	57
shen jing zheng	神经症	57
li xiang	离乡	57
li pu	离谱	57
mo	秣	57
ji ji fen zi	积极分子	57
tiao	窕	57
li xin	立新	57
duan liang	端量	57
di shi yi ci	第十一次	57
di shi jiu zhang	第十九章	57
di shi er ci	第十二次	57
deng wen	等温	57
ce yuan di	策源地	57
jian gan	箭杆	57
mie	篾	57
fen shi	粉饰	57
jing yi qiu jing	精益求精	57
wen	紊	57
piao	縹	57
hong pu pu	红扑扑	57
zhi ren	纸人	57
niu yue shi	纽约市	57
xi cha	细察	57
xi li	细粒	57
zhong jiu	终久	57
zhong lao	终老	57
luo yi	络绎	57
ji fu	继父	57
mian yin	缅因	57
luo bin xun	罗宾逊	57
luo zhi	罗致	57
zui you ying de	罪有应得	57
da	羍	57
qun fang	群芳	57
shen qi	肾气	57
hu wei min	胡卫民	57
nao men zi	脑门子	57
pu	脯	57
lian shui	脸水	57
tui shang	腿伤	57
zhi chi	至迟	57
hang kong zhan	航空展	57
se mu ren	色目人	57
jie cai	芥菜	57
hua dou	花都	57
ku han	苦寒	57
fan xiu zhi	范秀枝	57
mao fang	茅房	57
cha nong	茶农	57
huang jiao	荒郊	57
he lan yu	荷兰语	57
he tang	荷塘	57
lian na	莲娜	57
ju shi	菊石	57
wei	萎	57
luo jing xia shi	落井下石	57
di mu	蒂姆	57
meng pian	蒙骗	57
xu shi	蓄势	57
lan shan	蓝山	57
peng tou gou mian	蓬头垢面	57
xu han	虚汗	57
jun	蚐	57
qu chong	蛆虫	57
man huang	蛮荒	57
ya qian	衙前	57
bu qi	补气	57
biao mian zhang li	表面张力	57
zhuang lian	装殓	57
ku guan	裤管	57
he zao	褐藻	57
ta	褟	57
jian bao	见报	57
hua bie	话别	57
shuo ming hui	说明会	57
zhu dao	诸岛	57
diao xing	调性	57
diao yan	调演	57
xie shi	谢世	57
pu xi	谱系	57
fei er gan na	费尔干纳	57
pei li	赔礼	57
lai an suan	赖氨酸	57
zou xia po lu	走下坡路	57
zhao lv jiao	赵率教	57
chao su	超速	57
beng tiao	蹦跳	57
zhuan xue	转学	57
qing jian	轻贱	57
da la	达拉	57
yun chu	运出	57
jin ban nian	近半年	57
huan zhai	还债	57
jin jian	进见	57
mi ni	迷你	57
zhui zang	追赃	57
shi zhe sheng cun	适者生存	57
xiao yao zi zai	逍遥自在	57
tong di	通敌	57
yi yuan	遗愿	57
dou hu fu	都护府	57
cai xie	采写	57
jin ben wei zhi	金本位制	57
jin niu zuo	金牛座	57
jin rong shi bao	金融时报	57
tie	鐡	57
zhen fa	针法	57
qian long xi	钱龙锡	57
jia fei	钾肥	57
qian qiu	铅球	57
lian shi	链式	57
zeng liang	锃亮	57
qin	锓	57
cuo ti	错题	57
zhang zui	长嘴	57
chang chun dui	长春队	57
chang sui	长随	57
men xia sheng	门下省	57
men lei	闷雷	57
yin ping	阴平	57
jiang zhi	降职	57
ge hai xiang wang	隔海相望	57
hui	隳	57
yan dang shan	雁荡山	57
ya su	雅俗	57
xue zai	雪灾	57
huo ran	霍然	57
lu zhu	露珠	57
qing cui	青翠	57
qing hua ci	青花瓷	57
mo	靺	57
gou	鞲	57
shun min	顺民	57
xu gen	须根	57
gu jie gang	顾颉刚	57
feng shui bao di	风水宝地	57
feng ling	风铃	57
guan yuan	馆员	57
shou zhan	首战	57
qi shou	骑手	57
gu lu lu	骨碌碌	57
gao dan bai	高蛋白	57
gao ju	高踞	57
mei	鬽	57
xian hong se	鲜红色	57
me	麼	57
huang you	黄油	57
huang ni	黄泥	57
hei liang	黑亮	57
yi meng	一梦	56
yi deng gong	一等功	56
yi shan er guo	一闪而过	56
qi tiao	七条	56
wan duo ge	万多个	56
wan men	万门	56
san ba	三八	56
san ju	三具	56
san ze	三则	56
san shi yi	三十一	56
san lao	三老	56
xia san lan	下三滥	56
xia tu	下图	56
xia he	下河	56
xia feng	下风	56
bu lin	不吝	56
bu de yi er wei zhi	不得已而为之	56
shi sun	世孙	56
liang wan duo	两万多	56
liang wei	两委	56
liang pi	两批	56
liang fan	两番	56
liang jiao	两角	56
liang mian xing	两面性	56
zhong guo nei meng gu zi zhi qu	中国内蒙古自治区	56
zhong guo nv zu	中国女足	56
ju shou tou zu	举手投足	56
jiu zhi	久之	56
mie	乜	56
shu ping	书评	56
er bai yu	二百余	56
yu da long	于大龙	56
kui fu	亏负	56
wu liu li	五六里	56
wu bu	五步	56
jing bi	井壁	56
ya de li ya hai	亚得里亚海	56
wang ming zhi tu	亡命之徒	56
jiao zhi	交趾	56
qin qin re re	亲亲热热	56
ren cai	人材	56
cong gu dao jin	从古到今	56
yi quan mou si	以权谋私	56
yi si te	伊斯特	56
xiu zhi	休止	56
zhong wang suo gui	众望所归	56
hui qi	会期	56
shang fu	伤俘	56
ti yu jie	体育界	56
he si hao	何思豪	56
wa	佤	56
pei li	佩里	56
yang gong	佯攻	56
li ti	例题	56
zhen ce	侦测	56
qiao wu	侨务	56
bao shui	保税	56
xin hao deng	信号灯	56
xiu xian	修仙	56
dao luan xing	倒卵形	56
jie zhong	借重	56
ting ke	停课	56
jian kang ren	健康人	56
chu ji cang	储济仓	56
ru ding	入定	56
ru chao	入超	56
ru yuan	入院	56
quan xing	全兴	56
ba dai	八袋	56
lan kai si te	兰开斯特	56
gong he pai	共和派	56
yang ji	养鸡	56
jun shi xue	军事学	56
jun yi	军衣	56
dong xun	冬训	56
diao xie	凋谢	56
chu ban shu	出版署	56
chu lie	出猎	56
dao ba	刀把	56
qie chu shu	切除术	56
liu yu lin	刘玉林	56
chu ren	初任	56
chu shi tiao jian	初始条件	56
chu shi	初试	56
qian mao	前茅	56
fu chan pin	副产品	56
li tui	力推	56
jia teng	加藤	56
lao sun	劳损	56
yong wu	勇武	56
lei jin	勒紧	56
mu bing	募兵	56
gou lan	勾栏	56
hua wei hui jin	化为灰烬	56
shi duo	十多	56
shi na jiu wen	十拿九稳	56
qian duo nian	千多年	56
qian zhong	千种	56
ban zhao	半招	56
ban bei	半杯	56
nan pan jiang	南盘江	56
wei bao	卫报	56
li li	历历	56
yuan zhuang	原装	56
shuang bi	双笔	56
bian xi fa	变戏法	56
gu bei kou	古北口	56
jiao ting	叫停	56
shi huo long	史火龙	56
he zuo zhe	合作者	56
ming jue	名角	56
hou pa	后怕	56
lv bi cheng	吕碧城	56
zhi chi	咫尺	56
hui	咴	56
ha la	哈拉	56
xi	唏	56
tang xian zong	唐宪宗	56
tang gao zu	唐高祖	56
shang lao tai	商老太	56
gu	啒	56
ka tu mu	喀土穆	56
xi zi zi	喜滋滋	56
xue tou	噱头	56
si shi er nian	四十二年	56
si tou	四头	56
tuan ding	团丁	56
quan bi	圈闭	56
sheng zhan	圣战	56
di er	地儿	56
tan ke bing	坦克兵	56
ai yin huo wen	埃因霍温	56
leng	塄	56
sai la	塞拉	56
sheng xiang	声像	56
xia wa	夏娃	56
wai shi	外史	56
wai yu xi	外语系	56
duo kuan	多款	56
da fang zi	大房子	56
da liu shu	大柳树	56
da ze	大泽	56
tian hun di an	天昏地暗	56
shi chong	失宠	56
tou ban	头版	56
qi zhen yi bao	奇珍异宝	56
feng quan	奉劝	56
kui ning	奎宁	56
ao lan zhi	奥兰治	56
nv xia	女侠	56
hao xin ren	好心人	56
ru hu tian yi	如虎添翼	56
lao ye	姥爷	56
jiao sheng guan yang	娇生惯养	56
zi mu dan	子母弹	56
zi jue	子爵	56
meng jia	孟家	56
xue yuan pai	学院派	56
yu wen hu	宇文护	56
an quan xi shu	安全系数	56
an zi wen	安子文	56
an jian	安检	56
wan mei wu que	完美无缺	56
guan du	官渡	56
ding xiang sheng	定向生	56
shi wei	室韦	56
gong e	宫娥	56
gong wei	宫闱	56
jia wu shi	家务事	56
dui da ru liu	对答如流	56
feng qiu	封丘	56
feng jian ge ju	封建割据	56
xiao dong zuo	小动作	56
xiao zong	小宗	56
xiao jia	小家	56
xiao sheng chan zhe	小生产者	56
xiao cao	小草	56
xiao dui zhang	小队长	56
ceng ceng die die	层层叠叠	56
tu cheng	屠城	56
shan gang	山岗	56
shan li suan	山梨酸	56
yi	峄	56
zhan	嶃	56
xun cha	巡察	56
zuo mian	左面	56
bu ni ci	布尼茨	56
shi shi	师事	56
bang chen	帮衬	56
mi ji shu	幂级数	56
gan zheng	干政	56
bing jian zuo zhan	并肩作战	56
xiu	庥	56
du jia qu	度假区	56
jian mo	建模	56
kai juan	开卷	56
yi lei	异类	56
yin dong	引动	56
tan xing ti	弹性体	56
dan qi	弹起	56
qiang nu zhi mo	强弩之末	56
ying er	影儿	56
xun si wu bi	徇私舞弊	56
de ren xin	得人心	56
wei diao	微调	56
zhong yan	忠言	56
si xiang	思乡	56
ji zhong sheng zhi	急中生智	56
guai sheng	怪声	56
guai hua	怪话	56
zong wu	总务	56
huang ru	恍如	56
heng long	恒隆	56
en jiang chou bao	恩将仇报	56
xuan er wei jue	悬而未决	56
wang ran	惘然	56
mu rong chui	慕容垂	56
jing	憬	56
ge lin	戈林	56
suo xiang pi mi	所向披靡	56
shou xiang	手相	56
cai lve	才略	56
ji shu bu	技术部	56
kang xing	抗性	56
chai chuan	拆穿	56
la shen	拉伸	56
la shou	拉手	56
la pu la ta he	拉普拉塔河	56
pai zhang	拍掌	56
ba he	拔河	56
zhao di	招弟	56
zhao dai fei	招待费	56
ze ri	择日	56
gong ba	拱坝	56
chui da	捶打	56
shou shou	授受	56
ti qu wu	提取物	56
da qiang	搭腔	56
shuai shang	摔伤	56
sa po	撒泼	56
gai guo	改过	56
shu jia	数家	56
wen li ke	文理科	56
xin cha	新茶	56
xin guan	新馆	56
qi zhu	旗主	56
wu xie ke ji	无懈可击	56
wu suo bu zai	无所不在	56
wu xi ke cheng	无隙可乘	56
shi bi	时弊	56
ming ma	明码	56
xing xiang	星相	56
mao	昴	56
wan dian	晚点	56
zhe	晢	56
jing po	景颇	56
jing li	晶粒	56
bao lie	暴烈	56
ceng qing hong	曾庆红	56
wang tai	望台	56
chao tian men	朝天门	56
wei hun fu	未婚夫	56
ben she	本社	56
zhu li ya	朱力亚	56
xiu mu	朽木	56
za qi za ba	杂七杂八	56
quan shu	权属	56
li long ji	李隆基	56
cun shang	村上	56
cun zhu ren	村主任	56
tiao fu	条幅	56
hang cheng	杭城	56
gao	杲	56
lin xian	林县	56
lin zi li	林子里	56
bai you lu	柏油路	56
cha pu man	查普曼	56
he wei xie	核威胁	56
gui gong gong	桂公公	56
zhi gu	桎梏	56
gu	棝	56
ye zi shu	椰子树	56
wu qing ying	武青婴	56
qi tu	歧途	56
si si de	死死的	56
bi gao	比高	56
min fa dian	民法典	56
qi hou xue	气候学	56
qi xiang zhan	气象站	56
yang yuan zi	氧原子	56
tang mu xun	汤姆逊	56
shen cheng	沈城	56
sha gang	沙岗	56
zhi jia	治家	56
fa jun	法军	56
fa qi	法器	56
bo xi mi ya	波希米亚	56
tai ran zi ruo	泰然自若	56
po shui jie	泼水节	56
huo qi	活期	56
fu shi	浮尸	56
hai an dai	海岸带	56
xiao xi ling tong	消息灵通	56
ye hai	液氦	56
shen ru qian chu	深入浅出	56
qing chang ju	清唱剧	56
wen nan yang	温南扬	56
wen yan	温言	56
mo bu guan xin	漠不关心	56
sha you qi shi	煞有其事	56
zhao ben xuan ke	照本宣科	56
bao fa li	爆发力	56
du te xing	独特性	56
xing hong	猩红	56
yu huang	玉皇	56
wang zhen yu	王振宇	56
huan jing ying xiang	环境影响	56
liu li he	琉璃河	56
dian huo hua	电火花	56
dian hua xian	电话线	56
ji	瘠	56
deng chu	登出	56
bai wen jie	白文杰	56
pi mao	皮帽	56
pen hua	盆花	56
gai tou	盖头	56
gai zhou	盖州	56
zhi lai zhi qu	直来直去	56
xiang ke	相克	56
xiang rong xing	相容性	56
zhen shen	真身	56
yan shu	眼熟	56
shun xi jian	瞬息间	56
shi ping	石屏	56
tuo	砣	56
po huai li	破坏力	56
po an	破案	56
xiao hua	硝化	56
mo chuang	磨床	56
she hui gong zuo	社会工作	56
qi lian	祁连	56
shen sheng hua	神圣化	56
shen bi	神笔	56
jin yu	禁欲	56
fu si	福斯	56
li dui	离队	56
qiu ye	秋夜	56
qiu bo	秋波	56
qin zhao wang	秦昭王	56
shui qian	税前	56
wen chan	稳产	56
cuan ru	窜入	56
li fang ti	立方体	56
tong zhi cheng	童志成	56
di er shi yi tiao	第二十一条	56
di shi yi tiao	第十一条	56
di shi qi jie	第十七届	56
guan jia po	管家婆	56
guan li gong zuo	管理工作	56
guan li fang	管理方	56
qie	箧	56
bu ji	簿记	56
cu bi	粗鄙	56
nian he ji	粘合剂	56
liang mo	粮秣	56
suo zi	索子	56
jin jie	紧接	56
zi shan chun	紫杉醇	56
chun hua	纯化	56
jing xue	经血	56
jie gou li xue	结构力学	56
wei jing	维京	56
mian ruan	绵软	56
zong he si	综合司	56
luo ma shi	罗马式	56
pi	罴	56
qun ji	群集	56
yu shan	羽扇	56
lao da ge	老大哥	56
lao chao	老巢	56
nai suan	耐酸	56
yu	聿	56
zhao shi zhe	肇事者	56
fei zhu	肥猪	56
fei mei	肥美	56
fei yu	肺鱼	56
yi ye	胰液	56
nong ye	脓液	56
la ba zhou	腊八粥	56
zi gu zi	自顾自	56
nie	臬	56
liang duo	良多	56
jie mu dan	节目单	56
hua hui	花会	56
cang yu yin	苍渔隐	56
ku kou po xin	苦口婆心	56
ying guo guang bo gong si	英国广播公司	56
cao yuan qu	草原区	56
tu du	荼毒	56
jia	葭	56
mo	蓦	56
cang min	藏民	56
fan shu	藩属	56
wen zhang	蚊帐	56
xing ji	行迹	56
yi xue	衣雪	56
bu guo	补过	56
xiang wang	襄王	56
xi nai ban dao	西奈半岛	56
jie fang ri bao	解放日报	56
jie yue	解约	56
jie biao	解表	56
tao rao	讨饶	56
jiang lun	讲论	56
xu xue ting	许雪亭	56
she ruo	设若	56
fang wen tuan	访问团	56
ping li	评理	56
qu	诎	56
shi tan xing	试探性	56
wu zhen	误诊	56
shuo yi bu er	说一不二	56
qing tie	请帖	56
du mai xin wen	读卖新闻	56
tiao shi	调适	56
die bao	谍报	56
qian bei	谦卑	56
tan ping shan	谭平山	56
dou jiao	豆角	56
chai	豺	56
cai mao	财贸	56
xian cai	贤才	56
jia ping ao	贾平凹	56
pei ben	赔本	56
pei li dao qian	赔礼道歉	56
chi zi	赤子	56
chi hong	赤红	56
zhao jun	赵军	56
zhuan diao	转调	56
zhuan zhang	转账	56
gun	辊	56
zhan zhuan fan ce	辗转反侧	56
bian hu lv shi	辩护律师	56
bian bai	辩白	56
guo jiang	过奖	56
yun shi	运十	56
huan li	还礼	56
yuan jin wen ming	远近闻名	56
lian gan	连杆	56
shu ping	述评	56
mi tu	迷途	56
dao mao an ran	道貌岸然	56
shi	適	56
zou rong	邹容	56
pei yue	配乐	56
jiu qi	酒器	56
jiu yan	酒筵	56
su you	酥油	56
zui weng zhi yi bu zai jiu	醉翁之意不在酒	56
zhong quan	重拳	56
liang ci	量词	56
jin kou	金口	56
jin ling	金铃	56
ding xie	钉鞋	56
chuan	钏	56
tie suo	铁索	56
tie xian	铁锨	56
tong bi	铜币	56
tong zhi	铜质	56
xiao shou bu	销售部	56
chang juan	长卷	56
shan guang deng	闪光灯	56
ge yuan	阁员	56
kuo da	阔大	56
fang chao	防潮	56
yin hun	阴魂	56
fu hui	附会	56
lu jun bu	陆军部	56
lou xi	陋习	56
jiang ge	降格	56
xian zu	险阻	56
pei hua	陪话	56
sui sheng fu he	随声附和	56
yin xing mai ming	隐姓埋名	56
ge ban	隔板	56
nan de yi jian	难得一见	56
zhen dan ji	震旦纪	56
qing gang	青冈	56
qing mei zhu ma	青梅竹马	56
jing an	静安	56
fei jin shu kuang	非金属矿	56
mian tang	面汤	56
he	鞨	56
ding feng	顶风	56
yu gu	预估	56
ti ba	题跋	56
quan	颧	56
feng xiang biao	风向标	56
piao dai	飘带	56
piao piao ran	飘飘然	56
fan liang	饭量	56
qu ce	驱策	56
zhui	骓	56
gu xue	骨血	56
ku	骷	56
ni	鲵	56
jing yu	鲸鱼	56
niao dao	鸟岛	56
mai di	麦地	56
ma yao	麻药	56
huang tu di	黄土地	56
huang shi ye	黄师爷	56
huang qiu ya	黄秋雅	56
xia jia si	黠戛斯	56
gu dang	鼓荡	56
gu feng	鼓风	56
qi qi	齐齐	56
long yan	龙岩	56
yi wan kuai	一万块	55
yi lan zi	一揽子	55
yi dang	一档	55
yi gai er lun	一概而论	55
qi yi	七一	55
qi ba tian	七八天	55
wan gang yuan	万港元	55
san qian nian	三千年	55
san qian li	三千里	55
san ye chong	三叶虫	55
san xiang	三响	55
san ji du	三季度	55
san zai	三载	55
shang fen	上坟	55
shang hai shi zheng fu	上海市政府	55
shang yi	上移	55
bu de ren xin	不得人心	55
bu jin ren qing	不近人情	55
zhuan ye hu	专业户	55
qiu dao zhang	丘道长	55
ye wu bu	业务部	55
diu ren xian yan	丢人现眼	55
yan su xing	严肃性	55
zhu cun chu qi	主存储器	55
le shi	乐事	55
le tu	乐土	55
jiu xiao	九霄	55
xi jian	习见	55
shu ye	书页	55
yun tai shan	云台山	55
jing ran you xu	井然有序	55
ya jian kang	亚健康	55
jiao tong shi gu	交通事故	55
chan dao	产道	55
ren shi bu zhi	人事不知	55
ren min jing cha	人民警察	55
cong gu zhi jin	从古至今	55
yi fang	以方	55
yi du gong du	以毒攻毒	55
xiu hui	休会	55
huo tong	伙同	55
shang han lun	伤寒论	55
bo zu	伯祖	55
yu liang	余粮	55
zuo pin zhan	作品展	55
xin xi xue	信息学	55
ju ao	倨傲	55
pian an	偏安	55
cui ming	催命	55
xian sheng duo ren	先声夺人	55
xian wang	先王	55
guang cheng	光程	55
ke ji	克己	55
ba da ling chang cheng	八达岭长城	55
gong li	公厘	55
gong li hua	公理化	55
xing cheng	兴城	55
bing qiang ma zhuang	兵强马壮	55
yang zhi chang	养殖场	55
nei zheng bu	内政部	55
nei re	内热	55
ning ji	凝集	55
fu	凫	55
ao tu bu ping	凹凸不平	55
chu ban ye	出版业	55
ji jie	击节	55
qie xian	切线	55
liu zhi xiang	刘志祥	55
liu gen min	刘根民	55
liu hu lan	刘胡兰	55
chu zhong sheng	初中生	55
chu chu mao lu	初出茅庐	55
qian lie xian su	前列腺素	55
jia gong qu	加工区	55
xun ji	勋绩	55
xiang	勨	55
bao cang	包藏	55
hua xue xing	化学性	55
bei jing zhan	北京站	55
pi zi bao	匹兹堡	55
shi yi dian	十一点	55
shi mi	十米	55
hua nan li gong da xue	华南理工大学	55
xie li	协理	55
dan dao zhi ru	单刀直入	55
dan ye	单叶	55
wo di	卧底	55
wo ta	卧榻	55
yin xin	印信	55
yin di yu	印地语	55
yuan zui	原罪	55
cha yao	叉腰	55
fan chu	反刍	55
shou yi fei qian	受益匪浅	55
kou shi	口实	55
po nai	叵耐	55
si fa bu zhang	司法部长	55
le	叻	55
ge xiang tong xing	各向同性	55
he xie	合写	55
tong xing	同形	55
hou zhui	后缀	55
xiang xin li	向心力	55
wu qi	吴起	55
xi re	吸热	55
zhou ya fu	周亚夫	55
zhou da ge	周大哥	55
hu lun bei er	呼伦贝尔	55
ha luo	哈罗	55
ge te	哥特	55
zhe li xing	哲理性	55
tang shao yi	唐绍仪	55
wei wu lun	唯物论	55
wei mei	唯美	55
cai	啋	55
yong	喁	55
he xi bei feng	喝西北风	55
pen huo qi	喷火器	55
si shou	四手	55
hui nuan	回暖	55
yin ying	因应	55
guo wei	国威	55
guo cui	国粹	55
tu shi	图式	55
quan er	圈儿	55
zai ya	在押	55
di guang ren xi	地广人稀	55
di fang xi	地方戏	55
jun fen	均分	55
xun	埙	55
ji luo fu	基洛夫	55
du che	堵车	55
ta zhong	塔中	55
sai man	塞曼	55
chu li chang	处理厂	55
wai zi gu	外资股	55
wai gao jia suo	外高加索	55
duo zui	多嘴	55
duo duo yi shan	多多益善	55
da zhong zhuan	大中专	55
da zhong hua	大中华	55
da yi lin ran	大义凛然	55
da li	大利	55
da hou fang	大后方	55
da xian	大显	55
da bai tian	大白天	55
da bai cai	大白菜	55
tian tai zong	天台宗	55
tian wei bao bian	天威保变	55
tian wei ying	天威英	55
tian qi tu	天气图	55
tai sui	太岁	55
tai ping wu shi	太平无事	55
shi zhi jiao bi	失之交臂	55
shi ying	失迎	55
tou xiong jia	头胸甲	55
qi xiao	奇效	55
tao jian	套件	55
tao qu	套取	55
nv qiang ren	女强人	55
nv zhen zu	女真族	55
nv gao yin	女高音	55
jian tu	奸徒	55
hao hao xian sheng	好好先生	55
ru ru wu ren zhi jing	如入无人之境	55
yao mo hua	妖魔化	55
yao xi ming	姚锡铭	55
yi nai nai	姨奶奶	55
wei she li	威慑力	55
wei zhen tian xia	威震天下	55
jiao chen	娇嗔	55
wu zhou	婺州	55
zhai ji di	宅基地	55
yu hang ju	宇航局	55
song zi wen	宋子文	55
guan yao	官窑	55
guan ying	官营	55
ding xi	定西	55
shi li	实利	55
fu shi tong	富士通	55
xun bao	寻宝	55
shou yi	寿衣	55
yu chi	尉迟	55
ni er sen	尼尔森	55
ni luo	尼罗	55
zhan xiao	展销	55
zhan xiao hui	展销会	55
cui yu rong	崔玉蓉	55
gong xin jie ceng	工薪阶层	55
ba shi la	巴士拉	55
ba bi	巴比	55
ba xi ren	巴西人	55
shi zhong xin qu	市中心区	55
pa zi	帕子	55
ping ze	平仄	55
xu shu	序数	55
ku zi nie zuo fu	库兹涅佐夫	55
geng zi	庚子	55
yong cai	庸才	55
yan shi	延时	55
jian xing	建兴	55
kai xiao chai	开小差	55
yi wei	异位	55
yi bu	异步	55
shi wei	式微	55
fu la	弗拉	55
zhang bei xian	张北县	55
qiang	強	55
dai fa	待发	55
wei sheng wu xue	微生物学	55
you fen	忧愤	55
chang	怅	55
chuang	怆	55
ji zhen shi	急诊室	55
wei miao wei xiao	惟妙惟肖	55
hui ji	惠及	55
can jue ren huan	惨绝人寰	55
guan xing li	惯性力	55
yi xiang shu	意向书	55
bian dou	扁豆	55
shou bu	手部	55
pu teng	扑腾	55
da cheng yi pian	打成一片	55
da san	打散	55
tuo gu	托孤	55
kuo ji	扩及	55
men	扪	55
pi fa shang	批发商	55
tou an	投案	55
qiang tan	抢滩	55
bao kao zhe	报考者	55
ya yun	押运	55
zhen dang qi	振荡器	55
zhuo mo bu ding	捉摸不定	55
chui xiong dun zu	捶胸顿足	55
qia si	掐死	55
jie qia	接洽	55
tang	搪	55
cao zuo yuan	操作员	55
shou bao	收报	55
jiu ku jiu nan	救苦救难	55
jiao suo	教唆	55
shu bai mi	数百米	55
wen zhou zhou	文绉绉	55
xin da lu	新大陆	55
xin ji	新机	55
lv shun kou	旅顺口	55
wu hou	无后	55
wu qiong da	无穷大	55
zao shi	早逝	55
ming zhi gu wen	明知故问	55
zhao ling	昭陵	55
ye	晔	55
chen hun	晨昏	55
pu zhao	普照	55
jing xing	晶形	55
nuan hong hong	暖烘烘	55
mu nian	暮年	55
qu jiang	曲江	55
ti dai pin	替代品	55
you qiu yu	有求于	55
ben xi shi	本溪市	55
ji ku	机库	55
li ya ping	李亚平	55
li jia zhai	李家寨	55
li chun feng	李淳风	55
lai lai hui hui	来来回回	55
yang xiu qing	杨秀清	55
gou zhu wu	构筑物	55
guo dong	果冻	55
qiang liu dan	枪榴弹	55
ku shou	枯瘦	55
liu jia	柳家	55
jiao ben	校本	55
he ren	核仁	55
gen shi	根式	55
qiao dong	桥洞	55
heng xian	横线	55
xiang	橡	55
huan sheng xiao yu	欢声笑语	55
ou lai ya	欧莱雅	55
zheng ji	正极	55
zheng yang	正阳	55
bu diao	步调	55
wu yi shan mai	武夷山脉	55
wu ku	武库	55
wu wang fa	武王伐	55
mu zhu	母猪	55
min tuan	民团	55
qi dian chuan	气垫船	55
qi fen fen	气愤愤	55
shui jin	水浸	55
shui qiu	水球	55
shui she	水蛇	55
shui che	水车	55
wo er ke te	沃尔科特	55
chen xiong	沉雄	55
sha ba	沙巴	55
sha la	沙拉	55
sha li	沙里	55
bo lan ren	波兰人	55
tai zhu	泰铢	55
luo he	洛河	55
jiao zhu	浇铸	55
nong xiang	浓香	55
hai an	海安	55
hai lan	海缆	55
shen lan	深蓝	55
qiu	湭	55
man bu	满布	55
run	潤	55
chao re	潮热	55
cheng che	澄澈	55
hui fen	灰分	55
hui liu liu	灰溜溜	55
zhuo	炪	55
lan man	烂漫	55
ai he	爱河	55
shuang yue	爽约	55
niu pai	牛排	55
te li du xing	特立独行	55
du du	独独	55
lang hao	狼嗥	55
xian ji	献计	55
yu ru yi	玉如意	55
wang shi chong	王世充	55
wang zuo	王座	55
wan hu zhi shou	玩忽职守	55
huan jing wen du	环境温度	55
zhen qin	珍禽	55
shen er	甚而	55
yong du	用度	55
dian zi dian lu	电子电路	55
dian yun	电晕	55
dian biao	电表	55
nan jue	男爵	55
liu sheng ji	留声机	55
ben	畚	55
chu qun	畜群	55
feng gou	疯狗	55
pi zi	痞子	55
bai fa cang cang	白发苍苍	55
bai hou	白喉	55
bai mao nv	白毛女	55
bai wan yuan	百万元	55
yan zhong ding	眼中钉	55
duan shi	短时	55
shi chen da hai	石沉大海	55
kuang mai	矿脉	55
zhuan hong rang	砖红壤	55
po xi	破袭	55
shen hua jia	砷化镓	55
ying bang bang	硬邦邦	55
jie	碣	55
zhu dao	祝祷	55
sui	祟	55
bing xing	禀性	55
jin sai	禁赛	55
li xin ji	离心机	55
si yu	私语	55
qiu se	秋色	55
ke xie	科协	55
ke xue yan jiu	科学研究	55
qin huai	秦淮	55
shao wei	稍为	55
rang	穰	55
tu xian	突显	55
tong nan tong nv	童男童女	55
xiao rong man mian	笑容满面	55
di yi zhou	第一周	55
di san zuo	第三座	55
jing chun	精纯	55
tang yuan	糖原	55
xi li	系里	55
suo fei ya	索非亚	55
zi guang	紫光	55
hong yi zhu jiao	红衣主教	55
yue ding su cheng	约定俗成	55
zhi dai	纸袋	55
zu zhi bu men	组织部门	55
ban jiao shi	绊脚石	55
jing de zhu	经得住	55
jie chou	结仇	55
jie dui	结对	55
jie yuan	结怨	55
jie lun xing	结论性	55
hui sheng hui se	绘声绘色	55
jue hou	绝后	55
jue da	绝大	55
jue dui hua	绝对化	55
jiao che	绞车	55
huan po	缓坡	55
luo ren jie	罗人杰	55
luo lin si	罗林斯	55
luo ye ding	罗耶定	55
ji	罽	55
lao nong	老农	55
lao shou	老手	55
shua lai	耍赖	55
bei ban	背板	55
jiao xie	胶鞋	55
tuo mao	脱毛	55
jiao	膲	55
zi yu	自愈	55
zi sheng zi mie	自生自灭	55
zi si zi li	自私自利	55
zi tao ku chi	自讨苦吃	55
ban pei	般配	55
liang you bu qi	良莠不齐	55
yan fu	艳福	55
su wu	苏武	55
miao pu	苗圃	55
ying xiong zhuan	英雄传	55
rong yu gan	荣誉感	55
mo zhong yi shi	莫衷一是	55
dong shi ju	董事局	55
zheng qi lun ji	蒸汽轮机	55
cai e	蔡锷	55
xu xu shi shi	虚虚实实	55
gu huo ren xin	蛊惑人心	55
qu qu	蛐蛐	55
wa yong	蛙泳	55
zhe	蜇	55
xi	蟢	55
xue guan liu	血管瘤	55
xing zheng fa	行政法	55
bu yao	补药	55
biao xiong di	表兄弟	55
jin	衿	55
zhuang hu tu	装糊涂	55
xi ge te	西哥特	55
yi hui dang tuan	议会党团	55
hui mo ru shen	讳莫如深	55
ping duan	评断	55
wu da wu zhuang	误打误撞	55
zhu ji	诸暨	55
yu yuan	豫园	55
guan	貫	55
xian shi	贤士	55
zhang kuan	账款	55
zhang bu	账簿	55
bian chi	贬斥	55
guan chuan	贯串	55
fei shen	费神	55
he li	贺礼	55
zhao san ye	赵三爷	55
qu wen	趣闻	55
lu yu	路遇	55
tiao ma	跳马	55
xuan ang	轩昂	55
zhuan ti	转体	55
qing zhi	轻质	55
bian gou	边沟	55
qian fei	迁飞	55
yu hui qu zhe	迂回曲折	55
jin shi yan	近视眼	55
fan xiang	返乡	55
lian pian	连片	55
ni lai shun shou	逆来顺受	55
xuan bian	选编	55
tong yong xing	通用性	55
li	逦	55
yi lao	遗老	55
yi	遺	55
hao ai guo	郝爱国	55
jiu zhong	酒盅	55
jiu dou	酒都	55
suan na	酸钠	55
ye can	野餐	55
jue	鐝	55
tie bing	铁饼	55
tong si	铜丝	55
tong luo	铜锣	55
zha dao	铡刀	55
xiao shou yuan	销售员	55
guo tai	锅台	55
cuo kai	错开	55
chang qing	长青	55
men shi bu	门市部	55
yan li zhai	阎李寨	55
ruan xiao er	阮小二	55
zu jie	阻截	55
a ba	阿巴	55
ling xian	陵县	55
tao gong e	陶宫娥	55
yin xing ji shu	隐形技术	55
ge ye	隔夜	55
juan yong	隽永	55
shuang xue	霜雪	55
qing mu tang	青木堂	55
mian e	面额	55
mian bing	面饼	55
han guo zheng fu	韩国政府	55
shun liu	顺流	55
po feng	颇丰	55
feng dai	风带	55
fei lun	飞轮	55
e gui	饿鬼	55
fu yu	馥郁	55
ma lai xi ya dui	马来西亚队	55
ma he shu	马赫数	55
qu xie	驱邪	55
jia yun	驾云	55
ma niang	骂娘	55
gu hua	骨化	55
gao jie	高洁	55
yu gan you	鱼肝油	55
li ke	鲤科	55
yao	鳐	55
xue yu	鳕鱼	55
lin jing	鳞茎	55
huang yan pei	黄炎培	55
huang qin	黄芩	55
hei shui he	黑水河	55
hei pao	黑袍	55
qing	黥	55
yi fu duo qi zhi	一夫多妻制	54
yi lai er qu	一来二去	54
wan shi da ji	万事大吉	54
san dao	三岛	54
san du	三度	54
san duan	三段	54
san deng gong	三等功	54
san zi	三资	54
san qi	三起	54
xia fu	下腹	54
bu gan luo hou	不甘落后	54
shi bo	世博	54
shi wai	世外	54
dong di wen	东帝汶	54
si rong	丝绒	54
liang san wan	两三万	54
sang dan	丧胆	54
zhong jian jia	中间价	54
feng bei	丰碑	54
yi zhen	义诊	54
yue pu	乐谱	54
qiao er ye	乔二爷	54
qiao bu si	乔布斯	54
qiao zhuang	乔装	54
jiu fen	九分	54
jiu jie	九届	54
shu dao	书道	54
liao ran yu xiong	了然于胸	54
zheng chuang	争创	54
er shi da	二十大	54
yu quan bang	于全邦	54
jiao yi e	交易额	54
ren min wen xue chu ban she	人民文学出版社	54
ren zao ge	人造革	54
cang lin	仓廪	54
yi de	以德	54
ren zhong dao yuan	任重道远	54
bo zhong zhi jian	伯仲之间	54
ban niang	伴娘	54
ti mao	体毛	54
he nian	何年	54
yu liang	余辆	54
zuo pin ji	作品集	54
hou bao shan	侯宝山	54
hou ma	侯马	54
li yu	俚语	54
yu zhi zhong	俞志忠	54
ting ting	停停	54
li su	傈僳	54
zhi	儨	54
xian qian dui	先遣队	54
guang run	光润	54
ke er de	克尔得	54
ke ni du	克尼杜	54
ke li ya	克里亚	54
dang guo	党国	54
quan qiu ding wei xi tong	全球定位系统	54
ba da	八达	54
ba mian	八面	54
liu jiao xing	六角形	54
guan gu	关顾	54
shou gu	兽骨	54
nei jiang	内江	54
nong ke cun	农科村	54
yuan da tou	冤大头	54
jue si	决死	54
jue ce ceng	决策层	54
jue sheng ju	决胜局	54
jing shui	净水	54
ning cheng	凝成	54
ji xu	几许	54
chu quan	出拳	54
chu ban shang	出版商	54
fen bu tu	分布图	54
fen nie	分蘖	54
fen xuan	分选	54
fen ye	分野	54
liu xuan de	刘玄德	54
liu huang shu	刘皇叔	54
gang mao	刚毛	54
li zhua	利爪	54
li wei	利维	54
qian xian	前嫌	54
qian wu gu ren	前无古人	54
ge kai	割开	54
jia na da ren	加拿大人	54
shi bu ke dang	势不可挡	54
lei bu lang	勒布朗	54
bao mo	包膜	54
bei qu	北区	54
shi ji jia	十几家	54
qian dun	千吨	54
hua nan hu	华南虎	54
dan mian	单面	54
nan zhong guo hai	南中国海	54
nan chong	南充	54
bo wu yuan	博物院	54
lu xiao nan	卢晓南	54
yin shua chang	印刷厂	54
juan yan chang	卷烟厂	54
li chao li dai	历朝历代	54
ya fu	压服	54
ya tiao	压条	54
yuan ti	原体	54
yuan chu	原初	54
you bang	友邦	54
fa han	发汗	54
bian fa wei xin	变法维新	54
ye xiang gao	叶向高	54
hao pao	号炮	54
tong shang	同上	54
lv di ya	吕第亚	54
yin e	吟哦	54
han yan liang	含盐量	54
ting zhi ren zhi	听之任之	54
zhou xian mo	周显谟	54
zhou qing chen	周青臣	54
hu lun bei er meng	呼伦贝尔盟	54
xian wei	咸味	54
ha mo di	哈谟第	54
tang san zang	唐三藏	54
shang tang	商汤	54
shang pu	商铺	54
a ya	啊呀	54
ze ze cheng qi	啧啧称奇	54
nie	啮	54
he chi	喝斥	54
kui lin	喹啉	54
yu wei	喻为	54
jia he	嘉禾	54
zui ying	嘴硬	54
qi yue qu	器乐曲	54
si hao	四号	54
si wang	四望	54
hui li	回礼	54
yuan zhui qu xian	圆锥曲线	54
chang chang	场场	54
chui xun	垂询	54
mai gu	埋骨	54
ji duo	基多	54
ji ben li zi	基本粒子	54
jin	堇	54
ta lan dun	塔兰顿	54
jiang	壃	54
ke zi	壳子	54
bei ban	备办	54
duo yi mei yuan	多亿美元	54
yin	夤	54
da xing ji	大型机	54
da luo	大罗	54
tian wai	天外	54
tai pu si	太仆寺	54
tai zong huang di	太宗皇帝	54
tou tiao	头条	54
tou xiong bu	头胸部	54
duo zhan	夺占	54
qi zheng	奇正	54
ben ma	奔马	54
ao pang bo	奥庞波	54
hao jiu hao jiu	好久好久	54
ru ri zhong tian	如日中天	54
ru zui ru chi	如醉如痴	54
wang zi zun da	妄自尊大	54
yao nie	妖孽	54
zhou li	妯娌	54
shi zhong bu yu	始终不渝	54
jian	姦	54
yu le xing	娱乐性	54
meng bo fei	孟伯飞	54
meng chang jun	孟尝君	54
xue li	学理	54
zi sheng	孳生	54
fu hua qi	孵化期	54
yu wen xu	宇文虚	54
an da lve sheng	安大略省	54
an ni	安妮	54
song de fang	宋德方	54
ding ji	定计	54
bao huo	宝货	54
fu chun jiang	富春江	54
fu yang	富阳	54
yu ju	寓居	54
dao dan ting	导弹艇	54
feng shu zi	封书子	54
feng bi xing	封闭性	54
xiao liang kou	小两口	54
xiao bao	小报	54
xiao dan	小旦	54
xiao biao ti	小标题	54
xiao qiao	小瞧	54
xiao shi	小视	54
shao xian dui yuan	少先队员	54
ju min dian	居民点	54
zhan yan	展演	54
shan yu	山芋	54
shan ling	山陵	54
gong cheng xi	工程系	54
ba li dao	巴厘岛	54
ba si de	巴斯德	54
xi ya	希亚	54
gan er zi	干儿子	54
gan qu	干渠	54
xing yun er	幸运儿	54
chuang tou gui	床头柜	54
ku la	库拉	54
ku li	库里	54
kang wen tao	康文涛	54
kai chuang zhe	开创者	54
kai cheng	开成	54
kai cheng bu gong	开诚布公	54
nong dong	弄懂	54
zhang deng jie cai	张灯结彩	54
peng qian lu	彭茜卢	54
yi chu	役畜	54
xu xian sheng	徐先生	54
wei li	微利	54
xin zhi du ming	心知肚明	54
you si	忧思	54
nu fang	怒放	54
guai mo guai yang	怪模怪样	54
zong yi yuan	总医院	54
zong lun	总论	54
kong ju gan	恐惧感	54
qing di	情敌	54
xiang xiang li	想像力	54
gan xing ren shi	感性认识	54
man man lai	慢慢来	54
xi yuan	戏院	54
cheng shan	成山	54
fang liang	房梁	54
tuo guan di	托管地	54
chao zhan	抄斩	54
tou gao	投稿	54
pao tou lu mian	抛头露面	54
bao ming biao	报名表	54
la ge si	拉各斯	54
la hu zu	拉祜族	54
guai jiao	拐角	54
ting ju	挺举	54
lao qian	捞钱	54
ju li li zheng	据理力争	54
xian dong	掀动	54
pai chi yi ji	排斥异己	54
pai lao	排涝	54
jue kai	掘开	54
sou jiu	搜救	54
lu	摝	54
sa shou bu guan	撒手不管	54
pan pa	攀爬	54
zhi nong	支农	54
you guan	攸关	54
gu nong xuan xu	故弄玄虚	54
jing er yuan zhi	敬而远之	54
shu zhou	数周	54
wen cheng gong zhu	文成公主	54
wen wu ju	文物局	54
wen xian xue	文献学	54
zhai fan	斋饭	54
ban yan	斑岩	54
si te lin	斯特林	54
xin di	新低	54
pang qiao ce ji	旁敲侧击	54
pang luo	旁落	54
lv you xian	旅游线	54
wu yin	无垠	54
shi qi	时气	54
kun tai	昆泰	54
ming zheng an dou	明争暗斗	54
yi chuan	易传	54
xing xing	星形	54
ying ru	映入	54
chun lei	春雷	54
xian sheng	显圣	54
pu luo mi xiu si	普罗米修斯	54
geng yi shi	更衣室	54
you ming wu shi	有名无实	54
you shan de	有善德	54
fu wu tai	服务台	54
qi zhong	期中	54
mu yi	木椅	54
zhu ke fu	朱可夫	54
ji xie xing	机械性	54
xiu lan	朽烂	54
li jia ming	李佳明	54
li bing	李冰	54
li jian ying	李建英	54
yang li pu	杨利普	54
yang ben an	杨本庵	54
jie fu sen	杰弗森	54
ban jie	板结	54
guo mu	果木	54
qiang ci	枪刺	54
rou mei	柔媚	54
biao xin li yi	标新立异	54
he jin shi	核禁试	54
gen ni	根尼	54
zhuo bu	桌布	54
sang can	桑蚕	54
mei xian	梅县	54
ren	梕	54
ti en ti	梯恩梯	54
jin	槿	54
heng zheng bao lian	横征暴敛	54
heng yue	横越	54
cheng huang se	橙黄色	54
ci da lu	次大陆	54
huan jiao	欢叫	54
ou zhou lian meng	欧洲联盟	54
zheng ben	正本	54
zheng huang qi	正黄旗	54
wu da	武打	54
qi yi	歧异	54
shu	殳	54
bi da ku	毕达库	54
mao hai feng	毛海峰	54
chang	氅	54
min qi	民企	54
qi ren	气人	54
qi heng heng	气哼哼	54
qi tong	气筒	54
shui shang fei ji	水上飞机	54
shui shan	水杉	54
hui feng	汇丰	54
han guang	汉光	54
jiang an	江安	54
shen xiang fu	沈祥福	54
tuo jiang	沱江	54
he gong	河工	54
you gao	油膏	54
fa shi	法式	54
fa wang	法网	54
bo er	波尔	54
dong chuan	洞穿	54
zhou ji dao dan	洲际导弹	54
ru	洳	54
huo xing tan	活性炭	54
liu su	流苏	54
ji zhu	济助	54
hun ran	浑然	54
hun ran yi ti	浑然一体	54
nong nong	浓浓	54
hai shan	海山	54
hai liang	海量	54
hai yu	海鱼	54
xiao du ji	消毒剂	54
run se	润色	54
gang cha	港汊	54
you le yuan	游乐园	54
you shou hao xian	游手好闲	54
dian nan	滇南	54
hua ban	滑板	54
mo mo	漠漠	54
zai bian	灾变	54
lu zao	炉灶	54
fan ren	烦人	54
xiong shi	熊市	54
ai bu shi shou	爱不释手	54
ai shen	爱神	54
niu rou mian	牛肉面	54
mu ge	牧歌	54
qian lei	牵累	54
di ao ke	狄奥克	54
wang wu shan	王屋山	54
wang xia fei	王霞斐	54
qiu sai	球赛	54
cong	琮	54
rui dian ren	瑞典人	54
gan bao bao	甘宝宝	54
sheng chan chang	生产厂	54
you cheng bang	由城邦	54
you jin ji yuan	由近及远	54
pi sa luo	皮萨罗	54
mang dian	盲点	54
kan jia ben ling	看家本领	54
jiao qing	矫情	54
duan xiu	短袖	54
zu zu bei bei	祖祖辈辈	54
shen mi hua	神秘化	54
chan tang	禅堂	54
fu gang	福冈	54
si jiao	私交	54
ke la di	科拉迪	54
ke luo feng	科洛封	54
ke li	科里	54
yi zhuan	移转	54
qiong xiang pi rang	穷乡僻壤	54
tu ji dui yuan	突击队员	54
chuang hu zhi	窗户纸	54
tong er	童儿	54
di yi mei	第一枚	54
di yi duan	第一段	54
di yi lu	第一路	54
di jiu tiao	第九条	54
di wu zhong	第五种	54
jia	笳	54
da li	答理	54
guan li tiao li	管理条例	54
guan li bu	管理部	54
hu	箶	54
li	粝	54
jing shen bing yuan	精神病院	54
rou he	糅合	54
jiu he	纠合	54
jiu cuo	纠错	54
hong qu hong	红曲红	54
hong zao	红藻	54
yue fa san zhang	约法三章	54
xian duan	线段	54
zu tuan she	组团社	54
ti	绨	54
wei wu er yu	维吾尔语	54
wei da	维达	54
suo cheng yi tuan	缩成一团	54
wang kai yi mian	网开一面	54
zhi ru	置入	54
mei li jian	美利坚	54
mei lin	美林	54
xiu fen	羞愤	54
qun long wu shou	群龙无首	54
fan che	翻车	54
lao jian ju hua	老奸巨猾	54
lao song	老宋	54
lao ya	老鸦	54
qian	肷	54
fei qi zhong	肺气肿	54
pang shou	胖瘦	54
hu han min	胡汉民	54
yi dao	胰岛	54
xiong zhao	胸罩	54
fu chou	腐臭	54
peng song ji	膨松剂	54
zi de qi le	自得其乐	54
zi liu	自流	54
chou ming zhao zhu	臭名昭著	54
zhi ai	至爱	54
hang hai tu	航海图	54
hang yun ye	航运业	54
hua hua shi jie	花花世界	54
su lian zui gao su wei ai	苏联最高苏维埃	54
ben jia suan na	苯甲酸钠	54
yin	茚	54
jing chu wang	荆楚网	54
cao po	草坡	54
cao xi	草席	54
pu tao jia	葡萄架	54
pu gong ying	蒲公英	54
mao	蓩	54
fu	蚹	54
xue rou xiang lian	血肉相连	54
yi jia	衣架	54
bu bian	补编	54
biao chi	表尺	54
biao yan zhe	表演者	54
yuan jiang jun	袁将军	54
bei kong	被控	54
bei fu	被覆	54
lan lv	褴褛	54
jie quan	解劝	54
ji chou	记仇	54
ji zhang	记账	54
ci gen	词根	54
gou bing	诟病	54
zhu shan de	诸善德	54
nuo er	诺尔	54
gu cang	谷仓	54
huan yang	豢养	54
hao yan zhuang yu	豪言壮语	54
zhen jie	贞节	54
tan wan	贪玩	54
zi fang	资方	54
ci yu	赐与	54
zou wan lu	走弯路	54
chao ji shi chang	超级市场	54
bie jiao	蹩脚	54
che chuan	车船	54
ruan ruo wu li	软弱无力	54
qing sheng	轻生	54
xin xing zong	辛兴宗	54
guo lv	过虑	54
mai ru	迈入	54
mai er	迈尔	54
yun dong xue	运动学	54
huan xiang tuan	还乡团	54
yuan yuan jin jin	远远近近	54
yuan dao er lai	远道而来	54
mi hun	迷魂	54
tui chao	退朝	54
tui chao	退潮	54
song ke	送客	54
dou ren	逗人	54
tong xin bing	通信兵	54
feng chang zuo xi	逢场作戏	54
lu	逯	54
dao er	道尔	54
dao de jing	道德经	54
yi shuang	遗孀	54
na shu sheng	那书生	54
na lao er	那老儿	54
bang zheng fu	邦政府	54
zheng san niang	郑三娘	54
guo jing mang	郭靖忙	54
pei wu	配伍	54
jiu qian	酒钱	54
cai qu cuo shi	采取措施	54
jin qian song	金钱松	54
ju	钜	54
fang	钫	54
tie he jin	铁合金	54
tie yang ti	铁氧体	54
qian xin	铅锌	54
yin	铟	54
pu zhang lang fei	铺张浪费	54
lian mei su	链霉素	54
cuo hua	错话	54
zhen ding zi ruo	镇定自若	54
wen qing	问清	54
wen ming xia er	闻名遐迩	54
jiu	阄	54
fang zai	防灾	54
a ka ya	阿卡亚	54
a mu si te lang	阿姆斯特朗	54
fu shu wu	附属物	54
chen yong sen	陈永森	54
jiang ya yao	降压药	54
chu fa	除法	54
yun xing	陨星	54
zhui	隹	54
nan jie nan fen	难解难分	54
ji jin	集锦	54
ling shou e	零售额	54
ba zhou	霸州	54
fei zheng gui	非正规	54
yun zhi	韵致	54
gu ci shi bi	顾此失彼	54
yu suan nei	预算内	54
yu suan an	预算案	54
feng du pian pian	风度翩翩	54
fei e	飞蛾	54
shi yong you	食用油	54
ma ya	马亚	54
shi wang	驶往	54
gu hui he	骨灰盒	54
lie gou	鬣狗	54
yu you	鱼油	54
yue	鸑	54
hei yun mu	黑云母	54
hei xia zi	黑瞎子	54
mo xie	默写	54
gu dian	鼓点	54
qi qi ha er shi	齐齐哈尔市	54
long ling	龙岭	54
yi jiu jiu ba nian	一九九八年	53
yi ke zhong	一刻钟	53
yi qian wu bai	一千五百	53
yi xian sheng ji	一线生机	53
yi guo zhou	一锅粥	53
yi ji	一集	53
qi ba shi	七八十	53
wan jie bu fu	万劫不复	53
wan zhi	万只	53
wan zhan	万盏	53
wan guan	万贯	53
san shi yu li	三十余里	53
san hui	三回	53
san fan wu ci	三番五次	53
san xing	三行	53
san mian hong qi	三面红旗	53
shang ban qi	上半期	53
shang gu	上谷	53
xia jiang shi	下降时	53
bu pian bu yi	不偏不倚	53
bu fen qing hong zao bai	不分青红皂白	53
bu shi hao dai	不识好歹	53
liang cheng	两成	53
liang qi	两起	53
liang dun	两顿	53
zhong zhuan sheng	中专生	53
feng mao	丰茂	53
lin ke	临客	53
ju guo shang xia	举国上下	53
guai hai zi	乖孩子	53
shu li	书吏	53
er san yue	二三月	53
er shi si shi	二十四史	53
er jin	二斤	53
gen gu	亘古	53
ya ma xun he	亚马逊河	53
jiao xiang shi	交响诗	53
jing ju tuan	京剧团	53
jie ke	介壳	53
xian jie	仙界	53
yi bi zhi dao	以彼之道	53
yi luo wa di jiang	伊洛瓦底江	53
zhong shi zhi di	众矢之的	53
hui tang	会堂	53
he tie shou	何铁手	53
yu sou	余艘	53
ni men hao	你们好	53
yi ci lei tui	依此类推	53
bao hu shen	保护神	53
bao shui qu	保税区	53
bao cang	保藏	53
bao shi	保释	53
bao zhang bu men	保障部门	53
xin ge	信鸽	53
xiu ding ben	修订本	53
qian	偂	53
xiong sao	兄嫂	53
guang dian	光点	53
mian yu	免予	53
ru lian	入殓	53
ba jiu fen	八九分	53
gong qin	公勤	53
gong liang	公粮	53
gong dao hua	公道话	53
liu hao	六号	53
liu xun	六旬	53
liu fu	六腑	53
gong dang	共党	53
bing xian	兵燹	53
yang mu	养母	53
shou xing	兽性	53
ji lu yu	冀鲁豫	53
nei hai	内海	53
nei yun	内蕴	53
xie shou	写手	53
nong mu qu	农牧区	53
jue ding quan	决定权	53
liang xie	凉鞋	53
jian su qi	减速器	53
cou qu	凑趣	53
ji hu	几户	53
ji duo	几朵	53
xiong qi	凶器	53
chu gui	出轨	53
fen ze	分则	53
lie ning zhu yi	列宁主义	53
liu zhong de	刘忠德	53
zhi fu	制伏	53
li pai zhong yi	力排众议	53
jia lun	加仑	53
jia xi ya	加西亚	53
lei si	勒死	53
qin qin ken ken	勤勤恳恳	53
bao luo wan xiang	包罗万象	53
hua xue fen xi	化学分析	53
hua fei chang	化肥厂	53
bei da ying	北大营	53
shi ji kuai	十几块	53
sheng chuan ji	升船机	53
ban liang	半两	53
nan huai ren	南怀仁	53
bo er ji ji	博尔济吉	53
ka li ya	卡利亚	53
wei xing cheng	卫星城	53
yin du si tan	印度斯坦	53
yin zhi	印支	53
li xing	厉行	53
yan shi	厌食	53
hou po	厚朴	53
si	厶	53
can ping	参评	53
shuang qu	双曲	53
shuang guan qi xia	双管齐下	53
fan zuo yong li	反作用力	53
zhi zi bu ti	只字不提	53
ye mian	叶面	53
si ma xiang ru	司马相如	53
chi guang	吃光	53
ge yang	各样	53
tong li	同里	53
han yan du	含盐度	53
keng chi	吭哧	53
wu ting ying	吴廷英	53
xi yan zhe	吸烟者	53
he ping qu	和平区	53
mi zuo	咪唑	53
ka xie	咯血	53
tang shu	唐书	53
tang xue ceng	唐学曾	53
tang kai yuan	唐开元	53
hu	唿	53
fei	啡	53
nan	喃	53
xi zi zi	喜孜孜	53
si jian	四件	53
si da fa ming	四大发明	53
yin you	因由	53
guo wu yuan xue wei wei yuan hui	国务院学位委员会	53
di zhi	地直	53
di ji	地级	53
zuo chan	坐禅	53
tan ga ni ka	坦噶尼喀	53
kun	堃	53
ta la	塔拉	53
shu	塾	53
mu zhi	墓志	53
qiang yuan	墙垣	53
bi xiang	壁厢	53
chu li bu dang	处理不当	53
duo yi fen	多一分	53
duo wan ming	多万名	53
duo ju	多具	53
duo er	多尔	53
duo tai	多肽	53
da dong gan ge	大动干戈	53
da ban bei zi	大半辈子	53
da sao zi	大嫂子	53
da chui xue	大椎穴	53
tian shan shan mai	天山山脉	53
tian fu	天父	53
tai bai shan	太白山	53
tou cun	头寸	53
tao guan	套管	53
hao da xi gong	好大喜功	53
hao tou	好头	53
po luo zhou	婆罗洲	53
kong rong	孔融	53
ji feng qu	季风区	53
gu ao	孤傲	53
xue yi zhi yong	学以致用	53
hai zi qi	孩子气	53
song jiang ting	宋江听	53
wan man	完满	53
guan neng	官能	53
shi nv	室女	53
gong guan	宫观	53
jia cun	家村	53
jia mu	家母	53
mi te lang	密特朗	53
bao	寳	53
xiao jin	小金	53
min	崏	53
yi	嶷	53
gong peng	工棚	53
zuo you kai gong	左右开弓	53
bu lei si	布雷斯	53
di xin	帝辛	53
gan xiu	干休	53
ping min hua	平民化	53
you er jiao yu	幼儿教育	53
ying jie bu xia	应接不暇	53
fei zha	废渣	53
shu ji	庶几	53
yan bian dui	延边队	53
kai jia	开价	53
kai kuang	开矿	53
nong qiao cheng zhuo	弄巧成拙	53
gong xing	弓形	53
di xi	弟媳	53
zhang zhi zhong	张治中	53
mi	弭	53
qiang hua ji	强化剂	53
zheng pi	征辟	53
xu jun ming	徐俊鸣	53
xu zhen gang	徐震纲	53
tu you xu ming	徒有虚名	53
de shan	德山	53
you yu zheng	忧郁症	53
nian jiu	念旧	53
xin zhou	忻州	53
zong ba gong	总罢工	53
cheng fa xing	惩罚性	53
re shi sheng fei	惹事生非	53
chou yun	愁云	53
yu min	愚民	53
ge er	戈尔	53
zhan tuan	战团	53
dai ke li	戴克里	53
shan bei	扇贝	53
shou qi	手气	53
tuo bi	托庇	53
cha	扠	53
kuo yin qi	扩音器	53
bao yuan	报怨	53
bao tou tong ku	抱头痛哭	53
la du zi	拉肚子	53
zhao bing	招兵	53
zhao bing mai ma	招兵买马	53
zhao yao guo shi	招摇过市	53
gua cai	挂彩	53
ta	挞	53
dang feng	挡风	53
ji mei nong yan	挤眉弄眼	53
zhuo jian	捉奸	53
juan shui	捐税	53
yan ren er mu	掩人耳目	53
jiao rao	搅扰	53
sou hu gong si	搜狐公司	53
mo gen si tan li	摩根斯坦利	53
cheng chuan	撑船	53
shou gong	收工	53
gai xiang	改向	53
jiu shi	救世	53
jiao yu hui	教育会	53
shu zhi	数只	53
zheng dian	整点	53
wen miao	文庙	53
xin ju	新剧	53
xin ci	新词	53
fang fa xue	方法学	53
wu ke tiao ti	无可挑剔	53
wu suo bu wei	无所不为	53
wu liang shan	无量山	53
ri ben guo	日本国	53
shi chang	时长	53
ming jiao	明胶	53
ming bian	明辨	53
yi mu yun	易木云	53
xing xing dian dian	星星点点	53
jin zhong	晋中	53
mu ai	暮霭	53
yue xiang	月相	53
you chan jie ji	有产阶级	53
you bei er lai	有备而来	53
you nan tong dang	有难同当	53
mu pian	木片	53
ji xie yun dong	机械运动	53
quan li neng li	权利能力	53
li yan zong	李延宗	53
li run tian	李润田	53
lai jin	来劲	53
song mu	松木	53
zhen bian	枕边	53
guo pu	果脯	53
zhi cheng	枝城	53
xiao xiong	枭雄	53
shu lin zi	树林子	53
ge ge jiao	格格娇	53
huan xuan	桓玄	53
liang shan bo	梁山伯	53
mei shu	梅树	53
lang	榔	53
zhang mu	樟木	53
ou hua	欧化	53
zheng fang	正房	53
bu bu wei ying	步步为营	53
can lian	残联	53
bin yi guan	殡仪馆	53
du shui	毒水	53
hao miao	毫秒	53
min zu xing	民族性	53
qi ji	气机	53
yong ji qu	永济渠	53
han xuan di	汉宣帝	53
mei zhe	没辙	53
you cai	油彩	53
xie fen	泄愤	53
bo luo mi	波罗蜜	53
yang qian	洋钱	53
huo luo	活络	53
liu yan fei yu	流言蜚语	53
nong suo you	浓缩铀	53
hao fan	浩繁	53
dan hong se	淡红色	53
dan lv	淡绿	53
shen ming da yi	深明大义	53
hun fang	混纺	53
qing chang	清唱	53
qing ku	清苦	53
qing gui jie lv	清规戒律	53
yu ju	渔具	53
hu nan da xue	湖南大学	53
gun gua lan shu	滚瓜烂熟	53
di da	滴哒	53
man wu bian ji	漫无边际	53
qian shui yuan	潜水员	53
qian re	潜热	53
shan ran lei xia	潸然泪下	53
ji jin pai	激进派	53
huo shang jiao you	火上浇油	53
huo tan	火炭	53
ling pai	灵牌	53
chui ju	炊具	53
re zhi	热值	53
re qi qiu	热气球	53
feng huo tai	烽火台	53
xiong yuan xian	熊元献	53
shu tie	熟铁	53
ran fang	燃放	53
yan yuan	燕园	53
wu jing	物镜	53
zhuang tai fang cheng	状态方程	53
wan le	玩乐	53
qiu pai	球拍	53
li lun wu li	理论物理	53
liu qiu qun dao	琉球群岛	53
cheng	琤	53
nao lu	瑙鲁	53
sheng si zhi jiao	生死之交	53
tian zhu	田主	53
dian zi zheng wu	电子政务	53
nan nv ping deng	男女平等	53
jie wai qiu	界外球	53
liu ren	留人	53
liu ming	留名	53
ding	疔	53
feng hua	疯话	53
tong feng	痛风	53
bai ling hai	白令海	53
bai shan	白山	53
bai en jie	白恩杰	53
bai qiang	百强	53
huang fu ge	皇甫阁	53
gui	皈	53
jiao ran	皎然	53
pen zhong	盆中	53
yan hua	盐化	53
yan xiao	盐枭	53
kan guan	看官	53
zhen mian mu	真面目	53
zhe chuang	着床	53
pin	矉	53
duan bing xiang jie	短兵相接	53
duan gong	短工	53
dang shan	砀山	53
kan shang	砍伤	53
bian	砭	53
po lan bu kan	破烂不堪	53
shuo guo	硕果	53
xia	硖	53
luo	硦	53
ying gong	硬弓	53
ci gan ying	磁感应	53
yu	礇	53
shi bo qi	示波器	53
shen hu qi shen	神乎其神	53
shen mi gan	神秘感	53
shen kan	神龛	53
piao you	票友	53
zu che	租车	53
zhi	秷	53
nong	秾	53
cheng xu hua	程序化	53
cheng hao	程颢	53
shui ze	税则	53
su	稣	53
qiong ding	穹顶	53
kong shan	空山	53
yao	窈	53
xiao na	笑纳	53
bi zhi	笔致	53
di san zhi	第三只	53
di san dao	第三道	53
di wu tian	第五天	53
di liu juan	第六卷	53
di shi tiao	第十条	53
lu	箓	53
jing dang	精当	53
zao ta	糟踏	53
ji	紒	53
ti	綈	53
zhi nv xing	织女星	53
jing wei	经委	53
jie yu	结余	53
wei ke si	维克斯	53
lv bao shi	绿宝石	53
huan qi	缓期	53
fu ji zhi li	缚鸡之力	53
bin	缤	53
que e	缺额	53
luo an jiang	罗安江	53
luo ma cheng	罗马城	53
yang shui	羊水	53
mei zhong bu zu	美中不足	53
mei guo zai xian	美国在线	53
suo ji	羧基	53
er kuo	耳廓	53
gu fen he zuo zhi	股份合作制	53
nao xi bao	脑细胞	53
xing feng xue yu	腥风血雨	53
sai bang zi	腮帮子	53
yao wei	腰围	53
zi su	自诉	53
wu zhe	舞者	53
hang tian zhan	航天站	53
chuan peng	船篷	53
liang you	良友	53
liang chen	良辰	53
jie yu	节欲	53
hua rong yue mao	花容月貌	53
zhu	苎	53
su ge lan ren	苏格兰人	53
ruo chong	若虫	53
rong mao	茸毛	53
huang dan bu jing	荒诞不经	53
mo ru	莫如	53
dang	菪	53
xiao se	萧瑟	53
meng niu	蒙牛	53
cai yong xing	蔡永兴	53
hu xiao	虎啸	53
xia lei	虾类	53
she dan	蛇胆	53
si	蛳	53
la wan	蜡丸	53
die yong	蝶泳	53
rong rong	融融	53
luo si	螺丝	53
xue xing qi	血腥气	53
yi chu	衣橱	53
biao shi fa	表示法	53
chu mo lun	褚墨伦	53
jiao shan shi	角闪石	53
yan nian	言念	53
yan er you xin	言而有信	53
zhan shi fu	詹事府	53
ji da miao	计大妙	53
ji piao	计票	53
e zha	讹诈	53
lun chu	论处	53
shi wen ji	诗文集	53
yu yin xue	语音学	53
diao hu li shan	调虎离山	53
mou chen	谋臣	53
yan	谳	53
hao xia	豪侠	53
hao shi	豪士	53
cai da	财大	53
bai gei	败给	53
tan wu fu hua	贪污腐化	53
chi wei dui	赤卫队	53
chi feng shi	赤峰市	53
chi song	赤松	53
chi shui he	赤水河	53
zou qiao	走俏	53
zou ma shang ren	走马上任	53
gan chang	赶场	53
qu zhi ruo wu	趋之若鹜	53
ta bian	踏遍	53
wo	踒	53
yi	踦	53
qu gan bu	躯干部	53
zhuan ji yin	转基因	53
qing qing song song	轻轻松松	53
fu mei	辅酶	53
shu you guan	输油管	53
pei tou	辔头	53
ci hai	辞海	53
chi mu	迟暮	53
zhui si	追思	53
tong xian	通县	53
tong he	通河	53
dao qi	道奇	53
yi niao	遗尿	53
deng shou lin	邓绶林	53
yong	邕	53
hao si wen	郝思文	53
yan	郾	53
shan	鄯	53
suan gan	酸酐	53
zui xun xun	醉醺醺	53
chong yang jie	重阳节	53
jin guang ming	金光明	53
bei	鐾	53
zhen ji	针剂	53
zhen ye shu	针叶树	53
qian san qiang	钱三强	53
tie jiang pu	铁匠铺	53
tie tuo	铁托	53
tong pian	铜片	53
pu chen	铺陈	53
suo shang	锁上	53
cuo za	错杂	53
yan xiang chuang	闫相闯	53
men xiang	闷响	53
yin shi	阴湿	53
a ke ba	阿克巴	53
a si pi lin	阿司匹林	53
a lu tai	阿鲁台	53
lu jiu yuan	陆九渊	53
chen xiao lan	陈晓兰	53
yan hang	雁行	53
yong he gong	雍和宫	53
zhen dan	震旦	53
qing yun	青云	53
gu xian cheng	顾宪成	53
he gu	颌骨	53
yan zhen qing	颜真卿	53
feng su hua	风俗画	53
piao xiang	飘香	53
shi yi	食邑	53
fan tang	饭堂	53
sou zhu yi	馊主意	53
xiang zao	香皂	53
ma guan	马关	53
ma yan chao	马彦超	53
yi zu	驿卒	53
kui	骙	53
gao ge er	高个儿	53
lu shan	鲁山	53
xian yu tong	鲜于通	53
die	鲽	53
ji lei	鸡肋	53
ma lei	麻类	53
ma lao si	麻老四	53
ma lian	麻脸	53
huang chao qi yi	黄巢起义	53
hei tian	黑天	53
gu gu de	鼓鼓的	53
bi yan hu	鼻烟壶	53
yi guan	一罐	52
yi qian bu zhi	一钱不值	52
yi chui ding yin	一锤定音	52
ding er xi	丁二烯	52
qi qing	七情	52
wan jie gu	万劫谷	52
san wan liang	三万两	52
san jia cun	三家村	52
san liu	三流	52
san jiao	三脚	52
shang hai tie lu ju	上海铁路局	52
xia cuo	下挫	52
bu yi zhi cai	不义之财	52
bu leng bu re	不冷不热	52
bu gan shi ruo	不甘示弱	52
bu guan san qi er shi yi	不管三七二十一	52
bu shi shi wu	不识时务	52
yu ren wei shan	与人为善	52
qiu cheng tong	丘成桐	52
liang di	两滴	52
yan ci	严词	52
zhong gong zhong yang dang xiao	中共中央党校	52
zhong guo nong gong min zhu dang	中国农工民主党	52
zhong guo tong meng hui	中国同盟会	52
zhong guo hai guan	中国海关	52
zhong lv zong she	中旅总社	52
feng tai qu	丰台区	52
zhu dong lun	主动轮	52
yue li	乐理	52
cheng shu	乘数	52
qi po	乞婆	52
xiang ba lao	乡巴佬	52
shu wu	书屋	52
luan lai	乱来	52
zheng chi	争持	52
er san shi ge	二三十个	52
er shi san sui	二十三岁	52
yu yang	于洋	52
yun yan	云烟	52
wu shi ge	五十个	52
jing bian	井边	52
ya li sang na zhou	亚利桑那州	52
ya de si ya bei ba	亚的斯亚贝巴	52
ya fei la	亚非拉	52
ya yin su	亚音速	52
jiao yi liang	交易量	52
xiang you sheng yu	享有盛誉	52
ting tai lou ge	亭台楼阁	52
qin min dang	亲民党	52
cong jian	从简	52
jia zhi lian	价值链	52
yi li hu	伊利湖	52
chuan xi	传习	52
gong dian ju	供电局	52
xin yuan	信源	52
xiu shui	修水	52
bei lv	倍率	52
dao ci	倒刺	52
jia gen	假根	52
jia shi	假释	52
ke fu	克复	52
liu jia	六家	52
lan zhou shi	兰州市	52
lan kao	兰考	52
nei you wai huan	内忧外患	52
nei lian	内敛	52
nei zhi wang	内质网	52
zai jia	再嫁	52
jun pin	军品	52
jun jie	军界	52
nong ji	农技	52
chong hui	冲毁	52
leng guang	冷光	52
leng mian	冷面	52
liang shan	凉山	52
ji shi jia	几十家	52
ji tou	几头	52
ji qi	几起	52
kai li	凯里	52
chu ban jie	出版界	52
chu hang	出航	52
fen zhuang	分装	52
qie qie	切切	52
gang jing	刚劲	52
bie lai wu yang	别来无恙	52
dao hu	到户	52
zhi zuo	制做	52
xue ping	削平	52
qian yang hou he	前仰后合	52
qian bi	前臂	52
ge cao	割草	52
ban shi yuan	办事员	52
gong cheng ming jiu	功成名就	52
lie deng	劣等	52
lao xin	劳心	52
shi yi sui	十一岁	52
shi yu ri	十余日	52
qian wan nian	千万年	52
qian wa shi	千瓦时	52
ban dian er	半点儿	52
hua li xi	华力西	52
xie zuo qu	协作区	52
xie tiao xing	协调性	52
dan gang	单杠	52
dan jian	单间	52
nan hua	南华	52
yuan sheng tai	原生态	52
fa zhang	发胀	52
gu ban	古板	52
gu jing	古镜	52
shi ji qiang	史季强	52
ye chuan ping	叶传萍	52
ye zhi qing	叶志清	52
ye jiang chuan	叶江川	52
ye lun	叶轮	52
si ku	司库	52
si tu shang ji	司徒尚纪	52
si fa quan	司法权	52
chi bu liao dou zhe zou	吃不了兜着走	52
ge shu ji jian	各抒己见	52
yao he sheng	吆喝声	52
he zhong guo	合众国	52
ji he de	吉诃德	52
ming shan da chuan	名山大川	52
ming hua	名花	52
wu song jiang	吴淞江	52
xi sheng	吸声	52
chui xi	吹熄	52
dai zhang	呆账	52
zi xun hui	咨询会	52
yao ding	咬定	52
xian hai	咸海	52
ai hao	哀号	52
ai ming	哀鸣	52
ha er	哈尔	52
na men zi	哪门子	52
chun gao	唇膏	52
pen zui	喷嘴	52
hao	嗥	52
yin shu	因数	52
kun nan hu	困难户	52
guo po jia wang	国破家亡	52
guo zi	国资	52
di la na	地拉那	52
di mao xue	地貌学	52
di zhen xue	地震学	52
chui xian	垂涎	52
cheng duo	城垛	52
ji ben xing	基本型	52
ta tai	塔台	52
zeng bing	增兵	52
sheng yun	声韵	52
xia yu	夏禹	52
duo yi yuan	多亿元	52
duo kou	多口	52
duo zhi	多指	52
da xie	大写	52
da xing qi dao	大行其道	52
tian lun zhi le	天伦之乐	52
tian cheng	天成	52
tian zong	天纵	52
tian cong	天聪	52
qi mei	奇美	52
nv sheng	女声	52
nv zhuang	女装	52
nv zhen	女贞	52
jian ning	奸佞	52
hao ji bian	好几遍	52
hao you duo	好又多	52
yao rao	妖娆	52
yao qi	妖气	52
mu ma	姆妈	52
gu zhang	姑丈	52
gu po	姑婆	52
gu sao	姑嫂	52
juan	姢	52
xian yi fan	嫌疑犯	52
deng	嬁	52
niao	嬲	52
kong ming xiao	孔明笑	52
kong dong	孔洞	52
sun hai ping	孙海平	52
an feng	安丰	52
guan yin	官印	52
ding shi zha dan	定时炸弹	52
ding yue	定约	52
wan cheng	宛城	52
shi da shi	实打实	52
shi jian lun	实践论	52
ke qi hua	客气话	52
xuan zhou	宣州	52
qin shi nan an	寝食难安	52
cun cao bu sheng	寸草不生	52
dao liu	导流	52
xiao ren er	小人儿	52
xiao tuan ti	小团体	52
xiao you ming qi	小有名气	52
xiao wang ye	小王爷	52
chen sha	尘沙	52
shang fang bao jian	尚方宝剑	52
ju li	局里	52
dao jin	岛津	52
yan xie	岩屑	52
xia kou	峡口	52
ya ding	崖顶	52
beng lie	崩裂	52
zhan	崭	52
xun shao	巡哨	52
gong bing tuan	工兵团	52
gong shi	工时	52
ju wu ba	巨无霸	52
ba bu ya	巴布亚	52
sha	帹	52
ping chuan	平川	52
ping lu	平炉	52
ping shen	平身	52
nian jin	年金	52
ku er	库尔	52
ku si ke	库斯科	52
di ge li si he	底格里斯河	52
kang nie di ge zhou	康涅狄格州	52
yin	廴	52
kai chuang	开窗	52
kai li	开立	52
kai qi	开起	52
nong gui	弄鬼	52
yin huo	引火	52
zhang yi mou	张艺谋	52
mi man xing	弥漫性	52
ruo guo	弱国	52
qiang zhi	强直	52
ying yin	影音	52
che di xing	彻底性	52
xun	徇	52
wei lu	微露	52
de zhi ti	德智体	52
xin yue cheng fu	心悦诚服	52
xin ji yan	心肌炎	52
xin nao xue guan	心脑血管	52
zhong hou lao shi	忠厚老实	52
huai cai bu yu	怀才不遇	52
ji zhuan zhi xia	急转直下	52
xing gao chao	性高潮	52
zong li fu	总理府	52
xuan ya le ma	悬崖勒马	52
bei tong yu jue	悲痛欲绝	52
qing tou yi he	情投意合	52
jing huang shi cuo	惊惶失措	52
bei lan	惫懒	52
yi yun	意蕴	52
xia	懗	52
cheng ri	成日	52
wo yuan	我院	52
zhan li	战力	52
zhan dou xing	战斗性	52
zhan ba	战罢	52
fang ke	房客	52
tuo ta	托塔	52
kuo zhang zhu yi	扩张主义	52
dou luo	抖落	52
kang shui	抗税	52
tuan	抟	52
hu fu	护肤	52
mo hei	抹黑	52
la ba te	拉巴特	52
la si wei jia si	拉斯维加斯	52
bai wu jiao	拜物教	52
lan bu zhu	拦不住	52
pin jie	拼接	52
chi you zhe	持有者	52
jian shi	捡拾	52
ti qin	提琴	52
jiu dou	揪斗	52
ban ru	搬入	52
bo xia	播下	52
zhi lu	支路	52
zheng zhi shi	政治史	52
jiu ji	救急	52
jiao zhi yuan gong	教职员工	52
jiao yu fa	教育法	52
jing fu	敬服	52
qiao men zhuan	敲门砖	52
wen ruo	文弱	52
wen zhi bin bin	文质彬彬	52
duan zhi	断肢	52
xin jie	新界	52
xin che	新车	52
zu lei	族类	52
wu yu	无虞	52
ri ye jian cheng	日夜兼程	52
kun shi lan zhou	昆士兰州	52
jin bei	晋北	52
hui an	晦暗	52
gui	晷	52
you qu wu hui	有去无回	52
you bei yu	有悖于	52
you gan	有感	52
wei bu	未卜	52
za huo dian	杂货店	52
quan ze	权责	52
li yan wang	李阎王	52
bei shui	杯水	52
song tao	松涛	52
qiang shen	枪身	52
feng ye	枫叶	52
mou yue	某月	52
gan ju	柑桔	52
he xing	核型	52
gen di	根底	52
ge lei	格雷	52
zai pei zhi wu	栽培植物	52
an shu	桉树	52
dang zi	档子	52
liang xian sheng	梁先生	52
mian zhi	棉织	52
chu chu ke lian	楚楚可怜	52
chu ba wang	楚霸王	52
lou yu	楼宇	52
heng duan shan	横断山	52
zheng yue chu yi	正月初一	52
zheng tu	正途	52
jian mie zhan	歼灭战	52
ti	殢	52
mao tou	毛头	52
xian	氙	52
qing yang hua wu	氢氧化物	52
qing jian	氢键	52
shui yang	水样	52
yong cun	永存	52
qiu tong cun yi	求同存异	52
wu yan hui yu	污言秽语	52
you liang	油亮	52
you wu	油污	52
you cai hua	油菜花	52
ni ban	泥板	52
tai ge er	泰戈尔	52
yang jiu	洋酒	52
xi lian	洗练	52
dong fu	洞府	52
hong xi	洪熙	52
huo dong xing	活动性	52
liu	浏	52
hun yi	浑仪	52
nong yin	浓荫	52
hai dun	海顿	52
yong liu	涌流	52
shen he se	深褐色	52
hun he yong	混合泳	52
wen fang shan	温方山	52
you lang	游廊	52
zi rao	滋扰	52
mo he	漠河	52
zhu liu	潴留	52
huo she	火舌	52
hui he	灰褐	52
ling qu	灵渠	52
chao ji dan	炒鸡蛋	52
shao zhuo	烧灼	52
re su xing	热塑性	52
re xiao lv	热效率	52
sui shi	燧石	52
ai guo tong yi zhan xian	爱国统一战线	52
jue shi yue	爵士乐	52
ya ke	牙科	52
mou qu bao li	牟取暴利	52
lao long	牢笼	52
te duo	特多	52
te kuai	特快	52
te qian bu dui	特遣部队	52
fan di gu	犯嘀咕	52
zhuang gao	状告	52
xian yi	献艺	52
wang shi yong	王时雍	52
wang zhen ru	王珍如	52
wan shi bu gong	玩世不恭	52
bo shai zi	玻色子	52
zhu guang bao qi	珠光宝气	52
ban tou	班头	52
qin qu	琴曲	52
qin qi shu hua	琴棋书画	52
sheng ci	生词	52
dian shi wang	电视网	52
nan gong	男工	52
hua fu	画幅	52
chu li	畜力	52
tong jue	痛觉	52
shou shou de	瘦瘦的	52
bai shui	白水	52
bai qi	白起	52
bai ling	百灵	52
bai hua jiang	百花奖	52
pen zai	盆栽	52
jian cha bu men	监察部门	52
sheng qi	盛期	52
mu biao jia	目标价	52
xiang zuo	相左	52
cheng mu	瞠目	52
shi yin	石印	52
shi ta	石塔	52
qi zhu	砌筑	52
gui shi	硅石	52
peng suan	硼酸	52
ci shan	磁山	52
li bai tang	礼拜堂	52
shen qu	神曲	52
shen wu	神物	52
zhong pi	种皮	52
ke xue jiang	科学奖	52
yang	秧	52
xi xi luo luo	稀稀落落	52
wen ru tai shan	稳如泰山	52
mu li ni	穆里尼	52
kong ke	空壳	52
kong xue lai feng	空穴来风	52
kong zai	空载	52
zhan dui	站队	52
duan mu	端木	52
zhu yi	竹椅	52
di yi ju	第一局	52
di shi qi	第十七	52
di shi san tiao	第十三条	52
di shi wu tiao	第十五条	52
di shi si tiao	第十四条	52
deng jia jiao huan	等价交换	52
jian bao	简报	52
fen tu	粪土	52
zi jiao chong	紫胶虫	52
hong mei su	红霉素	52
ji nian ta	纪念塔	52
na qie	纳妾	52
zhi xiang	纸箱	52
zhi lao hu	纸老虎	52
xi jun wu qi	细菌武器	52
xi guan	细观	52
xi du	细读	52
jing ji lin mu	经济林木	52
jue sha	绝杀	52
jue yuan xing	绝缘性	52
tong lan quan ju	统揽全局	52
zhen	缜	52
wang luo zi yuan	网络资源	52
mei guo lian bang	美国联邦	52
mei ling	美菱	52
pian pian qi wu	翩翩起舞	52
fan shan yue ling	翻山越岭	52
lao yu	老妪	52
lao jin	老金	52
qi na jiao	耆那教	52
ye lu	耶鲁	52
ju shou	聚首	52
xiao shang chun	肖上唇	52
zhou wan	肘弯	52
zhi jie	肢解	52
yu er	育儿	52
zi feng	自封	52
zi ran yu yan	自然语言	52
zhi ming shang	致命伤	52
wu tai ju	舞台剧	52
xi	舾	52
liang yuan	良缘	52
ai ha mai de	艾哈迈德	52
mi	芈	52
lu sun	芦笋	52
hua lian	花莲	52
hua rui	花蕊	52
ke zheng	苛政	52
ying xiong zhu yi	英雄主义	52
huang shan ye ling	荒山野岭	52
ying guang deng	荧光灯	52
he bao dan	荷包蛋	52
lai yang	莱阳	52
ying yang xue jia	营养学家	52
sa yi fu	萨伊夫	52
dong shi ye	董师爷	52
pu shi er	蒲式耳	52
lan pi shu	蓝皮书	52
wei wei zhuang guan	蔚为壮观	52
zang li	藏历	52
hu pao	虎跑	52
xu jing	虚惊	52
she xing	蛇形	52
shu jin	蜀锦	52
la zhi	蜡质	52
quan qu	蜷曲	52
xing zheng chu fen	行政处分	52
zhuang bei bu	装备部	52
xi nan feng	西南风	52
xi wu	西屋	52
xi jia	西甲	52
xi zhuang ge lv	西装革履	52
jian ji xing shi	见机行事	52
jie chao	解嘲	52
yan ji	言极	52
jing bei dui	警备队	52
ji hua ju	计划局	52
tao yao	讨要	52
ji hen	记恨	52
jiang ming	讲明	52
shi ji	识记	52
yi yin	译音	52
yu wen xue	语文学	52
gao ming	诰命	52
shuo qing	说情	52
shuo xiao hua	说笑话	52
ke shi	课时	52
diao sheng	调升	52
mou li	谋利	52
xiang xian	象限	52
bei le ye	贝勒爷	52
bei ge	贝格	52
xian hui	贤惠	52
pin fu xuan shu	贫富悬殊	52
gui fu ren	贵妇人	52
fei yao se	费耀色	52
jia qing lin	贾庆林	52
shang xi	赏析	52
sai guo	赛果	52
fu yue	赴约	52
gan ming er	赶明儿	52
qi shi	起誓	52
yue gong	越共	52
yue nan ren	越南人	52
pao jing bao	跑警报	52
lu kuang	路矿	52
jin dong	近东	52
jin kou shang	进口商	52
jin bu jiang	进步奖	52
jin xiang	进项	52
zhui su	追诉	52
zhui zeng	追赠	52
ni feng	逆风	52
kui	逵	52
chuan	遄	52
bi xian	避险	52
deng ya ping	邓亚萍	52
zou tao fen	邹韬奋	52
bi qi	鄙弃	52
jiu wei	酒味	52
fen lei	酚类	52
chou da	酬答	52
xing jue	醒觉	52
chong sheng	重生	52
zhong jian	重见	52
liu jin	鎏金	52
xin	鐔	52
zhong fu ren	钟夫人	52
gang zhong	钢种	52
ban	钣	52
qin zhou	钦州	52
tie tong	铁通	52
tong pen	铜盆	52
lian shi fan ying	链式反应	52
xiu bing	锈病	52
cuo guo	错过	52
jin lin	锦鳞	52
mo	镆	52
zhen xi	镇西	52
chang xu duan tan	长吁短叹	52
zhang qing	长庆	52
chang sheng bu si	长生不死	52
zhang zhou	长轴	52
wen ji	问计	52
wen ting	闻听	52
hun	阍	52
yin tian	阴天	52
a shen	阿什	52
a er jin shan	阿尔金山	52
sui bo zhu liu	随波逐流	52
ge san cha wu	隔三差五	52
xi	隰	52
nan dong	难懂	52
nan wen	难闻	52
xiong qi	雄奇	52
lei dong	雷动	52
mian bi	面壁	52
da	靼	52
yang	鞅	52
ding zi	顶子	52
ling yang	领养	52
feng xiang	风翔	52
fei ji piao	飞机票	52
fei mao tui	飞毛腿	52
yan	餍	52
bing	餠	52
tao tie	饕餮	52
bao chang	饱尝	52
bao shi	饱食	52
ma zu	马祖	52
ma ti xing	马蹄形	52
jia ji	驾机	52
zhou qi	骤起	52
kui shou	魁首	52
wei wen di	魏文帝	52
fei yu	鲱鱼	52
ti	鶗	52
bao	鸨	52
gu	鸪	52
ying pai	鹰派	52
mai jiao	麦角	52
huang cheng cheng	黄澄澄	52
huang bai se	黄白色	52
huang rong wei wei	黄蓉微微	52
an ran shi se	黯然失色	52
yi wan wu qian	一万五千	50
yi zhong yi tai	一中一台	50
yi lan wu yu	一览无余	50
wan juan	万卷	50
wan dao	万道	50
san shi wu sui	三十五岁	50
san zu	三组	50
shang jia	上架	50
bu wu zheng ye	不务正业	50
bu bei bu kang	不卑不亢	50
bu ke sheng shu	不可胜数	50
shi mao	世贸	50
ye tai	业态	50
liang fu	两副	50
liang bao	两包	50
zhong gong zhong yang ban gong ting	中共中央办公厅	50
zhong yi yuan	中医院	50
zhong guo shi xue hui	中国史学会	50
zhong guo ke ji da xue	中国科技大学	50
zhong yang yin yue xue yuan	中央音乐学院	50
zhong pin	中频	50
lin zhen tuo tao	临阵脱逃	50
zhu dao	主刀	50
zhu shen	主神	50
ju fan	举凡	50
yi zheng ci yan	义正词严	50
wu shen	乌什	50
wu long cha	乌龙茶	50
yue fu shi	乐府诗	50
jiu zhong	九中	50
xi xi	习习	50
shu han	书函	50
er jia	二家	50
er jia	二甲	50
yun zhong diao	云中雕	50
wu shi yuan	五十元	50
wu si xin wen hua yun dong	五四新文化运动	50
wu quan xian fa	五权宪法	50
wu bai li	五百里	50
wu long	五龙	50
jing tian	井田	50
wang hun	亡魂	50
chan fang	产房	50
qin mi wu jian	亲密无间	50
jin ci er yi	仅此而已	50
shi huan	仕宦	50
fu xi	付息	50
fu qian	付钱	50
ren	仞	50
yi dong	伊东	50
you sheng	优生	50
hui wu	会务	50
hui yi ting	会议厅	50
san xing	伞形	50
chuan dao	传道	50
shang hen lei lei	伤痕累累	50
lun jia de	伦加德	50
he zu gua chi	何足挂齿	50
yu zhuang yuan	余壮远	50
yu yu	余裕	50
bao jia wei guo	保家卫国	50
yu kang zai	俞康宰	50
xin tian you	信天游	50
xiu yuan zi	修园子	50
xiu shi	修士	50
jue jiang	倔犟	50
yi lao mai lao	倚老卖老	50
yan qi xi gu	偃旗息鼓	50
pian tou tong	偏头痛	50
san	傘	50
chu hu	储户	50
sha le yan	傻了眼	50
xiang zhang	像章	50
qi	僛	50
seng su	僧俗	50
ru shi	儒士	50
guang cai zhao ren	光彩照人	50
guang yan	光焰	50
ke la ma yi	克拉玛依	50
ke la ke fu	克拉科夫	50
quan zhou	全洲	50
gong zhu fen	公主坟	50
gong lun	公论	50
liu shi li	六十里	50
gong tong shi chang	共同市场	50
guan zi	关子	50
bing bu xue ren	兵不血刃	50
bing zhen	兵阵	50
yang yang ye	养羊业	50
shou yi xue	兽医学	50
shou mian	兽面	50
nei pi	内皮	50
nong ye she	农业社	50
dong qing	冬青	50
bing tang hu lu	冰糖葫芦	50
qi wan	凄婉	50
jian jia	减价	50
han gu guan	函谷关	50
fen shi	分时	50
xing lv	刑律	50
liu san ye	刘三爷	50
liu lan tao	刘澜涛	50
chuang ke tie	创可贴	50
chuang mian	创面	50
chu qiu	初秋	50
zhi leng ji	制冷机	50
qian xian	前贤	50
pou fu chan	剖腹产	50
jiao chu	剿除	50
jia lei bi di qu	加勒比地区	50
lao jun	劳军	50
bao tou shi	包头市	50
pu	匍	50
bei fu bing	北府兵	50
shi ba ceng	十八层	50
shi si tiao	十四条	50
ban kai	半开	50
bo si pu lu si hai xia	博斯普鲁斯海峡	50
lu long	卢龙	50
yin jia ren	印加人	50
yuan pei	原配	50
can zhan shang	参展商	50
shuang chun	双唇	50
shou hai ren	受害人	50
bian li	变例	50
pan zei	叛贼	50
kou xin	口信	50
kou ku	口苦	50
gu li gu guai	古里古怪	50
ke cai chu liang	可采储量	50
tai zi shang	台子上	50
shi di wei	史迪威	50
si fa bu men	司法部门	50
chi tou	吃透	50
ji mu	吉姆	50
ji ni si	吉尼斯	50
ji xiang wu	吉祥物	50
tong gui	同归	50
hou qi zhi xiu	后起之秀	50
wu xue qian	吴学谦	50
chao chao rang rang	吵吵嚷嚷	50
chui gu shou	吹鼓手	50
zhou shun chang	周顺昌	50
fu	咐	50
xian yu	咸鱼	50
ya ran shi xiao	哑然失笑	50
hu ren	唬人	50
shou piao chu	售票处	50
wei li lun	唯理论	50
ye	啘	50
xi yan	喜宴	50
he cai sheng	喝彩声	50
xuan teng	喧腾	50
qiu shi	囚室	50
si ze yun suan	四则运算	50
si sou	四艘	50
hui bo	回波	50
guo tong	国统	50
tu shu shi	图书室	50
tu men jiang	图们江	50
quan ceng	圈层	50
zai suo bu ci	在所不辞	50
zai an	在案	50
kan er	坎儿	50
ba zhi	坝址	50
ji chu ke	基础课	50
bi	堛	50
ta li ban	塔利班	50
zeng jian	增建	50
zeng se	增色	50
sheng ming lang ji	声名狼藉	50
fu ben	复本	50
wai chang	外场	50
wai xie	外邪	50
duo ping fang gong li	多平方公里	50
gou qiang	够呛	50
da hui dang	大会党	50
da ka	大卡	50
da cheng du	大程度	50
da bi zi	大鼻子	50
tian hui	天会	50
tian nan di bei	天南地北	50
tian e hu	天鹅湖	50
shi shi	失势	50
po yi	婆姨	50
wan yan	婉言	50
mei yan	媚眼	50
gou	媾	50
sun jia	孙家	50
gu zhang nan ming	孤掌难鸣	50
xue bao	学报	50
an ji	安吉	50
ding li	定力	50
ding an	定案	50
ding yu	定语	50
bao jie jie	宝姐姐	50
jia shi	家什	50
su zhou	宿州	50
su ying di	宿营地	50
mi bu tou feng	密不透风	50
fu po	富婆	50
feng ni	封泥	50
xiao ban	小半	50
xiao xi fu	小媳妇	50
xiao qi	小憩	50
er te	尔特	50
jin xiao	尽孝	50
ju jian	居间	50
qu ming quan	屈明泉	50
shan bei	山北	50
shan chang	山场	50
shan xing	山形	50
shan yang	山杨	50
shan se	山色	50
dao lian	岛链	50
hu	岵	50
chong feng	崇奉	50
gong bing ying	工兵营	50
zuo meng geng	左梦庚	50
wu xia	巫峡	50
ba li	巴厘	50
bu bo	布帛	50
shi shi bing	师实兵	50
wei	帏	50
di ling	帝陵	50
chang hui	常会	50
gan guang hao	干光豪	50
gan ma	干妈	50
ping zhan	平展	50
ping ping chang chang	平平常常	50
ping dan wu qi	平淡无奇	50
nian jiu shi xiu	年久失修	50
nian kan	年刊	50
nian shen ri jiu	年深日久	50
bing chu	并处	50
xing shi	幸事	50
fei qin wang shi	废寝忘食	50
kai bao	开宝	50
yin jiu ci zhi	引咎辞职	50
hong tu	弘图	50
dang chai	当差	50
cai li	彩礼	50
cai se dian shi	彩色电视	50
yong	彮	50
de ke	德克	50
xin chao peng pai	心潮澎湃	50
zhong xian	忠县	50
you xin ru fen	忧心如焚	50
ou qi	怄气	50
zen me de le	怎么得了	50
ji ju	急遽	50
guai pi	怪僻	50
en zhong ru shan	恩重如山	50
qiao qiao hua	悄悄话	50
dan	惮	50
gan huai	感怀	50
kui se	愧色	50
huang bu ze lu	慌不择路	50
man teng teng	慢腾腾	50
yi	懌	50
cheng xian	成仙	50
cheng feng	成风	50
cai nv	才女	50
da ji chu	打基础	50
da pi gu	打屁股	50
da nao	打闹	50
tuo er suo	托儿所	50
zhi mi	执迷	50
cheng lan	承揽	50
bao pi	报批	50
la ke si	拉克斯	50
la la che che	拉拉扯扯	50
zhao zi	招子	50
gong bei	拱北	50
quan shi	拳师	50
zhi nan che	指南车	50
an dao	按倒	50
can jia	掺假	50
wo quan	握拳	50
tan pu	摊铺	50
mo pa gun da	摸爬滚打	50
si xin lie fei	撕心裂肺	50
zhuan shu	撰述	50
gan zuo gan wei	敢作敢为	50
san jian yu	散见于	50
jing lao yuan	敬老院	50
shu chu	数处	50
zheng di	整地	50
wen hua qu	文化区	50
dou qi	斗气	50
xie dui mian	斜对面	50
si tuo	斯托	50
xin lao jiao ti	新老交替	50
hang	斻	50
wu ren bu zhi	无人不知	50
wu ke fei yi	无可非议	50
wu jian bu cui	无坚不摧	50
dan jue	旦角	50
jiu nian	旧年	50
chun shui	春水	50
xian xiang	显像	50
xian ling	显灵	50
huang dang	晃荡	50
pu ji	普吉	50
pu er cha	普洱茶	50
zhi guang	智光	50
kai	暟	50
you ji lin	有机磷	50
fu wu bu	服务部	50
ji guan qiang	机关枪	50
ji ju	机具	50
li kui	李悝	50
yang zhi yi	杨志毅	50
yang hong ying	杨红英	50
jie fei xun	杰斐逊	50
ban er	板儿	50
lin ye ju	林业局	50
dong liang	栋梁	50
zi	栥	50
he tang ti	核糖体	50
ge lu man	格鲁曼	50
zhi shu zao lin	植树造林	50
chui ti	椎体	50
yu ci	榆次	50
heng bo	横波	50
heng xu he	横须贺	50
xiang jiao shu	橡胶树	50
gui	櫃	50
zheng zhuan	正传	50
zheng fu dian zi	正负电子	50
ci ju	此剧	50
wu guan	武关	50
wu shi dao	武士道	50
wu jin	武进	50
si shui	死水	50
mei bu	每部	50
qi rong jiao	气溶胶	50
shui xiang	水箱	50
ru yang	汝阳	50
wang da er	汪达尔	50
chen zhu qi	沉住气	50
sha shan	沙山	50
gou cao	沟槽	50
he cao	河槽	50
zhi sha	治沙	50
fa gong	法共	50
fa fang	法方	50
fa xian	法线	50
jie shen zi hao	洁身自好	50
huo du	活度	50
huo xue hua yu	活血化瘀	50
hai jiang	海疆	50
hai zhe	海蜇	50
tao sheng	涛声	50
lin shi	淋湿	50
tao tai sai	淘汰赛	50
hun ri zi	混日子	50
wen chuang	温床	50
pen	湓	50
zhi xiao	滞销	50
lou wang zhi yu	漏网之鱼	50
pan ha de	潘哈德	50
chao bai he	潮白河	50
hui zhi	灰质	50
zao jian	灶间	50
dian hua	点化	50
yan tai shi	烟台市	50
ai yi	爱意	50
qian xian	牵线	50
te chu	特出	50
te yi gong neng	特异功能	50
te zheng zhi	特征值	50
te zheng xing	特征性	50
quan fei	犬吠	50
xian chou	献丑	50
xuan tie ling	玄铁令	50
yu mi mian	玉米面	50
wang da lei	王大雷	50
wang dian fu	王殿甫	50
xian ru jin	现如今	50
bo li men	玻璃门	50
rui xing	瑞星	50
rui qi	瑞气	50
sheng huo qu	生活区	50
yong xing	用刑	50
tian qi	田七	50
tian run ye	田润叶	50
dian guang shi huo	电光石火	50
dian zi hua	电子化	50
dian shan	电闪	50
feng niu bing	疯牛病	50
zhang	瘬	50
bai ying	白影	50
bai li wen	白礼文	50
bai ci	百次	50
bai liang	百辆	50
jian zao	监造	50
zhi jiao zuo biao	直角坐标	50
xiang bi er yan	相比而言	50
sheng chi jian yong	省吃俭用	50
zhen xing	真性	50
zhen li bao	真理报	50
yan ming shou kuai	眼明手快	50
shui lian	睡莲	50
zhan qian gu hou	瞻前顾后	50
zhi zhi shen shao	知之甚少	50
shi tou cheng	石头城	50
shi jie	石碣	50
yan jiu fa	研究法	50
ying qi	硬气	50
pang bo	磅礴	50
li jin	礼金	50
si yu	私欲	50
kong ming quan	空明拳	50
kong xing	空行	50
kong wen	空闻	50
kong nan	空难	50
ju	窭	50
zhu zhi	竹枝	50
chi	竾	50
di yi lie	第一列	50
di er shi er zhang	第二十二章	50
di shi jiu	第十九	50
di shi er tiao	第十二条	50
di shi liu tiao	第十六条	50
tong zi lou	筒子楼	50
jian ben	简本	50
jian jian dan dan	简简单单	50
cuan dang	篡党	50
lan xia	篮下	50
mi xie er	米歇尔	50
bai	粺	50
zi wen xin	紫文心	50
zi dian	紫癜	50
hong shui he	红水河	50
hong fen	红粉	50
hong yan yan	红艳艳	50
chun li	纯利	50
jing ji ti	经济体	50
jie zhang	结账	50
xu ji	续集	50
lv you you	绿油油	50
ji du	缉毒	50
bian yi qi	编译器	50
piao	缥	50
zui nie shen zhong	罪孽深重	50
zhi shen shi wai	置身事外	50
mei li jian he zhong guo	美利坚合众国	50
pian ran	翩然	50
yi cheng	翼城	50
lao huang ye	老皇爷	50
lao jie	老街	50
shua nong	耍弄	50
song jian	耸肩	50
ju lv yi xi	聚氯乙烯	50
ju ji	聚积	50
rou gui	肉桂	50
ji li	肌理	50
xiao ming zi	肖明子	50
chang bi	肠壁	50
jian jia	肩胛	50
sheng si	胜似	50
hu da ye	胡大爷	50
hu bing an	胡秉安	50
jing gu	胫骨	50
xiong jing	胸径	50
jiao ta che	脚踏车	50
tuo su	脱俗	50
sao zi	臊子	50
zi zhu shen jing	自主神经	50
zi li jun	自立军	50
zi ji you yu	自给有余	50
zhi ji	致畸	50
chuan piao	船票	50
shou	艏	50
hua pao	花炮	50
xian cai	苋菜	50
su lai man	苏莱曼	50
tai xian zhi wu	苔藓植物	50
ying jie	英杰	50
jian si	茧丝	50
xing	荥	50
xiao shu wen	萧树文	50
dong qi chang	董其昌	50
peng luan	蓬乱	50
bao li	薄礼	50
cang shu lou	藏书楼	50
she xie	蛇蝎	50
zhi shi	蛭石	50
zhe fu	蛰伏	50
lou yi	蝼蚁	50
rong yuan	蝾螈	50
xue hai shen chou	血海深仇	50
xue yu	血瘀	50
xing qian	行前	50
jie ting	街亭	50
chu sui liang	褚遂良	50
xiang yuan xian	襄垣县	50
xi xi bo li ya	西西伯利亚	50
jie qi	解气	50
feng	諷	50
jing ju	警句	50
ren zhang	认账	50
tao ren xi huan	讨人喜欢	50
xu ping jun	许平君	50
ping jie	评介	50
shi qing hua yi	诗情画意	50
shi fu	诗赋	50
hua ji	话机	50
xiang shi	详实	50
yu yi xue	语义学	50
du yan	读研	50
zhun zhun	谆谆	50
mou ji	谋计	50
mo	貘	50
zhen de	贞德	50
xian zhe	贤哲	50
pei fu	赔付	50
pei chang jin	赔偿金	50
zan tan bu yi	赞叹不已	50
chi dao ji nei ya	赤道几内亚	50
he si te	赫斯特	50
chen re da tie	趁热打铁	50
chao shi	超时	50
chao xian	超限	50
chao gao su	超高速	50
fu	趺	50
lu zhang	路障	50
jue	蹶	50
ci fu	辞赋	50
guo ji	过继	50
guo su	过速	50
yun jia	运价	50
lian yun gang shi	连云港市	50
tui shi	退市	50
di song	递送	50
tong xiao da dan	通宵达旦	50
zao wu	造物	50
yi chuan xue jia	遗传学家	50
na xiao huan	那小鬟	50
you zheng ju	邮政局	50
pei qi	配器	50
jiu gui	酒鬼	50
you ci	釉瓷	50
li jia	里甲	50
ye cun	野村	50
jin feng tou zi	金丰投资	50
jin zhi yu ye	金枝玉叶	50
jin niu shi ye	金牛实业	50
zhao	鍣	50
shang	鑜	50
lv ye	铝业	50
ha	铪	50
zhu jiu	铸就	50
jing xiang	镜像	50
xiang bian	镶边	50
men ba zu	门巴族	50
shan shi	闪石	50
men tou	闷头	50
ruan xiao wu	阮小五	50
a bu zha bi	阿布扎比	50
a si wang	阿斯旺	50
a yu wang	阿育王	50
a mei su	阿霉素	50
chu ming	除名	50
tao ci qi	陶瓷器	50
yin yue ke jian	隐约可见	50
xiong qiang	雄强	50
ji shu	集束	50
ling hua qian	零花钱	50
zhen er	震耳	50
jing yuan	靖远	50
dian lan	靛蓝	50
fei guo jia	非国家	50
xie dai	鞋带	50
yu fang xing	预防性	50
dian pei liu li	颠沛流离	50
feng shi	风势	50
feng hua xue yue	风花雪月	50
feng yu piao yao	风雨飘摇	50
ren	饪	50
shou ji	首季	50
shou bu	首部	50
bo ke qiang	驳壳枪	50
kua	骻	50
gao tou da ma	高头大马	50
gui shi shen chai	鬼使神差	50
wei wei wen	魏巍文	50
ji ba	鸡巴	50
huang zi cheng	黄子澄	50
huang jiao	黄教	50
huang dao ji ri	黄道吉日	50
li ba li	黎拔力	50
hei deng xia huo	黑灯瞎火	50
hei bai fen ming	黑白分明	50
mo mo wu yu	默默无语	50
li hei	黧黑	50
gu zhang	鼓胀	50
qi jia	齐家	50
long men shan	龙门山	50
yi yi guan zhi	一以贯之	49
yi sha shi	一霎时	49
ding wan	丁烷	49
ding zhao zhong	丁肇中	49
qi ba fen	七八分	49
qi shi er lu	七十二路	49
qi qing liu yu	七情六欲	49
wan zhong zhu mu	万众瞩目	49
wan yu gong qing	万余公顷	49
wan fen zhi	万分之	49
wan jia deng huo	万家灯火	49
wan yong nian	万永年	49
san feng	三峰	49
san yang	三样	49
san ye	三爷	49
shang cai	上菜	49
shang he gu	上颌骨	49
xia ma wei	下马威	49
bu ke jiu yao	不可救药	49
bu ke xian liang	不可限量	49
bu lai	不赖	49
zhuan cai	专才	49
zhuan an	专案	49
dong zhi men	东直门	49
zhong xia ji	中下级	49
zhong guo min hang	中国民航	49
zhong shi	中士	49
zhong pian	中篇	49
feng shui qi	丰水期	49
wei ren shi biao	为人师表	49
wei shi guo zao	为时过早	49
wu long ling	乌龙岭	49
jiu jiang shi	九江市	49
er shi duo tian	二十多天	49
er juan	二卷	49
er bai ming	二百名	49
yun qi	云气	49
hu bu xing	互补性	49
wu ling	五岭	49
jiao xiang	交相	49
jiao tong ju	交通局	49
jiao tong yun shu	交通运输	49
ren ren zi wei	人人自危	49
ren li	人理	49
chou sha	仇杀	49
zhong xia	仲夏	49
ren man	任满	49
fang zhi pin	仿制品	49
qi ye guan li zhe	企业管理者	49
hui yin	会阴	49
chuan song dai	传送带	49
lun ba di	伦巴第	49
yu hai hua	余海华	49
tong guo gang	佟国纲	49
ce gen	侧根	49
bian xie	便血	49
su tao	俗套	49
bao hu jia	保护价	49
bao hu zhe	保护者	49
xiu ye	修业	49
xiu ci xue	修辞学	49
jie ji ka	借记卡	49
juan yi	倦意	49
ju	倨	49
ou fa	偶发	49
guang fu hui	光复会	49
guang dao xian wei	光导纤维	49
guang guai lu li	光怪陆离	49
ke li fu lan	克利夫兰	49
ke lei ku	克雷库	49
ru hua	入画	49
quan ju de	全聚德	49
gong shi gong ban	公事公办	49
gong wen bao	公文包	49
liu yi	六一	49
liu qi shi	六七十	49
gong shang guo shi	共商国是	49
gong ji	共济	49
jian rong bing bao	兼容并包	49
jian de	兼得	49
jun shi ke xue yuan	军事科学院	49
jun huo shang	军火商	49
jun ji	军籍	49
nong ye shui	农业税	49
feng bang ning	冯邦宁	49
chong kua	冲垮	49
xian	冼	49
zhun xing	准星	49
ji an	几案	49
feng huang qin	凤凰琴	49
hua xian	划线	49
liu xin sheng	刘新生	49
liu yu xi	刘禹锡	49
liu jing yi	刘静逸	49
chuang ban ren	创办人	49
li ya de	利雅得	49
qian xie shi	前些时	49
ji	剤	49
jie fei	劫匪	49
lao dong he she hui bao zhang bu	劳动和社会保障部	49
hua di wei you	化敌为友	49
bei jing yin yue ting	北京音乐厅	49
fei huan	匪患	49
shi ba ming	十八名	49
qian en wan xie	千恩万谢	49
sheng fu	升幅	49
ban duan	半段	49
dan bei ti	单倍体	49
dan bian	单边	49
ka wen di shen	卡文迪什	49
lu dai ting	卤代烃	49
yin hua bu	印花布	49
ting fang	厅房	49
hou yan wu chi	厚颜无耻	49
shuang guan	双关	49
shuang yan pi	双眼皮	49
fan shi	反式	49
fa ji	发急	49
pan li	叛离	49
zhi xian	只限	49
ye zhao ying	叶钊颖	49
si kou	司寇	49
ge se ren deng	各色人等	49
he zuo fang	合作方	49
ting zheng	听政	49
wu guan zhong	吴冠中	49
wu jing lian	吴敬琏	49
wu meng ling	吴梦玲	49
wu wang fu	吴王夫	49
xi chen qi	吸尘器	49
zhou wen long	周文龙	49
zhou xing chi	周星驰	49
he ping zhu yi	和平主义	49
ai ge	哀歌	49
hua zhong qu chong	哗众取宠	49
bo	哱	49
bu ru gang	哺乳纲	49
tang tian bao	唐天宝	49
lao	唠	49
shang wu wang	商务网	49
hou ai	喉癌	49
hou jie	喉结	49
xi ju pian	喜剧片	49
cha	嗏	49
mi	嘧	49
hui kui	回馈	49
yin guo bao ying	因果报应	49
wei du	围堵	49
guo shang	国商	49
guo jing xian	国境线	49
guo min xing	国民性	49
tu wa	图瓦	49
tu mou bu gui	图谋不轨	49
di qi	地气	49
di mo	地膜	49
fang jian	坊间	49
keng keng wa wa	坑坑洼洼	49
mu	坶	49
la ji dui	垃圾堆	49
ken qu	垦区	49
kai	塏	49
jing nei wai	境内外	49
yong se	壅塞	49
xia xian	夏县	49
wai xing	外型	49
duo li	多里	49
ye xiao	夜宵	49
gou qiang	够戗	49
da gong	大宫	49
da tun	大屯	49
da kuai ren xin	大快人心	49
da xia	大虾	49
tian gong	天工	49
tian zhi dao	天知道	49
tai yang hei zi	太阳黑子	49
fen fa tu qiang	奋发图强	49
ao er liang	奥尔良	49
shi liao	始料	49
wei yi zhong ren	委以重任	49
pin tou	姘头	49
wan yan xie jue	婉言谢绝	49
kong que he	孔雀河	49
sun li	孙犁	49
meng xian	孟县	49
xue shi	学时	49
hai ti	孩提	49
ning guo	宁国	49
yu wen	宇文	49
shou jiu pai	守旧派	49
an quan jian cha	安全检查	49
an shen li ming	安身立命	49
song jie fang	宋解放	49
zong zhu quan	宗主权	49
ding shi	定式	49
shi di diao cha	实地调查	49
shi yan suo	实验所	49
xuan chuan pin	宣传品	49
mi xie gen	密歇根	49
han chen	寒碜	49
han zhan	寒颤	49
huan yu	寰宇	49
dui ben er an	对苯二胺	49
xiao hu zi	小胡子	49
you jia ren	尤甲仁	49
fu	岪	49
wei	嵬	49
gong li	工力	49
gong feng	工蜂	49
zuo fang	左方	49
cha shu	差数	49
ba er ka shi hu	巴尔喀什湖	49
ba fu luo fu	巴甫洛夫	49
bu lie ta ni	布列塔尼	49
shi gong	师公	49
bang bang mang	帮帮忙	49
you bi	幽闭	49
ku er si ke	库尔斯克	49
ying nuo	应诺	49
du shu	度数	49
zuo wu xu xi	座无虚席	49
yan nian yi shou	延年益寿	49
zhang si zhi	张思之	49
mi le fo	弥勒佛	49
yu chu	御厨	49
wei ci	微词	49
xin shen bu ning	心神不宁	49
zhi liu ji	志留纪	49
wang xing	忘形	49
huai lai	怀来	49
nu huo zhong shao	怒火中烧	49
si lin	思琳	49
ji nan	急难	49
zong jia	总价	49
zong shi	总师	49
jing feng	惊风	49
yi shi liu	意识流	49
mu tian yan	慕天颜	49
cheng yan	成岩	49
cheng zu	成组	49
zhan zheng shi	战争史	49
da za	打杂	49
da dao hui fu	打道回府	49
tuo meng	托梦	49
sao lei ting	扫雷艇	49
yang zhou shi	扬州市	49
cheng yun ren	承运人	49
ji shu xue xiao	技术学校	49
tou ji qu qiao	投机取巧	49
tou xiang zhu yi	投降主义	49
hu bing	护兵	49
chou ye	抽咽	49
chou jiang	抽奖	49
la bang jie pai	拉帮结派	49
ba jiao	拔脚	49
zheng	拯	49
quan tou chan pin	拳头产品	49
gua che	挂车	49
hui lei	挥泪	49
nuo kai	挪开	49
tan kuang	探矿	49
jie ke	接客	49
sou kuo	搜括	49
gai ge zhe	改革者	49
fang lang	放浪	49
fang xie	放血	49
san sui	散碎	49
shu shi bu	数十步	49
shu duo	数多	49
shu ju tong xin	数据通信	49
dou zhi dou yong	斗智斗勇	49
duan xian	断线	49
xin mo xi ge zhou	新墨西哥州	49
xin lou	新楼	49
xin jiang sheng	新疆省	49
xin zao	新造	49
fang zhi min	方志敏	49
shi tai yin	施泰因	49
qi shou	旗手	49
ri chan liang	日产量	49
ri xing	日兴	49
ri si ye xiang	日思夜想	49
chun xun	春汛	49
chen feng	晨风	49
pu er	普洱	49
zhi yong shuang quan	智勇双全	49
liang gan	晾干	49
qu yang	曲阳	49
cao man cang	曹满仓	49
ceng tie ou	曾铁鸥	49
zui da zhe	最大者	49
you ban you yan	有板有眼	49
you xue you rou	有血有肉	49
chao nei	朝内	49
mu xia	木匣	49
mu sang dao ren	木桑道人	49
ben zhuan ke	本专科	49
ben yuan	本院	49
duo duo	朵朵	49
ji shu	机数	49
sha jun ji	杀菌剂	49
za sui	杂碎	49
cun she	村舍	49
jie kui lin	杰奎琳	49
lin da ke	林大可	49
he fa	核发	49
sang na	桑拿	49
hu	槲	49
heng sao qian jun	横扫千军	49
mei fen	每份	49
ai	毐	49
min zu zhi lin	民族之林	49
min yan	民谚	49
qi gu gu	气鼓鼓	49
shui fei	水费	49
han yan	汗颜	49
jiang tian	江天	49
you yan	油烟	49
fa la li	法拉利	49
jin men	津门	49
huo wu	活物	49
zhuo shui xi	浊水溪	49
zhe da	浙大	49
hai kui	海葵	49
wo lun ji	涡轮机	49
zhang ting ban	涨停板	49
zhuo xian	涿县	49
shen chou da hen	深仇大恨	49
shen hong	深红	49
shen lv se	深绿色	49
qing tan	清谈	49
qing yuan	清远	49
shen tou lv	渗透率	49
wei bei	渭北	49
gang gu	港股	49
you yong guan	游泳馆	49
huo dian	火电	49
chui shi	炊事	49
zha lie	炸裂	49
yan xun	烟熏	49
re fu	热敷	49
re feng	热风	49
peng cha	烹茶	49
mei yao	煤窑	49
zhao jian	照见	49
ai lv	爱侣	49
pai jiu	牌九	49
niu ai jiang	牛爱江	49
niu lang	牛郎	49
te na	特纳	49
te qian	特遣	49
xi sheng zhe	牺牲者	49
quan ma zhi lao	犬马之劳	49
fan nan	犯难	49
du bu	独步	49
wei	猥	49
wang he gao	王和高	49
wang pan shan	王盘山	49
wang fei	王菲	49
ma ke xin	玛克辛	49
ma ge li te	玛格丽特	49
xian kuan	现款	49
bo li gang	玻璃钢	49
gua zi lian	瓜子脸	49
wa ge na	瓦格纳	49
gan zi	甘孜	49
sheng yuan	生员	49
yong nao	用脑	49
hua bu	画布	49
yi wei	疑为	49
bai xing er	白兴儿	49
bai she	白蛇	49
bai he hua	百合花	49
yan jing	盐井	49
mu zhong wu ren	目中无人	49
mu di xing	目的性	49
zhi lie	直列	49
sheng xin	省心	49
zhen xin cheng yi	真心诚意	49
yang	眻	49
yan ji shou kuai	眼疾手快	49
yan xian	眼线	49
zhao liang	着凉	49
zhi di	知底	49
shi sun	石笋	49
yan xiu	研修	49
peng tou hui	碰头会	49
tan qing hua he wu	碳氢化合物	49
zhe	磔	49
mo mie	磨灭	49
huo shou	祸首	49
jin bi	禁闭	49
li shi	离世	49
ke xi jia	科西嘉	49
xi you qi ti	稀有气体	49
cheng xu xing	程序性	49
zhang bing lin	章炳麟	49
zhu lian	竹帘	49
bi tou	笔头	49
di san shi	第三十	49
di er shi jiu	第二十九	49
di shi qi tiao	第十七条	49
bian	笾	49
cu xin	簇新	49
mi la	米拉	49
jing yi	精义	49
jing shen fen lie zheng	精神分裂症	49
jing shen bao man	精神饱满	49
tang chang	糖厂	49
lian	縺	49
hong shan	红山	49
gang ji	纲纪	49
zhi jian	纸笺	49
xian xing xi tong	线性系统	49
zu hua	组画	49
yi	绎	49
rao wan zi	绕弯子	49
wei duo li ya hu	维多利亚湖	49
zong yi	综艺	49
ji na	缉拿	49
duo	缍	49
bian yan	编演	49
mei qi ming yue	美其名曰	49
mei fa	美发	49
mei mei	美眉	49
mei yan	美艳	49
yi	翳	49
er mo	耳膜	49
er gu	耳鼓	49
zhi ji	职级	49
shen yin	肾阴	49
hu yang	胡杨	49
dong	胨	49
neng yuan bu	能源部	49
neng shuo hui dao	能说会道	49
mai chong xing	脉冲星	49
sai bang	腮帮	49
xian gan	腺苷	49
xi guan jie	膝关节	49
xi wan	膝弯	49
yi xiang	臆想	49
nao	臑	49
zi ran	自燃	49
hang kong zhan	航空站	49
ai zi	艾滋	49
hua rong	花容	49
hua shi	花市	49
hua lian	花脸	49
yun yun zhong sheng	芸芸众生	49
ku gong	苦功	49
ben huan	苯环	49
ying yi han	英译汉	49
mao ming	茂名	49
mao se dun kai	茅塞顿开	49
jia guo	荚果	49
ling mei kuang	菱镁矿	49
ying ye ting	营业厅	49
xiao	萷	49
luo di	落第	49
meng tou	蒙头	49
meng de wei de ya	蒙得维的亚	49
pu huan chang	蒲缓昌	49
suo	蓑	49
qu	蕖	49
ding	薡	49
chai	虿	49
ru	蠕	49
xing zheng su song	行政诉讼	49
yan bian	衍变	49
bu bu	补补	49
yuan long ping	袁隆平	49
bei bao xian ren	被保险人	49
zhuang che	装车	49
xi liang	西凉	49
xi rong	西戎	49
guan zhong xi	观众席	49
shi chang	视场	49
jin	觐	49
jiao hua	角化	49
gu	觚	49
ji liang xue	计量学	49
ji yi fa	记忆法	49
hua li you hua	话里有话	49
gai zhou	该州	49
shui shi shui fei	谁是谁非	49
xie ya long	谢亚龙	49
tan chu duan	谭处端	49
cai li	财礼	49
shu jin	赎金	49
zou ma	走马	49
zou ma huan jiang	走马换将	49
zhao da ge	赵大哥	49
qi pao	起跑	49
chao da xing	超大型	49
ta	趿	49
pao tang	跑堂	49
pao tui	跑腿	49
kua xue ke	跨学科	49
xian	跹	49
qing tiao	轻佻	49
bian hu ren	辩护人	49
bian jiao	边角	49
hai shi bi shen	还施彼身	49
zhe yang er	这样儿	49
lian bu	连部	49
chi yan	迟延	49
die dai	迭代	49
xuan pei	选配	49
tong hua	通化	49
tong yong dian qi gong si	通用电气公司	49
yi rong	遗容	49
yao xiang hu ying	遥相呼应	49
you di yuan	邮递员	49
qiu de yong	邱得用	49
guo jing xiao	郭靖笑	49
jiu tan	酒坛	49
han chang lin li	酣畅淋漓	49
jiao mu jun	酵母菌	49
shi yi	释义	49
zhong xing	重刑	49
chong qing da xue	重庆大学	49
zhong gou	重构	49
jian zhen	鉴真	49
long	鑨	49
gang suo	钢索	49
dian	钿	49
tie guan dao ren	铁冠道人	49
tie guan	铁管	49
mao	铆	49
yin pan	银盘	49
yin lun	银轮	49
lian lu	链路	49
luo gu sheng	锣鼓声	49
zhui ti	锥体	49
biao ju zi	镖局子	49
zhang zhu	长住	49
chang bian	长编	49
chuang jiang	闯将	49
xian lai wu shi	闲来无事	49
wen sheng	闻声	49
fang yu zhan	防御战	49
yang shuo	阳朔	49
yin si	阴司	49
a lei tai	阿勒泰	49
a bu ha zi	阿布哈兹	49
a si ke	阿斯科	49
a wa	阿瓦	49
a sa mu	阿萨姆	49
lu er niang	陆二娘	49
lu hai	陆海	49
chen ci	陈词	49
tao zhu	陶铸	49
nan yu	难愈	49
ya ge er	雅戈尔	49
ji xian	集贤	49
huo yuan long	霍元龙	49
jing li	静力	49
fei tong	非统	49
mian chen	面陈	49
du	韣	49
yu yan	预演	49
ling hui	领回	49
ying chuan	颍川	49
ke li zhuang	颗粒状	49
fei biao	飞镖	49
rao you xing qu	饶有兴趣	49
rao shu shi	饶漱石	49
shou pan	首盘	49
ma ke	马科	49
qu chong	驱虫	49
li shan	骊山	49
zhou jiang	骤降	49
man yu	鳗鱼	49
ji xue	鸡血	49
zhe	鹧	49
mai ke feng	麦克风	49
hei sai ge wei na	黑塞哥维那	49
hei hai jian dui	黑海舰队	49
hei mian	黑面	49
han	鼾	49
gong guang jie	龚光杰	49
yi yi dui ying	一一对应	48
yi ban er	一半儿	48
yi bai wan liang	一百万两	48
yi jian shuang diao	一箭双雕	48
qi ba zhang	七八丈	48
san liang ge	三两个	48
san shi ming	三十名	48
san ye	三叶	48
san qiang	三强	48
san jiao jiu liu	三教九流	48
san pian	三篇	48
shang jia	上佳	48
shang song	上送	48
xia yi	下移	48
bu yan bu yu	不言不语	48
zhuan yong xian	专用线	48
dong jing di guo da xue	东京帝国大学	48
dong ban qiu	东半球	48
dong zhi gong si	东芝公司	48
dong e	东阿	48
liang qi dong wu	两栖动物	48
liang tang	两趟	48
yan zhen yi dai	严阵以待	48
zhong shang ceng	中上层	48
zhong can	中餐	48
zhong gao	中高	48
lin jie dian	临界点	48
zhu guan	主官	48
le an	乐安	48
le du	乐都	48
yi fang	乙方	48
jiu long jiang	九龙江	48
xi guan fa	习惯法	48
xiang lin	乡邻	48
xiang yin	乡音	48
shu hou	书后	48
shu mian yu	书面语	48
luan peng peng	乱蓬蓬	48
zheng chong	争宠	48
er zhong	二种	48
wu qian yuan	五千元	48
ya han dai	亚寒带	48
jiao hao	交好	48
chan ye ge ming	产业革命	48
chan ke	产科	48
ren ma zuo	人马座	48
ren yu	人鱼	48
ren ren zhi shi	仁人志士	48
jin fei xi bi	今非昔比	48
dai shou	代收	48
ling ren gu wu	令人鼓舞	48
ling tang	令堂	48
yang jiao	仰角	48
chuan fen	传粉	48
zhu jia	住家	48
he shu heng	何叔衡	48
he gao jian	何高见	48
fo shou	佛手	48
shi yong lv	使用率	48
you	侑	48
gong ji zhi	供给制	48
yi yang hu lu	依样葫芦	48
xin xi zhan	信息战	48
ting fei	停飞	48
guang biao	光标	48
guang jiang	光降	48
ke lun wei er	克伦威尔	48
dang wai ren shi	党外人士	48
dang ji	党纪	48
ru wei	入微	48
quan xiang	全乡	48
quan tang shi	全唐诗	48
gong gong ke	公共课	48
gong zi ge er	公子哥儿	48
gong she	公设	48
gong he yuan nian	共和元年	48
nei xiao	内销	48
nei lu guo	内陆国	48
ming ming zhi zhong	冥冥之中	48
feng guo bin	冯国斌	48
feng nan di	冯难敌	48
bing xin	冰心	48
chong li	冲力	48
ye zhu	冶铸	48
ji shi ci	几十次	48
xiong bao	凶暴	48
chu kou xing	出口型	48
chu long	出笼	48
fen xi yuan	分析员	48
fen bu	分步	48
fen xi tong	分系统	48
xing tu	刑徒	48
gang bi zi yong	刚愎自用	48
pan ruo liang ren	判若两人	48
li quan	力劝	48
jia guan	加官	48
jia na li	加那利	48
jia li man dan dao	加里曼丹岛	48
lie gen xing	劣根性	48
xu	勖	48
bao bei	包被	48
yi li	医理	48
shi zai	十载	48
shi mian mai fu	十面埋伏	48
sheng zhang	升帐	48
ban yue kan	半月刊	48
ban bian tian	半边天	48
hua er bu shi	华而不实	48
nan po	南坡	48
wei cheng	卫城	48
chang wei	厂卫	48
yuan feng bu dong	原封不动	48
yuan shui	原水	48
qu zhi bu jin	取之不尽	48
jiao lv	叫驴	48
shi zhong meng	史仲猛	48
hao jiao	号叫	48
chi zhai	吃斋	48
ge zhi yi ci	各执一词	48
he shi	合式	48
he cheng shu zhi	合成树脂	48
tong fang xiang	同方向	48
tong yin	同音	48
hou xie	后写	48
hou lve jiao	后掠角	48
hou yuan	后援	48
xiang bei	向背	48
ou	吘	48
wu da peng	吴大鹏	48
wu shan yuan	吴山圆	48
na han zhu wei	呐喊助威	48
zhou bo	周勃	48
zhou cheng wang	周成王	48
hu la	呼啦	48
he ping tan pan	和平谈判	48
he mu xiang chu	和睦相处	48
hong pian	哄骗	48
wei shi	喂食	48
yu shang you	喻上猷	48
si wan duo	四万多	48
si shi ge	四十个	48
si shi jiu	四十九	48
si shi liu nian	四十六年	48
hui huan	回环	48
guo jia huan bao ju	国家环保局	48
guo jia shui wu zong ju	国家税务总局	48
guo biao	国标	48
tu ta	图塔	48
sheng die ge	圣迭戈	48
zai bian	在编	48
di huang	地黄	48
zuo tang	坐堂	48
zuo yue zi	坐月子	48
hou	垕	48
yong	埇	48
pei xun fei	培训费	48
su liao bu	塑料布	48
ta	墖	48
kuai	墤	48
sheng lei ju xia	声泪俱下	48
chu shi	处士	48
xia liang	夏粮	48
duo tao	多套	48
ye yi ji ri	夜以继日	48
da jue zhan	大决战	48
da bao da lan	大包大揽	48
da hu la er	大呼拉尔	48
da lian li gong da xue	大连理工大学	48
da peng	大鹏	48
tian zhen wu xie	天真无邪	48
tai hu liu yu	太湖流域	48
tai kong zhan	太空站	48
tou mian ren wu	头面人物	48
ru lei guan er	如雷贯耳	48
yao yan	妖艳	48
shi zhong ru yi	始终如一	48
kua	姱	48
zi tai kong zhi	姿态控制	48
wei si min si te	威斯敏斯特	48
cun zhu qi	存贮器	48
sun nv er	孙女儿	48
sun si miao	孙思邈	48
meng jiang nv	孟姜女	48
song zhe zong	宋哲宗	48
song jiang jian	宋江见	48
guan chai	官差	48
ding qin	定亲	48
shi wu di zu	实物地租	48
ke wei	客位	48
xuan chuan hua	宣传画	48
xuan yan shu	宣言书	48
gong tai hou	宫太后	48
ji sheng xing	寄生性	48
dao re xing	导热性	48
xiao bao bao	小宝宝	48
shao lin quan	少林拳	48
shao nan shao nv	少男少女	48
jian ta	尖塔	48
jian jiao	尖角	48
qu guang	屈光	48
feng lin	峰林	48
cui jian	崔健	48
yin	崟	48
gong zuo bu	工作部	48
gong cheng liang	工程量	48
zuo lu jun	左路军	48
ba ke	巴克	48
ba ke te	巴克特	48
shi zhong qu	市中区	48
shi fu	市府	48
bu la ma pu te la he	布拉马普特拉河	48
ping yi	平易	48
ping liu ceng	平流层	48
huan mie	幻灭	48
you yan	幽燕	48
kang nai er da xue	康奈尔大学	48
jian yi shu	建议书	48
kai feng shi	开封市	48
kai men hong	开门红	48
yin jing	引颈	48
zhang jia yin	张佳胤	48
zhang xue mei	张雪梅	48
dan jia	弹夹	48
bi	弻	48
gui wei	归位	48
jing ji	径迹	48
de ke lei ke	德克勒克	48
ren ru fu zhong	忍辱负重	48
zong zhi hui bu	总指挥部	48
zong fang zhen	总方针	48
xun	恂	48
yun dai ying	恽代英	48
dao ci	悼词	48
qing you ke yuan	情有可原	48
can jiao sheng	惨叫声	48
wei wen tuan	慰问团	48
bie men	憋闷	48
xi xiao	戏校	48
cheng ming	成命	48
cheng yu	成鱼	48
jie jiu	戒酒	48
qiang hai	戕害	48
zha dui	扎堆	48
tuo luo ci ji	托洛茨基	48
sao lei jian	扫雷舰	48
tou shou	投手	48
tou ji zhe	投机者	48
zhe zhong	折中	48
tuo chang	拖长	48
zhao lu	招录	48
ni he	拟合	48
yong zheng ai min	拥政爱民	48
an dong	按动	48
huan wen	换文	48
huan fang	换防	48
zuo	捽	48
tui san zu si	推三阻四	48
cha cao	插槽	48
cha hua	插花	48
yuan jian	援建	48
xing	擤	48
zhi cheng dian	支撑点	48
shou fu	收服	48
gai pan	改判	48
zheng shen	政审	48
di zhong wo gua	敌众我寡	48
jiu jia	救驾	48
ao bao	敖包	48
shu qian wan	数千万	48
zheng bei	整备	48
zheng ri jia	整日价	48
wen hua gong	文化宫	48
jin liang	斤两	48
si bin sai	斯宾塞	48
xin jiang sheng chan jian she bing tuan	新疆生产建设兵团	48
xin wen gong bao	新闻公报	48
ni	旎	48
wu chan	无产	48
wu jian	无间	48
ri guang yu	日光浴	48
ri hua	日化	48
jiu cheng qu	旧城区	48
zao xie	早泄	48
zao shuai	早衰	48
han qing	旱情	48
hun si	昏死	48
huang you	晃悠	48
huang yan	晃眼	48
wan feng	晚风	48
liang shai	晾晒	48
an hei	暗黑	48
ye guang dan	曳光弹	48
you zi you wei	有滋有味	48
qu	朐	48
mu jiang	木桨	48
wei ji	未几	48
ben dang	本当	48
ben ri	本日	48
ben tian	本田	48
ji jian	机件	48
li xian feng	李仙风	48
li guo hao	李国豪	48
li zi shu	李子树	48
li guang	李广	48
li jian bo	李建波	48
tiao deng	条凳	48
ban yuan	板垣	48
lin chan	林产	48
ku zuo	枯坐	48
ku gao	枯槁	48
biao pai	标牌	48
biao liang	标量	48
shu di	树敌	48
shu zhuang	树桩	48
ge ling lan dao	格陵兰岛	48
sang ye	桑叶	48
hua mu	桦木	48
geng se	梗塞	48
li shu	梨树	48
gun er	棍儿	48
tai	檯	48
zhi yang	止痒	48
bu tai	步态	48
si wang xian	死亡线	48
si ban	死板	48
xun qing	殉情	48
mei jian	每间	48
du cao	毒草	48
mao mao	毛毛	48
shui qin	水禽	48
yong feng	永丰	48
qiu ai	求爱	48
ru yang wang	汝阳王	48
he zhou	河州	48
you zhuang	油状	48
you qiang hua diao	油腔滑调	48
po tou	泊头	48
fan lan cheng zai	泛滥成灾	48
bo li	波里	48
zhu she qi	注射器	48
hong shui fan lan	洪水泛滥	48
liu zhu	流注	48
liu nao	流脑	48
hun ran bu jue	浑然不觉	48
nong hei	浓黑	48
lang ren	浪人	48
fu shi de	浮士德	48
hai sun	海损	48
juan juan	涓涓	48
zi chuan	淄川	48
shen shi	深市	48
tian ma fan	添麻烦	48
wen xian	温县	48
wen jia zhuang	温家庄	48
you lie	游猎	48
xiang yin	湘阴	48
zi shi	滋事	48
man han	满含	48
man geng ge	满庚哥	48
man qiang re qing	满腔热情	48
pa	潖	48
pan duo la	潘多拉	48
su	潚	48
qian tai ci	潜台词	48
qian hui	潜回	48
qian xing	潜行	48
chao yong	潮涌	48
mie zu	灭族	48
deng shi	灯市	48
wei	炜	48
yan bo	烟波	48
yan mei	烟煤	48
bei shao	焙烧	48
jiao tang	焦糖	48
jiao lv bu an	焦虑不安	48
shu ji	熟记	48
pai bian	牌匾	48
niu cheng xiang	牛丞相	48
wu hou	物候	48
qian qiang	牵强	48
te li	特力	48
te qin	特勤	48
kuang quan bing	狂犬病	48
lang shan	狼山	48
lie huo	猎获	48
cai duo	猜度	48
yu tu	玉兔	48
yu pan	玉盘	48
ma li xian	玛丽仙	48
ban ji	班吉	48
ban di an	班迪安	48
hu	瓠	48
gan fu ren	甘夫人	48
gan ku	甘苦	48
sheng leng	生冷	48
sheng cheng wu	生成物	48
yong jin	用劲	48
tian shu	田鼠	48
dian tong	电筒	48
liao zhi	疗治	48
jiu	疚	48
bing jia	病假	48
chi chi di	痴痴地	48
bai da gua	白大褂	48
bai hai	白海	48
pi zhi xian	皮脂腺	48
jian zhi	监制	48
dao mai	盗卖	48
pan ya ji	盘丫吉	48
ming	眀	48
qu shi si	瞿式耜	48
jue shuo	矍铄	48
shi kou fou ren	矢口否认	48
zhu	砫	48
po xiao	破晓	48
za kai	砸开	48
li rang	礼让	48
zu ju	祖居	48
zhu ying tai	祝英台	48
shen xing tai bao	神行太保	48
ji yi	祭仪	48
huo tai	祸胎	48
si qi	私企	48
si di xia	私底下	48
zhong shu	种数	48
ji yuan	积怨	48
chen xin ru yi	称心如意	48
yi shi	移师	48
shui wu ju	税务局	48
mu si bao	穆斯堡	48
qiong lu	穹庐	48
kui ce	窥测	48
xi	窸	48
hong	竑	48
ya	笌	48
di yi zhan	第一站	48
di er fen	第二份	48
di liu wei	第六位	48
guan	筦	48
shi	筮	48
yue	箹	48
xian	籼	48
po	粕	48
yue xi	粤西	48
yue yu	粤语	48
hu zhuang	糊状	48
shu	紓	48
su zhi	素志	48
zi wen da	紫文大	48
zi sha hu	紫砂壶	48
chou	紬	48
lei jia	累加	48
yun	緷	48
gu	縎	48
fan hua	繁花	48
hong si	红丝	48
hong er fang mian jun	红二方面军	48
chun yi	纯一	48
sha deng	纱灯	48
na sai er	纳赛尔	48
zu dui	组队	48
jing ji bu	经济部	48
jie hun zheng	结婚证	48
jie gou zhu yi	结构主义	48
jie yuan	结缘	48
jie dui	结队	48
wei te	维特	48
mian mi	绵密	48
hui	缋	48
bian ding	编订	48
que huo	缺货	48
luo zhang long	罗章龙	48
qun ying hui	群英会	48
lao da niang	老大娘	48
nai yao xing	耐药性	48
chu	耡	48
er dao	耳道	48
lian hua	联华	48
chang geng zu	肠梗阻	48
gu gong	股肱	48
dan jie shi	胆结石	48
sheng lv	胜率	48
sheng su	胜诉	48
xiong wei	胸围	48
qi dai	脐带	48
nao li lao dong zhe	脑力劳动者	48
bi li	臂力	48
zi you zhi ye zhe	自由职业者	48
liang xing zhong liu	良性肿瘤	48
liang ma	良马	48
se jue	色觉	48
yi shu zhan	艺术展	48
qi	芑	48
qin	芩	48
hua bo yuan	花博园	48
su tai de	苏台德	48
ruo gan bei	若干倍	48
ruo ran	若然	48
fan shi	范式	48
mao ce	茅厕	48
cha gang	茶缸	48
dang qi	荡起	48
yao fei	药费	48
huo de xing	获得性	48
chun	莼	48
ling jiao	菱角	48
luo ying	落英	48
meng gu ma	蒙古马	48
wei ran cheng feng	蔚然成风	48
xu wu piao miao	虚无缥缈	48
feng yong er zhi	蜂拥而至	48
feng wang	蜂王	48
zhi zhu wang	蜘蛛网	48
xue zhong	血肿	48
hang lie shi	行列式	48
bei zhan ling tu	被占领土	48
lie jie	裂解	48
ku yao dai	裤腰带	48
da	褡	48
xi ao	西奥	48
shang	觞	48
jie nan	解难	48
yan zhong	言重	48
jing ti xing	警惕性	48
jing bao qi	警报器	48
tao huan	讨还	48
xun ling	训令	48
ne he	讷河	48
xu xian min	许宪民	48
lun jian	论剑	48
wu du	误读	48
shuo ke	说客	48
nuo ji ya gong si	诺基亚公司	48
ke zhuo	课桌	48
tiao wei liao	调味料	48
di ting	谛听	48
chen yu	谶语	48
fei de lei	费德勒	48
he feng ying	贺凤英	48
zi chan zhe	资产者	48
zan pu	赞普	48
jiu	赳	48
zhao qing hua	赵庆华	48
zhao zhi gao	赵志皋	48
zhao xin ting	赵欣婷	48
chen huo da jie	趁火打劫	48
chao dao dian xing	超导电性	48
pao che	跑车	48
gui fu	跪伏	48
lu yan	路演	48
lu zhi pei	路芷佩	48
nie zu	蹑足	48
shen ban	身板	48
che shou	车手	48
zha gang	轧钢	48
lun ban	轮班	48
lun zhuan	轮转	48
zai dan liang	载弹量	48
shu song ji	输送机	48
da ka er	达喀尔	48
jin ri lai	近日来	48
jin yi	进益	48
zhui jiao	追剿	48
ni shi zhen	逆时针	48
tong yong qi che gong si	通用汽车公司	48
su ji	速记	48
yi zeng	遗赠	48
yao kong qi	遥控器	48
yu jiang	郁江	48
bu shou	部首	48
jiu yao	酒肴	48
kun	醌	48
li yun he	里运河	48
chong dao fu zhe	重蹈覆辙	48
da	鎝	48
tang	钂	48
zhen kong	针孔	48
qian	钎	48
diao yu tai guo bin guan	钓鱼台国宾馆	48
niu kou	钮扣	48
zuan xin	钻心	48
tie niu	铁牛	48
tong zhi	铜制	48
yin hui se	银灰色	48
yin bai	银白	48
pu pai	铺排	48
e	锷	48
zhang ge	长葛	48
men	門	48
xian zuo	闲坐	48
yang gou	阳沟	48
yin cha yang cuo	阴差阳错	48
a se	阿瑟	48
a nuo de	阿诺德	48
xiang fu	降伏	48
chu chong ju	除虫菊	48
ge shi	隔世	48
ji yue	集约	48
yong rong hua gui	雍容华贵	48
qing guang yan	青光眼	48
qing huang bu jie	青黄不接	48
han shan tong	韩山童	48
han de cai	韩德彩	48
yin yue xi	音乐系	48
gu huai yuan	顾怀远	48
gu xi	顾惜	48
ban ci	颁赐	48
yu re	预热	48
ling guan	领馆	48
ke li wu	颗粒物	48
ti wai	题外	48
piao bo	飘泊	48
fei xing dui	飞行队	48
san	馓	48
shou yi	首义	48
xiang mao	香茅	48
ma liu he	马六河	48
shi jin	驶近	48
ma ming	骂名	48
kui bei ke sheng	魁北克省	48
wei zheng	魏征	48
mo zhao	魔爪	48
bo ge	鹁鸽	48
guan	鹳	48
ma la	麻辣	48
huang you	黄鼬	48
mo li	默里	48
ji	齎	48
long dao zhu	龙岛主	48
yi ge jin	一个劲	47
yi ge pai	一个排	47
yi jiu wu	一九五	47
yi dun	一吨	47
yi bi xiang	一壁厢	47
yi shu	一数	47
yi bu dao wei	一步到位	47
yi bing bu qi	一病不起	47
yi mian zhi ci	一面之辞	47
ding zhen wu	丁真吾	47
qi wan	七万	47
qi tao	七套	47
wan si bu ci	万死不辞	47
san shi liu ge	三十六个	47
san ming	三明	47
san sheng	三生	47
san wei kong jian	三维空间	47
san jin	三进	47
shang hai bei er	上海贝尔	47
xia bu liao tai	下不了台	47
xia bu lai	下不来	47
bu tong dian	不同点	47
bu kan hui shou	不堪回首	47
bu an	不谙	47
bu lu sheng se	不露声色	47
chou hua	丑化	47
chou xing	丑行	47
zhuan ye dui kou	专业对口	47
ye wu liang	业务量	47
si zhi wu	丝织物	47
liang kou er	两口儿	47
liang hui shi	两回事	47
liang chuang	两幢	47
zhong guo min zhu zheng tuan tong meng	中国民主政团同盟	47
zhong shan lang	中山狼	47
zhong er	中耳	47
zhong hang	中航	47
dan hu	丹湖	47
zhu xu xing	主序星	47
jiu bie	久别	47
le ling	乐陵	47
jiu quan	九泉	47
luan ma	乱麻	47
er shi yuan	二十元	47
er shi liu sui	二十六岁	47
er tan	二滩	47
kui sun e	亏损额	47
yun nan da xue	云南大学	47
yun nan hong ta ji tuan	云南红塔集团	47
yun tu	云图	47
wu sa	五卅	47
wu sheng	五声	47
wu fu	五服	47
jing tian zhi	井田制	47
ya su hai	亚速海	47
ren kun ma fa	人困马乏	47
ren min da xue	人民大学	47
ren chao	人潮	47
ren zao xian wei	人造纤维	47
cong zhong	从众	47
dai gong	代工	47
ling hu shao xia	令狐少侠	47
yi rong	仪容	47
jia zhi lun	价值论	47
ren lao ren yuan	任劳任怨	47
ren tian tang	任天堂	47
yi lang yu	伊朗语	47
you sheng xue	优生学	47
chuan yue	传阅	47
wei lie	伪劣	47
di yu	低语	47
shi yi	使役	47
mou	侔	47
bao zhun	保准	47
bao jia li ya ren	保加利亚人	47
xin fu	信佛	47
xin er	信儿	47
xiu tong	修通	47
jie ru zhe	借入者	47
qian ying	倩影	47
xie tong	偕同	47
sha li sha qi	傻里傻气	47
guang pu yi	光谱仪	47
gong tong she	共同社	47
guan zhu dian	关注点	47
yang jia hu kou	养家糊口	47
jian cheng	兼程	47
nei hao	内耗	47
nei lu he	内陆河	47
dong nuan xia liang	冬暖夏凉	47
bing bi	冰壁	47
bing ji ling	冰激凌	47
ji bi	几笔	47
fan jian	凡间	47
feng lai yi	凤来仪	47
chu xie liang	出血量	47
chu men zai wai	出门在外	47
dao xuan	刀旋	47
fen ce	分册	47
fen gong he zuo	分工合作	47
liu xin wu	刘心武	47
liu chan	刘禅	47
chuang tou	创投	47
chu jian cheng xiao	初见成效	47
li shi	利湿	47
zhi ban	制版	47
ti dao	剃刀	47
qian zhan	前瞻	47
sheng cai	剩菜	47
quan jin	劝进	47
jia ji	加急	47
jia re qi	加热器	47
yong duo	勇夺	47
lei si	勒斯	47
bao chan	包产	47
shi liu jie	十六届	47
shi si hang shi	十四行诗	47
shi fang	十方	47
shi lu	十路	47
zhuo bu fan	卓不凡	47
dan lie	单列	47
dan tong	单通	47
nan jie	南街	47
wo shi	卧式	47
wei sheng yuan	卫生员	47
hou zang	厚葬	47
shuang ta	双塔	47
shuang tou	双头	47
shuang ji dao	双季稻	47
fa zhan shang	发展商	47
kou tou wen xue	口头文学	47
kou gan she zao	口干舌燥	47
gu si	古寺	47
ling jia	另加	47
ke ka yin	可卡因	47
you dou yu shi	右都御史	47
si ju	司局	47
he long	合龙	47
diao tong	吊桶	47
tong zhi hui	同志会	47
tong cun	同村	47
tu kou	吐口	47
xiang xin	向心	47
jun lin	君临	47
wu zhong ping	吴仲平	47
wu guo dong	吴国栋	47
fu nan	呋喃	47
he yi	和易	47
he xiao xia	和晓霞	47
yong tan diao	咏叹调	47
xiang jian	响箭	47
tang de zong	唐德宗	47
li	唳	47
ka shan	喀山	47
shan ju	善举	47
kui	喹	47
si wu nian	四五年	47
si wu bai	四五百	47
si bai liang	四百两	47
guo nei ge ming zhan zheng	国内革命战争	47
yuan yue	圆月	47
quan yi	圈椅	47
di fang hua	地方化	47
di pei	地陪	47
fen chang	坟场	47
zhui er	坠儿	47
tan cheng	坦承	47
ai si te	埃斯特	47
ju	埧	47
bi lu	壁炉	47
chu xing	处刑	47
fu kan	复刊	47
fu xing	复星	47
xi yang xi xia	夕阳西下	47
wai zhao	外罩	47
wai pei ceng	外胚层	47
duo mei ti ji shu	多媒体技术	47
duo hu	多户	47
duo mao	多毛	47
gou peng you	够朋友	47
da you zuo wei	大有作为	47
da qiang	大枪	47
da tian	大田	47
da lao po	大老婆	47
da lao yuan	大老远	47
da xi bei	大西北	47
da xiang	大项	47
tian xia da zhi	天下大治	47
tian chang ri jiu	天长日久	47
tou ming	头名	47
tou hun nao zhang	头昏脑胀	47
tou gai	头盖	47
jia ju	夹具	47
feng diao	奉调	47
tao jin hu	套近乎	47
ao lin pi	奥林匹	47
nv wu	女巫	47
hao xue	好学	47
ru lv bo bing	如履薄冰	47
wei er si	威尔斯	47
han	嫨	47
nen zhi	嫩枝	47
zi er	子儿	47
sun xian sheng	孙先生	47
an jian gang	安健刚	47
an da lve hu	安大略湖	47
an ti du	安提督	47
an shi	安适	47
guan ting	官厅	47
ding xiang	定襄	47
shi jing	实景	47
ke hu duan	客户端	47
bin xi fa ni ya zhou	宾夕法尼亚州	47
su xian	宿县	47
ji chu	寄出	47
fu kuang	富矿	47
shou tai lang	寿太郎	47
shou chen	寿辰	47
she jie	射界	47
xiao ge zi	小个子	47
xiao er ke	小儿科	47
shao xian dui	少先队	47
jian xi	尖细	47
yue lao san	岳老三	47
xun	峋	47
dong	峒	47
ta	崉	47
xun dao	巡道	47
gong kuang qu	工矿区	47
zuo lun shou qiang	左轮手枪	47
gong xian	巩县	47
ji jian	己见	47
shi chan	市廛	47
bu pian	布片	47
mao zi xi fa	帽子戏法	47
gan ke	干渴	47
gan shou	干瘦	47
ping wen	平纹	47
ping heng dian	平衡点	47
guang yuan	广元	47
guang zhou jun qu	广州军区	47
ying yong ke xue	应用科学	47
fu la ji mi er	弗拉基米尔	47
zhang bo ling	张伯苓	47
zhang bang	张榜	47
tao	弢	47
xian zi	弦子	47
dan keng	弹坑	47
gui xiang	归乡	47
xing shi mei	形式美	47
xing xiang hua	形象化	47
xing hai	形骸	47
zheng hun	征婚	47
tu zhong	徒众	47
tu zi tu sun	徒子徒孙	47
xun huan wang fu	循环往复	47
xin fu zhi huan	心腹之患	47
xin fu da huan	心腹大患	47
nian bai	念白	47
huai ren tang	怀仁堂	47
ji bu ke dai	急不可待	47
qie sheng sheng	怯生生	47
zong ti er yan	总体而言	47
zong shang hui	总商会	47
zong hui	总汇	47
hen shi	恨事	47
e nian	恶念	47
han jiang	悍将	47
hui wu	悔悟	47
huan nan yu gong	患难与共	47
xuan kong si	悬空寺	47
huang huang	惶惶	47
huang huang bu ke zhong ri	惶惶不可终日	47
chou mei bu zhan	愁眉不展	47
yi qi yong shi	意气用事	47
huang li huang zhang	慌里慌张	47
qi	憩	47
meng	懜	47
zhan lve wu zi	战略物资	47
zhan ying	战鹰	47
jie zhi	截肢	47
hu hu	户户	47
suo si	所思	47
fu yu	扶余	47
zhua er nao sai	抓耳挠腮	47
dou sou	抖擞	47
kang ri jun zheng da xue	抗日军政大学	47
fu yuan	抚远	47
ao kou	拗口	47
zhao gong	招供	47
zhao yong	招用	47
bai fu	拜服	47
yong jun you shu	拥军优属	47
chi jiu xing	持久性	47
zhi hui jian	指挥舰	47
nao tou	挠头	47
dang jian pai	挡箭牌	47
sun bing zhe jiang	损兵折将	47
huan xi	换洗	47
huan yao	换药	47
pai cha	排查	47
pai kong	排空	47
ti shui	提水	47
qian	揵	47
tan dian	摊点	47
sa ding	撒丁	47
cao zuo zhe	操作者	47
pan yuan	攀缘	47
gu shi ji	故事集	47
di wo mao dun	敌我矛盾	47
jiu ming dao cao	救命稻草	47
jiao chang	教场	47
san wen shi	散文诗	47
shu shi jia	数十家	47
shu bei	数杯	47
wen xue ge ming	文学革命	47
wen gong tuan yuan	文工团员	47
wen guang	文广	47
xie kao	斜靠	47
duan qiao	断桥	47
duan dian	断电	47
xin tian di	新天地	47
xin ao er liang	新奥尔良	47
xin jiang di qu	新疆地区	47
pang zhi	旁支	47
lv you bu	旅游部	47
lv fei	旅费	47
qi gu	旗鼓	47
wu li wai	无例外	47
ri quan shi	日全食	47
shi dai gan	时代感	47
shi xu	时序	47
chang dou	昌都	47
ming ling jin zhi	明令禁止	47
ming tang	明堂	47
zhao tong	昭通	47
jin dong nan	晋东南	47
sheng	晠	47
jing ren gong	景仁宫	47
zan ding	暂定	47
pu shai	曝晒	47
qu fu	曲府	47
zui di jia	最低价	47
you jian yu	有鉴于	47
mu ji	木屐	47
mu ben zhi wu	木本植物	47
wei lai zhu yi	未来主义	47
zhu meng chun	朱孟春	47
zhu wen	朱文	47
sha ren ru ma	杀人如麻	47
za se	杂色	47
quan shu	权术	47
yang cheng wu	杨成武	47
ji xing	极刑	47
lin ye bu	林业部	47
guo ren	果仁	47
zhi cha	枝杈	47
zha	柞	47
cha cha	查察	47
cha wei si	查韦斯	47
liu shu xia	柳树下	47
chai men	柴门	47
he guo jia	核国家	47
gen liu	根瘤	47
gen liu jun	根瘤菌	47
jie ao bu xun	桀骜不驯	47
sang si er	桑斯儿	47
sang zi	桑梓	47
qiao ben long tai lang	桥本龙太郎	47
mian xie	棉鞋	47
yue	樾	47
ci sheng bo	次声波	47
ci guan	次官	47
ci xi	次席	47
ou mu ding lv	欧姆定律	47
yu ba bu neng	欲罢不能	47
qi man	欺瞒	47
zheng dong	正东	47
zheng zhi	正职	47
zheng feng	正逢	47
wu wei	武卫	47
wu chuan	武川	47
can ji	残迹	47
yun	殒	47
mao chong	毛虫	47
qi mi	气密	47
shui jiao di	水浇地	47
yong tai	永泰	47
chen ji ceng	沉积层	47
mei jing da cai	没精打采	47
bo feng	波峰	47
bo li er xiang xing	波粒二象性	47
zhu yin	注音	47
lei ru quan yong	泪如泉涌	47
xie xia	泻下	47
xi xue	洗雪	47
dong xiao	洞箫	47
pai xing	派性	47
qian lv	浅绿	47
hai sen bo	海森伯	47
shen jia gong	深加工	47
hun xue er	混血儿	47
qing jiao	清剿	47
qing jun ce	清君侧	47
yu huo liang	渔获量	47
xiang zhong	湘中	47
man zuo	满座	47
man man dang dang	满满当当	47
lv zhi	滤纸	47
yan bo shi	演播室	47
pan min li	潘敏立	47
chan yuan	澶渊	47
guan mu lin	灌木林	47
huo gong	火工	47
huo kang	火炕	47
zhuo shao	灼烧	47
zhi re	炙热	47
dian ji lv	点击率	47
shao yao	烧窑	47
jian bing	煎饼	47
zhao zhe	照着	47
xi feng	熄风	47
shu shi wu du	熟视无睹	47
ran liao xiang	燃料箱	47
cuan	爨	47
pa chong	爬虫	47
pai hao	牌号	47
ya gen	牙根	47
niu ru	牛乳	47
niu you	牛油	47
mu niu	牡牛	47
qian xian da qiao	牵线搭桥	47
te kun hu	特困户	47
kuang wang zi da	狂妄自大	47
du shan	独山	47
meng zhang	猛涨	47
yu bi	玉璧	47
wang cong zhou	王从周	47
ling long ti tou	玲珑剔透	47
zhu hai shi	珠海市	47
pi pa gu	琵琶骨	47
sheng yan	生厌	47
dian zi dui	电子对	47
dian dao lv	电导率	47
dian jie ye	电解液	47
nan xing hua	男性化	47
jie shan	界山	47
yi bing	疑兵	47
feng bing	疯病	47
gu ji	痼疾	47
bai hong guan ri	白虹贯日	47
bai xing jia	百姓家	47
yan guan	盐官	47
jian lao	监牢	47
xiang dou	相斗	47
zhen dao zhen qiang	真刀真枪	47
liao wang tai	瞭望台	47
shi da kai	石达开	47
ya	砑	47
che	砗	47
feng	砜	47
po chu mi xin	破除迷信	47
lin suan hua	磷酸化	47
shen nv	神女	47
fu ze yu	福泽喻	47
li he	离合	47
si chou	私仇	47
zhong shu	种树	47
ke luo er	科洛尔	47
ke yan yuan suo	科研院所	47
kong zhong ke che	空中客车	47
yao tiao	窈窕	47
chuang bo li	窗玻璃	47
jing jia	竞价	47
zhu mie	竹篾	47
xiao ying ying	笑盈盈	47
gu	笟	47
di yi ba	第一把	47
di er shi wu	第二十五	47
di shi si jie	第十四届	47
qiong	筇	47
guan li suo	管理所	47
guan guan	管管	47
cu cu	簇簇	47
jing cai	精采	47
jin zhui	紧追	47
jin lin	紧邻	47
zhi	紩	47
xu xu dao dao	絮絮叨叨	47
ji bing chuan	纪冰川	47
zong heng jia	纵横家	47
jing mao wei	经贸委	47
jie he dian	结合点	47
lv zhu shi	绿柱石	47
ying	罂	47
luo li ru	罗立如	47
mei ren ji	美人计	47
mei rong shi	美容师	47
qun ce qun li	群策群力	47
yu yi	羽衣	47
lao dong zi	老冬子	47
lao tai long zhong	老态龙钟	47
lao wo	老窝	47
ju yi	聚义	47
ju ben yi xi	聚苯乙烯	47
tai ti	胎体	47
ji suo dong wu	脊索动物	47
nao gua	脑瓜	47
lian dan er	脸蛋儿	47
yao yan	腰眼	47
yao gu	腰鼓	47
ni fan	腻烦	47
zi fa xing	自发性	47
zi xun duan jian	自寻短见	47
zhi gong dang	致公党	47
chuan yong	船用	47
se xiang	色相	47
se lei si	色雷斯	47
yi shu shi	艺术史	47
hua huan	花环	47
ruo guo	若果	47
cao an	草庵	47
ju xian	莒县	47
fei li pu	菲利普	47
ying	萤	47
xiao bo na	萧伯纳	47
cong long	葱茏	47
hong	薨	47
xu du	虚度	47
you	蚰	47
chun	蝽	47
rong xue	融雪	47
chun ren	蠢人	47
xue qing xue	血清学	47
xing shi zou rou	行尸走肉	47
xing de tong	行得通	47
jie men	街门	47
biao xiong	表兄	47
lie kou	裂口	47
ken	褃	47
xi nan mian	西南面	47
xi ji	西吉	47
jian li wang yi	见利忘义	47
jian guan	见惯	47
guan zhan	观瞻	47
jue li	角力	47
jie fang bao	解放报	47
fu	讣	47
ji xu wen	记叙文	47
ne ne	讷讷	47
xu duo tian	许多天	47
shi ban	试办	47
shuo mei	说媒	47
diao cha tuan	调查团	47
mou mian	谋面	47
dou fu gan	豆腐干	47
bei sai er	贝塞尔	47
gui zhou gao yuan	贵州高原	47
fei jin xin ji	费尽心机	47
jia shi dao	贾似道	47
zi shui	资水	47
shu shen	赎身	47
chi bo	赤膊	47
zhao wu ling	赵武灵	47
qi jian	起见	47
zu zong bei	足总杯	47
ta kan	踏勘	47
cu mei	蹙眉	47
shen shou yi chu	身首异处	47
che ci	车次	47
ruan xing	软性	47
hong xiang	轰响	47
qing kuang	轻狂	47
lu lu	辘轳	47
bian ming	辩明	47
liao dong wan	辽东湾	47
da la si	达拉斯	47
jin si zhi	近似值	47
ya	迓	47
yuan jiao	远郊	47
er	迩	47
die chu	迭出	47
zhui jiao	追缴	47
shi yong xing	适用性	47
zao zhi shu	造纸术	47
deng en ming	邓恩铭	47
xie shuo	邪说	47
yun cheng	郓城	47
pi xian	郫县	47
e bi he	鄂毕河	47
xian lv	酰氯	47
suan du	酸度	47
cai feng	采风	47
li ni	里尼	47
li long	里弄	47
zhong dian xian	重点线	47
zhong fu	重负	47
jin xi	金熙	47
jin biao	金表	47
tie ding	铁定	47
tie zhang	铁杖	47
tie ci ti	铁磁体	47
lv zhi	铝制	47
chan ping	铲平	47
pu wei	铺位	47
rui yi jin qu	锐意进取	47
cuo zong	错综	47
cuo luo you zhi	错落有致	47
jin yi yu shi	锦衣玉食	47
chang cun	长存	47
chang men	长门	47
chang dui	长队	47
men pang	门旁	47
men huan	门环	47
shan duo	闪躲	47
wen ding	问鼎	47
chuang guan	闯关	47
yan luo wang	阎罗王	47
lan wei yan	阑尾炎	47
yin mou jia	阴谋家	47
a mu er he	阿穆尔河	47
chen chong	陈冲	47
nan yi wang huai	难以忘怀	47
ya su gong shang	雅俗共赏	47
ya xing	雅兴	47
ji zhong qu	集中区	47
diao ke jia	雕刻家	47
ling luo	零落	47
qing nian bao	青年报	47
fei tong	非同	47
yin yue ju	音乐剧	47
yin yue jie	音乐节	47
feng ge ge yi	风格各异	47
liu fen	馏分	47
shou kai	首开	47
xiang ge li la	香格里拉	47
ma bang	马帮	47
ma sa zhu sai	马萨诸塞	47
ma ma lie lie	骂骂咧咧	47
gu ban	骨板	47
gao shi xuan	高世宣	47
ti	髰	47
lu er	鲁尔	47
lu zhang lao	鲁长老	47
xian wei	鲜味	47
qing	鲭	47
ji mao suan pi	鸡毛蒜皮	47
mai dao	麦道	47
huang shan nv zi	黄衫女子	47
qian bei	黔北	47
qi tou bing jin	齐头并进	47
ju yu	龃龉	47
long tan hu xue	龙潭虎穴	47
yi wan yu	一万余	46
yi er nian	一二年	46
yi qu bu fu fan	一去不复返	46
yi sao er guang	一扫而光	46
yi bu deng tian	一步登天	46
yi lan biao	一览表	46
yi guan xing	一贯性	46
yi mian zhi yuan	一面之缘	46
ding da quan	丁大全	46
qi qi	七七	46
wan dun lun	万吨轮	46
san wan yu	三万余	46
san ya shi	三亚市	46
san shi san	三十三	46
san shi yu wan	三十余万	46
san shi juan	三十卷	46
san huan gu fen	三环股份	46
san bai duo	三百多	46
shang dong	上东	46
shang hai dian ying zhi pian chang	上海电影制片厂	46
shang yao	上药	46
bu xia yu	不下于	46
bu wei suo dong	不为所动	46
bu xue wu shu	不学无术	46
bu sheng de	不省得	46
bu jie meng yun dong	不结盟运动	46
bu ci lao ku	不辞劳苦	46
bu sui	不遂	46
chou tai	丑态	46
shi ju	世居	46
dong dong	东东	46
dong dao guo	东道国	46
liang chuan	两串	46
liang bi	两壁	46
yan xing jun fa	严刑峻法	46
yan da	严打	46
sang shen	丧身	46
zhong cheng	中丞	46
zhong guo nv lan	中国女篮	46
zhong du zhe	中毒者	46
lin chan	临产	46
lin xia	临夏	46
zhu xiang	主项	46
ju shi wu shuang	举世无双	46
ju zhai	举债	46
yi wu bing yi zhi	义务兵役制	46
wu zi bie ke	乌孜别克	46
guai jue	乖觉	46
jiu shi jiu	九十九	46
shu bao	书报	46
ju	乬	46
shi chu you yin	事出有因	46
shi wu chu	事务处	46
er shi yu zhao	二十余招	46
er wai	二外	46
er deng gong	二等功	46
yun meng qin	云梦秦	46
wu yi jie	五一节	46
wu qi	五七	46
wu shi si	五十四	46
wu qian yu	五千余	46
wu jin	五斤	46
ya tai dui	亚泰队	46
jiao tong hao	交通壕	46
ren qing shi gu	人情世故	46
ren wu	人武	46
ren min zheng quan	人民政权	46
jin zhi	仅只	46
dai shu he	代数和	46
yang yong	仰泳	46
yi wu	伊吾	46
yi lang zheng fu	伊朗政府	46
yi dian yuan	伊甸园	46
jin	伒	46
bo ge	伯格	46
dan chong zhen	但崇祯	46
di xue ya	低血压	46
zhu zui	住嘴	46
zuo fu	佐夫	46
fo guang	佛光	46
fo hao	佛号	46
fo men di zi	佛门弟子	46
gong ti	供体	46
gong qi	供气	46
gong guo yu qiu	供过于求	46
ping	俜	46
bao hu guan shui	保护关税	46
xiu hao	修好	46
ju jia	俱佳	46
jie yue	借阅	46
chu xiu gong	储秀宫	46
sha shi	傻事	46
xiang mu xiang yang	像模像样	46
zai	儎	46
xian tian bu zu	先天不足	46
xian feng pai	先锋派	46
guang fu she	光辐射	46
quan guo jia ri ban	全国假日办	46
quan guo ke xue da hui jiang	全国科学大会奖	46
gong ce	公厕	46
gong an chu	公安处	46
nei ren	内人	46
zai shi	再世	46
mao xian xing	冒险性	46
nong mang	农忙	46
bing qing yu jie	冰清玉洁	46
leng yan pang guan	冷眼旁观	46
ji shi tiao	几十条	46
ji qian ming	几千名	46
ji zhi	几枝	46
ji ping	几瓶	46
chu kou chu	出口处	46
liu yan zong	刘彦宗	46
ge li	割礼	46
li fan dui	力帆队	46
ban gong hui yi	办公会议	46
zhu ji	助剂	46
lao dong bu	劳动部	46
lao min shang cai	劳民伤财	46
bo lan deng bao	勃兰登堡	46
lei na he	勒拿河	46
bao fang	包房	46
pao	匏	46
bei jing huo che zhan	北京火车站	46
bei jie	北街	46
fei shou	匪首	46
yi xue lei	医学类	46
ni ming xin	匿名信	46
shi xiang	十项	46
qian jin xiao jie	千金小姐	46
ban xia	半夏	46
hua yan zong	华严宗	46
hua sheng dun zhou	华盛顿州	46
dan jian	单件	46
mai guai	卖乖	46
nan hui gui xian	南回归线	46
nan he	南河	46
zhan you zhe	占有者	46
lu tai yu	卢泰愚	46
yin shua ye	印刷业	46
wei dai	危殆	46
ya sui qian	压岁钱	46
fan shi	反是	46
fa leng	发冷	46
fa zhan qi	发展期	46
fa fen	发愤	46
bian yi	变易	46
tai dong	台东	46
you fang	右方	46
ye la shi	叶蜡石	46
chi hun	吃荤	46
ge juan	各卷	46
ge zhan	各站	46
ji xiang ru yi	吉祥如意	46
diao huan	吊环	46
tong lie	同列	46
lv dong bin	吕洞宾	46
tun fu	吞服	46
qi gong	启功	46
zhi ya	吱呀	46
yin duo	吲哚	46
cheng wen	呈文	46
zhou yun yang	周云阳	46
zhou qi lv	周期律	46
ha shi	哈市	46
ya ling	哑铃	46
hua la hua la	哗啦哗啦	46
tang san cai	唐三彩	46
chang fa	唱法	46
shang jian ming	商剑鸣	46
qi	啓	46
ga zhi	嘎吱	46
si bei	四倍	46
si zhi	四支	46
si huan	四环	46
si jie	四节	46
guo jia gu	国家股	46
guo ji gong yun	国际共运	46
tu zhang	图章	46
tu jian	土建	46
sheng xin	圣心	46
di fang jun	地方军	46
sai er	塞尔	46
mo he	墨盒	46
fu xing dang	复兴党	46
fu he shi	复合式	46
fu huo jie dao	复活节岛	46
wai jiao shi	外交史	46
duo yun	多云	46
duo ni	多尼	46
duo zhong xing shi	多种形式	46
duo ke xing	多科性	46
da hua	大化	46
da si nong	大司农	46
da tong shi	大同市	46
da zhao si	大昭寺	46
da qu	大曲	46
da you bi yi	大有裨益	46
da wu	大武	46
da fa guan	大法官	46
da yan	大盐	46
da cong	大葱	46
tian ya	天崖	46
tian jin tai da	天津泰达	46
fu xu	夫婿	46
ru lang si hu	如狼似虎	46
min	姄	46
wei lian si	威廉斯	46
chang	嫦	46
zi xu wu you	子虚乌有	46
kong meng zhi dao	孔孟之道	46
cun shen	存身	46
ning gu ta	宁古塔	46
yu zhou she xian	宇宙射线	46
shou bing	守兵	46
an dong nuo fu	安东诺夫	46
song tai gong	宋太公	46
ding huo	定货	46
shi zai lun	实在论	46
shi yan xing	实验性	46
chong er	宠儿	46
jia xun	家训	46
ji ren li xia	寄人篱下	46
mi xi xi bi	密西西比	46
han chuang	寒窗	46
dui jin	对劲	46
dui zhe gan	对着干	46
zun zhe	尊者	46
xiao zhai	小寨	46
xiao he bian	小河边	46
xiao lun	小轮	46
you san jie	尤三姐	46
you wu	尤物	46
ba	岜	46
yan shang	岩上	46
yue xian sheng	岳先生	46
chong xin	崇信	46
chuan cai	川菜	46
gong zi zhi	工资制	46
zuo shang jiao	左上角	46
zuo er	左耳	46
ju xing ji	巨型机	46
gan liu	干馏	46
ping bei	平辈	46
huan jing	幻境	46
zhuang ju xian	庄聚贤	46
di jia	底价	46
kai hua jie guo	开花结果	46
yi	弋	46
yin huo shao shen	引火烧身	46
zhang da ge	张大哥	46
zhang kang nian	张康年	46
mi he	弥合	46
ruo suan	弱酸	46
xing shi duo yang	形式多样	46
cai tou	彩头	46
dai ren jie wu	待人接物	46
xin dan ju lie	心胆俱裂	46
xin lian xin	心连心	46
xin zui	心醉	46
hu hu	忽忽	46
ji bu ke nai	急不可耐	46
ji yong	急用	46
ji xing jun	急行军	46
qie xue	怯薛	46
bei ming	悲鸣	46
can huo	惨祸	46
xiang ru fei fei	想入非非	46
rong ma	戎马	46
shou di xia	手底下	46
da jiang shan	打江山	46
sao ba	扫把	46
yang zhong	扬中	46
cheng qian qi hou	承前启后	46
tou he	投河	46
tou yuan	投缘	46
kang du su	抗毒素	46
bao dao	报到	46
di zhai	抵债	46
chou jian	抽检	46
la bi	拉比	46
guai wan mo jiao	拐弯抹角	46
ju shou	拒收	46
shi mu yi dai	拭目以待	46
gua xin	挂心	46
hui bi	挥笔	46
kun za	捆扎	46
lao yi ba	捞一把	46
diao lei	掉泪	46
jie zi	接字	46
wo ba	握把	46
jie yang	揭阳	46
sou jian	搜检	46
yao han	摇撼	46
mo tou	摸透	46
sa qie er	撒切尔	46
zhi qian	支前	46
shou cang pin	收藏品	46
fang zhai	放债	46
fang quan	放权	46
fang dan	放胆	46
zheng he	政和	46
jiao xue fa	教学法	46
jiao xue ban	教学班	46
jiao yu shi	教育史	46
jiao yu	教谕	46
san chang	散场	46
shu fen zhong	数分钟	46
shu ju liu	数据流	46
zheng nian	整年	46
fu yao	敷药	46
wen ren xue shi	文人学士	46
dou bing	斗柄	46
duan zhang qu yi	断章取义	46
si ke te	斯科特	46
xin bi	新币	46
xin shi qu	新市区	46
xin ping	新平	46
xin yi shi	新沂市	46
fang sheng	方生	46
wu cong xia shou	无从下手	46
wu ke bi ni	无可比拟	46
wu li qu nao	无理取闹	46
wu hua bu tan	无话不谈	46
jiu su	旧俗	46
ming deng	明灯	46
ming xi	明细	46
xing xing zhi huo	星星之火	46
qing	暒	46
an shi	暗室	46
zui da zhi	最大值	46
yue ying	月影	46
ji dong li	机动力	46
li guo hua	李国华	46
li cun xu	李存勖	46
li si te	李斯特	46
li xiu cheng	李秀成	46
xing shan	杏山	46
lai li bu ming	来历不明	46
guo ran ru ci	果然如此	46
qiang tang	枪膛	46
mou tuan	某团	46
gui men	柜门	46
biao gan	标杆	46
shu xing	树形	46
liang shu ming	梁漱溟	46
geng gai	梗概	46
jing	梷	46
jian cha zhan	检查站	46
mian pao	棉袍	46
heng kong	横空	46
heng wen	横纹	46
cheng zi	橙子	46
lu	櫓	46
ou an hui	欧安会	46
zheng shou	正手	46
bu jin	步进	46
si huan	死缓	46
si er hou yi	死而后已	46
bi mu yu	比目鱼	46
qi gang	气缸	46
qing fu suan	氢氟酸	46
shui he	水合	46
shui wu	水雾	46
shui jiao	水饺	46
wu dian	污点	46
chen xian	沉陷	46
sha keng	沙坑	46
sha zong qi	沙宗琪	46
xie xie	泄泻	46
fa lun	法伦	46
fa tie	法帖	46
fa xiang	法相	46
beng zhan	泵站	46
yang yang zi de	洋洋自得	46
yang che	洋车	46
jin pu tie lu	津浦铁路	46
huo shui	活水	46
qian lan se	浅蓝色	46
qian huang	浅黄	46
jiang hu	浆糊	46
jun xian	浚县	46
yu gang	浴缸	46
hai nie	海涅	46
hai xi	海西	46
jin chu	浸出	46
xiao xia	消夏	46
lin bing	淋病	46
hun he shi	混合式	46
qing shui he	清水河	46
qing gui	清规	46
wen wan	温婉	46
wen fang wu	温方悟	46
you shui	游水	46
yuan yuan bu jue	源源不绝	46
xiu ben	溴苯	46
teng dai yuan	滕代远	46
wei	潍	46
cheng	澂	46
huo shao dian	火烧店	46
hui lv se	灰绿色	46
ling zhang mu	灵长目	46
zai hai xing	灾害性	46
yan huang	炎黄	46
zhao	炤	46
dian tou ha yao	点头哈腰	46
lian yu	炼狱	46
lie du	烈度	46
yan guo	烟锅	46
fan lao	烦劳	46
jiao lv zheng	焦虑症	46
ran mei	燃煤	46
yan shan shan mai	燕山山脉	46
ai qin	爱琴	46
fu ai	父爱	46
wu hua lao dong	物化劳动	46
wu mei jia lian	物美价廉	46
qian zhu	牵住	46
te qin dui	特勤队	46
du duan zhuan xing	独断专行	46
yu chuan er	玉钏儿	46
wang huang hou	王皇后	46
wang xie xun	王谢逊	46
wang bei le	王贝勒	46
wan xiao hua	玩笑话	46
wan yi	玩艺	46
jin	珒	46
ban zu	班组	46
xiang	瓖	46
ping zhuang	瓶装	46
ci pian	瓷片	46
shen shuo	申说	46
dian hua fei	电话费	46
wei wei suo suo	畏畏缩缩	46
feng dian dian	疯颠颠	46
cuo chuang	痤疮	46
ji bo	瘠薄	46
bai fen zhi qi	百分之七	46
pi ying xi	皮影戏	46
pi sun	皮损	46
gai wan	盖碗	46
ding fang	盯防	46
liao	瞭	46
duan qian	短浅	46
shi jing shan	石景山	46
sha lun	砂轮	46
po tu	破土	46
ci tong liang	磁通量	46
mo dao	磨刀	46
mo sui	磨碎	46
li dan	礼单	46
qi zhi cheng	祁志诚	46
shen you	神游	46
piao zheng	票证	46
fu da	福大	46
fu wei	福威	46
si cai	私财	46
qiu er	秋儿	46
ke ju zhi	科举制	46
ke er te si	科尔特斯	46
xi shu cao yuan	稀树草原	46
wen bu qian jin	稳步前进	46
gao chou	稿酬	46
qiong suan	穷酸	46
kong yu	空余	46
dou jian de	窦建德	46
zhang ju	章句	46
duan xian	端线	46
zhu qi	竹器	46
sun gan	笋干	46
xiao bing	笑柄	46
xiao er bu da	笑而不答	46
di er shi er tiao	第二十二条	46
di er jia	第二家	46
di er zhang	第二张	46
di liu ge	第六个	46
di shi si ci	第十四次	46
di na er	第纳尔	46
ce hua zhe	策划者	46
jian xun	简讯	46
xiang ti	箱体	46
mi qi lin	米其林	46
zhan zhi	粘滞	46
lin	粼	46
jing du	精读	46
zao jian	糟践	46
hong xin	红心	46
yue qing	约请	46
sha zhang	纱帐	46
zhi jin	纸巾	46
lian da	练达	46
xi bu	细部	46
jie gou shi	结构式	46
jie na	结纳	46
jue chang	绝唱	46
xu xian	续弦	46
lv ni shi	绿泥石	46
lv yin chang	绿茵场	46
ru	缛	46
suo quan	缩醛	46
luo bu	罗布	46
luo de xi ya	罗得西亚	46
luo zhen yu	罗振玉	46
luo xi he	罗洗河	46
luo hu	罗湖	46
li	罹	46
yang rong	羊绒	46
qun zhong zu zhi	群众组织	46
qun xiang	群像	46
lao zhan shi	老战士	46
lao hua jing	老花镜	46
lao la	老辣	46
nai ya	耐压	46
hao dian liang	耗电量	46
ye lv zhu	耶律铸	46
dan xiao pa shi	胆小怕事	46
jiao shang	脚伤	46
tuo pi	脱皮	46
tuo gou	脱钩	46
jing lun	腈纶	46
zi ti	自体	46
zi bei gan	自卑感	46
zi hui	自毁	46
zi you mao yi qu	自由贸易区	46
chuan zhu	船主	46
chuan er	船儿	46
nian	艌	46
rui	芮	46
hua pan	花盘	46
hua ma jian	花马剑	46
su ha tuo	苏哈托	46
su bi li er hu	苏必利尔湖	46
ying lun	英伦	46
jing gan	茎秆	46
xue	茓	46
mang ran bu jie	茫然不解	46
rong hua	荣华	46
ying	荧	46
mo li ai	莫里哀	46
mo xu you	莫须有	46
jun si ti	菌丝体	46
jun zhong	菌种	46
cai pin	菜品	46
cai you	菜油	46
cai dou	菜豆	46
sa mo ya	萨摩亚	46
luo xue	落雪	46
meng meng liang	蒙蒙亮	46
bi ri	蔽日	46
xue gong yuan	薛公远	46
xian	薟	46
chong er	虫儿	46
hong mo	虹膜	46
zha	蚱	46
she kou	蛇口	46
qu	蛐	46
xue zhai	血债	46
xue kuai	血块	46
xue xu	血虚	46
chen di	衬底	46
ku tou	裤头	46
chi duo	褫夺	46
guan ce zhan	观测站	46
shi pin hui yi	视频会议	46
yan bu you zhong	言不由衷	46
yan er wu xin	言而无信	46
fu gao	讣告	46
she chang	设厂	46
zha shi	诈尸	46
ci hua	词话	46
shi jian	诗笺	46
nuo man ren	诺曼人	46
shen	谂	46
diao ling	调令	46
dou po	豆粕	46
diao qiu	貂裘	46
fu fan kui	负反馈	46
fu qi	负气	46
gui gan	贵干	46
he ci	贺词	46
zi ben jin	资本金	46
shang shan fa e	赏善罚恶	46
chi dan zhong xin	赤胆忠心	46
zhao san ge	赵三哥	46
zhao hong mei	赵红梅	46
zhao chang zheng	赵长征	46
chao di	超低	46
yue jie	越界	46
lu jian fa	路剑法	46
ji	跻	46
shen qiang li zhuang	身强力壮	46
ti	軆	46
xuan ji	轩机	46
zhuan shun zhi jian	转瞬之间	46
ruan jian bao	软件包	46
ruan gu tou	软骨头	46
bian qiang	边墙	46
xun lei bu ji yan er	迅雷不及掩耳	46
wei li	违例	46
shi ke er zhi	适可而止	46
xuan du	选读	46
tong pian	通篇	46
su dong	速冻	46
zao ce	造册	46
yu nan zhe	遇难者	46
qiu	遒	46
zhe tian bi ri	遮天蔽日	46
bi shi	避世	46
xing wang er	邢王二	46
hao hai dong	郝海东	46
guo yun long	郭云龙	46
guo jing xin	郭靖心	46
du shi ren	都市人	46
e er duo si gao yuan	鄂尔多斯高原	46
pei xing	配型	46
jiu ling	酒令	46
jin ming chi	金明池	46
jin bang ti ming	金榜题名	46
jin hai ling	金海陵	46
jin rong xue	金融学	46
jin chuan er	金钏儿	46
biao	錶	46
qian gong	钳工	46
yin fa	银发	46
xi bo	锡箔	46
bi mu shi	闭幕式	46
wen xun	问询	46
run nian	闰年	46
yan wang ye	阎王爷	46
e	阏	46
dui nei	队内	46
zhen zi	阵子	46
a zi xiao	阿紫笑	46
lu mai po	陆卖婆	46
chen guo fu	陈果夫	46
chen li fu	陈立夫	46
chen shao peng	陈绍鹏	46
chen shuo	陈说	46
long mei er	隆美尔	46
yin xian	隐现	46
ya ge bu	雅各布	46
ya an	雅安	46
ji da cheng zhe	集大成者	46
ling qian	零钱	46
qing yu	青鱼	46
ding li mo bai	顶礼膜拜	46
feng yan feng yu	风言风语	46
can yin ye	餐饮业	46
yin shi qi ju	饮食起居	46
bo	饽	46
shou yi	首一	46
shou hang	首航	46
xiang gang di qu	香港地区	46
ma xi tuan	马戏团	46
ma ge ni	马格尼	46
zhu tun	驻屯	46
ti	體	46
gao ren yi deng	高人一等	46
gao shi	高士	46
gao lang	高朗	46
gao meng jiu	高梦九	46
shu	鮛	46
yu fan	鱼贩	46
lu bang zhu	鲁帮主	46
bao mu	鸨母	46
ying	鹦	46
jian	鹼	46
mai ya	麦芽	46
huang xian sheng	黄先生	46
huang ke cheng	黄克诚	46
huang gong wang	黄公望	46
huang yan	黄岩	46
hei ying	黑鹰	46
ding fei	鼎沸	46
yi liang wan	一两万	45
yi er bai	一二百	45
yi shi liu nian	一十六年	45
yi shuang shuang	一双双	45
yi hu bai ying	一呼百应	45
yi pai ji he	一拍即合	45
yi zhu	一柱	45
yi wan shui	一碗水	45
qi ba zhao	七八招	45
qi cun	七寸	45
wan yi ri yuan	万亿日元	45
wan yu ming	万余名	45
san jiu ji tuan	三九集团	45
san shi zhao	三十招	45
san zi jing	三字经	45
san geng ban ye	三更半夜	45
san mu	三木	45
san sheng you xing	三生有幸	45
san bai yu	三百余	45
san bai yuan	三百元	45
san qin	三秦	45
shang xia you	上下游	45
shang sheng liu	上升流	45
shang hai shi fan da xue	上海师范大学	45
shang jie	上解	45
xia chu	下厨	45
bu fen bi ci	不分彼此	45
bu xiang zhi zhao	不祥之兆	45
bu shi tai ju	不识抬举	45
zhuan kan	专刊	45
bing xi jing	丙烯腈	45
dong jing du	东京都	45
dong tiao ying ji	东条英机	45
liang shui fa	两税法	45
yan feng sheng	严凤笙	45
zhong guo xi zang zi zhi qu	中国西藏自治区	45
zhong guo yin yue jia xie hui	中国音乐家协会	45
zhong yang dang	中央党	45
zhong xin lun	中心论	45
zhong tou	中投	45
zhong wen ming	中文名	45
zhong gao dang	中高档	45
lin men	临门	45
zhu	丶	45
dan xin	丹心	45
wei guo juan qu	为国捐躯	45
zhu zhi yi shi	主治医师	45
yi shi	义师	45
wu qing	乌青	45
jiu bai	九百	45
nang	乪	45
zheng ming	争鸣	45
er wan duo	二万多	45
er shi er sui	二十二岁	45
er shi kuai	二十块	45
er liu zi	二流子	45
wu wan duo	五万多	45
wu xing	五刑	45
wu qian li	五千里	45
wu chu	五处	45
wu zhao	五招	45
wu jue	五绝	45
jing yan	井盐	45
ya ma xun	亚马逊	45
jiao bian	交变	45
jiao shou	交售	45
jiao tong fei	交通费	45
yi ge	亿个	45
zai zi xi xi	仔仔细细	45
yi bu bian ying wan bian	以不变应万变	45
ren ren wei qin	任人唯亲	45
qi ye hua	企业化	45
qi ji	企及	45
kang li	伉俪	45
yi la ke ren	伊拉克人	45
yi si fa han	伊斯法罕	45
yi di ha	伊蒂哈	45
di bao	低保	45
he lao die	何老爹	45
yu hui	余晖	45
jia li	佳丽	45
gong gao	供稿	45
xia shi	侠士	45
bao an dui	保安队	45
bao ding shi	保定市	45
xin dai zi jin	信贷资金	45
cheng	偁	45
cha	偛	45
pi jing chu	僻静处	45
chan	儳	45
xian jian zhi ming	先见之明	45
ke lai si lei	克莱斯勒	45
tu zai zi	兔崽子	45
ru xiang sui su	入乡随俗	45
ba gua zhen	八卦阵	45
ba ju	八句	45
ba xiang zhu yi	八项注意	45
gong jue	公决	45
gong si jian gu	公私兼顾	45
liu yi	六艺	45
xing fen bu yi	兴奋不已	45
yang jing xu rui	养精蓄锐	45
nei zhi	内侄	45
jun yue dui	军乐队	45
jing zeng	净增	45
ling yan si	凌岩寺	45
ji zhan	几盏	45
kai wen	凯文	45
chu luan zi	出乱子	45
fen dian	分点	45
fen liu	分馏	45
qie sui	切碎	45
liu wen wu	刘文武	45
chu ban	初版	45
shan gai	删改	45
li duo	利多	45
gua dao	刮刀	45
quan zhi	劝止	45
dong shou shu	动手术	45
lao jia	劳驾	45
yong han	勇悍	45
qin jin	勤谨	45
bao guan	包管	45
xiong ya li ren	匈牙利人	45
bei jing ke ji da xue	北京科技大学	45
shi er tiao	十二条	45
shi ji bu	十几步	45
shi duo wan	十多万	45
shi zi jie kou	十字街口	45
qian fen	千分	45
dan cheng	单程	45
nan yun he	南运河	45
nan dou	南都	45
zhan you liang	占有量	45
lu hua wu	卤化物	45
wei wei	卫尉	45
ji qi	即期	45
juan shang	卷上	45
juan tong	卷筒	45
li chao	历朝	45
ya jing	压惊	45
qu zhi	去职	45
can zheng yuan	参政员	45
shuang fen	双份	45
fa she guang pu	发射光谱	45
fa zhan qu shi	发展趋势	45
fa yuan	发愿	45
fa jiong	发窘	45
shou ling	受领	45
tai zhou shi	台州市	45
shi chun sheng	史春生	45
ge zi wei zheng	各自为政	45
he bu long zui	合不拢嘴	45
he ji	合集	45
tong deng xue li	同等学力	45
hou ban duan	后半段	45
lv wen huan	吕文焕	45
xi shui xing	吸水性	45
zhou tian	周天	45
he xiu lian	和秀莲	45
huo xi ni	和稀泥	45
pin xi	品系	45
pin ming	品茗	45
ha xie	哈谢	45
ju	啹	45
pen tu	喷吐	45
xu han wen nuan	嘘寒问暖	45
li	嚟	45
hui li	回历	45
guo ku quan	国库券	45
guo tou	国投	45
guo ben	国本	45
tu biao	图标	45
tu lu	土路	45
sheng jun	圣君	45
di wu	地物	45
di qiu ri	地球日	45
chui wei	垂尾	45
ji xin ge	基辛格	45
ta lou	塔楼	45
zeng qiang xing	增强型	45
sheng xun	声讯	45
fu guo zhu yi	复国主义	45
xi zhao	夕照	45
wai ban	外办	45
ye chang meng duo	夜长梦多	45
da li shi	大力士	45
da chang zhen	大厂镇	45
da li	大历	45
da xing	大幸	45
da ban	大板	45
da an yao an	大案要案	45
tian you	天佑	45
tian zhu di mie	天诛地灭	45
shi luo gan	失落感	45
tou qian	头前	45
tou pi xie	头皮屑	45
zou xiang	奏响	45
jian xiong	奸雄	45
lie	姴	45
hun wai lian	婚外恋	45
hun qi	婚期	45
jia huo	嫁祸	45
nie zhang	孽障	45
yu zhou guan	宇宙观	45
an xian	安县	45
an fu	安福	45
an ying zha zhai	安营扎寨	45
wan quan hui fu	完全恢复	45
shen ping	审评	45
xuan cheng	宣城	45
feng shan	封山	45
xiao tian e	小天鹅	45
xiao jia ting	小家庭	45
xiao da xiao nao	小打小闹	45
yin xing sheng	尹兴圣	45
ni ke ba	尼科巴	45
ju bu bian liang	局部变量	45
ju shou	居首	45
lv jin bu zhi	屡禁不止	45
shan gen	山根	45
shan shen miao	山神庙	45
shan ding dong ren	山顶洞人	45
shan gui	山鬼	45
an pao	岸炮	45
sheng xian	嵊县	45
chuan cang gong lu	川藏公路	45
chuan qian	川黔	45
xun fang	巡防	45
gong da	工大	45
zuo la	左拉	45
cha guan	差官	45
bu lao en	布劳恩	45
shi fu chen	师辅臣	45
pa la	帕拉	45
dai shang	带伤	45
bang gui	帮规	45
gan lao	干酪	45
ping nan	平南	45
ping jun fen	平均分	45
ping yi	平抑	45
ping ding shan shi	平顶山市	45
bing pei	并辔	45
guang dong sheng wei	广东省委	45
guang de	广德	45
zhuang yuan zhu	庄园主	45
qing zhou	庆州	45
ku ke qun dao	库克群岛	45
ci	庛	45
fu chou	府绸	45
kang le	康乐	45
liao ying wei	廖萦卫	45
yan zhan xing	延展性	45
kai bo	开播	45
kai cai liang	开采量	45
yi guo ta xiang	异国他乡	45
ruo bu jin feng	弱不禁风	45
peng zhi hai	彭志海	45
xu zhong yu	徐中玉	45
xu zhi mo	徐志摩	45
xu yuan zhang	徐院长	45
wei dian nao	微电脑	45
xin suan	心算	45
xin jie	心结	45
ren jun bu jin	忍俊不禁	45
wu ni	忤逆	45
you men	忧闷	45
ji xian feng	急先锋	45
qing zhen yi qie	情真意切	45
jing hong	惊鸿	45
huang kong bu an	惶恐不安	45
re bu qi	惹不起	45
yi zhi li	意志力	45
qi	懠	45
ge shen	戈什	45
xi ju jie	戏剧界	45
cheng ce	成册	45
dai wei sen	戴维森	45
suo yu	所欲	45
shou shu tai	手术台	45
da jie	打结	45
da tui tang gu	打退堂鼓	45
tuo ci	托辞	45
kuo gu	扩股	45
rao rang	扰攘	45
fu sang	扶桑	45
zhua nao	抓挠	45
tou ying ji	投影机	45
fu he	抚河	45
bao jing qi	报警器	45
tai gang	抬杠	45
fu xiu	拂袖	45
la mu qi	拉姆齐	45
guai pian	拐骗	45
zhao pin zhe	招聘者	45
jie kang	拮抗	45
zhi dian mi jin	指点迷津	45
zhi shi xin	指示信	45
ji ru	挤入	45
hui sa zi ru	挥洒自如	45
lve duo xing	掠夺性	45
tan cha	探察	45
ti lan	提篮	45
bai zheng	摆正	45
bing	摒	45
bo zhong ji	播种机	45
cao zhi guo ji	操之过急	45
ca liang	擦亮	45
gu you	故友	45
san da	散打	45
dun huang shi ku	敦煌石窟	45
shu deng	数等	45
zheng qi hua yi	整齐划一	45
liao	敹	45
wen chuan	文传	45
wen ge	文哥	45
wen shan	文山	45
wen ke sheng	文科生	45
dou fa	斗法	45
xie la qiao	斜拉桥	45
duan tou tai	断头台	45
xin chong	新宠	45
xin wen xing	新闻性	45
zu pu	族谱	45
wu wu ran	无污染	45
ri ben di guo	日本帝国	45
ri shen	日神	45
jiu ti shi	旧体诗	45
kun ju	昆剧	45
chang ping xian	昌平县	45
ming bao	明报	45
yi shou	易手	45
chun fen dian	春分点	45
chun xia qiu dong	春夏秋冬	45
xuan	暄	45
nuan shi qi liu	暖湿气流	45
an jian	暗箭	45
an fang	暗访	45
ti zui yang	替罪羊	45
zui gao fen	最高分	45
yue shi	月蚀	45
you ti lei	有蹄类	45
mu niu liu ma	木牛流马	45
ben yi	本义	45
sha ren zui	杀人罪	45
za chen	杂陈	45
li shan lan	李善兰	45
lai feng	来凤	45
lai shi xiong xiong	来势汹汹	45
lai chao	来潮	45
hang jia he	杭嘉和	45
jie fu xun	杰弗逊	45
ban men dian	板门店	45
zhi fan ye mao	枝繁叶茂	45
zhi	枳	45
mou guo	某国	45
rou nen	柔嫩	45
zhi zi	栀子	45
shuan pi li	栓皮栎	45
ge sha wu lun	格杀勿论	45
ge wu	格物	45
gui yuan	桂圆	45
suo biao	梭镖	45
xia	梺	45
ji ci	棘刺	45
ji pi dong wu	棘皮动物	45
gai kuo xing	概括性	45
gu	榖	45
heng jia	横加	45
ge wu sheng ping	歌舞升平	45
zheng ti	正体	45
zheng er ba jing	正儿八经	45
wu an	武安	45
can yue	残月	45
bin	殡	45
yin tie sheng	殷铁生	45
mu ying	母婴	45
du sha	毒砂	45
bi tian	毕天	45
bi	毖	45
mao nan zu	毛南族	45
mao xi	毛细	45
min quan zhu yi	民权主义	45
min zhi min gao	民脂民膏	45
shui zhun mian	水准面	45
shui ya ji	水压机	45
shui wen zhan	水文站	45
shui fa	水法	45
shui liu liang	水流量	45
shui huo gun	水火棍	45
yong hui	永徽	45
hui bao hui	汇报会	45
han min	汉民	45
han shan	汗衫	45
jiang nan yun he	江南运河	45
qi che ye	汽车业	45
mei zhun er	没准儿	45
hu ning	沪宁	45
he bei bang zi	河北梆子	45
you ran	油然	45
tai di xiong	泰迪熊	45
xie yao	泻药	45
hong ji	洪积	45
nong zhuang yan mo	浓妆艳抹	45
hai jun bu	海军部	45
hai shen wei	海参崴	45
hai jing	海景	45
xiao shi	消食	45
tao tai lv	淘汰率	45
chun hua	淳化	45
shen	渖	45
wen zhou shi	温州市	45
you ren ru zhi	游人如织	45
shi fa	湿法	45
gai	溉	45
yi hong dao	溢洪道	45
xi gu	溪谷	45
sou	溲	45
man jiang hong	满江红	45
man e	满额	45
di da	滴答	45
piao bai fen	漂白粉	45
yan yi tui li	演绎推理	45
tan bian	潭边	45
can ran	灿然	45
dian cai	点菜	45
lian hua	炼化	45
yan tong	烟筒	45
re bo	热播	45
jiao tu	焦土	45
jian yao	煎药	45
xi rang	熙攘	45
xi zong	熹宗	45
you	牖	45
ya pai	牙牌	45
ya diao	牙雕	45
niu lang zhi nv	牛郎织女	45
ta	牠	45
xi niao	犀鸟	45
ba	犮	45
zhuang yu	状语	45
di geng si	狄更斯	45
hu pi	狐皮	45
du tun	独吞	45
du zou qu	独奏曲	45
du gu qiu bai	独孤求败	45
cang	獊	45
wang shi cai	王世才	45
wang mu niang niang	王母娘娘	45
wang ha ma	王蛤蟆	45
bo li ti	玻璃体	45
zhen xiu	珍馐	45
qiu guan	球馆	45
yao jia	瑶家	45
sheng bian	生变	45
sheng wu xi	生物系	45
sheng long huo hu	生龙活虎	45
qing	甠	45
tian luo	田螺	45
shen zhi fan	申志凡	45
dian sheng	电声	45
ji bu	疾步	45
bai yang shu	白杨树	45
bai sen sen	白森森	45
bai yu zhong	百余种	45
huang gu tun	皇姑屯	45
pi qing xuan	皮清玄	45
zhi jiao san jiao xing	直角三角形	45
xiang ru yi mo	相濡以沫	45
kan zhang	看涨	45
jue	矍	45
shi zhi	矢志	45
zhi xing	知性	45
shi tan shi	石炭世	45
yan jiu zu	研究组	45
xiao suan na	硝酸钠	45
bei lin	碑林	45
bei shi	碑石	45
huang suan	磺酸	45
ze	礋	45
li hua	礼花	45
li xian xia shi	礼贤下士	45
she ke	社科	45
jin wei	禁卫	45
ke li	科利	45
ke er qin	科尔沁	45
zu yue	租约	45
qin si min	秦思民	45
qin man qing	秦曼卿	45
shui yuan	税源	45
kong fang	空防	45
tu ran xing	突然性	45
xiao he he	笑呵呵	45
bi feng	笔锋	45
di qi ge	第七个	45
di er shi ba zhang	第二十八章	45
di er bian	第二遍	45
chou suan	筹算	45
jian qin wang	简亲王	45
zhua	簻	45
liang ku	粮库	45
jing gong	精工	45
jing shen bing xue	精神病学	45
suo suo	索索	45
suo hui	索贿	45
ji lv xing	纪律性	45
sha chuang	纱窗	45
na wa huo	纳瓦霍	45
na dai te	纳黛特	45
xian xing fang cheng zu	线性方程组	45
zu zhi xi tong	组织系统	45
xi mao yang	细毛羊	45
jue bi	绝笔	45
tong yi dang	统一党	45
luo man di ke	罗曼蒂克	45
luo jin xian	罗金仙	45
mei bu sheng shou	美不胜收	45
mei yi	美意	45
gao	羔	45
yang	羪	45
fan xiang dao gui	翻箱倒柜	45
yao ban	耀斑	45
lao bo bo	老伯伯	45
lao cheng chi zhong	老成持重	45
kao gu gong zuo zhe	考古工作者	45
er wo	耳蜗	45
pin shu	聘书	45
rou bo	肉搏	45
xiao en	肖恩	45
gong	肱	45
dan nang yan	胆囊炎	45
xiong kuo	胸廓	45
an lei	胺类	45
ji gu	脊骨	45
ji sui hui zhi yan	脊髓灰质炎	45
nao bing	脑病	45
nao mo	脑膜	45
nao sui	脑髓	45
fu rou	腐肉	45
wan gu	腕骨	45
zi you ti cao	自由体操	45
shu shi xing	舒适性	45
hang ji	航迹	45
gan	芉	45
su si luo	苏斯洛	45
miao jia	苗家	45
gou huo	苟活	45
ku rou ji	苦肉计	45
ben ji	苯基	45
ying hua	英华	45
cha zuo	茶座	45
lai qie	莱切	45
fu	菔	45
cai nong	菜农	45
sa ha lin	萨哈林	45
luo bi	落笔	45
lan feng huang	蓝凤凰	45
jue cai	蕨菜	45
hu fu	虎符	45
rong zi quan	融资券	45
hui	蟪	45
xue xi	血洗	45
bu chang fei	补偿费	45
bei dong shi	被动式	45
xi ban qiu	西半球	45
xi he	西和	45
xi nai	西奈	45
xi sa mo ya	西萨摩亚	45
guan guang ke	观光客	45
guan cha li	观察力	45
guan ce dian	观测点	45
jie fang zhe	解放者	45
yan zhi zao zao	言之凿凿	45
jing shi	警世	45
jing wei lian	警卫连	45
jing bao sheng	警报声	45
shi qu	识趣	45
shi ye	试液	45
shi chuan	试穿	45
shi che	试车	45
shi yan ji	试验机	45
gai cun	该村	45
wu ru qi tu	误入歧途	45
qing yuan shu	请愿书	45
du bao	读报	45
diao pai	调派	45
dou nai	豆奶	45
zhen jie	贞洁	45
xian ming	贤明	45
zhi ti	质体	45
zhe	赭	45
zhao xin xin	赵鑫鑫	45
qi feng	起风	45
yue ji	越级	45
zhuan pan	转盘	45
qing ruan	轻软	45
shu dao	输导	45
da wo er zu	达斡尔族	45
yun di	运抵	45
jin zai yan qian	近在眼前	45
jin kou guo	进口国	45
lian zhu pao	连珠炮	45
lian sheng	连生	45
yi shu	遗属	45
yao yao wu qi	遥遥无期	45
zhe zhe yan yan	遮遮掩掩	45
bi xian	避嫌	45
guo gu niang	郭姑娘	45
jiu tong	酒桶	45
ku li	酷吏	45
suan jian du	酸碱度	45
zha	醡	45
chong fan	重犯	45
jin da jian	金大坚	45
jin zhou	金州	45
lv chang	铝厂	45
yin chuan ping yuan	银川平原	45
pu gai juan	铺盖卷	45
gao shi	锆石	45
zhen jiang shi	镇江市	45
chang ming bai sui	长命百岁	45
chang nian lei yue	长年累月	45
zhang yi	长椅	45
chang jiang ju	长江局	45
chang yi	长衣	45
men hu zhi jian	门户之见	45
chuang dang jiang hu	闯荡江湖	45
kuo bu	阔步	45
fang han	防寒	45
fu shang	附上	45
fu shu guo	附属国	45
chen jiao	陈娇	45
yuan ben	院本	45
chu hai	除害	45
yun luo	陨落	45
nan mi	难觅	45
diao qi	雕漆	45
yu wu	雨雾	45
lei qu	雷区	45
qing yan	青眼	45
qing cang gong lu	青藏公路	45
mian mian ju dao	面面俱到	45
ge ming ying xiong zhu yi	革命英雄主义	45
an zi	鞍子	45
han mei jun	韩美军	45
pin fa	频发	45
feng ji	风机	45
fei sha zou shi	飞沙走石	45
fei zhang	飞涨	45
fan zhuang	饭庄	45
si yang ye	饲养业	45
shou tuo luo	首陀罗	45
ma xiao chun	马晓春	45
ma ge li bu	马格里布	45
jiao she yin yi	骄奢淫逸	45
ji	骥	45
gao jun yu	高君宇	45
gao shan liu shui	高山流水	45
gao nian ji	高年级	45
gao ji ren min fa yuan	高级人民法院	45
gao qiao	高跷	45
zong mao	鬃毛	45
mo huan	魔幻	45
lu hu chi	鲁忽赤	45
niao yu hua xiang	鸟语花香	45
ji wo	鸡窝	45
e mao	鹅毛	45
e huang	鹅黄	45
peng cheng	鹏程	45
wu	鹜	45
ying wu luo	鹦鹉螺	45
ma sha	麻纱	45
ma zui ji	麻醉剂	45
huang xian gu	黄仙姑	45
huang xin	黄信	45
hei bao	黑豹	45
hei hei de	黑黑的	45
yi wan nian	一万年	44
yi liang jian	一两件	44
yi kou kou	一口口	44
yi pian wang yang	一片汪洋	44
yi zhan shi	一站式	44
yi yao	一药	44
ding ling	丁零	44
qi shi duo sui	七十多岁	44
qi zhi	七只	44
qi dai	七袋	44
san die xi	三叠系	44
san ming zhi	三明治	44
san duo	三朵	44
san fan	三番	44
san bai li	三百里	44
san jie he	三结合	44
xia pu	下铺	44
bu ke kang li	不可抗力	44
bu rong fen shuo	不容分说	44
bu cheng wen fa	不成文法	44
bu qi er yu	不期而遇	44
bu wei qiang bao	不畏强暴	44
bu neng zi yi	不能自已	44
qie mo	且末	44
dong wu da xue	东吴大学	44
dong lai	东莱	44
liang xia zi	两下子	44
zhong guo nong ye da xue	中国农业大学	44
zhong yang xi ju xue yuan	中央戏剧学院	44
zhong zhi ji guan	中直机关	44
feng run	丰润	44
feng dou	丰都	44
lin he	临河	44
dan tu	丹徒	44
dan xia	丹霞	44
zhu pin	主频	44
ju li lai shuo	举例来说	44
ju jie	举借	44
wu ke lan ren	乌克兰人	44
yue tan	乐坛	44
jiu ming	九名	44
jiu zhou dao	九州岛	44
ru zhao	乳罩	44
er shi duo	二十多	44
er yuan	二员	44
hu bu qin fan tiao yue	互不侵犯条约	44
jiao gan	交感	44
ting zi jian	亭子间	44
qin gu rou	亲骨肉	44
ren li che	人力车	44
ren wu bu	人武部	44
cong shang	从商	44
cong shi zhi zhong	从始至终	44
dai yong	代用	44
fang mao	仿冒	44
yi lang wai jiao bu	伊朗外交部	44
hui suo	会所	44
ban xing	伴星	44
ti yuan	体院	44
fu lan de	佛兰德	44
su hua shuo de hao	俗话说得好	44
bao wei bu	保卫部	44
xiu nv	修女	44
hou ji lou	候机楼	44
jia lie	假劣	44
jia xing	假性	44
ruo	偌	44
wei yi	偎倚	44
pian qiao	偏巧	44
pian pang	偏旁	44
che	偖	44
zuo gui	做鬼	44
jian wei	健胃	44
ou yu	偶遇	44
ao shi	傲视	44
guang quan	光圈	44
guang da yin hang	光大银行	44
guang hui can lan	光辉灿烂	44
ke xi	克西	44
ke li mi ya	克里米亚	44
mian jiao	免交	44
quan mian xing	全面性	44
gong ping xing	公平性	44
gong yi jin	公益金	44
guan yun zhang	关云长	44
guan xi wang	关系网	44
guan men zhu yi	关门主义	44
qi shi bu ran	其实不然	44
ju ti lai shuo	具体来说	44
yang bing	养兵	44
jian shou bing xu	兼收并蓄	44
zai shen	再审	44
dong han	冬寒	44
bing yuan	冰原	44
bing shuang	冰霜	44
leng leng dao	冷冷道	44
dong jiang	冻僵	44
jing jin	净尽	44
zhun que lv	准确率	44
ning gu dian	凝固点	44
chu ren yi wai	出人意外	44
chu ru kou	出入口	44
chu bin	出殡	44
lie zhi dun shi deng	列支敦士登	44
liu xian sheng	刘先生	44
liu hua qiu	刘华秋	44
liu heng	刘恒	44
shan jie	删节	44
li niao ji	利尿剂	44
gong ming fu gui	功名富贵	44
jia wei	加味	44
jia la	加拉	44
jia you tian jiang	加油添酱	44
jia zhu	加注	44
kan ding	勘定	44
fu	匐	44
bei jing gu gong	北京故宫	44
bei jing you dian da xue	北京邮电大学	44
bei kou	北口	44
pi fu zhi yong	匹夫之勇	44
qian tiao	千条	44
wu xiu	午休	44
ban si	半死	44
ban ping	半瓶	44
ban yin	半音	44
dan ji	单极	44
dan huang guan	单簧管	44
nan jing zhan	南京站	44
nan bei dui hua	南北对话	44
nan da	南大	44
nan she	南社	44
bu shi	卜筮	44
lu shi xian	卢氏县	44
wei hui	卫辉	44
ya jia	压价	44
shuang gang	双杠	44
shuang chi mu	双翅目	44
fan qi dao er xing zhi	反其道而行之	44
fa fen	发奋	44
fa she tai	发射台	44
fa yun	发晕	44
qu qiao	取巧	44
shou kun	受困	44
kou chou	口臭	44
gu ya	古雅	44
jiao fa	叫法	44
chi he	叱喝	44
si nan	司南	44
hong	叿	44
ge zhen	各镇	44
tong fang	同房	44
ming jiu	名酒	44
hou jin sheng	后进生	44
fen	吩	44
han xin ru ku	含辛茹苦	44
wu da hai	吴达海	44
xi shi xing	吸湿性	44
hu hu di	呼呼地	44
ai hao	哀嚎	44
ha li sen	哈里森	44
xiao	哮	44
chang nuo	唱喏	44
shang chuan dui	商船队	44
ti jiao	啼叫	44
ti ming	啼鸣	44
yin	喑	44
xi nu wu chang	喜怒无常	44
xuan rang	喧嚷	44
pen guan	喷管	44
si he	四合	44
si fang mian jun	四方面军	44
si xing	四星	44
hui chuan	回传	44
guo mao	国贸	44
tu xiang	图象	44
yuan shan	圆山	44
yuan dian	圆点	44
tu rang xue	土壤学	44
tu er qi yu	土耳其语	44
sheng he sai	圣何塞	44
di lei zhan	地雷战	44
zuo yu	坐浴	44
keng kou	坑口	44
kuai ti	块体	44
ban	坢	44
tan ke che	坦克车	44
quan	埢	44
ji li ba si	基里巴斯	44
tang guan	堂倌	44
ta ta er	塔塔儿	44
tian biao	填表	44
zeng bai	增白	44
zeng ding	增订	44
mo bao	墨宝	44
bi li	壁立	44
sheng pin	声频	44
fu he ti	复合体	44
fu ken	复垦	44
wai dai	外带	44
wai qiang zhong gan	外强中干	44
duo han	多汗	44
duo ke	多颗	44
da ge er	大个儿	44
da heng	大亨	44
da gong wu si	大公无私	44
da ji da li	大吉大利	44
da bao yu	大暴雨	44
da huai shu	大槐树	44
da hong pao	大红袍	44
da rou	大肉	44
da ling	大龄	44
tian ren he yi	天人合一	44
tian zi	天字	44
tian wu jue ren zhi lu	天无绝人之路	44
tian niu	天牛	44
tian chang di jiu	天长地久	44
tian ma xing kong	天马行空	44
tai yue qu	太岳区	44
shi jie	失节	44
shi yu	失语	44
qi qiao	奇巧	44
qi pa	奇葩	44
nai si	奈斯	44
tao shu	套数	44
ha	奤	44
ru	媷	44
jia qu	嫁娶	44
shan bian	嬗变	44
cun gen	存根	44
sun si ke	孙思克	44
xiao fu	孝服	44
meng de si jiu	孟德斯鸠	44
an dong ni ao	安东尼奥	44
an quan shi jian	安全事件	44
an quan cuo shi	安全措施	44
an shan yan	安山岩	44
hong tu	宏图	44
ding wei qiu	定位球	44
ding chang	定常	44
bao zhu ma	宝柱妈	44
shi yong hua	实用化	44
ke zuo jiao shou	客座教授	44
gong qiang	宫腔	44
mi xie gen zhou	密歇根州	44
han shi	寒湿	44
dui zhang	对仗	44
xiao pin wen	小品文	44
xiao xiang	小项	44
shao zhe	少者	44
shan cha hua	山茶花	44
an fang	岸防	44
lou	嵝	44
gong zuo tai	工作台	44
gong you	工友	44
zuo yi wen hua yun dong	左翼文化运动	44
qiao shou	巧手	44
ju zi	巨子	44
yi wang	已往	44
ba ding	巴丁	44
ba ta ge ni ya	巴塔哥尼亚	44
shi bei	市北	44
bu lai xi	布莱希	44
bu lu ke	布鲁克	44
fan ban	帆板	44
zhang hao	帐号	44
xi peng	席棚	44
ping zhun	平准	44
guang bo ti cao	广播体操	44
yong ren	庸人	44
kai xian	开县	44
kai hang	开航	44
zhang shu ye	张叔夜	44
wan dao	弯道	44
hui	彙	44
peng san chun	彭三春	44
zhuo	彴	44
xun xu	循序	44
wei yu	微雨	44
hui zong	徽宗	44
xin wai ke	心外科	44
chang ran	怅然	44
ji dian	急电	44
ji jin	急进	44
zong kuo	总括	44
e bian	恶变	44
jing tian	惊天	44
xiang xiang ye shi	想想也是	44
xi mi	戏迷	44
bian que	扁鹊	44
shou ji hao	手机号	44
da zhu	打住	44
da gong zai	打工仔	44
che pi	扯皮	44
pi pan xing	批判性	44
cheng shang qi xia	承上启下	44
kang lian	抗联	44
zhe chong	折冲	44
fu nong	抚弄	44
qiang xia	抢下	44
bao gao qi	报告期	44
bao fu xing	报复性	44
bao fo jiao	抱佛脚	44
chai fen	拆分	44
la sa	拉撒	44
la gan	拉杆	44
la mi lei si	拉米雷斯	44
pai shou jiao hao	拍手叫好	44
tuo chuan	拖船	44
yong du	拥堵	44
gua ming	挂名	44
zhi shi qi	指示器	44
juan gei	捐给	44
juan qu	捐躯	44
pai liang	排量	44
cha zu	插足	44
sao yang	搔痒	44
gao kua	搞垮	44
yao qi na han	摇旗呐喊	44
si po lian	撕破脸	44
qin na fa	擒拿法	44
shou hui cheng ming	收回成命	44
shou tu	收徒	44
gai ge pai	改革派	44
gong ji zhe	攻击者	44
zheng jing	政经	44
jiao zhang	教长	44
bi chu	敝处	44
san she guang	散射光	44
shu shi tiao	数十条	44
wen xue she	文学社	44
wen si	文思	44
wen long	文龙	44
jin dou	斤斗	44
si tuo ke si	斯托克斯	44
si di fen	斯蒂芬	44
xin dian	新店	44
xuan zhuan shi	旋转式	44
liu	旒	44
wu qin wu gu	无亲无故	44
wu ya zi	无崖子	44
wu guai hu	无怪乎	44
wu xie	无邪	44
wu yu	无雨	44
jiu xue	旧学	44
zao jiao	早教	44
han lu	旱路	44
chun feng de yi	春风得意	44
jing tai lan	景泰蓝	44
jing liang	晶亮	44
zhi lian	智联	44
zhi yu	智育	44
an hai	暗害	44
an lian	暗恋	44
an men	暗门	44
ceng hou yi	曾侯乙	44
zeng zu fu	曾祖父	44
zui mo	最末	44
yue ru	月入	44
yue gong	月宫	44
pu ci	朴茨	44
za jia	杂家	44
li zuo peng	李作鹏	44
li shi bo	李师伯	44
tiao zhuang	条状	44
qiang zi er	枪子儿	44
zhu mian	柱面	44
ting	梃	44
zhi wu qun luo	植物群落	44
chuan zi	椽子	44
chu zhou	楚州	44
chu chu dong ren	楚楚动人	44
ji	楫	44
ju hong se	橘红色	44
huan hu que yue	欢呼雀跃	44
ye	歋	44
zheng shi	正室	44
ci xin	此信	44
wu qing	武清	44
wai wai niu niu	歪歪扭扭	44
si hui fu ran	死灰复燃	44
jin	殣	44
yin shi dan	殷士儋	44
yin da shi	殷大士	44
bi jiao fa	比较法	44
bi ye ban	毕业班	44
mao gen	毛茛	44
min shi quan li	民事权利	44
qi xi yan yan	气息奄奄	44
yang qi ping	氧气瓶	44
lv mei su	氯霉素	44
shui chang	水厂	44
yong ci	永磁	44
jiang yang da dao	江洋大盗	44
wang dong xing	汪东兴	44
shen yi guan	沈一贯	44
sha lao yue	沙捞越	44
sha li	沙砾	44
mei xi	没戏	44
he wai xing xi	河外星系	44
zhi luan	治乱	44
yan hu	沿湖	44
cheng	泟	44
ni jin	泥金	44
zhu zi	注资	44
tai tan ni ke hao	泰坦尼克号	44
tai shi	泰始	44
sa luo	洒落	44
xi chen	洗尘	44
xi er gong ting	洗耳恭听	44
dong tian	洞天	44
hong huang	洪荒	44
huo shou zui	活受罪	44
huo ling huo xian	活灵活现	44
liu bu	流布	44
liu guo	流过	44
ji ning shi	济宁市	44
lang man pai	浪漫派	44
fu kong qi	浮空器	44
hai zhi qiang	海志强	44
hai bu	海部	44
xiao qi	消气	44
xiao fei shui	消费税	44
zhang die fu	涨跌幅	44
ye pao	液泡	44
yin dang	淫荡	44
huai yin shi	淮阴市	44
shen jiao suo	深交所	44
shen keng	深坑	44
chun yu	淳于	44
qing yu	清誉	44
hu nan sheng wei	湖南省委	44
xi jian	溪涧	44
qian wang	潜望	44
ji su lei	激素类	44
deng mi	灯谜	44
lie shi mu	烈士墓	44
re tang	热汤	44
re dian	热电	44
lang	烺	44
feng sui	烽燧	44
xiong dan	熊胆	44
rong ji	熔剂	44
zao shi	燥湿	44
qian la	牵拉	44
li di	犁地	44
kuang tu	狂徒	44
di li ke	狄利克	44
du shan qi shen	独善其身	44
shi zi zuo	狮子座	44
wei xie	猥亵	44
xian xian	献县	44
yu hua cong	玉花骢	44
yu xu dong	玉虚洞	44
wang li qin	王励勤	44
wang hong jun	王洪俊	44
huan xing	环行	44
zhu lei	珠泪	44
ban jia luo er	班加罗尔	44
ban tu ren	班图人	44
cheng	珵	44
qiu hua	球花	44
suo xi	琐细	44
wa er te	瓦尔特	44
sheng si yu gong	生死与共	44
sheng zhi dao	生殖道	44
sheng meng	生猛	44
sheng sheng bu xi	生生不息	44
yong wu	用武	44
jia kang	甲亢	44
dian gan	电感	44
dian feng shan	电风扇	44
jie bei	界碑	44
mu	畝	44
ji shi	疾驶	44
bing zhe	病者	44
yong ju	痈疽	44
ban	癍	44
bai jun	白军	44
bai mao	白猫	44
bai lu	白鹭	44
bai dai	百代	44
ai ai	皑皑	44
pi se	皮色	44
yi yang	益阳	44
zhi xing	直行	44
zhen xiong	真凶	44
zhen xiang	真象	44
shi you qi	石油气	44
que zheng	确证	44
sui bu	碎步	44
bei ming	碑铭	44
bi xia zhu	碧霞珠	44
tan hua	碳化	44
tan su	碳素	44
ci zhi	磁滞	44
ci xin	磁芯	44
she hui xing tai	社会形态	44
shen ce jun	神策军	44
shen se zi ruo	神色自若	44
shen lun	神论	44
li xiao	离校	44
qiu dong	秋冬	44
qiu ri	秋日	44
qiu tian	秋田	44
ke luo la duo he	科罗拉多河	44
qin shan	秦山	44
qin nai zhi	秦耐之	44
shao you bu shen	稍有不慎	44
shui zhong	税种	44
mu sa	穆萨	44
qiong guo	穷国	44
kong ji	空寂	44
tu di	突地	44
wo huo	窝火	44
li ke	立克	44
jing gou	竞购	44
zhu jie	竹节	44
di er shi qi	第二十七	44
di er shi san	第二十三	44
di er shi san zhang	第二十三章	44
di er shi tiao	第二十条	44
di shi jiu tiao	第十九条	44
di shi ba tiao	第十八条	44
deng wen xian	等温线	44
jian bian	简编	44
guan jing	管径	44
mi fu	米夫	44
fen di	粉底	44
liang shang	粮商	44
liang shi ju	粮食局	44
tang gan	糖苷	44
suo ran	索然	44
jin kou	紧扣	44
jin zhui bu she	紧追不舍	44
zi luo lan	紫罗兰	44
zi teng	紫藤	44
zi jin shan tian wen tai	紫金山天文台	44
zong mu	纵目	44
xi jun xue	细菌学	44
shao zu	绍祖	44
jing dian zhi zuo	经典之作	44
jing ji shi	经济师	44
jie dang ying si	结党营私	44
jue zhong	绝种	44
luo ya si	罗亚斯	44
zhao zi	罩子	44
yang er dan	羊二蛋	44
mei guo da xue	美国大学	44
ling mao	翎毛	44
lao huo ji	老伙计	44
lao mao bing	老毛病	44
lao jiu	老酒	44
lian huan hui	联欢会	44
ju an zhi	聚氨酯	44
rou yong	肉用	44
fei que	肥缺	44
fei pang zheng	肥胖症	44
yu chu	育雏	44
bei hei guo	背黑锅	44
hu fu	胡佛	44
jiao he	胶合	44
nao ji	脑际	44
jiao ya	脚丫	44
fu gu gou	腹股沟	44
pang guang ai	膀胱癌	44
bang bi	膀臂	44
zi zhao	自找	44
zi tao mei qu	自讨没趣	44
zhi qin	至亲	44
zhi li ming yan	至理名言	44
shu man	舒曼	44
chuan fan	船帆	44
wu za	芜杂	44
hua ni	花呢	44
hua shao	花哨	44
li	苈	44
cang long	苍龙	44
gou qie tou sheng	苟且偷生	44
ying yu xi	英语系	44
cha bo shi	茶博士	44
ju	莒	44
mo pu shu	莫朴树	44
huo zeng	获赠	44
cai ye	菜叶	44
fei er de	菲尔德	44
sa jia	萨迦	44
luo wang	落网	44
pu tao gan	葡萄干	44
meng ge ma li	蒙哥马利	44
peng lai ge	蓬莱阁	44
yu xian	蔚县	44
hu	蔛	44
cang qu	藏区	44
mi	蘼	44
xu fu	虚浮	44
qiu	蚯	44
wa ren	蛙人	44
feng yong er lai	蜂拥而来	44
fei	蜚	44
mie	蠛	44
xue an	血案	44
xing shi	行时	44
xing cao	行草	44
bu ti	补体	44
yuan da ren	袁大人	44
xue	袕	44
qiu pi	裘皮	44
xi ao	西澳	44
xi men zi gong si	西门子公司	44
jian suo wei jian	见所未见	44
jue luo	觉罗	44
chu xu	触须	44
xu zuo mei	许作梅	44
xu duo bei	许多倍	44
shi chao	诗抄	44
xiang xiang xi xi	详详细细	44
ei	诶	44
qing ying	请缨	44
zhuo	诼	44
huang bao	谎报	44
huang cheng	谎称	44
xie ling yun	谢灵运	44
jue	谲	44
gu ke cheng	谷可成	44
cai dong	财东	44
huo zhu	货主	44
tan wu fan	贪污犯	44
guan zhu	贯注	44
jian huo	贱货	44
he dian	贺电	44
zei kou	贼寇	44
shang jin	赏金	44
zou shi	走失	44
zhao xian sheng	赵先生	44
zhao yuan wai	赵员外	44
qu yan fu shi	趋炎附势	44
jia	跏	44
lu yi shi liu	路易十六	44
lu wang	路网	44
shen gu	身故	44
ke	轲	44
fu liao	辅料	44
lu	辘	44
ci xie	辞谢	44
bian wei	辨伪	44
yuan dong ju	远东局	44
lian gun dai pa	连滚带爬	44
shi xiao dui lu	适销对路	44
tong tian he	通天河	44
tong shan	通山	44
tong you	通邮	44
su sheng	速生	44
luo ji xing	逻辑性	44
bi gong	逼供	44
bi nan suo	避难所	44
qiu shao yun	邱少云	44
jiao xian	郊县	44
jiao you	郊游	44
zheng zhen duo	郑振铎	44
guo po lu	郭破虏	44
guo xiang he	郭祥和	44
guo xiang xiao	郭襄笑	44
yin xian	鄞县	44
jiu xing	酒兴	44
chou jin	酬金	44
shi wen	释文	44
shi jia	释迦	44
chong chang	重唱	44
chong tou	重头	44
chong zhen qi gu	重振旗鼓	44
zhong bang	重磅	44
jin shi zong	金世宗	44
jin sha sa	金沙萨	44
jue	鐍	44
ding luo	钉螺	44
tie kuai	铁块	44
tie mian wu si	铁面无私	44
ling mu xiu nan	铃木秀男	44
luo gu xuan tian	锣鼓喧天	44
zhang ling	长陵	44
zha bei	闸北	44
yin hui	阴晦	44
yin an mian	阴暗面	44
jie xia qiu	阶下囚	44
a li ma	阿力麻	44
a la bo shu zi	阿拉伯数字	44
a di da si	阿迪达斯	44
ge qiang	隔墙	44
diao an	雕鞍	44
xue ren	雪人	44
huo shan	霍山	44
fei jing ying xing	非经营性	44
han yuan	韩元	44
yu jian xing	预见性	44
ling hang yuan	领航员	44
ti zhi	题旨	44
yan tong jun	颜统军	44
feng liu ti tang	风流倜傥	44
feng qin	风琴	44
fei yun	飞云	44
ji chang lu lu	饥肠辘辘	44
xiang gang dao	香港岛	44
ma ju	马具	44
ma da ge	马大哥	44
ma bian	马弁	44
ma shao er qun dao	马绍尔群岛	44
ma he di	马赫迪	44
lv rou	驴肉	44
jiao zi	骄子	44
jiao yang	骄阳	44
ge	骼	44
gao jiao	高脚	44
huan	鬟	44
ji	鲚	44
xian yu	鲜于	44
xian nai	鲜奶	44
bian	鳊	44
gui	鳜	44
lu ci	鸬鹚	44
liu	鹨	44
hu	鹱	44
cuo	鹾	44
huang zhong	黄种	44
huang tie kuang	黄铁矿	44
hei mi	黑米	44
gu dao	鼓捣	44
long hua	龙华	44
long wan	龙湾	44
yi liang qian	一两千	43
yi qian yu	一千余	43
yi bai duo ge	一百多个	43
yi yu dao po	一语道破	43
wan wei wang	万维网	43
san shi si	三十四	43
san qian duo	三千多	43
san yue fen	三月份	43
san jia	三架	43
san leng	三棱	43
san jie	三界	43
shang hai dong fang	上海东方	43
shang suo	上锁	43
xia zuo	下作	43
xia dan	下单	43
bu jian dang nian	不减当年	43
bu jin ran	不尽然	43
bu zu wei ping	不足为凭	43
zhuan shan	专擅	43
zhuan ban	专版	43
dong ge te	东哥特	43
dong shi	东施	43
liang san qian	两三千	43
liang fa	两法	43
zhong xia	中下	43
zhong guo she ke yuan	中国社科院	43
zhong yang ji wei	中央纪委	43
zhong fu	中富	43
zhong gui zhong ju	中规中矩	43
wei fu bu ren	为富不仁	43
zhu hun	主婚	43
ju bu wei jian	举步维艰	43
ping yu	乒羽	43
yi wan	乙烷	43
shi wu xing	事务性	43
er shi fen zhong	二十分钟	43
er bai li	二百里	43
er lang tui	二郎腿	43
yun tai	云台	43
yun bin	云鬓	43
hu gan qi	互感器	43
wu wan liang	五万两	43
wu bei zi	五倍子	43
wu du	五度	43
wu lv	五律	43
wu hua	五花	43
wu gu feng deng	五谷丰登	43
ya dong	亚东	43
wang yang bu lao	亡羊补牢	43
jiao zi	交子	43
yi bu yi qu	亦步亦趋	43
chan ye jie	产业界	43
ren kou xue	人口学	43
ren fu	人夫	43
ren cai ji ji	人才济济	43
ren zhe	仁者	43
zhang	仉	43
dun	伅	43
fu hu	伏虎	43
hui you	会友	43
shang bing yuan	伤病员	43
shang nao jin	伤脑筋	43
wei shi	位势	43
di du	低毒	43
ti ruo duo bing	体弱多病	43
he yuan jun	何沅君	43
she	佘	43
yu guang	余光	43
yu li	余力	43
zuo geng	作梗	43
zuo xun	作训	43
shi yong fei	使用费	43
zhu luo shi	侏罗世	43
yi lan	依兰	43
yi yan	依言	43
ce zhi	侧枝	43
xin xi lun	信息论	43
xin xie	信邪	43
pian fang	偏房	43
ou ti mu	偶蹄目	43
bin	儐	43
guang xian tong xin	光纤通信	43
ke shan	克山	43
mian kao	免考	43
ru yan	入眼	43
ru mo	入魔	43
quan jun fu mie	全军覆灭	43
ba shi wan	八十万	43
gong hou	公侯	43
gong wu	公物	43
liu shi tiao	六十条	43
liu qian	六千	43
xing shi	兴师	43
mao mao shi shi	冒冒失失	43
jun zhan	军战	43
yuan si	冤死	43
jian fa	减法	43
jian zhong	减重	43
ji qian yuan	几千元	43
ji mian	几面	43
ping lan	凭栏	43
kai lun	凯伦	43
liu yu liang	刘宇亮	43
liu fang yu	刘方宇	43
liu zhi yuan	刘知远	43
liu liang zuo	刘良佐	43
liu zhen yun	刘震云	43
shan diao	删掉	43
qian ke	前科	43
ban bao	办报	43
gong bai chui cheng	功败垂成	43
jia shi	加时	43
jia tai luo ni ya	加泰罗尼亚	43
xun ye	勋业	43
bei dian	北电	43
bei yue ji tuan	北约集团	43
shi ba luo han	十八罗汉	43
qian wan yuan	千万元	43
qian shou	千手	43
ban jin ba liang	半斤八两	43
hua ying shan	华蓥山	43
hua yin	华阴	43
bei er gen	卑尔根	43
dan yi zhi	单一制	43
dan pian	单片	43
dan zheng	单证	43
nan si hu	南四湖	43
nan tou	南头	43
ka en	卡恩	43
wo chuang bu qi	卧床不起	43
luan chao ai	卵巢癌	43
chang fang	厂方	43
ya shui dui	压水堆	43
fan qian xun luo ji	反潜巡逻机	43
fan suo	反锁	43
fa ren shen xing	发人深省	43
fa xian zi ji	发现自己	43
fa xiang	发饷	43
shou rang fang	受让方	43
kou qian	口前	43
kou shi xin fei	口是心非	43
gu hua	古话	43
jiao zhen	叫阵	43
shi si ming	史思明	43
you wei	右卫	43
you mian	右面	43
chi bu de	吃不得	43
tong yi yu	同义语	43
ming fu qi shi	名符其实	43
xiang chong zhen	向崇祯	43
xiang wan	向晚	43
jun zhu guo	君主国	43
wu wei an	吴伟安	43
wu jing cao	吴劲草	43
chui niu pi	吹牛皮	43
zhou fu hai	周佛海	43
hu xi qi guan	呼吸器官	43
he tian jian xiu	和田见秀	43
hong tai	哄抬	43
tang wen liang	唐文亮	43
tang ming huang	唐明皇	43
shang ye bu men	商业部门	43
shang hai	商海	43
cui	啛	43
la ba sheng	喇叭声	43
xi bao	喜报	43
pi pi pa pa	噼噼啪啪	43
pi li pa la	噼里啪啦	43
si da jia zu	四大家族	43
hui men	回门	43
yin xun shou jiu	因循守旧	43
tuan ji	团级	43
kun e	困厄	43
kun jiong	困窘	43
gu ti ran liao	固体燃料	43
guo ji guang bo dian tai	国际广播电台	43
guo ji tian lian	国际田联	43
tu wu	土屋	43
tu qi	土气	43
sheng lu yi si	圣路易斯	43
di yin zi	地窨子	43
qi	圻	43
kan bei er	坎贝尔	43
ai lan	埃兰	43
dui zhan	堆栈	43
die	堞	43
xia yu tian	夏雨田	43
duo juan	多卷	43
duo kuai hao sheng	多快好省	43
duo jing	多晶	43
ye su	夜宿	43
ye you	夜游	43
ye hang	夜航	43
da xian	大仙	43
da tong jiang	大同江	43
da xing hua	大型化	43
da xi	大溪	43
da yao	大要	43
tian zhu jiao tang	天主教堂	43
tian bao	天保	43
tian hou	天候	43
tai yang bao	太阳报	43
ao si ting	奥斯汀	43
ao lin pi ke yun dong	奥林匹克运动	43
ru lin da di	如临大敌	43
ba	妭	43
gu niang jia	姑娘家	43
shan	姗	43
ao	媪	43
li	嫠	43
yan ran	嫣然	43
cun dang	存档	43
sun bin	孙彬	43
xiao zong	孝宗	43
xue bu wei yuan	学部委员	43
an ping	安平	43
an de lie si qun dao	安的列斯群岛	43
zong ci	宗祠	43
ding xing fen xi	定性分析	43
shi de ju le bu	实德俱乐部	43
shi yan ban	实验班	43
xian bing dui	宪兵队	43
jia ting fu ye	家庭副业	43
jia zhang hui	家长会	43
su yuan	宿愿	43
mi qie xiang guan	密切相关	43
zun zhu	尊主	43
xiao ling	小令	43
xiao shu dian	小数点	43
xiao dao xiao xi	小道消息	43
shao shu pai	少数派	43
shao shu zhong	少数种	43
ni wei si	尼维斯	43
jin zhi jin ze	尽职尽责	43
ju zi	局子	43
pi hua	屁话	43
ceng die	层叠	43
diao	屌	43
yan jiao	岩礁	43
feng shan	峰山	43
gong yi mei shu pin	工艺美术品	43
zuo qi gong	左企弓	43
zuo zhi you chu	左支右绌	43
zuo jie yi	左杰伊	43
qiao duo tian gong	巧夺天工	43
ba luo	巴罗	43
bu li si ban	布里斯班	43
di wang jiang xiang	帝王将相	43
wo	幄	43
fu	幞	43
gan leng	干冷	43
ping heng mu	平衡木	43
qing gong hui	庆功会	43
xu wen	序文	43
ying jing	应景	43
kang ta ta	康塔塔	43
lian xi er	廉希尔	43
jian zhu shi	建筑史	43
jian bu	建部	43
yin keng	引吭	43
fu lai ming	弗莱明	43
zhang jiu ling	张九龄	43
zhang huang yan	张煌言	43
qiang ci duo li	强词夺理	43
gui na fa	归纳法	43
dang bu liao	当不了	43
lu ru	录入	43
xing shi luo ji	形式逻辑	43
xing tai ge yi	形态各异	43
ying yin ben	影印本	43
yi ling	役龄	43
dai yuan	待援	43
de zhi	得志	43
de kong	得空	43
yu wu	御侮	43
wei bo tong xin	微波通信	43
wei guan shi jie	微观世界	43
wei bi	微闭	43
hui shang	徽商	43
kuai xun	快讯	43
nu zu	怒族	43
nu shi	怒视	43
pa xiu	怕羞	43
guai guai de	怪怪的	43
guai tai	怪胎	43
zong dai li	总代理	43
kong bu zheng	恐怖症	43
heng ye	恒业	43
xi shi ning ren	息事宁人	43
e fu	恶妇	43
xing xing ran	悻悻然	43
hui ling dun	惠灵顿	43
xing xing xiang xi	惺惺相惜	43
ci li	慈利	43
ci xi	慈溪	43
meng meng dong dong	懵懵懂懂	43
fei ye	扉页	43
shou feng qin	手风琴	43
da guang	打光	43
da duo suo	打哆嗦	43
che huang	扯谎	43
tou bao ren	投保人	43
kang jun su	抗菌素	43
zhe bian	折变	43
pao mao	抛锚	43
hu lan	护栏	43
hu duan	护短	43
bao tou shu cuan	抱头鼠窜	43
bao bing	抱病	43
nian xiang	拈香	43
la xi mu	拉希姆	43
la ge	拉格	43
zhao fa	招法	43
ni jiang	拟将	43
yong jin	拥进	43
gua tan	挂毯	43
gua kao	挂靠	43
zhi ming dao xing	指名道姓	43
ju	挙	43
jie zhang	接掌	43
jie zhen	接诊	43
tui tuo	推脱	43
ti liu	提留	43
cha guan	插管	43
sou qiu	搜求	43
sa la	撒拉	43
bo fang ji	播放机	43
shou xiao shen wei	收效甚微	43
di wei	敌伪	43
shu	數	43
wen yu	文娱	43
wen zi gai ge	文字改革	43
wen xue yu yan	文学语言	43
wen du	文牍	43
dou zhuan xing yi	斗转星移	43
xie ta	斜塔	43
xin ji zhi	新机制	43
xin fen dang	新芬党	43
xin wen ju	新闻局	43
fang zhu	方柱	43
shi mi te	施密特	43
wu qi bu you	无奇不有	43
ri gui	日晷	43
ri li wan ji	日理万机	43
ga la	旮旯	43
yun	昀	43
yi zhi	易帜	43
chun cha	春茶	43
bian	昪	43
ni cheng	昵称	43
jin cha ji bian qu	晋察冀边区	43
wan hun	晚婚	43
pu luo wang si	普罗旺斯	43
jing ying ti tou	晶莹剔透	43
gao	暠	43
fu fu tie tie	服服帖帖	43
shuo zhou	朔州	43
wang yan yu chuan	望眼欲穿	43
zhu kai sheng	朱凯生	43
ji zhi hua	机制化	43
sha shen	杀身	43
li kai fu	李开复	43
xing shu	杏树	43
song jin	松紧	43
ji le shi jie	极乐世界	43
lin hua qing	林华卿	43
guo zi li	果子狸	43
qiang shuan	枪栓	43
chai dao	柴刀	43
chai ke fu si ji	柴科夫斯基	43
xiao fu	校服	43
ge la ci	格拉茨	43
an	桉	43
sang gan he	桑干河	43
sang zhi	桑植	43
wu zhou shi	梧州市	43
suo zi xie	梭子蟹	43
hun	棔	43
zong hong se	棕红色	43
xie zi	楔子	43
bang shang you ming	榜上有名	43
heng bao	横暴	43
cang	欌	43
ou ge	欧格	43
ou zhou di qu	欧洲地区	43
ou luo ba	欧罗巴	43
ou yang ke xiao	欧阳克笑	43
zheng que lv	正确率	43
wu hou ci	武侯祠	43
xun jie	殉节	43
bi li ya	比利亚	43
bi deng	比登	43
qi yu xuan ang	气宇轩昂	43
shui xian hua	水仙花	43
shui lin lin	水淋淋	43
shui shen	水神	43
yong kang	永康	43
jiang zi	江孜	43
jiang su shun tian	江苏舜天	43
jiang yin shi	江阴市	43
tang pu sen	汤普森	43
gou kou	沟口	43
he di	河底	43
you gan lan	油橄榄	43
zhi wu	治污	43
fa shu gui ya na	法属圭亚那	43
fa di ma	法蒂玛	43
liu quan	流泉	43
hun shen xie shu	浑身解数	43
hao ran	浩然	43
wu	浯	43
hai tian	海天	43
hai tong	海通	43
hai qiao	海鞘	43
ye li	液力	43
shen jing	深井	43
you yi	游移	43
yuan shi	源氏	43
man zhou li	满洲里	43
shan	潬	43
li xian	澧县	43
deng huo hui huang	灯火辉煌	43
zao shen	灶神	43
yan huang zi sun	炎黄子孙	43
dian she	点射	43
dian ran	点染	43
yan min	烟民	43
shao kai	烧开	43
re ji	热机	43
re quan	热泉	43
re cai	热菜	43
re guo shang de ma yi	热锅上的蚂蚁	43
zhong	煄	43
liu	熘	43
xie	燮	43
pa shu	爬树	43
te kan	特刊	43
te kun sheng	特困生	43
te pi	特批	43
kuang zao	狂躁	43
du huo	独活	43
xuan ming shen	玄冥神	43
wang ke shang	王克商	43
wang jia yin	王嘉胤	43
wang zai jin	王在晋	43
wang nan gu	王难姑	43
wang zhen	王震	43
bo li ban	玻璃板	43
qiu wang	球网	43
rui yin	瑞银	43
wa pen	瓦盆	43
gan mei	甘美	43
gan lin	甘霖	43
sheng zhi xian	生殖腺	43
yong dian	用典	43
yong fei	用费	43
tian geng	田埂	43
dian shi	电石	43
dian shi ta	电视塔	43
dian shi pian	电视片	43
nan quan	男权	43
nan gao yin	男高音	43
jie	畍	43
shu gan	疏肝	43
bing yu	病愈	43
bing du gan ran zhe	病毒感染者	43
bai mei seng	白眉僧	43
bai xue gong zhu	白雪公主	43
bai fen zhi si	百分之四	43
pi yi	皮衣	43
yan shuang	盐霜	43
jian du yuan	监督员	43
dao yong	盗用	43
cheng fan	盛饭	43
zhi xi qin shu	直系亲属	43
xiang sheng xiang ke	相生相克	43
xia che	瞎扯	43
zhi ren	知人	43
duan xiao jing han	短小精悍	43
shi mei	石煤	43
huo	砉	43
zhen mu	砧木	43
gui zao tu	硅藻土	43
diao lou	碉楼	43
dui	碓	43
qi	碕	43
jian tu jin shu	碱土金属	43
tan xian wei	碳纤维	43
ci xiao ying	磁效应	43
she qun	社群	43
zu ye	祖业	43
jin yu zhu yi	禁欲主义	43
fu zhi	福祉	43
qin lei	禽类	43
qin niao	禽鸟	43
xiu ya	秀雅	43
si zhai	私宅	43
ke ji	科级	43
cheng wen	程文	43
wen ding ji	稳定剂	43
kong cheng ji	空城计	43
kong fang	空房	43
kong jian jie gou	空间结构	43
dou huang hou	窦皇后	43
zhu pian	竹片	43
fu lu	符箓	43
di yi sheng	第一声	43
di qi wei	第七位	43
di jiu ge	第九个	43
di er ren	第二任	43
di er hao	第二号	43
di er duan	第二段	43
ce fan	策反	43
qian ya	签押	43
guan shi	管式	43
guan li xin xi xi tong	管理信息系统	43
pian mu	篇目	43
mi lao shu	米老鼠	43
fen mo zhuang	粉末状	43
jing shou	精瘦	43
jing geng xi zuo	精耕细作	43
xi tong jie gou	系统结构	43
jin gu zhou	紧箍咒	43
xian	纎	43
hong tong tong	红彤彤	43
hong ban lang chuang	红斑狼疮	43
ji gang	纪纲	43
na liang	纳凉	43
zong wen	纵纹	43
zong tan	纵谈	43
zu zhi xue	组织学	43
xi sheng xi qi	细声细气	43
jing wei du	经纬度	43
jing xing	经行	43
jie qing	结清	43
jie jin lan	结金兰	43
jiao xing	绞刑	43
jiao tong	绞痛	43
huan chong qu	缓冲区	43
bian ji	编集	43
jiao shui	缴税	43
zhi yi	置疑	43
mei shi cheng	美食城	43
lao ji	老几	43
lao fu qin	老父亲	43
nai re xing	耐热性	43
nai yao	耐药	43
lian hui	联会	43
lian bao	联保	43
lian qin	联勤	43
lian luo chu	联络处	43
ju yi ting	聚义厅	43
ji xian wei	肌纤维	43
jing	肼	43
tai zuo	胎座	43
ka	胩	43
yi xian ai	胰腺癌	43
ji zhui gu	脊椎骨	43
jiao pen	脚盆	43
yan cai	腌菜	43
cui	膵	43
zi zhuan ti	自传体	43
zi yang	自养	43
zi li	自力	43
zi bian liang	自变量	43
se lang	色狼	43
yi yuan	艺苑	43
hua tuo	花托	43
hua shu	花束	43
cang ying	苍鹰	43
gou an	苟安	43
jiao bai	茭白	43
cao hai	草海	43
cao yu	草鱼	43
qiao	荞	43
rong guang	荣光	43
yao xian	药线	43
shen shen xue zi	莘莘学子	43
wei mi bu zhen	萎靡不振	43
sa er	萨尔	43
sa di peng	萨帝鹏	43
zhu shu li shuo	著书立说	43
cong yu	葱郁	43
meng tai qi	蒙太奇	43
meng tian	蒙恬	43
hao	薅	43
mo	蘑	43
nve zheng	虐政	43
hui	虺	43
mi tang	蜜糖	43
mi xian	蜜腺	43
chan yi	蝉翼	43
xue you bing	血友病	43
heng shui	衡水	43
yi lv	衣履	43
bu chang jin	补偿金	43
bu ban	补办	43
biao xing	表型	43
biao mian wen zhang	表面文章	43
dai zhuang	袋装	43
yu gu zu	裕固族	43
ti	裼	43
xi xi nan	西溪南	43
xi yan	西燕	43
guan gan	观感	43
guan xiang tai	观象台	43
yan zhi cheng li	言之成理	43
yan guo qi shi	言过其实	43
shi yuan	誓愿	43
ren tong gan	认同感	43
xun shi	训示	43
xun wen	讯问	43
ji zhe zhan	记者站	43
jiang fa	讲法	43
lun gong xing shang	论功行赏	43
ci zao	词藻	43
shi yan qu	试验区	43
yu su	语速	43
you bian	诱变	43
shuo bai	说白	43
ke tang jiao xue	课堂教学	43
cai zheng bu men	财政部门	43
ze ren shu	责任书	43
gou wu dian	购物点	43
yi bei	贻贝	43
zi chan e	资产额	43
lai	赉	43
zou yun	走运	43
qi jia	起驾	43
zu yi	足已	43
kua jing	跨境	43
lu xi	路西	43
ti tui	踢腿	43
shen huai	身怀	43
zhuan quan	转圈	43
zhuan wan chu	转弯处	43
zhuan fu	转赴	43
zai huo	载货	43
ci se	辞色	43
bian men	边门	43
yun dong jian jiang	运动健将	43
jin yin	近因	43
yuan dong di qu	远东地区	43
yuan qin	远亲	43
tui pei	退赔	43
ni fan xin li	逆反心理	43
tong hai	通海	43
zao bi	造币	43
yi wen	遗文	43
su	遬	43
zhong li ba	重力坝	43
ye ying	野营	43
jin tai zong	金太宗	43
jin men da qiao	金门大桥	43
fu di chou xin	釜底抽薪	43
tai tie kuang	钛铁矿	43
yin shan	银杉	43
liu	锍	43
nuo	锘	43
cuo duan	错断	43
jin ji	锦鸡	43
ju mu	锯木	43
zhen qu	镇区	43
lan	镧	43
zhang hang	长航	43
bi huan	闭环	43
ban	阪	43
yang gu	阳谷	43
yin sun	阴损	43
a er si te	阿尔斯特	43
a la gong	阿拉贡	43
fu zi	附子	43
lu jia zui	陆家嘴	43
lu shu de	陆树德	43
lu qi	陆栖	43
chen tai hou	陈太后	43
pei jiu	陪酒	43
que ban	雀斑	43
ji zhong du	集中度	43
xue gu	雪谷	43
lei de	雷德	43
lu tian kuang	露天矿	43
qing pu	青浦	43
qing tong xia	青铜峡	43
fei chuan tong	非传统	43
ba ji	靶机	43
wei de li na	韦德里纳	43
huang	韹	43
xiang quan	项圈	43
shun hu zi ran	顺乎自然	43
ling pao	领跑	43
pin du	频度	43
feng liang hua	风凉话	43
fei yang ba hu	飞扬跋扈	43
fei san	飞散	43
shi	餝	43
rao she	饶舌	43
shou fa shi	首发式	43
lin	驎	43
ma xu lun	马叙伦	43
ma la te	马拉特	43
ma qiu	马球	43
ma zei	马贼	43
qi shi tuan	骑士团	43
gao di gang	高低杠	43
gao tang zhou	高唐州	43
gao qiu	高球	43
gao che	高车	43
gao li gong shan	高黎贡山	43
wang	魍	43
wei guo gong	魏国公	43
lu ban	鲁班	43
ji guan	鸡冠	43
yao zi	鹞子	43
ying ge	鹦哥	43
lu rou	鹿肉	43
mai ke ma hong xian	麦克马洪线	43
ma zhi	麻纸	43
ma xie	麻鞋	43
huang huai	黄淮	43
huang huai hai ping yuan	黄淮海平原	43
hei xing xing	黑猩猩	43
hei zhi ma	黑芝麻	43
gu shou	鼓手	43
gu zu gan jin	鼓足干劲	43
qi ci	齐次	43
long deng	龙灯	43
yi xia xia	一下下	41
yi ye	一业	41
yi ke li	一刻里	41
yi qian ming	一千名	41
yi tuan zao	一团糟	41
yi wu shi chu	一无是处	41
yi duo duo	一朵朵	41
yi bu yi ge jiao yin	一步一个脚印	41
yi bai duo ming	一百多名	41
yi bang	一磅	41
yi ban er yan	一般而言	41
ding suan	丁酸	41
qi xi	七夕	41
wan quan zhi ce	万全之策	41
wan zai	万载	41
san shi liang	三十两	41
san zhu	三株	41
shang ban tian	上半天	41
shang zuo lv	上座率	41
shang fu	上腹	41
xia jia	下家	41
xia hu	下户	41
bu dong gang	不冻港	41
bu ke zhi lun	不可知论	41
bu gan zao ci	不敢造次	41
bu zhi si huo	不知死活	41
bu guan bu gu	不管不顾	41
chou jue	丑角	41
shi qin	世亲	41
shi bo yuan	世博园	41
shi jie lv you zu zhi	世界旅游组织	41
si gua	丝瓜	41
liang qiang	两强	41
liang ji	两记	41
zhong yuan	中元	41
zhong hua	中化	41
zhong guo lv xing she	中国旅行社	41
zhong ji	中计	41
lin xing	临刑	41
zhu ban zhe	主办者	41
ju shou zhi lao	举手之劳	41
ju zhong ruo qing	举重若轻	41
yi xing	乙型	41
xiang qing	乡情	41
shu gui	书柜	41
zheng jing	争竞	41
zheng feng chi cu	争风吃醋	41
er san li	二三里	41
er shi yu wan	二十余万	41
er huan lu	二环路	41
kui qian	亏欠	41
yun tuan	云团	41
yun shi	云室	41
hu bu qin fan	互不侵犯	41
wu shi wu nian	五十五年	41
wu zhi	五支	41
wu mei	五枚	41
jing di zhi wa	井底之蛙	41
ya ding wan	亚丁湾	41
jiao jiao	交角	41
ren qiang	人墙	41
ren sheng di bu shu	人生地不熟	41
ren zao ban	人造板	41
ding	仃	41
yi rou ke gang	以柔克刚	41
yi fang wan yi	以防万一	41
yi tai	仪态	41
fu liu	伏流	41
you que dian	优缺点	41
huo fu	伙夫	41
san jiang	伞降	41
chuan bo xue	传播学	41
chuan ran yuan	传染源	41
shang can ren	伤残人	41
bo ke li	伯克利	41
fo shan shi	佛山市	41
zuo dao	作到	41
e hai e he	俄亥俄河	41
e shi	俄式	41
bao li	保利	41
bao huang pai	保皇派	41
bao xian dan	保险单	41
bao xian fa	保险法	41
dao tie	倒贴	41
jia mian	假面	41
lou	偻	41
chang zhai	偿债	41
fu si nian	傅斯年	41
xiang pian	像片	41
guang zong yao zu	光宗耀祖	41
chang	兏	41
dang wei hui	党委会	41
ru shi	入时	41
ru zhui	入赘	41
ba yuan	八员	41
gong gong zi yuan	公共资源	41
gong zheng xing	公正性	41
gong he dang ren	共和党人	41
gong huan nan	共患难	41
bing rong xiang jian	兵戎相见	41
yang niu ye	养牛业	41
yang yu zhi en	养育之恩	41
yang lu fei	养路费	41
jun yue	军乐	41
jun shi guan zhi	军事管制	41
jun shan	军山	41
nong gong dang	农工党	41
nong min xie hui	农民协会	41
ming xiang	冥想	41
zhun bei hui	准备会	41
zhun ju fa	准据法	41
ning zhu	凝住	41
ji he xing	几何形	41
ji ju	几具	41
ji qian ge	几千个	41
ji chi	几尺	41
chu gang	出港	41
han jian	函件	41
zao jing	凿井	41
dao shen	刀身	41
liu de hua	刘德华	41
qu	刞	41
li ao bo de	利奥波德	41
zhi du xing	制度性	41
ci huai	刺槐	41
qian tu wu liang	前途无量	41
li zheng shang you	力争上游	41
jia bian	加鞭	41
dong mai liu	动脉瘤	41
jie shu	劫数	41
lao juan	劳倦	41
xu	勗	41
hua zhai	化斋	41
bei ren	北人	41
shi wan yuan	十万元	41
shi er san sui	十二三岁	41
shi wu li	十五里	41
shi mu	十亩	41
qian fu	千夫	41
wu yan	午宴	41
hui	卉	41
ban yuan	半圆	41
hua ting	华亭	41
hua shi	华氏	41
dan xian	单弦	41
dan xiang	单相	41
dan ji	单级	41
ka si di li ya	卡斯蒂利亚	41
ka te sen	卡特森	41
lu mang	卤莽	41
wei sheng xue	卫生学	41
ji xi	即席	41
xie diao	卸掉	41
li shi zhu yi	历史主义	41
yuan yan	原盐	41
yuan hua	原话	41
fan ke wei zhu	反客为主	41
fa hun	发昏	41
fa shao you	发烧友	41
fa yun	发运	41
die ya	叠压	41
gu ben	古本	41
gu lu sun	古鲁孙	41
tai dao	台岛	41
ye er qiang he	叶尔羌河	41
he ji	合击	41
diao sang	吊丧	41
hou xian dai	后现代	41
xia dai	吓呆	41
yin yong	吟咏	41
wu zhong	吴中	41
zhou shi zong	周世宗	41
zhou kou	周口	41
zhou wu di	周武帝	41
hu tian qiang di	呼天抢地	41
ming ling zhu yi	命令主义	41
he yao mei	和幺妹	41
ka	咖	41
ai lian	哀怜	41
pai	哌	41
bu yang	哺养	41
tang yao dong	唐尧东	41
lin	啉	41
ti sheng	啼声	41
su	嗉	41
nie	嗫	41
huo	嚯	41
si hua	四化	41
si zhao	四招	41
gu ding hua	固定化	41
guo wu yuan xin wen ban gong shi	国务院新闻办公室	41
sheng ti	圣体	41
zai tian you ling	在天有灵	41
di fang zhi	地方志	41
zuo shi liang ji	坐失良机	41
tan ga ni ka hu	坦噶尼喀湖	41
chui gong	垂拱	41
cheng gen	城根	41
ta he	塔河	41
sai pu lu si gong he guo	塞浦路斯共和国	41
yan	塩	41
tian chong wu	填充物	41
tian liao	填料	41
qiao	墽	41
bei jian	备件	41
fu li	复利	41
wai gong	外功	41
wai wu bu	外务部	41
duo fen	多份	41
duo zhi	多支	41
duo ci yi ju	多此一举	41
yin ye	夤夜	41
da liang shan	大凉山	41
da xue tang	大学堂	41
da qing you tian	大庆油田	41
da quan zai wo	大权在握	41
da qiao lu	大桥路	41
da qi wu li	大气物理	41
da jiu zi	大舅子	41
da lian wan	大连湾	41
da dao li	大道理	41
dai huang yu	大黄鱼	41
tian e rong	天鹅绒	41
tai yang dian chi	太阳电池	41
shi shi	失实	41
shi xiao	失笑	41
tou wei	头尾	41
zou yi	奏议	41
jiang jin e	奖金额	41
nv wa zi	女娃子	41
hao chi hao he	好吃好喝	41
hao nan er	好男儿	41
fu dao	妇道	41
fang hai	妨害	41
qi di	妻弟	41
hun qu	婚娶	41
di zhang zi	嫡长子	41
nen huang	嫩黄	41
sun gang feng	孙刚峰	41
xiao jing	孝经	41
gu er gua mu	孤儿寡母	41
gu er yuan	孤儿院	41
xue xi xing	学习型	41
shou wang zhe	守望者	41
an xiang	安享	41
guan zhang	官长	41
ding zi	定子	41
ding xin wan	定心丸	41
ding ling	定陵	41
wan xi	宛西	41
bin xi fa ni ya	宾夕法尼亚	41
ji yu	寄语	41
dui hao ru zuo	对号入座	41
xun gen	寻根	41
xiao xie	小写	41
xiao sun zi	小孙子	41
xiao shi	小室	41
xiao ti qin jia	小提琴家	41
xiao ya	小雅	41
er	尓	41
er ge	尔格	41
chen yuan	尘缘	41
shi jian	尸检	41
jin ran	尽然	41
ju xin po ce	居心叵测	41
qu shen	屈伸	41
zhan ban	展板	41
lv zhan lv bai	屡战屡败	41
beng pan	崩盘	41
cuo	嵯	41
gong lian	工联	41
zuo zhang men	左掌门	41
ju fu	巨富	41
ba fei te	巴菲特	41
chang qing	常情	41
nian fu li qiang	年富力强	41
nian lao ti ruo	年老体弱	41
nian qing you wei	年轻有为	41
huan xiang qu	幻想曲	41
guang gao fei	广告费	41
ying mu	应募	41
fei jiu	废旧	41
yan jin xin	延津新	41
jian zhu yong	建筑用	41
nian si	廿四	41
kai yuan	开原	41
kai tuo xing	开拓性	41
kai jin	开禁	41
yi xing	异型	41
yin ran	引燃	41
fu luo li si	弗洛里斯	41
zhang da jing	张大经	41
zhang ge er	张格尔	41
zhang zai	张载	41
zhang liang	张量	41
mi sa	弥撒	41
qiang jiang	强将	41
qiang shen jian ti	强身健体	41
qiang po xing	强迫性	41
qiang po zheng	强迫症	41
cai ping	彩屏	41
cai ci	彩瓷	41
wei jing	微晶	41
de ao	德奥	41
de lei ke	德雷克	41
xin ru dao ge	心如刀割	41
xin po	心魄	41
kuai men	快门	41
zong de lai kan	总的来看	41
qia ke tu	恰克图	41
jing ji	惊悸	41
wang	惘	41
re yan	惹眼	41
yi xing	意兴	41
cheng shu du	成熟度	41
zhan dou	战抖	41
pian zhou	扁舟	41
e si	扼死	41
pao kong	抛空	41
bao sang	报丧	41
bao xiao	报晓	41
chai feng	拆封	41
la xia ma	拉下马	41
la li sai	拉力赛	41
la sai er	拉塞尔	41
la bu la duo	拉布拉多	41
la duan	拉断	41
la te	拉特	41
la wa	拉瓦	41
la suo	拉索	41
bai bai	拜拜	41
lan lu hu	拦路虎	41
ze shan er cong	择善而从	41
chi zheng	持证	41
wa jue ji	挖掘机	41
ai dou	挨斗	41
huan gang	换岗	41
shou tu	授徒	41
di	掋	41
zhang li zhen	掌力震	41
jie fa qiu	接发球	41
jie xian yuan	接线员	41
